ZONA,NUMERO_CATASTRAL,NUMERO_CATASTRAL_ANTERIOR,MANZANA_CO,NUMERO_SUB,AREA_GRADOS2,VEREDA_COD,DEPARTAMENTO,MUNICIPIO,ZONA_COD
URBANO,084210100000000080013000000000,08421010000080013000,08421010000000008,0,2.47467940194e-08,,08,421,01
URBANO,084210100000000080006000000000,08421010000080006000,08421010000000008,0,1.86036099288e-08,,08,421,01
URBANO,084210100000000080004000000000,08421010000080004000,08421010000000008,0,1.69099109113e-08,,08,421,01
URBANO,084210100000000080005000000000,08421010000080005000,08421010000000008,0,1.64382366056e-08,,08,421,01
URBANO,084210100000000080007000000000,08421010000080007000,08421010000000008,0,1.86015359004e-08,,08,421,01
URBANO,084210100000000080008000000000,08421010000080008000,08421010000000008,0,1.60116959692e-08,,08,421,01
URBANO,084210100000000080009000000000,08421010000080009000,08421010000000008,0,1.65259822919e-08,,08,421,01
URBANO,084210100000000080010000000000,08421010000080010000,08421010000000008,0,2.30984961178e-08,,08,421,01
URBANO,084210100000000080002000000000,08421010000080002000,08421010000000008,0,1.71171643263e-08,,08,421,01
URBANO,084210100000000080001000000000,08421010000080001000,08421010000000008,0,1.5593983573e-08,,08,421,01
URBANO,084210100000000080003000000000,08421010000080003000,08421010000000008,0,1.58935325827e-08,,08,421,01
URBANO,084210100000000080012000000000,08421010000080012000,08421010000000008,0,1.80263625144e-08,,08,421,01
URBANO,084210100000000080011000000000,08421010000080011000,08421010000000008,0,2.254659897e-08,,08,421,01
URBANO,084210100000000090001000000000,08421010000090001000,08421010000000009,0,2.42545233672e-08,,08,421,01
URBANO,084210100000000090004000000000,08421010000090004000,08421010000000009,0,1.33042020455e-08,,08,421,01
URBANO,084210100000000090007000000000,08421010000090007000,08421010000000009,0,1.41890638172e-08,,08,421,01
URBANO,084210100000000090006000000000,08421010000090006000,08421010000000009,0,1.4277738966e-08,,08,421,01
URBANO,084210100000000090005000000000,08421010000090005000,08421010000000009,0,1.06529141284e-08,,08,421,01
URBANO,084210100000000090008000000000,08421010000090008000,08421010000000009,0,2.4667440106e-08,,08,421,01
URBANO,084210100000000090003000000000,08421010000090003000,08421010000000009,0,2.36257770893e-08,,08,421,01
URBANO,084210100000000090002000000000,08421010000090002000,08421010000000009,0,1.93303458934e-08,,08,421,01
URBANO,084210100000000100006000000000,08421010000100006000,08421010000000010,0,1.89196669714e-08,,08,421,01
URBANO,084210100000000100001000000000,08421010000100001000,08421010000000010,0,1.83810112735e-08,,08,421,01
URBANO,084210100000000100002000000000,08421010000100002000,08421010000000010,0,2.08058035247e-08,,08,421,01
URBANO,084210100000000100003000000000,08421010000100003000,08421010000000010,0,1.9969137672e-08,,08,421,01
URBANO,084210100000000100004000000000,08421010000100004000,08421010000000010,0,1.97444652094e-08,,08,421,01
URBANO,084210100000000100005000000000,08421010000100005000,08421010000000010,0,1.85070008805e-08,,08,421,01
URBANO,084210100000000110006000000000,08421010000110006000,08421010000000011,0,8.95563621702e-08,,08,421,01
URBANO,084210100000000110001000000000,08421010000110001000,08421010000000011,0,7.75431226567e-08,,08,421,01
URBANO,084210100000000110002000000000,08421010000110002000,08421010000000011,0,8.37610698771e-08,,08,421,01
URBANO,084210100000000110003000000000,08421010000110003000,08421010000000011,0,7.1854715938e-08,,08,421,01
URBANO,084210100000000110004000000000,08421010000110004000,08421010000000011,0,7.42706601309e-08,,08,421,01
URBANO,084210100000000110005000000000,08421010000110005000,08421010000000011,0,7.83394664017e-08,,08,421,01
URBANO,084210100000000940034000000000,08421010000940034000,08421010000000094,0,2.89864015455e-08,,08,421,01
URBANO,084210100000000940015000000000,08421010000940015000,08421010000000094,0,1.83845353283e-08,,08,421,01
URBANO,084210100000000940035000000000,08421010000940035000,08421010000000094,0,1.58894080936e-08,,08,421,01
URBANO,084210100000000940031000000000,08421010000940031000,08421010000000094,0,1.84713437543e-08,,08,421,01
URBANO,084210100000000940032000000000,08421010000940032000,08421010000000094,0,1.93706485443e-08,,08,421,01
URBANO,084210100000000940033000000000,08421010000940033000,08421010000000094,0,2.73123523425e-08,,08,421,01
URBANO,084210100000000940037000000000,08421010000940037000,08421010000000094,0,9.75644576446e-08,,08,421,01
URBANO,084210100000000940036000000000,08421010000940036000,08421010000000094,0,3.24186006594e-08,,08,421,01
URBANO,084210100000000940026000000000,08421010000940026000,08421010000000094,0,1.45889580252e-08,,08,421,01
URBANO,084210100000000940024000000000,08421010000940024000,08421010000000094,0,1.63326510168e-08,,08,421,01
URBANO,084210100000000940019000000000,08421010000940019000,08421010000000094,0,1.68253627709e-08,,08,421,01
URBANO,084210100000000940029000000000,08421010000940029000,08421010000000094,0,1.68602079766e-08,,08,421,01
URBANO,084210100000000940020000000000,08421010000940020000,08421010000000094,0,1.71148088017e-08,,08,421,01
URBANO,084210100000000940025000000000,08421010000940025000,08421010000000094,0,1.71328322111e-08,,08,421,01
URBANO,084210100000000940022000000000,08421010000940022000,08421010000000094,0,1.7741108513e-08,,08,421,01
URBANO,084210100000000940027000000000,08421010000940027000,08421010000000094,0,1.79398009926e-08,,08,421,01
URBANO,084210100000001290002000000000,08421010001290002000,08421010000000129,0,8.45098398756e-09,,08,421,01
URBANO,084210100000000940018000000000,08421010000940018000,08421010000000094,0,1.81117470193e-08,,08,421,01
URBANO,084210100000000940023000000000,08421010000940023000,08421010000000094,0,1.85930742757e-08,,08,421,01
URBANO,084210100000000940028000000000,08421010000940028000,08421010000000094,0,2.12553864412e-08,,08,421,01
URBANO,084210100000000940021000000000,08421010000940021000,08421010000000094,0,2.80526374644e-08,,08,421,01
URBANO,084210100000000940038000000000,08421010000940038000,08421010000000094,0,5.15883908749e-09,,08,421,01
URBANO,084210100000000940017000000000,08421010000940017000,08421010000000094,0,1.65986062764e-08,,08,421,01
URBANO,084210100000000940016000000000,08421010000940016000,08421010000000094,0,1.1698457055e-08,,08,421,01
URBANO,084210100000000940014000000000,08421010000940014000,08421010000000094,0,1.60250510013e-08,,08,421,01
URBANO,084210100000000940004000000000,08421010000940004000,08421010000000094,0,8.21933681764e-08,,08,421,01
URBANO,084210100000000940012000000000,08421010000940012000,08421010000000094,0,9.35883783658e-09,,08,421,01
URBANO,084210100000000940010000000000,08421010000940010000,08421010000000094,0,2.02951605882e-08,,08,421,01
URBANO,084210100000000940011000000000,08421010000940011000,08421010000000094,0,3.18541543013e-08,,08,421,01
URBANO,084210100000000940009000000000,08421010000940009000,08421010000000094,0,1.94122314213e-08,,08,421,01
URBANO,084210100000000940008000000000,08421010000940008000,08421010000000094,0,2.05194305452e-08,,08,421,01
URBANO,084210100000000940007000000000,08421010000940007000,08421010000000094,0,2.07323580539e-08,,08,421,01
URBANO,084210100000000940005000000000,08421010000940005000,08421010000000094,0,2.09461658041e-08,,08,421,01
URBANO,084210100000000940006000000000,08421010000940006000,08421010000000094,0,2.1381323489e-08,,08,421,01
URBANO,084210100000000940039000000000,08421010000940039000,08421010000000094,0,7.90402507109e-09,,08,421,01
URBANO,084210100000000010001000000000,08421010000010001000,08421010000000001,0,1.5738953298e-08,,08,421,01
URBANO,084210100000000020005000000000,08421010000020005000,08421010000000002,0,9.93511444386e-09,,08,421,01
URBANO,084210100000000020006000000000,08421010000020006000,08421010000000002,0,8.81317200792e-09,,08,421,01
URBANO,084210100000000020002000000000,08421010000020002000,08421010000000002,0,1.05744982371e-08,,08,421,01
URBANO,084210100000000020001000000000,08421010000020001000,08421010000000002,0,1.14119791989e-08,,08,421,01
URBANO,084210100000000020003000000000,08421010000020003000,08421010000000002,0,1.63437554629e-08,,08,421,01
URBANO,084210100000000020004000000000,08421010000020004000,08421010000000002,0,8.81186451696e-09,,08,421,01
URBANO,084210100000000030004000000000,08421010000030004000,08421010000000003,0,1.91320542568e-08,,08,421,01
URBANO,084210100000000030001000000000,08421010000030001000,08421010000000003,0,2.20706941166e-08,,08,421,01
URBANO,084210100000000030002000000000,08421010000030002000,08421010000000003,0,1.0084637189e-08,,08,421,01
URBANO,084210100000000030003000000000,08421010000030003000,08421010000000003,0,9.60513460115e-09,,08,421,01
URBANO,084210100000000050014000000000,08421010000050014000,08421010000000005,0,3.23228439689e-08,,08,421,01
URBANO,084210100000000050003000000000,08421010000050003000,08421010000000005,0,4.6610380622e-08,,08,421,01
URBANO,084210100000000050001000000000,08421010000050001000,08421010000000005,0,8.99206509383e-08,,08,421,01
URBANO,084210100000000050015000000000,08421010000050015000,08421010000000005,0,3.5496537426e-08,,08,421,01
URBANO,084210100000000050006000000000,08421010000050006000,08421010000000005,0,5.0494980464e-08,,08,421,01
URBANO,084210100000000050004000000000,08421010000050004000,08421010000000005,0,2.3393244138e-08,,08,421,01
URBANO,084210100000000050005000000000,08421010000050005000,08421010000000005,0,2.53969438357e-08,,08,421,01
URBANO,084210100000000050007000000000,08421010000050007000,08421010000000005,0,2.16737575801e-08,,08,421,01
URBANO,084210100000000050013000000000,08421010000050013000,08421010000000005,0,1.99516989828e-08,,08,421,01
URBANO,084210100000000050008000000000,08421010000050008000,08421010000000005,0,3.10955202969e-08,,08,421,01
URBANO,084210100000000050009000000000,08421010000050009000,08421010000000005,0,2.22235344885e-08,,08,421,01
URBANO,084210100000000050010000000000,08421010000050010000,08421010000000005,0,1.82284403118e-08,,08,421,01
URBANO,084210100000000050012000000000,08421010000050012000,08421010000000005,0,6.83525662675e-09,,08,421,01
URBANO,084210100000000050011000000000,08421010000050011000,08421010000000005,0,1.29964883188e-08,,08,421,01
URBANO,084210100000000050017000000000,08421010000050017000,08421010000000005,0,6.51543635734e-09,,08,421,01
URBANO,084210100000000050002000000000,08421010000050002000,08421010000000005,0,3.37087739069e-08,,08,421,01
URBANO,084210100000000050016000000000,08421010000050016000,08421010000000005,0,2.34188477202e-08,,08,421,01
URBANO,084210100000001010001000000000,08421010001010001000,08421010000000101,0,1.72541929194e-08,,08,421,01
URBANO,084210100000001010008000000000,08421010001010008000,08421010000000101,0,3.36832343579e-08,,08,421,01
URBANO,084210100000001010011000000000,08421010001010011000,08421010000000101,0,1.26199564661e-08,,08,421,01
URBANO,084210100000001010006000000000,08421010001010006000,08421010000000101,0,3.18008411878e-08,,08,421,01
URBANO,084210100000001010005000000000,08421010001010005000,08421010000000101,0,1.39211065257e-08,,08,421,01
URBANO,084210100000001010004000000000,08421010001010004000,08421010000000101,0,1.59150095708e-08,,08,421,01
URBANO,084210100000001010003000000000,08421010001010003000,08421010000000101,0,1.59365858074e-08,,08,421,01
URBANO,084210100000001010002000000000,08421010001010002000,08421010000000101,0,1.62678426966e-08,,08,421,01
URBANO,084210100000001010010000000000,08421010001010010000,08421010000000101,0,1.72146941289e-08,,08,421,01
URBANO,084210100000001010007000000000,08421010001010007000,08421010000000101,0,1.7482429575e-08,,08,421,01
URBANO,084210100000001010009000000000,08421010001010009000,08421010000000101,0,2.4348426675e-08,,08,421,01
URBANO,084210100000001000011000000000,08421010001000011000,08421010000000100,0,1.76084396408e-08,,08,421,01
URBANO,084210100000001000014000000000,08421010001000014000,08421010000000100,0,1.76971610093e-08,,08,421,01
URBANO,084210100000001000004000000000,08421010001000004000,08421010000000100,0,2.28057353576e-08,,08,421,01
URBANO,084210100000001000001000000000,08421010001000001000,08421010000000100,0,1.54952434818e-08,,08,421,01
URBANO,084210100000001000016000000000,08421010001000016000,08421010000000100,0,1.31082009393e-08,,08,421,01
URBANO,084210100000001000015000000000,08421010001000015000,08421010000000100,0,1.71654939206e-08,,08,421,01
URBANO,084210100000001000005000000000,08421010001000005000,08421010000000100,0,1.67738359327e-08,,08,421,01
URBANO,084210100000001000002000000000,08421010001000002000,08421010000000100,0,1.08910870007e-08,,08,421,01
URBANO,084210100000001000003000000000,08421010001000003000,08421010000000100,0,9.68872986494e-09,,08,421,01
URBANO,084210100000001000013000000000,08421010001000013000,08421010000000100,0,1.81541591076e-08,,08,421,01
URBANO,084210100000001000007000000000,08421010001000007000,08421010000000100,0,1.67691042983e-08,,08,421,01
URBANO,084210100000001000010000000000,08421010001000010000,08421010000000100,0,1.8524920569e-08,,08,421,01
URBANO,084210100000001000012000000000,08421010001000012000,08421010000000100,0,1.65663464012e-08,,08,421,01
URBANO,084210100000001000009000000000,08421010001000009000,08421010000000100,0,1.64843144886e-08,,08,421,01
URBANO,084210100000001000008000000000,08421010001000008000,08421010000000100,0,1.66776374448e-08,,08,421,01
URBANO,084210100000001000006000000000,08421010001000006000,08421010000000100,0,1.44521921309e-08,,08,421,01
URBANO,084210100000000960026000000000,08421010000960026000,08421010000000096,0,1.00766069685e-08,,08,421,01
URBANO,084210100000000960025000000000,08421010000960025000,08421010000000096,0,8.49247738109e-09,,08,421,01
URBANO,084210100000000960024000000000,08421010000960024000,08421010000000096,0,9.15362401723e-09,,08,421,01
URBANO,084210100000000960019000000000,08421010000960019000,08421010000000096,0,9.45266909285e-09,,08,421,01
URBANO,084210100000000960023000000000,08421010000960023000,08421010000000096,0,9.70144263408e-09,,08,421,01
URBANO,084210100000000960020000000000,08421010000960020000,08421010000000096,0,9.72375472567e-09,,08,421,01
URBANO,084210100000000960021000000000,08421010000960021000,08421010000000096,0,9.99085073047e-09,,08,421,01
URBANO,084210100000000960022000000000,08421010000960022000,08421010000000096,0,1.02134385295e-08,,08,421,01
URBANO,084210100000000960036000000000,08421010000960036000,08421010000000096,0,8.01591161956e-09,,08,421,01
URBANO,084210100000000960034000000000,08421010000960034000,08421010000000096,0,8.50984011497e-09,,08,421,01
URBANO,084210100000000960035000000000,08421010000960035000,08421010000000096,0,8.58440762916e-09,,08,421,01
URBANO,084210100000000960033000000000,08421010000960033000,08421010000000096,0,8.94051249345e-09,,08,421,01
URBANO,084210100000000960032000000000,08421010000960032000,08421010000000096,0,9.09647466282e-09,,08,421,01
URBANO,084210100000000960029000000000,08421010000960029000,08421010000000096,0,9.52225162478e-09,,08,421,01
URBANO,084210100000000960031000000000,08421010000960031000,08421010000000096,0,9.56219131802e-09,,08,421,01
URBANO,084210100000000960030000000000,08421010000960030000,08421010000000096,0,9.58544560972e-09,,08,421,01
URBANO,084210100000000960027000000000,08421010000960027000,08421010000000096,0,9.88354703854e-09,,08,421,01
URBANO,084210100000000960028000000000,08421010000960028000,08421010000000096,0,1.00650551744e-08,,08,421,01
URBANO,084210100000000430019000000000,08421010000430019000,08421010000000043,0,8.38323547157e-09,,08,421,01
URBANO,084210100000000430014000000000,08421010000430014000,08421010000000043,0,6.8341156235e-09,,08,421,01
URBANO,084210100000000430013000000000,08421010000430013000,08421010000000043,0,7.10722969231e-09,,08,421,01
URBANO,084210100000000430012000000000,08421010000430012000,08421010000000043,0,7.16863471336e-09,,08,421,01
URBANO,084210100000000430017000000000,08421010000430017000,08421010000000043,0,7.31897286485e-09,,08,421,01
URBANO,084210100000000430018000000000,08421010000430018000,08421010000000043,0,7.36597985253e-09,,08,421,01
URBANO,084210100000000430015000000000,08421010000430015000,08421010000000043,0,7.48747091131e-09,,08,421,01
URBANO,084210100000000430016000000000,08421010000430016000,08421010000000043,0,7.5736078841e-09,,08,421,01
URBANO,084210100000000430011000000000,08421010000430011000,08421010000000043,0,7.92798963831e-09,,08,421,01
URBANO,084210100000000660012000000000,08421010000660012000,08421010000000066,0,2.07101504639e-07,,08,421,01
URBANO,084210100000000660013000000000,08421010000660013000,08421010000000066,0,2.88038641194e-08,,08,421,01
URBANO,084210100000000660001000000000,08421010000660001000,08421010000000066,0,5.36620429997e-08,,08,421,01
URBANO,084210100000000660014000000000,08421010000660014000,08421010000000066,0,2.44280835824e-08,,08,421,01
URBANO,084210100000000660021000000000,08421010000660021000,08421010000000066,0,9.61827365922e-09,,08,421,01
URBANO,084210100000000660018000000000,08421010000660018000,08421010000000066,0,2.6744070917e-08,,08,421,01
URBANO,084210100000000660010000000000,08421010000660010000,08421010000000066,0,2.32153916734e-08,,08,421,01
URBANO,084210100000000660019000000000,08421010000660019000,08421010000000066,0,2.33934790863e-08,,08,421,01
URBANO,084210100000000660005000000000,08421010000660005000,08421010000000066,0,2.90311815309e-08,,08,421,01
URBANO,084210100000000660020000000000,08421010000660020000,08421010000000066,0,3.04753567512e-08,,08,421,01
URBANO,084210100000000660002000000000,08421010000660002000,08421010000000066,0,1.35598997573e-08,,08,421,01
URBANO,084210100000000660003000000000,08421010000660003000,08421010000000066,0,2.56514906474e-08,,08,421,01
URBANO,084210100000000660009000000000,08421010000660009000,08421010000000066,0,2.537371019e-08,,08,421,01
URBANO,084210100000000660006000000000,08421010000660006000,08421010000000066,0,6.47113198703e-08,,08,421,01
URBANO,084210100000000660004000000000,08421010000660004000,08421010000000066,0,2.23497012284e-08,,08,421,01
URBANO,084210100000000660015000000000,08421010000660015000,08421010000000066,0,1.42005206797e-08,,08,421,01
URBANO,084210100000000660016000000000,08421010000660016000,08421010000000066,0,1.57399060244e-08,,08,421,01
URBANO,084210100000000660017000000000,08421010000660017000,08421010000000066,0,1.22881186389e-08,,08,421,01
URBANO,084210100000001320001000000000,08421010001320001000,08421010000000132,0,5.83695462034e-08,,08,421,01
URBANO,084210100000000900002000000000,08421010000900002000,08421010000000090,0,2.70596015712e-08,,08,421,01
URBANO,084210100000000900001000000000,08421010000900001000,08421010000000090,0,4.28439248939e-08,,08,421,01
URBANO,084210100000000900003000000000,08421010000900003000,08421010000000090,0,2.96473446453e-08,,08,421,01
URBANO,084210100000000850001000000000,08421010000850001000,08421010000000085,0,5.48349931474e-07,,08,421,01
URBANO,084210100000000800003000000000,08421010000800003000,08421010000000080,0,3.78537286456e-08,,08,421,01
URBANO,084210100000000800008000000000,08421010000800008000,08421010000000080,0,7.64610639688e-09,,08,421,01
URBANO,084210100000000800002000000000,08421010000800002000,08421010000000080,0,1.47106033884e-08,,08,421,01
URBANO,084210100000000800001000000000,08421010000800001000,08421010000000080,0,1.88877861433e-08,,08,421,01
URBANO,084210102000000000331000000000,08421010200000331000,08421010200000000,0,1.71238379605e-08,,08,421,01
URBANO,084210102000000000329000000000,08421010200000329000,08421010200000000,0,1.72213415058e-08,,08,421,01
URBANO,084210102000000000310000000000,08421010200000310000,08421010200000000,0,1.73307842889e-08,,08,421,01
URBANO,084210102000000000332000000000,08421010200000332000,08421010200000000,0,1.73994570032e-08,,08,421,01
URBANO,084210102000000000312000000000,08421010200000312000,08421010200000000,0,1.75727056508e-08,,08,421,01
URBANO,084210102000000000333000000000,08421010200000333000,08421010200000000,0,1.76756102365e-08,,08,421,01
URBANO,084210102000000000321000000000,08421010200000321000,08421010200000000,0,1.6968019808e-08,,08,421,01
URBANO,084210102000000000320000000000,08421010200000320000,08421010200000000,0,1.57078270833e-08,,08,421,01
URBANO,084210102000000000319000000000,08421010200000319000,08421010200000000,0,1.67217656701e-08,,08,421,01
URBANO,084210102000000000295000000000,08421010200000295000,08421010200000000,0,1.71373206782e-08,,08,421,01
URBANO,084210102000000000292000000000,08421010200000292000,08421010200000000,0,1.64930448332e-08,,08,421,01
URBANO,084210102000000000304000000000,08421010200000304000,08421010200000000,0,1.64564060421e-08,,08,421,01
URBANO,084210102000000000305000000000,08421010200000305000,08421010200000000,0,1.64696449551e-08,,08,421,01
URBANO,084210102000000000303000000000,08421010200000303000,08421010200000000,0,1.6571276015e-08,,08,421,01
URBANO,084210102000000000301000000000,08421010200000301000,08421010200000000,0,1.6583802212e-08,,08,421,01
URBANO,084210102000000000297000000000,08421010200000297000,08421010200000000,0,1.6621864151e-08,,08,421,01
URBANO,084210102000000000300000000000,08421010200000300000,08421010200000000,0,1.67097075592e-08,,08,421,01
URBANO,084210102000000000306000000000,08421010200000306000,08421010200000000,0,1.67421569568e-08,,08,421,01
URBANO,084210102000000000299000000000,08421010200000299000,08421010200000000,0,1.67924071901e-08,,08,421,01
URBANO,084210102000000000302000000000,08421010200000302000,08421010200000000,0,1.68489386298e-08,,08,421,01
URBANO,084210102000000000296000000000,08421010200000296000,08421010200000000,0,1.69032391246e-08,,08,421,01
URBANO,084210102000000000298000000000,08421010200000298000,08421010200000000,0,1.69124490953e-08,,08,421,01
URBANO,084210102000000000283000000000,08421010200000283000,08421010200000000,0,1.6202614991e-08,,08,421,01
URBANO,084210102000000000288000000000,08421010200000288000,08421010200000000,0,1.62307836907e-08,,08,421,01
URBANO,084210102000000000284000000000,08421010200000284000,08421010200000000,0,1.62368099645e-08,,08,421,01
URBANO,084210102000000000286000000000,08421010200000286000,08421010200000000,0,1.62437828186e-08,,08,421,01
URBANO,084210102000000000307000000000,08421010200000307000,08421010200000000,0,1.63181103197e-08,,08,421,01
URBANO,084210100000000410011000000000,08421010000410011000,08421010000000041,0,2.75689640227e-08,,08,421,01
URBANO,084210100000000410014000000000,08421010000410014000,08421010000000041,0,1.16977067023e-08,,08,421,01
URBANO,084210100000000410012000000000,08421010000410012000,08421010000000041,0,9.55114451733e-09,,08,421,01
URBANO,084210100000000410006000000000,08421010000410006000,08421010000000041,0,1.25452530652e-08,,08,421,01
URBANO,084210100000000410002000000000,08421010000410002000,08421010000000041,0,2.30155277062e-08,,08,421,01
URBANO,084210100000000410004000000000,08421010000410004000,08421010000000041,0,3.08056111664e-08,,08,421,01
URBANO,084210100000000410003000000000,08421010000410003000,08421010000000041,0,3.73354280056e-08,,08,421,01
URBANO,084210100000000410007000000000,08421010000410007000,08421010000000041,0,1.85640538342e-08,,08,421,01
URBANO,084210100000000410001000000000,08421010000410001000,08421010000000041,0,6.70477642231e-09,,08,421,01
URBANO,084210100000000410013000000000,08421010000410013000,08421010000000041,0,4.26104086556e-09,,08,421,01
URBANO,084210100000001430007000000000,08421010001430007000,08421010000000143,0,7.12579845294e-09,,08,421,01
URBANO,084210100000001430017000000000,08421010001430017000,08421010000000143,0,6.73332802414e-09,,08,421,01
URBANO,084210100000001430018000000000,08421010001430018000,08421010000000143,0,6.80481906139e-09,,08,421,01
URBANO,084210100000001430004000000000,08421010001430004000,08421010000000143,0,6.81391663957e-09,,08,421,01
URBANO,084210100000001430010000000000,08421010001430010000,08421010000000143,0,6.81436839862e-09,,08,421,01
URBANO,084210100000001430011000000000,08421010001430011000,08421010000000143,0,6.82695977838e-09,,08,421,01
URBANO,084210100000001430013000000000,08421010001430013000,08421010000000143,0,6.82763733236e-09,,08,421,01
URBANO,084210100000001430015000000000,08421010001430015000,08421010000000143,0,6.86445270797e-09,,08,421,01
URBANO,084210100000001430016000000000,08421010001430016000,08421010000000143,0,6.89499287389e-09,,08,421,01
URBANO,084210100000001430003000000000,08421010001430003000,08421010000000143,0,6.89562999252e-09,,08,421,01
URBANO,084210100000001430009000000000,08421010001430009000,08421010000000143,0,6.89865434474e-09,,08,421,01
URBANO,084210100000001430006000000000,08421010001430006000,08421010000000143,0,6.92796509463e-09,,08,421,01
URBANO,084210100000001430005000000000,08421010001430005000,08421010000000143,0,6.96658044776e-09,,08,421,01
URBANO,084210100000001430008000000000,08421010001430008000,08421010000000143,0,7.03762153021e-09,,08,421,01
URBANO,084210100000001430001000000000,08421010001430001000,08421010000000143,0,7.06041214034e-09,,08,421,01
URBANO,084210100000001430012000000000,08421010001430012000,08421010000000143,0,7.06637779761e-09,,08,421,01
URBANO,084210100000001430014000000000,08421010001430014000,08421010000000143,0,7.07002241012e-09,,08,421,01
URBANO,084210100000001430002000000000,08421010001430002000,08421010000000143,0,7.12549140977e-09,,08,421,01
URBANO,084210102000000000396000000000,08421010200000396000,08421010200000000,0,1.66769253833e-08,,08,421,01
URBANO,084210102000000000395000000000,08421010200000395000,08421010200000000,0,1.65400442742e-08,,08,421,01
URBANO,084210102000000000359000000000,08421010200000359000,08421010200000000,0,1.70363063886e-08,,08,421,01
URBANO,084210102000000000346000000000,08421010200000346000,08421010200000000,0,1.57676608889e-08,,08,421,01
URBANO,084210102000000000344000000000,08421010200000344000,08421010200000000,0,1.57712976218e-08,,08,421,01
URBANO,084210102000000000348000000000,08421010200000348000,08421010200000000,0,1.58888750515e-08,,08,421,01
URBANO,084210102000000000345000000000,08421010200000345000,08421010200000000,0,1.59243720763e-08,,08,421,01
URBANO,084210102000000000352000000000,08421010200000352000,08421010200000000,0,1.59988541157e-08,,08,421,01
URBANO,084210102000000000349000000000,08421010200000349000,08421010200000000,0,1.60576205717e-08,,08,421,01
URBANO,084210102000000000351000000000,08421010200000351000,08421010200000000,0,1.60613046049e-08,,08,421,01
URBANO,084210102000000000354000000000,08421010200000354000,08421010200000000,0,1.60615395981e-08,,08,421,01
URBANO,084210102000000000347000000000,08421010200000347000,08421010200000000,0,1.60942262447e-08,,08,421,01
URBANO,084210102000000000355000000000,08421010200000355000,08421010200000000,0,1.61219744013e-08,,08,421,01
URBANO,084210102000000000343000000000,08421010200000343000,08421010200000000,0,1.61240365421e-08,,08,421,01
URBANO,084210102000000000339000000000,08421010200000339000,08421010200000000,0,1.61376803267e-08,,08,421,01
URBANO,084210102000000000353000000000,08421010200000353000,08421010200000000,0,1.61677361915e-08,,08,421,01
URBANO,084210102000000000350000000000,08421010200000350000,08421010200000000,0,1.61727845116e-08,,08,421,01
URBANO,084210102000000000340000000000,08421010200000340000,08421010200000000,0,1.61936545454e-08,,08,421,01
URBANO,084210102000000000335000000000,08421010200000335000,08421010200000000,0,1.6221096259e-08,,08,421,01
URBANO,084210102000000000341000000000,08421010200000341000,08421010200000000,0,1.62213812432e-08,,08,421,01
URBANO,084210102000000000337000000000,08421010200000337000,08421010200000000,0,1.62262086461e-08,,08,421,01
URBANO,084210102000000000336000000000,08421010200000336000,08421010200000000,0,1.62465017078e-08,,08,421,01
URBANO,084210102000000000338000000000,08421010200000338000,08421010200000000,0,1.63039194314e-08,,08,421,01
URBANO,084210102000000000342000000000,08421010200000342000,08421010200000000,0,1.63252815628e-08,,08,421,01
URBANO,084210102000000000356000000000,08421010200000356000,08421010200000000,0,1.63698617928e-08,,08,421,01
URBANO,084210102000000000358000000000,08421010200000358000,08421010200000000,0,1.64432301264e-08,,08,421,01
URBANO,084210102000000000357000000000,08421010200000357000,08421010200000000,0,1.63246032738e-08,,08,421,01
URBANO,084210100000001050002000000000,08421010001050002000,08421010000000105,0,4.31911191786e-08,,08,421,01
URBANO,084210100000001050005000000000,08421010001050005000,08421010000000105,0,3.44622724724e-08,,08,421,01
URBANO,084210100000001050001000000000,08421010001050001000,08421010000000105,0,3.10796179082e-08,,08,421,01
URBANO,084210100000001050006000000000,08421010001050006000,08421010000000105,0,1.23384151748e-08,,08,421,01
URBANO,084210100000001050003000000000,08421010001050003000,08421010000000105,0,1.67559250242e-08,,08,421,01
URBANO,084210100000001050004000000000,08421010001050004000,08421010000000105,0,1.67303044341e-08,,08,421,01
URBANO,084210100000001050007000000000,08421010001050007000,08421010000000105,0,2.8966260049e-08,,08,421,01
URBANO,084210100000001040001000000000,08421010001040001000,08421010000000104,0,4.57604638387e-08,,08,421,01
URBANO,084210100000001040005000000000,08421010001040005000,08421010000000104,0,2.62785355087e-08,,08,421,01
URBANO,084210100000001040009000000000,08421010001040009000,08421010000000104,0,1.70456321918e-08,,08,421,01
URBANO,084210100000001040007000000000,08421010001040007000,08421010000000104,0,1.67169560325e-08,,08,421,01
URBANO,084210100000001040006000000000,08421010001040006000,08421010000000104,0,1.64014537916e-08,,08,421,01
URBANO,084210100000001040008000000000,08421010001040008000,08421010000000104,0,1.53747680598e-08,,08,421,01
URBANO,084210100000001040002000000000,08421010001040002000,08421010000000104,0,1.57038383379e-08,,08,421,01
URBANO,084210100000001040003000000000,08421010001040003000,08421010000000104,0,1.70311430935e-08,,08,421,01
URBANO,084210100000001040004000000000,08421010001040004000,08421010000000104,0,1.6148278658e-08,,08,421,01
URBANO,084210100000001030004000000000,08421010001030004000,08421010000000103,0,1.76073662725e-08,,08,421,01
URBANO,084210100000001030001000000000,08421010001030001000,08421010000000103,0,9.59580785294e-08,,08,421,01
URBANO,084210100000001030002000000000,08421010001030002000,08421010000000103,0,3.65708612306e-08,,08,421,01
URBANO,084210100000001030003000000000,08421010001030003000,08421010000000103,0,1.82311887718e-08,,08,421,01
URBANO,084210100000001030005000000000,08421010001030005000,08421010000000103,0,1.74374378995e-08,,08,421,01
URBANO,084210100000001030006000000000,08421010001030006000,08421010000000103,0,1.48036492432e-08,,08,421,01
URBANO,084210100000001020006000000000,08421010001020006000,08421010000000102,0,1.72979713344e-08,,08,421,01
URBANO,084210100000001020005000000000,08421010001020005000,08421010000000102,0,4.39559047897e-08,,08,421,01
URBANO,084210100000001020001000000000,08421010001020001000,08421010000000102,0,1.70873652027e-08,,08,421,01
URBANO,084210100000001020004000000000,08421010001020004000,08421010000000102,0,1.73253463104e-08,,08,421,01
URBANO,084210100000001020011000000000,08421010001020011000,08421010000000102,0,1.65049592935e-08,,08,421,01
URBANO,084210100000001020007000000000,08421010001020007000,08421010000000102,0,1.62183183987e-08,,08,421,01
URBANO,084210100000001020002000000000,08421010001020002000,08421010000000102,0,1.67559866017e-08,,08,421,01
URBANO,084210100000001020010000000000,08421010001020010000,08421010000000102,0,1.67777189967e-08,,08,421,01
URBANO,084210100000001020003000000000,08421010001020003000,08421010000000102,0,1.66563610025e-08,,08,421,01
URBANO,084210100000001020008000000000,08421010001020008000,08421010000000102,0,9.37004182671e-09,,08,421,01
URBANO,084210100000001020012000000000,08421010001020012000,08421010000000102,0,8.13552857233e-09,,08,421,01
URBANO,084210100000001020009000000000,08421010001020009000,08421010000000102,0,3.76783450946e-09,,08,421,01
URBANO,084210100000000440001000000000,08421010000440001000,08421010000000044,0,3.74914174666e-08,,08,421,01
URBANO,084210100000000440011000000000,08421010000440011000,08421010000000044,0,2.16378685584e-08,,08,421,01
URBANO,084210100000000440008000000000,08421010000440008000,08421010000000044,0,1.97006507945e-08,,08,421,01
URBANO,084210100000000440002000000000,08421010000440002000,08421010000000044,0,1.63449296847e-08,,08,421,01
URBANO,084210100000000440013000000000,08421010000440013000,08421010000000044,0,2.64822669601e-08,,08,421,01
URBANO,084210100000000440021000000000,08421010000440021000,08421010000000044,0,1.61480209255e-08,,08,421,01
URBANO,084210100000000440012000000000,08421010000440012000,08421010000000044,0,3.58936029583e-08,,08,421,01
URBANO,084210100000000440020000000000,08421010000440020000,08421010000000044,0,1.69051721547e-08,,08,421,01
URBANO,084210100000000440018000000000,08421010000440018000,08421010000000044,0,1.90901863404e-08,,08,421,01
URBANO,084210100000000440006000000000,08421010000440006000,08421010000000044,0,1.71738842063e-08,,08,421,01
URBANO,084210100000000440003000000000,08421010000440003000,08421010000000044,0,1.79004773414e-08,,08,421,01
URBANO,084210100000000440004000000000,08421010000440004000,08421010000000044,0,1.79244424158e-08,,08,421,01
URBANO,084210100000000440019000000000,08421010000440019000,08421010000000044,0,1.74241013472e-08,,08,421,01
URBANO,084210100000000740008000000000,08421010000740008000,08421010000000074,0,4.78458967404e-08,,08,421,01
URBANO,084210100000000740004000000000,08421010000740004000,08421010000000074,0,2.47453076319e-08,,08,421,01
URBANO,084210100000000740006000000000,08421010000740006000,08421010000000074,0,1.49723641028e-08,,08,421,01
URBANO,084210100000000740005000000000,08421010000740005000,08421010000000074,0,1.78789255699e-08,,08,421,01
URBANO,084210100000000740011000000000,08421010000740011000,08421010000000074,0,2.16830891928e-08,,08,421,01
URBANO,084210100000000740007000000000,08421010000740007000,08421010000000074,0,2.52766927062e-08,,08,421,01
URBANO,084210100000000740012000000000,08421010000740012000,08421010000000074,0,1.520066875e-08,,08,421,01
URBANO,084210100000000740003000000000,08421010000740003000,08421010000000074,0,1.93558995616e-08,,08,421,01
URBANO,084210100000000740010000000000,08421010000740010000,08421010000000074,0,1.88893794254e-08,,08,421,01
URBANO,084210100000000740001000000000,08421010000740001000,08421010000000074,0,2.32933963106e-08,,08,421,01
URBANO,084210100000000740002000000000,08421010000740002000,08421010000000074,0,1.80406433193e-08,,08,421,01
URBANO,084210100000000740009000000000,08421010000740009000,08421010000000074,0,4.73092791053e-08,,08,421,01
URBANO,084210100000000450029000000000,08421010000450029000,08421010000000045,0,2.85733723461e-08,,08,421,01
URBANO,084210100000000440005000000000,08421010000440005000,08421010000000044,0,2.08515725286e-08,,08,421,01
URBANO,084210100000000440007000000000,08421010000440007000,08421010000000044,0,1.67771532208e-08,,08,421,01
URBANO,084210100000000440009000000000,08421010000440009000,08421010000000044,0,1.68863092229e-08,,08,421,01
URBANO,084210100000000440014000000000,08421010000440014000,08421010000000044,0,1.61413427449e-08,,08,421,01
URBANO,084210100000000440010000000000,08421010000440010000,08421010000000044,0,1.73186673828e-08,,08,421,01
URBANO,084210100000000440017000000000,08421010000440017000,08421010000000044,0,1.60809237838e-08,,08,421,01
URBANO,084210100000000440015000000000,08421010000440015000,08421010000000044,0,1.70552617311e-08,,08,421,01
URBANO,084210100000000440016000000000,08421010000440016000,08421010000000044,0,1.76975225517e-08,,08,421,01
URBANO,084210100000000450028000000000,08421010000450028000,08421010000000045,0,1.53503962975e-08,,08,421,01
URBANO,084210100000000450009000000000,08421010000450009000,08421010000000045,0,1.50385978199e-08,,08,421,01
URBANO,084210100000000450003000000000,08421010000450003000,08421010000000045,0,1.5830051664e-08,,08,421,01
URBANO,084210100000000450002000000000,08421010000450002000,08421010000000045,0,1.65743691866e-08,,08,421,01
URBANO,084210100000000450027000000000,08421010000450027000,08421010000000045,0,1.65931588375e-08,,08,421,01
URBANO,084210100000000450007000000000,08421010000450007000,08421010000000045,0,1.67590929289e-08,,08,421,01
URBANO,084210100000000450004000000000,08421010000450004000,08421010000000045,0,1.71568415859e-08,,08,421,01
URBANO,084210100000000450022000000000,08421010000450022000,08421010000000045,0,1.71835122446e-08,,08,421,01
URBANO,084210100000000450005000000000,08421010000450005000,08421010000000045,0,1.72879176915e-08,,08,421,01
URBANO,084210100000000450024000000000,08421010000450024000,08421010000000045,0,1.35119733065e-08,,08,421,01
URBANO,084210100000000450023000000000,08421010000450023000,08421010000000045,0,1.96805920718e-08,,08,421,01
URBANO,084210100000000450006000000000,08421010000450006000,08421010000000045,0,2.11046120842e-08,,08,421,01
URBANO,084210100000000450001000000000,08421010000450001000,08421010000000045,0,2.26517068699e-08,,08,421,01
URBANO,084210100000000450020000000000,08421010000450020000,08421010000000045,0,1.29306813063e-08,,08,421,01
URBANO,084210100000000450021000000000,08421010000450021000,08421010000000045,0,1.28189303497e-08,,08,421,01
URBANO,084210100000000450011000000000,08421010000450011000,08421010000000045,0,1.6388374157e-08,,08,421,01
URBANO,084210100000000450018000000000,08421010000450018000,08421010000000045,0,1.6578834732e-08,,08,421,01
URBANO,084210100000000450019000000000,08421010000450019000,08421010000000045,0,1.66535938763e-08,,08,421,01
URBANO,084210100000000450010000000000,08421010000450010000,08421010000000045,0,1.68433968689e-08,,08,421,01
URBANO,084210100000000450015000000000,08421010000450015000,08421010000000045,0,1.74420771599e-08,,08,421,01
URBANO,084210100000000450017000000000,08421010000450017000,08421010000000045,0,1.23926152688e-08,,08,421,01
URBANO,084210100000000450012000000000,08421010000450012000,08421010000000045,0,1.96948877994e-08,,08,421,01
URBANO,084210100000000450014000000000,08421010000450014000,08421010000000045,0,1.97077146132e-08,,08,421,01
URBANO,084210100000000450013000000000,08421010000450013000,08421010000000045,0,2.01606229716e-08,,08,421,01
URBANO,084210100000000450016000000000,08421010000450016000,08421010000000045,0,2.44757374693e-08,,08,421,01
URBANO,084210100000000450030000000000,08421010000450030000,08421010000000045,0,5.26394091176e-09,,08,421,01
URBANO,084210100000000450008000000000,08421010000450008000,08421010000000045,0,1.4966721076e-08,,08,421,01
URBANO,084210100000000450026000000000,08421010000450026000,08421010000000045,0,1.72253154098e-08,,08,421,01
URBANO,084210100000000450025000000000,08421010000450025000,08421010000000045,0,9.51567745189e-09,,08,421,01
URBANO,084210100000001310001000000000,08421010001310001000,08421010000000131,0,1.25571126267e-08,,08,421,01
URBANO,084210100000000190003000000000,08421010000190003000,08421010000000019,0,4.78248228747e-08,,08,421,01
URBANO,084210100000000190001000000000,08421010000190001000,08421010000000019,0,3.11374519857e-08,,08,421,01
URBANO,084210100000000190004000000000,08421010000190004000,08421010000000019,0,4.42691722846e-08,,08,421,01
URBANO,084210100000000190005000000000,08421010000190005000,08421010000000019,0,3.41440627984e-08,,08,421,01
URBANO,084210100000000520012000000000,08421010000520012000,08421010000000052,0,1.45391929031e-08,,08,421,01
URBANO,084210100000000520014000000000,08421010000520014000,08421010000000052,0,1.74037955135e-08,,08,421,01
URBANO,084210100000000520015000000000,08421010000520015000,08421010000000052,0,2.58707406672e-08,,08,421,01
URBANO,084210100000000520008000000000,08421010000520008000,08421010000000052,0,1.88048731478e-08,,08,421,01
URBANO,084210100000000520006000000000,08421010000520006000,08421010000000052,0,1.43733011766e-08,,08,421,01
URBANO,084210100000000520010000000000,08421010000520010000,08421010000000052,0,1.0968182801e-08,,08,421,01
URBANO,084210100000000530015000000000,08421010000530015000,08421010000000053,0,6.107704573e-08,,08,421,01
URBANO,084210100000000530016000000000,08421010000530016000,08421010000000053,0,2.68180834604e-08,,08,421,01
URBANO,084210100000000530007000000000,08421010000530007000,08421010000000053,0,3.02287059386e-08,,08,421,01
URBANO,084210100000000530009000000000,08421010000530009000,08421010000000053,0,1.96826335429e-08,,08,421,01
URBANO,084210100000000530017000000000,08421010000530017000,08421010000000053,0,1.50977627735e-08,,08,421,01
URBANO,084210100000000530006000000000,08421010000530006000,08421010000000053,0,2.28001204645e-08,,08,421,01
URBANO,084210100000000530005000000000,08421010000530005000,08421010000000053,0,1.42385286435e-08,,08,421,01
URBANO,084210100000000530018000000000,08421010000530018000,08421010000000053,0,9.08337907286e-09,,08,421,01
URBANO,084210100000000530004000000000,08421010000530004000,08421010000000053,0,1.61535527304e-08,,08,421,01
URBANO,084210100000000530002000000000,08421010000530002000,08421010000000053,0,2.88272115765e-08,,08,421,01
URBANO,084210100000000530003000000000,08421010000530003000,08421010000000053,0,4.09181765564e-08,,08,421,01
URBANO,084210100000000530019000000000,08421010000530019000,08421010000000053,0,1.25315693099e-08,,08,421,01
URBANO,084210100000000530010000000000,08421010000530010000,08421010000000053,0,1.72774336903e-08,,08,421,01
URBANO,084210100000000530014000000000,08421010000530014000,08421010000000053,0,1.86480646534e-08,,08,421,01
URBANO,084210100000000530013000000000,08421010000530013000,08421010000000053,0,2.16863174272e-08,,08,421,01
URBANO,084210100000000530012000000000,08421010000530012000,08421010000000053,0,2.7602878896e-08,,08,421,01
URBANO,084210100000000530011000000000,08421010000530011000,08421010000000053,0,3.32864662872e-08,,08,421,01
URBANO,084210100000001650008000000000,08421010001650008000,08421010000000165,0,4.06503137885e-09,,08,421,01
URBANO,084210100000001650002000000000,08421010001650002000,08421010000000165,0,1.31316456932e-08,,08,421,01
URBANO,084210100000001650005000000000,08421010001650005000,08421010000000165,0,9.95711001194e-09,,08,421,01
URBANO,084210100000001650006000000000,08421010001650006000,08421010000000165,0,2.61878148616e-08,,08,421,01
URBANO,084210100000001650022000000000,08421010001650022000,08421010000000165,0,1.78608612767e-08,,08,421,01
URBANO,084210100000001650023000000000,08421010001650023000,08421010000000165,0,1.8369000166e-08,,08,421,01
URBANO,084210100000001650024000000000,08421010001650024000,08421010000000165,0,1.9475152741e-08,,08,421,01
URBANO,084210100000001650027000000000,08421010001650027000,08421010000000165,0,2.0541632679e-08,,08,421,01
URBANO,084210100000001650001000000000,08421010001650001000,08421010000000165,0,2.46318740016e-08,,08,421,01
URBANO,084210100000001650020000000000,08421010001650020000,08421010000000165,0,9.61437466551e-09,,08,421,01
URBANO,084210100000001650021000000000,08421010001650021000,08421010000000165,0,1.04637306585e-08,,08,421,01
URBANO,084210100000001650015000000000,08421010001650015000,08421010000000165,0,2.30653935859e-08,,08,421,01
URBANO,084210100000001650018000000000,08421010001650018000,08421010000000165,0,1.14804039022e-08,,08,421,01
URBANO,084210100000001650019000000000,08421010001650019000,08421010000000165,0,1.36642745146e-08,,08,421,01
URBANO,084210100000001650017000000000,08421010001650017000,08421010000000165,0,1.37917487968e-08,,08,421,01
URBANO,084210100000001650014000000000,08421010001650014000,08421010000000165,0,3.53589618531e-09,,08,421,01
URBANO,084210100000001650012000000000,08421010001650012000,08421010000000165,0,1.17703936832e-08,,08,421,01
URBANO,084210100000001650003000000000,08421010001650003000,08421010000000165,0,9.16013693161e-09,,08,421,01
URBANO,084210100000001650004000000000,08421010001650004000,08421010000000165,0,1.22208706904e-08,,08,421,01
URBANO,084210100000001090001000000000,08421010001090001000,08421000000000000,0,3.26433336785e-08,,08,421,01
URBANO,084210100000001080001000000000,08421010001080001000,08421010000000108,0,1.66695400006e-08,,08,421,01
URBANO,084210100000001080003000000000,08421010001080003000,08421010000000108,0,6.91798108271e-09,,08,421,01
URBANO,084210100000001080009000000000,08421010001080009000,08421010000000108,0,7.23678282332e-09,,08,421,01
URBANO,084210100000001080010000000000,08421010001080010000,08421010000000108,0,7.24970491893e-09,,08,421,01
URBANO,084210100000001080004000000000,08421010001080004000,08421010000000108,0,7.54258817201e-09,,08,421,01
URBANO,084210100000001080008000000000,08421010001080008000,08421010000000108,0,7.94900613254e-09,,08,421,01
URBANO,084210100000001080002000000000,08421010001080002000,08421010000000108,0,8.91603502615e-09,,08,421,01
URBANO,084210100000000490007000000000,08421010000490007000,08421010000000049,0,4.25469035018e-08,,08,421,01
URBANO,084210100000000490016000000000,08421010000490016000,08421010000000049,0,5.33916675568e-08,,08,421,01
URBANO,084210100000000490028000000000,08421010000490028000,08421010000000049,0,2.06590111767e-08,,08,421,01
URBANO,084210100000000490025000000000,08421010000490025000,08421010000000049,0,2.08895437235e-08,,08,421,01
URBANO,084210100000000490020000000000,08421010000490020000,08421010000000049,0,2.60371767569e-08,,08,421,01
URBANO,084210100000000490021000000000,08421010000490021000,08421010000000049,0,3.04888126244e-08,,08,421,01
URBANO,084210100000000490027000000000,08421010000490027000,08421010000000049,0,3.10208500693e-08,,08,421,01
URBANO,084210100000000490022000000000,08421010000490022000,08421010000000049,0,3.93759351324e-08,,08,421,01
URBANO,084210100000000490017000000000,08421010000490017000,08421010000000049,0,4.25832215863e-08,,08,421,01
URBANO,084210100000000490013000000000,08421010000490013000,08421010000000049,0,3.45380073065e-08,,08,421,01
URBANO,084210100000000490015000000000,08421010000490015000,08421010000000049,0,4.82958879318e-08,,08,421,01
URBANO,084210100000000490019000000000,08421010000490019000,08421010000000049,0,5.01021228093e-08,,08,421,01
URBANO,084210100000000490014000000000,08421010000490014000,08421010000000049,0,5.18100579223e-08,,08,421,01
URBANO,084210100000000490026000000000,08421010000490026000,08421010000000049,0,1.17174269927e-08,,08,421,01
URBANO,084210100000000490023000000000,08421010000490023000,08421010000000049,0,2.03446860262e-08,,08,421,01
URBANO,084210100000000490004000000000,08421010000490004000,08421010000000049,0,2.30464415347e-08,,08,421,01
URBANO,084210100000000490002000000000,08421010000490002000,08421010000000049,0,2.41036695581e-08,,08,421,01
URBANO,084210100000000490003000000000,08421010000490003000,08421010000000049,0,2.47098714032e-08,,08,421,01
URBANO,084210100000000490001000000000,08421010000490001000,08421010000000049,0,3.32027791549e-08,,08,421,01
URBANO,084210100000000490005000000000,08421010000490005000,08421010000000049,0,3.36247910386e-08,,08,421,01
URBANO,084210100000000490006000000000,08421010000490006000,08421010000000049,0,4.18638289758e-08,,08,421,01
URBANO,084210100000000490009000000000,08421010000490009000,08421010000000049,0,5.02886712824e-08,,08,421,01
URBANO,084210100000000490012000000000,08421010000490012000,08421010000000049,0,2.49389339562e-08,,08,421,01
URBANO,084210100000000490011000000000,08421010000490011000,08421010000000049,0,5.43799925799e-08,,08,421,01
URBANO,084210100000000490010000000000,08421010000490010000,08421010000000049,0,5.71729019671e-08,,08,421,01
URBANO,084210100000000490008000000000,08421010000490008000,08421010000000049,0,3.85581820301e-08,,08,421,01
URBANO,084210100000000490029000000000,08421010000490029000,08421010000000049,0,1.20276141569e-08,,08,421,01
URBANO,084210100000000490024000000000,08421010000490024000,08421010000000049,0,1.69567578244e-08,,08,421,01
URBANO,084210100000000640004000000000,08421010000640004000,08421010000000064,0,5.68095770667e-08,,08,421,01
URBANO,084210100000000640022000000000,08421010000640022000,08421010000000064,0,1.96352944728e-08,,08,421,01
URBANO,084210100000000640019000000000,08421010000640019000,08421010000000064,0,1.37812085497e-08,,08,421,01
URBANO,084210100000000640020000000000,08421010000640020000,08421010000000064,0,1.61441716136e-08,,08,421,01
URBANO,084210100000000640021000000000,08421010000640021000,08421010000000064,0,1.84649212719e-08,,08,421,01
URBANO,084210100000000640018000000000,08421010000640018000,08421010000000064,0,2.06632562662e-08,,08,421,01
URBANO,084210100000000640008000000000,08421010000640008000,08421010000000064,0,3.52397460035e-08,,08,421,01
URBANO,084210100000000640015000000000,08421010000640015000,08421010000000064,0,1.90147379926e-08,,08,421,01
URBANO,084210100000000640029000000000,08421010000640029000,08421010000000064,0,2.18353619465e-08,,08,421,01
URBANO,084210100000000640028000000000,08421010000640028000,08421010000000064,0,2.32140005032e-08,,08,421,01
URBANO,084210100000000640014000000000,08421010000640014000,08421010000000064,0,2.63628780845e-08,,08,421,01
URBANO,084210100000000640017000000000,08421010000640017000,08421010000000064,0,2.78857309933e-08,,08,421,01
URBANO,084210100000000640010000000000,08421010000640010000,08421010000000064,0,2.8350494719e-08,,08,421,01
URBANO,084210100000000640012000000000,08421010000640012000,08421010000000064,0,2.97491555241e-08,,08,421,01
URBANO,084210100000000640013000000000,08421010000640013000,08421010000000064,0,3.1907968562e-08,,08,421,01
URBANO,084210100000000640011000000000,08421010000640011000,08421010000000064,0,3.24325312986e-08,,08,421,01
URBANO,084210100000000640016000000000,08421010000640016000,08421010000000064,0,3.24336813421e-08,,08,421,01
URBANO,084210100000000640009000000000,08421010000640009000,08421010000000064,0,3.49135929284e-08,,08,421,01
URBANO,084210100000000640027000000000,08421010000640027000,08421010000000064,0,1.47491091625e-08,,08,421,01
URBANO,084210100000000640003000000000,08421010000640003000,08421010000000064,0,2.72173020167e-08,,08,421,01
URBANO,084210100000000640025000000000,08421010000640025000,08421010000000064,0,2.80786950015e-08,,08,421,01
URBANO,084210100000000640005000000000,08421010000640005000,08421010000000064,0,2.87437675048e-08,,08,421,01
URBANO,084210100000000640023000000000,08421010000640023000,08421010000000064,0,2.87718105496e-08,,08,421,01
URBANO,084210100000000640006000000000,08421010000640006000,08421010000000064,0,3.29934322364e-08,,08,421,01
URBANO,084210100000000640024000000000,08421010000640024000,08421010000000064,0,1.99555285885e-08,,08,421,01
URBANO,084210100000000640002000000000,08421010000640002000,08421010000000064,0,3.87194768369e-08,,08,421,01
URBANO,084210100000000640026000000000,08421010000640026000,08421010000000064,0,5.53359510433e-08,,08,421,01
URBANO,084210100000000640007000000000,08421010000640007000,08421010000000064,0,1.71174752739e-08,,08,421,01
URBANO,084210100000000640001000000000,08421010000640001000,08421010000000064,0,1.38079369669e-08,,08,421,01
URBANO,084210100000000660008000000000,08421010000660008000,08421010000000066,0,5.06425166803e-08,,08,421,01
URBANO,084210100000000610007000000000,08421010000610007000,08421010000000061,0,2.47984112208e-07,,08,421,01
URBANO,084210100000000610006000000000,08421010000610006000,08421010000000061,0,3.27533259804e-08,,08,421,01
URBANO,084210100000000610002000000000,08421010000610002000,08421010000000061,0,3.48170058528e-08,,08,421,01
URBANO,084210100000000610001000000000,08421010000610001000,08421010000000061,0,3.12253034369e-08,,08,421,01
URBANO,084210100000000610003000000000,08421010000610003000,08421010000000061,0,2.51626778568e-08,,08,421,01
URBANO,084210100000000610004000000000,08421010000610004000,08421010000000061,0,2.62540400685e-08,,08,421,01
URBANO,084210100000000610005000000000,08421010000610005000,08421010000000061,0,2.67098204803e-08,,08,421,01
URBANO,084210100000001160001000000000,08421010001160001000,08421010000000116,0,2.43527110503e-08,,08,421,01
URBANO,084210100000001160003000000000,08421010001160003000,08421010000000116,0,1.43422896364e-08,,08,421,01
URBANO,084210100000001160002000000000,08421010001160002000,08421010000000116,0,2.39699538089e-08,,08,421,01
URBANO,084210100000001170005000000000,08421010001170005000,08421010000000117,0,1.3518652409e-08,,08,421,01
URBANO,084210100000001170003000000000,08421010001170003000,08421010000000117,0,1.52018411511e-08,,08,421,01
URBANO,084210100000001170004000000000,08421010001170004000,08421010000000117,0,2.01597125995e-08,,08,421,01
URBANO,084210100000001180002000000000,08421010001180002000,08421010000000118,0,4.98814812031e-08,,08,421,01
URBANO,084210100000001180001000000000,08421010001180001000,08421010000000118,0,4.53910433426e-08,,08,421,01
URBANO,084210100000001180003000000000,08421010001180003000,08421010000000118,0,4.7779179989e-08,,08,421,01
URBANO,084210100000000520007000000000,08421010000520007000,08421010000000052,0,2.05155213357e-08,,08,421,01
URBANO,084210100000000520003000000000,08421010000520003000,08421010000000052,0,5.19207949212e-08,,08,421,01
URBANO,084210100000000520019000000000,08421010000520019000,08421010000000052,0,3.88653072911e-08,,08,421,01
URBANO,084210100000000520018000000000,08421010000520018000,08421010000000052,0,4.74681660806e-09,,08,421,01
URBANO,084210100000000520027000000000,08421010000520027000,08421010000000052,0,9.40068777609e-09,,08,421,01
URBANO,084210100000000520017000000000,08421010000520017000,08421010000000052,0,1.30956361367e-08,,08,421,01
URBANO,084210100000000520025000000000,08421010000520025000,08421010000000052,0,1.34588876154e-08,,08,421,01
URBANO,084210100000000520020000000000,08421010000520020000,08421010000000052,0,1.96412874816e-08,,08,421,01
URBANO,084210100000000520028000000000,08421010000520028000,08421010000000052,0,8.60993813717e-09,,08,421,01
URBANO,084210100000000520004000000000,08421010000520004000,08421010000000052,0,4.12806241799e-08,,08,421,01
URBANO,084210100000000520013000000000,08421010000520013000,08421010000000052,0,3.13272889825e-08,,08,421,01
URBANO,084210100000000520009000000000,08421010000520009000,08421010000000052,0,3.1050584672e-08,,08,421,01
URBANO,084210100000001410001000000000,08421010001410001000,08421010000000141,0,9.63827979496e-08,,08,421,01
URBANO,084210100000000520021000000000,08421010000520021000,08421010000000052,0,3.10649176641e-08,,08,421,01
URBANO,084210100000000520005000000000,08421010000520005000,08421010000000052,0,3.44787093928e-08,,08,421,01
URBANO,084210100000000520022000000000,08421010000520022000,08421010000000052,0,2.37195301761e-08,,08,421,01
URBANO,084210100000000520011000000000,08421010000520011000,08421010000000052,0,1.43614268545e-08,,08,421,01
URBANO,084210100000000520024000000000,08421010000520024000,08421010000000052,0,8.42769226912e-09,,08,421,01
URBANO,084210100000000150005000000000,08421010000150005000,08421010000000015,0,2.94282383135e-08,,08,421,01
URBANO,084210100000000150006000000000,08421010000150006000,08421010000000015,0,4.65673335205e-08,,08,421,01
URBANO,084210100000000150007000000000,08421010000150007000,08421010000000015,0,1.78971862629e-08,,08,421,01
URBANO,084210100000000150016000000000,08421010000150016000,08421010000000015,0,1.89159209132e-08,,08,421,01
URBANO,084210100000000150009000000000,08421010000150009000,08421010000000015,0,2.00968221327e-08,,08,421,01
URBANO,084210100000000150010000000000,08421010000150010000,08421010000000015,0,2.56605351175e-08,,08,421,01
URBANO,084210100000000220005000000000,08421010000220005000,08421010000000022,0,2.65705716474e-08,,08,421,01
URBANO,084210100000000220004000000000,08421010000220004000,08421010000000022,0,4.53321916193e-08,,08,421,01
URBANO,084210100000000220003000000000,08421010000220003000,08421010000000022,0,4.38590798367e-08,,08,421,01
URBANO,084210100000000220002000000000,08421010000220002000,08421010000000022,0,2.37234316246e-08,,08,421,01
URBANO,084210100000000220001000000000,08421010000220001000,08421010000000022,0,5.29141695236e-08,,08,421,01
URBANO,084210100000000220010000000000,08421010000220010000,08421010000000022,0,5.05584584637e-08,,08,421,01
URBANO,084210100000000220008000000000,08421010000220008000,08421010000000022,0,1.41926904051e-08,,08,421,01
URBANO,084210100000000220007000000000,08421010000220007000,08421010000000022,0,4.41086079826e-08,,08,421,01
URBANO,084210100000000220009000000000,08421010000220009000,08421010000000022,0,1.29425882332e-08,,08,421,01
URBANO,084210100000000220006000000000,08421010000220006000,08421010000000022,0,2.48683634239e-08,,08,421,01
URBANO,084210100000000210004000000000,08421010000210004000,08421010000000021,0,3.5116945819e-08,,08,421,01
URBANO,084210100000000210008000000000,08421010000210008000,08421010000000021,0,4.21538009187e-08,,08,421,01
URBANO,084210100000000210006000000000,08421010000210006000,08421010000000021,0,1.9385949371e-08,,08,421,01
URBANO,084210100000000210009000000000,08421010000210009000,08421010000000021,0,1.56535643595e-08,,08,421,01
URBANO,084210100000000210005000000000,08421010000210005000,08421010000000021,0,1.7676870223e-08,,08,421,01
URBANO,084210100000000210001000000000,08421010000210001000,08421010000000021,0,2.10443759395e-08,,08,421,01
URBANO,084210100000000210002000000000,08421010000210002000,08421010000000021,0,2.92170507428e-08,,08,421,01
URBANO,084210100000000210003000000000,08421010000210003000,08421010000000021,0,4.46341984377e-08,,08,421,01
URBANO,084210100000000210010000000000,08421010000210010000,08421010000000021,0,1.67172134117e-08,,08,421,01
URBANO,084210100000000210007000000000,08421010000210007000,08421010000000021,0,3.7699281362e-08,,08,421,01
URBANO,084210100000000590008000000000,08421010000590008000,08421010000000059,0,3.49926918596e-08,,08,421,01
URBANO,084210100000000590003000000000,08421010000590003000,08421010000000059,0,1.87392371888e-08,,08,421,01
URBANO,084210100000000590005000000000,08421010000590005000,08421010000000059,0,2.07655986501e-08,,08,421,01
URBANO,084210100000000590006000000000,08421010000590006000,08421010000000059,0,2.15029723064e-08,,08,421,01
URBANO,084210100000000590004000000000,08421010000590004000,08421010000000059,0,2.2029842785e-08,,08,421,01
URBANO,084210100000000590001000000000,08421010000590001000,08421010000000059,0,2.637330517e-08,,08,421,01
URBANO,084210100000000590002000000000,08421010000590002000,08421010000000059,0,2.67678816084e-08,,08,421,01
URBANO,084210100000000590007000000000,08421010000590007000,08421010000000059,0,3.39463504899e-08,,08,421,01
URBANO,084210100000000590012000000000,08421010000590012000,08421010000000059,0,2.19837287161e-08,,08,421,01
URBANO,084210100000000590010000000000,08421010000590010000,08421010000000059,0,2.5840146535e-08,,08,421,01
URBANO,084210100000000590011000000000,08421010000590011000,08421010000000059,0,1.61496461476e-08,,08,421,01
URBANO,084210100000000590013000000000,08421010000590013000,08421010000000059,0,3.68700031138e-07,,08,421,01
URBANO,084210100000000590009000000000,08421010000590009000,08421010000000059,0,1.05685156821e-07,,08,421,01
URBANO,084210100000000320007000000000,08421010000320007000,08421010000000032,0,2.52213127919e-08,,08,421,01
URBANO,084210100000000320003000000000,08421010000320003000,08421010000000032,0,2.25257706282e-08,,08,421,01
URBANO,084210100000000320001000000000,08421010000320001000,08421010000000032,0,4.9741582808e-08,,08,421,01
URBANO,084210100000000320004000000000,08421010000320004000,08421010000000032,0,1.39859872388e-08,,08,421,01
URBANO,084210100000000320010000000000,08421010000320010000,08421010000000032,0,1.0482019467e-08,,08,421,01
URBANO,084210100000000320005000000000,08421010000320005000,08421010000000032,0,2.3394885208e-08,,08,421,01
URBANO,084210100000000320008000000000,08421010000320008000,08421010000000032,0,2.70084003202e-08,,08,421,01
URBANO,084210100000000320002000000000,08421010000320002000,08421010000000032,0,4.0678814058e-08,,08,421,01
URBANO,084210100000000320006000000000,08421010000320006000,08421010000000032,0,2.80444215944e-08,,08,421,01
URBANO,084210100000000320009000000000,08421010000320009000,08421010000000032,0,1.7713670651e-08,,08,421,01
URBANO,084210100000001460001000000000,08421010001460001000,08421010000000146,0,1.66954189549e-08,,08,421,01
URBANO,084210100000001460002000000000,08421010001460002000,08421010000000146,0,1.6190793298e-08,,08,421,01
URBANO,084210100000001460004000000000,08421010001460004000,08421010000000146,0,1.63998993528e-08,,08,421,01
URBANO,084210100000001460007000000000,08421010001460007000,08421010000000146,0,1.6531848918e-08,,08,421,01
URBANO,084210100000001460005000000000,08421010001460005000,08421010000000146,0,1.64685527533e-08,,08,421,01
URBANO,084210100000001460006000000000,08421010001460006000,08421010000000146,0,1.63171672826e-08,,08,421,01
URBANO,084210100000001460010000000000,08421010001460010000,08421010000000146,0,1.62811186199e-08,,08,421,01
URBANO,084210100000001460008000000000,08421010001460008000,08421010000000146,0,1.61530330869e-08,,08,421,01
URBANO,084210100000001460009000000000,08421010001460009000,08421010000000146,0,1.65485981663e-08,,08,421,01
URBANO,084210100000001460003000000000,08421010001460003000,08421010000000146,0,1.65185421785e-08,,08,421,01
URBANO,084210100000000200009000000000,08421010000200009000,08421010000000020,0,3.26789285906e-08,,08,421,01
URBANO,084210100000000200007000000000,08421010000200007000,08421010000000020,0,5.23724266222e-08,,08,421,01
URBANO,084210100000000200002000000000,08421010000200002000,08421010000000020,0,2.444867437e-08,,08,421,01
URBANO,084210100000000200008000000000,08421010000200008000,08421010000000020,0,1.14732470775e-08,,08,421,01
URBANO,084210100000000200004000000000,08421010000200004000,08421010000000020,0,2.46969947792e-08,,08,421,01
URBANO,084210100000000200001000000000,08421010000200001000,08421010000000020,0,3.27426207421e-08,,08,421,01
URBANO,084210100000000200006000000000,08421010000200006000,08421010000000020,0,2.7072976133e-08,,08,421,01
URBANO,084210100000000200005000000000,08421010000200005000,08421010000000020,0,3.58192554648e-08,,08,421,01
URBANO,084210100000000200010000000000,08421010000200010000,08421010000000020,0,6.23355574646e-09,,08,421,01
URBANO,084210100000000200003000000000,08421010000200003000,08421010000000020,0,2.38715173165e-08,,08,421,01
URBANO,084210100000000200011000000000,08421010000200011000,08421010000000020,0,9.16608776037e-09,,08,421,01
URBANO,084210100000000180001000000000,08421010000180001000,08421010000000018,0,5.87881982572e-08,,08,421,01
URBANO,084210100000001260001000000000,08421010001260001000,08421010000000126,0,5.19208730452e-08,,08,421,01
URBANO,084210100000000310002000000000,08421010000310002000,08421010000000031,0,2.89355128625e-08,,08,421,01
URBANO,084210100000000310008000000000,08421010000310008000,08421010000000031,0,2.15182256104e-08,,08,421,01
URBANO,084210100000000310010000000000,08421010000310010000,08421010000000031,0,1.25725241785e-08,,08,421,01
URBANO,084210100000000310001000000000,08421010000310001000,08421010000000031,0,2.24269621434e-08,,08,421,01
URBANO,084210100000000310009000000000,08421010000310009000,08421010000000031,0,1.80203467794e-08,,08,421,01
URBANO,084210100000000310004000000000,08421010000310004000,08421010000000031,0,2.64536449234e-08,,08,421,01
URBANO,084210100000000310003000000000,08421010000310003000,08421010000000031,0,2.07020707805e-08,,08,421,01
URBANO,084210100000000310005000000000,08421010000310005000,08421010000000031,0,3.22437876767e-08,,08,421,01
URBANO,084210100000000310007000000000,08421010000310007000,08421010000000031,0,2.1561883615e-08,,08,421,01
URBANO,084210100000000310006000000000,08421010000310006000,08421010000000031,0,1.44279426996e-08,,08,421,01
URBANO,084210100000001440005000000000,08421010001440005000,08421010000000144,0,6.95397823718e-09,,08,421,01
URBANO,084210100000001440002000000000,08421010001440002000,08421010000000144,0,6.66502098241e-09,,08,421,01
URBANO,084210100000001440007000000000,08421010001440007000,08421010000000144,0,6.79256204737e-09,,08,421,01
URBANO,084210100000001440006000000000,08421010001440006000,08421010000000144,0,6.87150551013e-09,,08,421,01
URBANO,084210100000001440003000000000,08421010001440003000,08421010000000144,0,6.91628841759e-09,,08,421,01
URBANO,084210100000001440001000000000,08421010001440001000,08421010000000144,0,6.92043767531e-09,,08,421,01
URBANO,084210100000001440004000000000,08421010001440004000,08421010000000144,0,6.93790005883e-09,,08,421,01
URBANO,084210100000001450005000000000,08421010001450005000,08421010000000145,0,6.95311561059e-09,,08,421,01
URBANO,084210100000001450002000000000,08421010001450002000,08421010000000145,0,6.66524198969e-09,,08,421,01
URBANO,084210100000001450007000000000,08421010001450007000,08421010000000145,0,6.7924143656e-09,,08,421,01
URBANO,084210100000001450006000000000,08421010001450006000,08421010000000145,0,6.87133164239e-09,,08,421,01
URBANO,084210100000001450003000000000,08421010001450003000,08421010000000145,0,6.91567593117e-09,,08,421,01
URBANO,084210100000001450001000000000,08421010001450001000,08421010000000145,0,6.92006350791e-09,,08,421,01
URBANO,084210100000001290001000000000,08421010001290001000,08421010000000129,0,1.2531148309e-08,,08,421,01
URBANO,084210100000000300001000000000,08421010000300001000,08421010000000030,0,2.66698874678e-08,,08,421,01
URBANO,084210100000001450004000000000,08421010001450004000,08421010000000145,0,6.93783034062e-09,,08,421,01
URBANO,084210100000001070002000000000,08421010001070002000,08421010000000107,0,2.02331633869e-08,,08,421,01
URBANO,084210100000001070001000000000,08421010001070001000,08421010000000107,0,1.17032329174e-08,,08,421,01
URBANO,084210100000001070006000000000,08421010001070006000,08421010000000107,0,1.15685095732e-08,,08,421,01
URBANO,084210100000001070005000000000,08421010001070005000,08421010000000107,0,1.19555005943e-08,,08,421,01
URBANO,084210100000001070003000000000,08421010001070003000,08421010000000107,0,1.22746375741e-08,,08,421,01
URBANO,084210100000001070004000000000,08421010001070004000,08421010000000107,0,1.34958857887e-08,,08,421,01
URBANO,084210100000001120001000000000,08421010001120001000,08421010000000112,0,2.34973103582e-08,,08,421,01
URBANO,084210100000001170001000000000,08421010001170001000,08421010000000117,0,2.65865039695e-08,,08,421,01
URBANO,084210100000000530008000000000,08421010000530008000,08421010000000053,0,1.60497024785e-08,,08,421,01
URBANO,084210100000000530001000000000,08421010000530001000,08421010000000053,0,2.48223895022e-08,,08,421,01
URBANO,084210100000000760012000000000,08421010000760012000,08421010000000076,0,3.1009902476e-08,,08,421,01
URBANO,084210100000000760008000000000,08421010000760008000,08421010000000076,0,7.85461954984e-08,,08,421,01
URBANO,084210100000000760001000000000,08421010000760001000,08421010000000076,0,2.44173800436e-08,,08,421,01
URBANO,084210100000000760018000000000,08421010000760018000,08421010000000076,0,1.30867291334e-07,,08,421,01
URBANO,084210100000000760016000000000,08421010000760016000,08421010000000076,0,2.53133371691e-08,,08,421,01
URBANO,084210100000000760020000000000,08421010000760020000,08421010000000076,0,1.30785486946e-08,,08,421,01
URBANO,084210100000000760017000000000,08421010000760017000,08421010000000076,0,2.48533239134e-08,,08,421,01
URBANO,084210100000000760015000000000,08421010000760015000,08421010000000076,0,9.10239653522e-08,,08,421,01
URBANO,084210100000000760023000000000,08421010000760023000,08421010000000076,0,1.41265463585e-08,,08,421,01
URBANO,084210100000000760014000000000,08421010000760014000,08421010000000076,0,4.73660887447e-08,,08,421,01
URBANO,084210100000000760013000000000,08421010000760013000,08421010000000076,0,2.26023376604e-08,,08,421,01
URBANO,084210100000000760007000000000,08421010000760007000,08421010000000076,0,2.73531834833e-08,,08,421,01
URBANO,084210100000001550007000000000,08421010001550007000,08421010000000155,0,9.4163290284e-09,,08,421,01
URBANO,084210100000001550001000000000,08421010001550001000,08421010000000155,0,8.85159660357e-09,,08,421,01
URBANO,084210100000001550002000000000,08421010001550002000,08421010000000155,0,8.23641195228e-09,,08,421,01
URBANO,084210100000001550003000000000,08421010001550003000,08421010000000155,0,1.31873726551e-08,,08,421,01
URBANO,084210100000001570005000000000,08421010001570005000,08421010000000157,0,2.45619166508e-08,,08,421,01
URBANO,084210100000001570002000000000,08421010001570002000,08421010000000157,0,1.15211800636e-08,,08,421,01
URBANO,084210100000001570003000000000,08421010001570003000,08421010000000157,0,8.68110458336e-09,,08,421,01
URBANO,084210100000001570004000000000,08421010001570004000,08421010000000157,0,8.74251110246e-09,,08,421,01
URBANO,084210100000001570001000000000,08421010001570001000,08421010000000157,0,1.01428600212e-08,,08,421,01
URBANO,084210100000001580004000000000,08421010001580004000,08421010000000158,0,6.04370547147e-08,,08,421,01
URBANO,084210100000001580005000000000,08421010001580005000,08421010000000158,0,9.59825231201e-09,,08,421,01
URBANO,084210100000001580007000000000,08421010001580007000,08421010000000158,0,2.62466067499e-08,,08,421,01
URBANO,084210100000001580003000000000,08421010001580003000,08421010000000158,0,8.76871193158e-09,,08,421,01
URBANO,084210100000001580002000000000,08421010001580002000,08421010000000158,0,9.23041297687e-09,,08,421,01
URBANO,084210100000001580001000000000,08421010001580001000,08421010000000158,0,9.90984865852e-09,,08,421,01
URBANO,084210100000001580006000000000,08421010001580006000,08421010000000158,0,9.24199311779e-09,,08,421,01
URBANO,084210100000001590001000000000,08421010001590001000,08421010000000159,0,1.51581415827e-08,,08,421,01
URBANO,084210100000001590002000000000,08421010001590002000,08421010000000159,0,9.83007955433e-09,,08,421,01
URBANO,084210100000001490001000000000,08421010001490001000,08421010000000149,0,8.02698204445e-08,,08,421,01
URBANO,084210100000001490003000000000,08421010001490003000,08421010000000149,0,8.93808665219e-09,,08,421,01
URBANO,084210100000001490005000000000,08421010001490005000,08421010000000149,0,1.07853656474e-08,,08,421,01
URBANO,084210100000001490002000000000,08421010001490002000,08421010000000149,0,8.7127906466e-09,,08,421,01
URBANO,084210100000001490004000000000,08421010001490004000,08421010000000149,0,9.68383617399e-09,,08,421,01
URBANO,084210100000000760011000000000,08421010000760011000,08421010000000076,0,7.6961136788e-08,,08,421,01
URBANO,084210100000000760005000000000,08421010000760005000,08421010000000076,0,3.04135825955e-08,,08,421,01
URBANO,084210100000000760006000000000,08421010000760006000,08421010000000076,0,2.76087254734e-08,,08,421,01
URBANO,084210100000000760010000000000,08421010000760010000,08421010000000076,0,4.73289129272e-08,,08,421,01
URBANO,084210100000000760004000000000,08421010000760004000,08421010000000076,0,4.39574995602e-08,,08,421,01
URBANO,084210100000000760003000000000,08421010000760003000,08421010000000076,0,2.0951439327e-08,,08,421,01
URBANO,084210100000000760002000000000,08421010000760002000,08421010000000076,0,2.37511039577e-08,,08,421,01
URBANO,084210100000000760022000000000,08421010000760022000,08421010000000076,0,5.5569919931e-09,,08,421,01
URBANO,084210100000000760021000000000,08421010000760021000,08421010000000076,0,9.82351642184e-09,,08,421,01
URBANO,084210100000000760009000000000,08421010000760009000,08421010000000076,0,5.79098512256e-08,,08,421,01
URBANO,084210100000000760019000000000,08421010000760019000,08421010000000076,0,1.09612400073e-08,,08,421,01
URBANO,084210100000000510017000000000,08421010000510017000,08421010000000051,0,2.90432721398e-08,,08,421,01
URBANO,084210100000000510007000000000,08421010000510007000,08421010000000051,0,4.54158743827e-08,,08,421,01
URBANO,084210100000000510014000000000,08421010000510014000,08421010000000051,0,1.38614379762e-07,,08,421,01
URBANO,084210100000000510021000000000,08421010000510021000,08421010000000051,0,3.84006749091e-08,,08,421,01
URBANO,084210100000000510001000000000,08421010000510001000,08421010000000051,0,4.03608505323e-08,,08,421,01
URBANO,084210100000000510023000000000,08421010000510023000,08421010000000051,0,2.82026686097e-08,,08,421,01
URBANO,084210100000000510022000000000,08421010000510022000,08421010000000051,0,2.76174753166e-08,,08,421,01
URBANO,084210100000000510003000000000,08421010000510003000,08421010000000051,0,4.96504832697e-08,,08,421,01
URBANO,084210100000000510029000000000,08421010000510029000,08421010000000051,0,1.42952658167e-08,,08,421,01
URBANO,084210100000000510006000000000,08421010000510006000,08421010000000051,0,3.6632755438e-08,,08,421,01
URBANO,084210100000000510005000000000,08421010000510005000,08421010000000051,0,1.60530594315e-08,,08,421,01
URBANO,084210100000000510030000000000,08421010000510030000,08421010000000051,0,1.67043406868e-08,,08,421,01
URBANO,084210100000000510019000000000,08421010000510019000,08421010000000051,0,2.53031023883e-08,,08,421,01
URBANO,084210100000000510024000000000,08421010000510024000,08421010000000051,0,1.91223581754e-08,,08,421,01
URBANO,084210100000000510028000000000,08421010000510028000,08421010000000051,0,8.13811460546e-09,,08,421,01
URBANO,084210100000000510027000000000,08421010000510027000,08421010000000051,0,8.88192728237e-09,,08,421,01
URBANO,084210100000000510002000000000,08421010000510002000,08421010000000051,0,9.54830083027e-09,,08,421,01
URBANO,084210100000000510020000000000,08421010000510020000,08421010000000051,0,2.43413792506e-08,,08,421,01
URBANO,084210100000000510018000000000,08421010000510018000,08421010000000051,0,2.60231640378e-08,,08,421,01
URBANO,084210100000000510026000000000,08421010000510026000,08421010000000051,0,2.07869470317e-08,,08,421,01
URBANO,084210100000000510016000000000,08421010000510016000,08421010000000051,0,2.67105431317e-08,,08,421,01
URBANO,084210100000000510015000000000,08421010000510015000,08421010000000051,0,2.76563287225e-08,,08,421,01
URBANO,084210100000000510012000000000,08421010000510012000,08421010000000051,0,2.62078921622e-08,,08,421,01
URBANO,084210100000000510010000000000,08421010000510010000,08421010000000051,0,3.30016266594e-08,,08,421,01
URBANO,084210100000000510011000000000,08421010000510011000,08421010000000051,0,2.62812242738e-08,,08,421,01
URBANO,084210100000000510031000000000,08421010000510031000,08421010000000051,0,1.6356934202e-08,,08,421,01
URBANO,084210100000000510013000000000,08421010000510013000,08421010000000051,0,2.57317297354e-08,,08,421,01
URBANO,084210100000000510025000000000,08421010000510025000,08421010000000051,0,2.3766714425e-08,,08,421,01
URBANO,084210100000000510008000000000,08421010000510008000,08421010000000051,0,2.99040651076e-08,,08,421,01
URBANO,084210100000000670015000000000,08421010000670015000,08421010000000067,0,1.76367002257e-08,,08,421,01
URBANO,084210100000000670002000000000,08421010000670002000,08421010000000067,0,2.31771520524e-08,,08,421,01
URBANO,084210100000000670001000000000,08421010000670001000,08421010000000067,0,5.57733180168e-08,,08,421,01
URBANO,084210100000000670014000000000,08421010000670014000,08421010000000067,0,5.35558702528e-09,,08,421,01
URBANO,084210100000000670005000000000,08421010000670005000,08421010000000067,0,1.04277298822e-08,,08,421,01
URBANO,084210100000000670011000000000,08421010000670011000,08421010000000067,0,1.21999060479e-08,,08,421,01
URBANO,084210100000000670012000000000,08421010000670012000,08421010000000067,0,1.27487784477e-08,,08,421,01
URBANO,084210100000000670008000000000,08421010000670008000,08421010000000067,0,1.63218274804e-08,,08,421,01
URBANO,084210100000000670007000000000,08421010000670007000,08421010000000067,0,1.73086419686e-08,,08,421,01
URBANO,084210100000000670004000000000,08421010000670004000,08421010000000067,0,1.78018492548e-08,,08,421,01
URBANO,084210100000000670006000000000,08421010000670006000,08421010000000067,0,1.79416415063e-08,,08,421,01
URBANO,084210100000000670009000000000,08421010000670009000,08421010000000067,0,1.90364793842e-08,,08,421,01
URBANO,084210100000000670013000000000,08421010000670013000,08421010000000067,0,1.92982716955e-08,,08,421,01
URBANO,084210100000000670010000000000,08421010000670010000,08421010000000067,0,2.06803821971e-08,,08,421,01
URBANO,084210100000000810010000000000,08421010000810010000,08421010000000081,0,2.14704940641e-07,,08,421,01
URBANO,084210100000000810007000000000,08421010000810007000,08421010000000081,0,3.25039861371e-08,,08,421,01
URBANO,084210100000000810008000000000,08421010000810008000,08421010000000081,0,1.10610351673e-08,,08,421,01
URBANO,084210100000000810003000000000,08421010000810003000,08421010000000081,0,1.63446541869e-08,,08,421,01
URBANO,084210100000000810001000000000,08421010000810001000,08421010000000081,0,1.74583394948e-08,,08,421,01
URBANO,084210100000000810002000000000,08421010000810002000,08421010000000081,0,7.99911008733e-08,,08,421,01
URBANO,084210100000000810009000000000,08421010000810009000,08421010000000081,0,1.52443132304e-08,,08,421,01
URBANO,084210100000000810006000000000,08421010000810006000,08421010000000081,0,2.40590109462e-08,,08,421,01
URBANO,084210100000000810005000000000,08421010000810005000,08421010000000081,0,1.75083419117e-08,,08,421,01
URBANO,084210100000000810004000000000,08421010000810004000,08421010000000081,0,1.92118962732e-08,,08,421,01
URBANO,084210100000000410005000000000,08421010000410005000,08421010000000041,0,1.97095429497e-08,,08,421,01
URBANO,084210100000000410010000000000,08421010000410010000,08421010000000041,0,2.81200705172e-08,,08,421,01
URBANO,084210100000000410008000000000,08421010000410008000,08421010000000041,0,1.63822503925e-08,,08,421,01
URBANO,084210100000000410009000000000,08421010000410009000,08421010000000041,0,4.64177039105e-08,,08,421,01
URBANO,084210100000001420014000000000,08421010001420014000,08421010000000142,0,7.07441637681e-09,,08,421,01
URBANO,084210100000001420015000000000,08421010001420015000,08421010000000142,0,6.6705935946e-09,,08,421,01
URBANO,084210100000001420006000000000,08421010001420006000,08421010000000142,0,6.68363267319e-09,,08,421,01
URBANO,084210100000001420017000000000,08421010001420017000,08421010000000142,0,6.79938972956e-09,,08,421,01
URBANO,084210100000001420004000000000,08421010001420004000,08421010000000142,0,6.82240352487e-09,,08,421,01
URBANO,084210100000001420009000000000,08421010001420009000,08421010000000142,0,6.82871481808e-09,,08,421,01
URBANO,084210100000001420012000000000,08421010001420012000,08421010000000142,0,6.8317631186e-09,,08,421,01
URBANO,084210100000001420018000000000,08421010001420018000,08421010000000142,0,6.86261239947e-09,,08,421,01
URBANO,084210100000001420003000000000,08421010001420003000,08421010000000142,0,6.89382666635e-09,,08,421,01
URBANO,084210100000001420016000000000,08421010001420016000,08421010000000142,0,6.89680685872e-09,,08,421,01
URBANO,084210100000001420013000000000,08421010001420013000,08421010000000142,0,6.90658517666e-09,,08,421,01
URBANO,084210100000001420008000000000,08421010001420008000,08421010000000142,0,6.90670171937e-09,,08,421,01
URBANO,084210100000001420005000000000,08421010001420005000,08421010000000142,0,6.91412565477e-09,,08,421,01
URBANO,084210100000001420001000000000,08421010001420001000,08421010000000142,0,6.9313978676e-09,,08,421,01
URBANO,084210100000001420002000000000,08421010001420002000,08421010000000142,0,6.9900411872e-09,,08,421,01
URBANO,084210100000001420011000000000,08421010001420011000,08421010000000142,0,7.00796979453e-09,,08,421,01
URBANO,084210100000001420007000000000,08421010001420007000,08421010000000142,0,7.01313259815e-09,,08,421,01
URBANO,084210100000001420010000000000,08421010001420010000,08421010000000142,0,7.0412836984e-09,,08,421,01
URBANO,084210100000000710014000000000,08421010000710014000,08421010000000071,0,9.04947684906e-08,,08,421,01
URBANO,084210100000000710008000000000,08421010000710008000,08421010000000071,0,4.56119594001e-08,,08,421,01
URBANO,084210100000000710010000000000,08421010000710010000,08421010000000071,0,2.90219879563e-08,,08,421,01
URBANO,084210100000000710009000000000,08421010000710009000,08421010000000071,0,3.61590560207e-08,,08,421,01
URBANO,084210100000000710013000000000,08421010000710013000,08421010000000071,0,3.6965248051e-08,,08,421,01
URBANO,084210100000000710012000000000,08421010000710012000,08421010000000071,0,3.85754618372e-08,,08,421,01
URBANO,084210100000000710011000000000,08421010000710011000,08421010000000071,0,4.51875247504e-08,,08,421,01
URBANO,084210100000000710016000000000,08421010000710016000,08421010000000071,0,2.93799657801e-08,,08,421,01
URBANO,084210100000000710015000000000,08421010000710015000,08421010000000071,0,2.39724197398e-08,,08,421,01
URBANO,084210100000000710006000000000,08421010000710006000,08421010000000071,0,1.8845918032e-08,,08,421,01
URBANO,084210100000000710003000000000,08421010000710003000,08421010000000071,0,2.32673182738e-08,,08,421,01
URBANO,084210100000000710004000000000,08421010000710004000,08421010000000071,0,2.44832332898e-08,,08,421,01
URBANO,084210100000000710005000000000,08421010000710005000,08421010000000071,0,3.11093127919e-08,,08,421,01
URBANO,084210100000000710002000000000,08421010000710002000,08421010000000071,0,3.47149052461e-08,,08,421,01
URBANO,084210100000000710007000000000,08421010000710007000,08421010000000071,0,4.40603221555e-08,,08,421,01
URBANO,084210100000000710001000000000,08421010000710001000,08421010000000071,0,4.48787175517e-08,,08,421,01
URBANO,084210100000000710017000000000,08421010000710017000,08421010000000071,0,1.42767242403e-08,,08,421,01
URBANO,084210100000000160006000000000,08421010000160006000,08421010000000016,0,3.16681317598e-08,,08,421,01
URBANO,084210100000000160002000000000,08421010000160002000,08421010000000016,0,1.87880711959e-08,,08,421,01
URBANO,084210100000000160003000000000,08421010000160003000,08421010000000016,0,2.53024724261e-08,,08,421,01
URBANO,084210100000000160005000000000,08421010000160005000,08421010000000016,0,3.17384811799e-08,,08,421,01
URBANO,084210100000000160004000000000,08421010000160004000,08421010000000016,0,4.2487146566e-08,,08,421,01
URBANO,084210100000000160017000000000,08421010000160017000,08421010000000016,0,2.20768164763e-08,,08,421,01
URBANO,084210100000000160009000000000,08421010000160009000,08421010000000016,0,5.42818993604e-08,,08,421,01
URBANO,084210100000000160011000000000,08421010000160011000,08421010000000016,0,4.10321865915e-08,,08,421,01
URBANO,084210100000000160008000000000,08421010000160008000,08421010000000016,0,8.9033166691e-08,,08,421,01
URBANO,084210100000000160007000000000,08421010000160007000,08421010000000016,0,2.0108361326e-08,,08,421,01
URBANO,084210100000000160013000000000,08421010000160013000,08421010000000016,0,2.29594623065e-08,,08,421,01
URBANO,084210100000000160012000000000,08421010000160012000,08421010000000016,0,2.88797169176e-08,,08,421,01
URBANO,084210100000000160014000000000,08421010000160014000,08421010000000016,0,2.90066676242e-08,,08,421,01
URBANO,084210100000000160010000000000,08421010000160010000,08421010000000016,0,3.69055913252e-08,,08,421,01
URBANO,084210100000000160015000000000,08421010000160015000,08421010000000016,0,1.94369639007e-08,,08,421,01
URBANO,084210100000000170005000000000,08421010000170005000,08421010000000017,0,6.37967571996e-08,,08,421,01
URBANO,084210100000000170006000000000,08421010000170006000,08421010000000017,0,4.60831014284e-08,,08,421,01
URBANO,084210100000000170002000000000,08421010000170002000,08421010000000017,0,6.08638946239e-08,,08,421,01
URBANO,084210100000000680006000000000,08421010000680006000,08421010000000068,0,3.41651283761e-08,,08,421,01
URBANO,084210100000000680001000000000,08421010000680001000,08421010000000068,0,3.82919537876e-08,,08,421,01
URBANO,084210100000000730002000000000,08421010000730002000,08421010000000073,0,6.03892136977e-08,,08,421,01
URBANO,084210100000000730004000000000,08421010000730004000,08421010000000073,0,4.92880754585e-08,,08,421,01
URBANO,084210100000000730003000000000,08421010000730003000,08421010000000073,0,5.8647137642e-08,,08,421,01
URBANO,084210100000000730005000000000,08421010000730005000,08421010000000073,0,2.49308396328e-08,,08,421,01
URBANO,084210100000000730001000000000,08421010000730001000,08421010000000073,0,3.39714125268e-08,,08,421,01
URBANO,084210100000001560010000000000,08421010001560010000,08421010000000156,0,9.36178493582e-09,,08,421,01
URBANO,084210100000001560003000000000,08421010001560003000,08421010000000156,0,1.54241461937e-08,,08,421,01
URBANO,084210100000001560006000000000,08421010001560006000,08421010000000156,0,1.07306776081e-08,,08,421,01
URBANO,084210100000001560004000000000,08421010001560004000,08421010000000156,0,8.99800225866e-09,,08,421,01
URBANO,084210100000001560007000000000,08421010001560007000,08421010000000156,0,8.81266224921e-09,,08,421,01
URBANO,084210100000001560005000000000,08421010001560005000,08421010000000156,0,8.50647178871e-09,,08,421,01
URBANO,084210100000001560008000000000,08421010001560008000,08421010000000156,0,8.79467841691e-09,,08,421,01
URBANO,084210100000001560009000000000,08421010001560009000,08421010000000156,0,9.38648674332e-09,,08,421,01
URBANO,084210100000001560011000000000,08421010001560011000,08421010000000156,0,8.56059162505e-09,,08,421,01
URBANO,084210100000001560002000000000,08421010001560002000,08421010000000156,0,8.21604122451e-09,,08,421,01
URBANO,084210100000001560001000000000,08421010001560001000,08421010000000156,0,8.43691971711e-09,,08,421,01
URBANO,084210100000001540005000000000,08421010001540005000,08421010000000154,0,8.38028080526e-08,,08,421,01
URBANO,084210100000001540006000000000,08421010001540006000,08421010000000154,0,1.83194361798e-08,,08,421,01
URBANO,084210100000001540002000000000,08421010001540002000,08421010000000154,0,1.19933491803e-08,,08,421,01
URBANO,084210100000001540003000000000,08421010001540003000,08421010000000154,0,1.75395889546e-08,,08,421,01
URBANO,084210100000001540007000000000,08421010001540007000,08421010000000154,0,9.08274366194e-09,,08,421,01
URBANO,084210100000001540001000000000,08421010001540001000,08421010000000154,0,3.48513215678e-08,,08,421,01
URBANO,084210100000001540004000000000,08421010001540004000,08421010000000154,0,8.90779156682e-09,,08,421,01
URBANO,084210100000001140001000000000,08421010001140001000,08421010000000114,0,2.62253736954e-08,,08,421,01
URBANO,084210100000001140002000000000,08421010001140002000,08421010000000114,0,9.7289249727e-09,,08,421,01
URBANO,084210100000001650016000000000,08421010001650016000,08421010000000165,0,1.60313984606e-08,,08,421,01
URBANO,084210100000001650013000000000,08421010001650013000,08421010000000165,0,2.13945731e-08,,08,421,01
URBANO,084210100000001650010000000000,08421010001650010000,08421010000000165,0,1.1964424844e-08,,08,421,01
URBANO,084210100000001650011000000000,08421010001650011000,08421010000000165,0,1.5254655607e-08,,08,421,01
URBANO,084210100000001650009000000000,08421010001650009000,08421010000000165,0,4.78831524958e-09,,08,421,01
URBANO,084210100000001650026000000000,08421010001650026000,08421010000000165,0,1.48702613907e-08,,08,421,01
URBANO,084210100000001650025000000000,08421010001650025000,08421010000000165,0,1.60988886465e-08,,08,421,01
URBANO,084210100000001650007000000000,08421010001650007000,08421010000000165,0,6.91133921791e-09,,08,421,01
URBANO,084210100000001080006000000000,08421010001080006000,08421010000000108,0,8.95951763325e-09,,08,421,01
URBANO,084210100000001080007000000000,08421010001080007000,08421010000000108,0,9.8145856121e-09,,08,421,01
URBANO,084210100000001080005000000000,08421010001080005000,08421010000000108,0,1.38564120474e-08,,08,421,01
URBANO,084210100000000120002000000000,08421010000120002000,08421010000000012,0,5.67254857672e-08,,08,421,01
URBANO,084210100000000120004000000000,08421010000120004000,08421010000000012,0,3.25598994234e-08,,08,421,01
URBANO,084210100000000120001000000000,08421010000120001000,08421010000000012,0,7.51823047012e-08,,08,421,01
URBANO,084210100000000120005000000000,08421010000120005000,08421010000000012,0,2.77477210078e-08,,08,421,01
URBANO,084210100000000120003000000000,08421010000120003000,08421010000000012,0,2.93266932685e-08,,08,421,01
URBANO,084210100000000130005000000000,08421010000130005000,08421010000000013,0,6.1883791241e-08,,08,421,01
URBANO,084210100000000130004000000000,08421010000130004000,08421010000000013,0,3.41252089998e-08,,08,421,01
URBANO,084210100000000130002000000000,08421010000130002000,08421010000000013,0,3.28495429117e-08,,08,421,01
URBANO,084210100000000130001000000000,08421010000130001000,08421010000000013,0,2.04579740654e-08,,08,421,01
URBANO,084210100000001500014000000000,08421010001500014000,08421010000000150,0,9.06998992197e-09,,08,421,01
URBANO,084210100000001500007000000000,08421010001500007000,08421010000000150,0,8.94051619478e-09,,08,421,01
URBANO,084210100000001500019000000000,08421010001500019000,08421010000000150,0,7.32961272985e-09,,08,421,01
URBANO,084210100000001500013000000000,08421010001500013000,08421010000000150,0,8.46457410757e-09,,08,421,01
URBANO,084210100000001500010000000000,08421010001500010000,08421010000000150,0,8.50092754269e-09,,08,421,01
URBANO,084210100000001500018000000000,08421010001500018000,08421010000000150,0,8.5518684742e-09,,08,421,01
URBANO,084210100000001500011000000000,08421010001500011000,08421010000000150,0,8.61867560592e-09,,08,421,01
URBANO,084210100000001500015000000000,08421010001500015000,08421010000000150,0,8.65407771837e-09,,08,421,01
URBANO,084210100000001500017000000000,08421010001500017000,08421010000000150,0,8.65876867852e-09,,08,421,01
URBANO,084210100000001500012000000000,08421010001500012000,08421010000000150,0,8.74838233478e-09,,08,421,01
URBANO,084210100000001500016000000000,08421010001500016000,08421010000000150,0,8.79051574323e-09,,08,421,01
URBANO,084210100000001500001000000000,08421010001500001000,08421010000000150,0,6.92583866516e-09,,08,421,01
URBANO,084210100000001500006000000000,08421010001500006000,08421010000000150,0,8.3220719169e-09,,08,421,01
URBANO,084210100000001500004000000000,08421010001500004000,08421010000000150,0,8.44079602362e-09,,08,421,01
URBANO,084210100000001500008000000000,08421010001500008000,08421010000000150,0,8.5596671836e-09,,08,421,01
URBANO,084210100000001500005000000000,08421010001500005000,08421010000000150,0,8.57553302656e-09,,08,421,01
URBANO,084210100000001500002000000000,08421010001500002000,08421010000000150,0,8.60442732555e-09,,08,421,01
URBANO,084210100000001500003000000000,08421010001500003000,08421010000000150,0,8.68064087201e-09,,08,421,01
URBANO,084210100000001500009000000000,08421010001500009000,08421010000000150,0,8.68609232742e-09,,08,421,01
URBANO,084210100000001480001000000000,08421010001480001000,08421010000000148,0,1.63086600955e-08,,08,421,01
URBANO,084210100000001480004000000000,08421010001480004000,08421010000000148,0,4.79884250294e-09,,08,421,01
URBANO,084210100000001480002000000000,08421010001480002000,08421010000000148,0,1.62178085678e-08,,08,421,01
URBANO,084210100000001480003000000000,08421010001480003000,08421010000000148,0,1.62263572438e-08,,08,421,01
URBANO,084210100000001220012000000000,08421010001220012000,08421010000000122,0,9.68072752557e-09,,08,421,01
URBANO,084210100000001220001000000000,08421010001220001000,08421010000000122,0,8.15238813954e-09,,08,421,01
URBANO,084210100000001220013000000000,08421010001220013000,08421010000000122,0,1.18367552167e-08,,08,421,01
URBANO,084210100000001220004000000000,08421010001220004000,08421010000000122,0,1.04055449266e-08,,08,421,01
URBANO,084210100000001220009000000000,08421010001220009000,08421010000000122,0,9.2204128883e-09,,08,421,01
URBANO,084210100000001220008000000000,08421010001220008000,08421010000000122,0,9.17446219954e-09,,08,421,01
URBANO,084210100000001220010000000000,08421010001220010000,08421010000000122,0,9.39830552914e-09,,08,421,01
URBANO,084210100000001220011000000000,08421010001220011000,08421010000000122,0,9.61342974461e-09,,08,421,01
URBANO,084210100000001220005000000000,08421010001220005000,08421010000000122,0,5.45886393472e-09,,08,421,01
URBANO,084210100000001220007000000000,08421010001220007000,08421010000000122,0,1.01620821616e-08,,08,421,01
URBANO,084210100000000670003000000000,08421010000670003000,08421010000000067,0,2.61508267212e-08,,08,421,01
URBANO,084210100000000680009000000000,08421010000680009000,08421010000000068,0,1.89316681961e-08,,08,421,01
URBANO,084210100000000680003000000000,08421010000680003000,08421010000000068,0,2.15552817905e-08,,08,421,01
URBANO,084210100000000680002000000000,08421010000680002000,08421010000000068,0,4.23832195395e-08,,08,421,01
URBANO,084210100000000680010000000000,08421010000680010000,08421010000000068,0,1.62851456627e-08,,08,421,01
URBANO,084210100000000680011000000000,08421010000680011000,08421010000000068,0,2.05194751686e-08,,08,421,01
URBANO,084210100000000680004000000000,08421010000680004000,08421010000000068,0,2.93533379587e-08,,08,421,01
URBANO,084210100000000680005000000000,08421010000680005000,08421010000000068,0,3.14112174927e-08,,08,421,01
URBANO,084210100000000680007000000000,08421010000680007000,08421010000000068,0,3.33152007868e-08,,08,421,01
URBANO,084210100000000720003000000000,08421010000720003000,08421010000000072,0,3.63718405907e-08,,08,421,01
URBANO,084210100000000720014000000000,08421010000720014000,08421010000000072,0,2.3710367103e-08,,08,421,01
URBANO,084210100000000720012000000000,08421010000720012000,08421010000000072,0,1.97708359185e-08,,08,421,01
URBANO,084210100000000720009000000000,08421010000720009000,08421010000000072,0,2.05848442914e-08,,08,421,01
URBANO,084210100000000720008000000000,08421010000720008000,08421010000000072,0,2.25110790262e-08,,08,421,01
URBANO,084210100000000720011000000000,08421010000720011000,08421010000000072,0,1.87905663063e-08,,08,421,01
URBANO,084210100000000720013000000000,08421010000720013000,08421010000000072,0,1.94318779847e-08,,08,421,01
URBANO,084210100000000720004000000000,08421010000720004000,08421010000000072,0,2.44584867696e-08,,08,421,01
URBANO,084210100000000720006000000000,08421010000720006000,08421010000000072,0,2.79207867742e-08,,08,421,01
URBANO,084210100000000720005000000000,08421010000720005000,08421010000000072,0,2.88288222469e-08,,08,421,01
URBANO,084210100000000720001000000000,08421010000720001000,08421010000000072,0,2.78262840018e-08,,08,421,01
URBANO,084210100000000720002000000000,08421010000720002000,08421010000000072,0,3.14774290708e-08,,08,421,01
URBANO,084210100000000720015000000000,08421010000720015000,08421010000000072,0,2.35308688683e-08,,08,421,01
URBANO,084210100000000720007000000000,08421010000720007000,08421010000000072,0,1.93117448561e-08,,08,421,01
URBANO,084210100000000720010000000000,08421010000720010000,08421010000000072,0,1.90483243144e-08,,08,421,01
URBANO,084210100000000700001000000000,08421010000700001000,08421010000000070,0,1.5240369589e-07,,08,421,01
URBANO,084210100000000700012000000000,08421010000700012000,08421010000000070,0,4.24150189068e-08,,08,421,01
URBANO,084210100000000700003000000000,08421010000700003000,08421010000000070,0,1.5770455079e-08,,08,421,01
URBANO,084210100000000700010000000000,08421010000700010000,08421010000000070,0,3.91703082974e-08,,08,421,01
URBANO,084210100000000700008000000000,08421010000700008000,08421010000000070,0,3.46458183593e-08,,08,421,01
URBANO,084210100000000700002000000000,08421010000700002000,08421010000000070,0,1.33485734973e-08,,08,421,01
URBANO,084210100000000700004000000000,08421010000700004000,08421010000000070,0,1.40422054557e-08,,08,421,01
URBANO,084210100000000700005000000000,08421010000700005000,08421010000000070,0,1.50584565847e-08,,08,421,01
URBANO,084210100000000700006000000000,08421010000700006000,08421010000000070,0,1.53773808989e-08,,08,421,01
URBANO,084210100000000700013000000000,08421010000700013000,08421010000000070,0,1.66395562651e-08,,08,421,01
URBANO,084210100000000700007000000000,08421010000700007000,08421010000000070,0,1.69065601468e-08,,08,421,01
URBANO,084210100000000700009000000000,08421010000700009000,08421010000000070,0,1.09808986851e-08,,08,421,01
URBANO,084210100000000700014000000000,08421010000700014000,08421010000000070,0,1.16744112787e-08,,08,421,01
URBANO,084210100000000700011000000000,08421010000700011000,08421010000000070,0,2.46933169899e-08,,08,421,01
URBANO,084210100000000170003000000000,08421010000170003000,08421010000000017,0,7.82792186156e-08,,08,421,01
URBANO,084210100000000170007000000000,08421010000170007000,08421010000000017,0,6.80530878617e-08,,08,421,01
URBANO,084210100000000170008000000000,08421010000170008000,08421010000000017,0,5.2889177628e-08,,08,421,01
URBANO,084210100000000170010000000000,08421010000170010000,08421010000000017,0,7.89953355982e-08,,08,421,01
URBANO,084210100000000170004000000000,08421010000170004000,08421010000000017,0,4.29116636459e-08,,08,421,01
URBANO,084210100000000240008000000000,08421010000240008000,08421010000000024,0,4.94147086588e-08,,08,421,01
URBANO,084210100000000240001000000000,08421010000240001000,08421010000000024,0,9.59136879708e-08,,08,421,01
URBANO,084210100000000240011000000000,08421010000240011000,08421010000000024,0,2.98500920208e-08,,08,421,01
URBANO,084210100000000240009000000000,08421010000240009000,08421010000000024,0,3.55550456301e-08,,08,421,01
URBANO,084210100000000240010000000000,08421010000240010000,08421010000000024,0,6.08065288853e-08,,08,421,01
URBANO,084210100000000240006000000000,08421010000240006000,08421010000000024,0,6.4852787829e-08,,08,421,01
URBANO,084210100000000240003000000000,08421010000240003000,08421010000000024,0,3.41194440811e-08,,08,421,01
URBANO,084210100000000240007000000000,08421010000240007000,08421010000000024,0,7.09204981479e-08,,08,421,01
URBANO,084210100000000240012000000000,08421010000240012000,08421010000000024,0,1.23376802615e-08,,08,421,01
URBANO,084210100000000240013000000000,08421010000240013000,08421010000000024,0,5.78538278354e-08,,08,421,01
URBANO,084210100000000240016000000000,08421010000240016000,08421010000000024,0,1.50975006717e-08,,08,421,01
URBANO,084210100000000240005000000000,08421010000240005000,08421010000000024,0,3.88601464919e-08,,08,421,01
URBANO,084210100000000240015000000000,08421010000240015000,08421010000000024,0,2.24837153298e-08,,08,421,01
URBANO,084210100000000240018000000000,08421010000240018000,08421010000000024,0,8.56779052357e-09,,08,421,01
URBANO,084210100000000240017000000000,08421010000240017000,08421010000000024,0,2.10909891572e-08,,08,421,01
URBANO,084210100000000240002000000000,08421010000240002000,08421010000000024,0,4.52638875649e-08,,08,421,01
URBANO,084210100000000240014000000000,08421010000240014000,08421010000000024,0,1.46916803356e-08,,08,421,01
URBANO,084210100000000790002000000000,08421010000790002000,08421010000000079,0,3.50308196515e-08,,08,421,01
URBANO,084210100000000790013000000000,08421010000790013000,08421010000000079,0,2.67966930748e-08,,08,421,01
URBANO,084210100000000790005000000000,08421010000790005000,08421010000000079,0,1.71301372255e-08,,08,421,01
URBANO,084210100000000790006000000000,08421010000790006000,08421010000000079,0,1.9603066178e-08,,08,421,01
URBANO,084210100000000790004000000000,08421010000790004000,08421010000000079,0,3.70240640107e-08,,08,421,01
URBANO,084210100000000790008000000000,08421010000790008000,08421010000000079,0,1.12045213974e-08,,08,421,01
URBANO,084210100000000790007000000000,08421010000790007000,08421010000000079,0,1.45084947138e-08,,08,421,01
URBANO,084210100000000790009000000000,08421010000790009000,08421010000000079,0,1.57679787244e-08,,08,421,01
URBANO,084210100000000790003000000000,08421010000790003000,08421010000000079,0,3.23721812006e-08,,08,421,01
URBANO,084210100000000790001000000000,08421010000790001000,08421010000000079,0,3.37099290172e-08,,08,421,01
URBANO,084210100000000790012000000000,08421010000790012000,08421010000000079,0,1.25819259979e-08,,08,421,01
URBANO,084210100000000790011000000000,08421010000790011000,08421010000000079,0,1.96848627405e-08,,08,421,01
URBANO,084210100000000790010000000000,08421010000790010000,08421010000000079,0,1.97260812643e-08,,08,421,01
URBANO,084210100000000270014000000000,08421010000270014000,08421010000000027,0,2.17696863589e-08,,08,421,01
URBANO,084210100000000270001000000000,08421010000270001000,08421010000000027,0,5.26073843036e-08,,08,421,01
URBANO,084210100000000270013000000000,08421010000270013000,08421010000000027,0,4.18629130723e-08,,08,421,01
URBANO,084210100000000270003000000000,08421010000270003000,08421010000000027,0,9.27929335798e-08,,08,421,01
URBANO,084210100000000270012000000000,08421010000270012000,08421010000000027,0,5.1370038718e-08,,08,421,01
URBANO,084210100000000270004000000000,08421010000270004000,08421010000000027,0,4.42246456572e-08,,08,421,01
URBANO,084210100000000270011000000000,08421010000270011000,08421010000000027,0,1.78029786848e-08,,08,421,01
URBANO,084210100000000270005000000000,08421010000270005000,08421010000000027,0,3.10348818504e-08,,08,421,01
URBANO,084210100000000270009000000000,08421010000270009000,08421010000000027,0,3.20110212322e-08,,08,421,01
URBANO,084210100000000270007000000000,08421010000270007000,08421010000000027,0,1.90539398823e-08,,08,421,01
URBANO,084210100000000270006000000000,08421010000270006000,08421010000000027,0,2.12880191669e-08,,08,421,01
URBANO,084210100000000270008000000000,08421010000270008000,08421010000000027,0,1.94808412116e-08,,08,421,01
URBANO,084210100000000270015000000000,08421010000270015000,08421010000000027,0,8.91066591041e-09,,08,421,01
URBANO,084210100000000270010000000000,08421010000270010000,08421010000000027,0,2.06311715892e-08,,08,421,01
URBANO,084210100000001300001000000000,08421010001300001000,08421010000000130,0,1.05410959172e-07,,08,421,01
URBANO,084210100000001300003000000000,08421010001300003000,08421010000000130,0,6.24286843956e-09,,08,421,01
URBANO,084210100000000800007000000000,08421010000800007000,08421010000000080,0,1.54969891223e-08,,08,421,01
URBANO,084210100000000800006000000000,08421010000800006000,08421010000000080,0,1.63100011108e-08,,08,421,01
URBANO,084210100000000800005000000000,08421010000800005000,08421010000000080,0,1.67620450754e-08,,08,421,01
URBANO,084210100000000800004000000000,08421010000800004000,08421010000000080,0,2.76687360023e-08,,08,421,01
URBANO,084210100000001380001000000000,08421010001380001000,08421010000000138,0,1.17725763745e-08,,08,421,01
URBANO,084210100000001390001000000000,08421010001390001000,08421010000000139,0,2.42547212709e-08,,08,421,01
URBANO,084210100000000140001000000000,08421010000140001000,08421010000000014,0,3.24891579963e-08,,08,421,01
URBANO,084210102000000000360000000000,08421010200000360000,08421010200000000,0,2.3751306381e-07,,08,421,01
URBANO,084210100000000280006000000000,08421010000280006000,08421010000000028,0,2.19755461431e-08,,08,421,01
URBANO,084210100000000280001000000000,08421010000280001000,08421010000000028,0,3.57120273661e-08,,08,421,01
URBANO,084210100000000280002000000000,08421010000280002000,08421010000000028,0,2.83436221679e-08,,08,421,01
URBANO,084210100000000280014000000000,08421010000280014000,08421010000000028,0,7.09005149174e-08,,08,421,01
URBANO,084210100000000280013000000000,08421010000280013000,08421010000000028,0,1.89519838108e-08,,08,421,01
URBANO,084210100000000280011000000000,08421010000280011000,08421010000000028,0,1.7875251975e-08,,08,421,01
URBANO,084210100000000280010000000000,08421010000280010000,08421010000000028,0,2.76709797372e-08,,08,421,01
URBANO,084210100000000280009000000000,08421010000280009000,08421010000000028,0,2.78035775447e-08,,08,421,01
URBANO,084210100000000280012000000000,08421010000280012000,08421010000000028,0,1.46544479965e-08,,08,421,01
URBANO,084210100000000280003000000000,08421010000280003000,08421010000000028,0,3.28717441649e-08,,08,421,01
URBANO,084210100000000280004000000000,08421010000280004000,08421010000000028,0,3.39166782404e-08,,08,421,01
URBANO,084210100000000280007000000000,08421010000280007000,08421010000000028,0,1.63695979412e-08,,08,421,01
URBANO,084210100000000280008000000000,08421010000280008000,08421010000000028,0,2.26270500453e-08,,08,421,01
URBANO,084210100000000280005000000000,08421010000280005000,08421010000000028,0,1.42941345594e-08,,08,421,01
URBANO,084210100000000150008000000000,08421010000150008000,08421010000000015,0,3.61404475886e-08,,08,421,01
URBANO,084210100000000150001000000000,08421010000150001000,08421010000000015,0,5.68120961008e-08,,08,421,01
URBANO,084210100000000150014000000000,08421010000150014000,08421010000000015,0,1.70542451872e-08,,08,421,01
URBANO,084210100000000150013000000000,08421010000150013000,08421010000000015,0,3.72407878971e-08,,08,421,01
URBANO,084210100000000150011000000000,08421010000150011000,08421010000000015,0,3.95395169303e-08,,08,421,01
URBANO,084210100000000150003000000000,08421010000150003000,08421010000000015,0,4.65414642238e-08,,08,421,01
URBANO,084210100000000150012000000000,08421010000150012000,08421010000000015,0,3.87198832186e-08,,08,421,01
URBANO,084210100000000150004000000000,08421010000150004000,08421010000000015,0,3.6429582282e-08,,08,421,01
URBANO,084210100000000150002000000000,08421010000150002000,08421010000000015,0,3.33387500184e-08,,08,421,01
URBANO,084210100000000190002000000000,08421010000190002000,08421010000000019,0,3.30550628055e-08,,08,421,01
URBANO,084210100000001630001000000000,08421010001630001000,08421010000000163,0,1.12284575707e-07,,08,421,01
URBANO,084210100000001630003000000000,08421010001630003000,08421010000000163,0,1.23351857022e-08,,08,421,01
URBANO,084210100000001630007000000000,08421010001630007000,08421010000000163,0,2.60681164484e-08,,08,421,01
URBANO,084210100000001630002000000000,08421010001630002000,08421010000000163,0,5.59247900531e-08,,08,421,01
URBANO,084210100000001630005000000000,08421010001630005000,08421010000000163,0,5.33893038571e-09,,08,421,01
URBANO,084210100000001630006000000000,08421010001630006000,08421010000000163,0,7.98902698954e-09,,08,421,01
URBANO,084210100000001630004000000000,08421010001630004000,08421010000000163,0,1.09656478416e-08,,08,421,01
URBANO,084210100000000770004000000000,08421010000770004000,08421010000000077,0,5.81005618746e-08,,08,421,01
URBANO,084210100000000770003000000000,08421010000770003000,08421010000000077,0,2.71210115825e-08,,08,421,01
URBANO,084210100000000770002000000000,08421010000770002000,08421010000000077,0,1.57702140617e-08,,08,421,01
URBANO,084210100000000770005000000000,08421010000770005000,08421010000000077,0,4.45223507693e-08,,08,421,01
URBANO,084210100000000770007000000000,08421010000770007000,08421010000000077,0,2.96688424053e-08,,08,421,01
URBANO,084210100000000770001000000000,08421010000770001000,08421010000000077,0,2.69106460342e-08,,08,421,01
URBANO,084210100000000770006000000000,08421010000770006000,08421010000000077,0,1.21500869528e-08,,08,421,01
URBANO,084210100000001550005000000000,08421010001550005000,08421010000000155,0,1.56228872796e-08,,08,421,01
URBANO,084210100000001550004000000000,08421010001550004000,08421010000000155,0,9.96526357448e-09,,08,421,01
URBANO,084210100000001550006000000000,08421010001550006000,08421010000000155,0,8.4625628017e-09,,08,421,01
URBANO,084210100000001300004000000000,08421010001300004000,08421010000000130,0,6.09888897522e-09,,08,421,01
URBANO,084210100000001300002000000000,08421010001300002000,08421010000000130,0,1.18827208311e-08,,08,421,01
URBANO,084210100000001300005000000000,08421010001300005000,08421010000000130,0,1.20221114294e-08,,08,421,01
URBANO,084210100000000630017000000000,08421010000630017000,08421010000000063,0,5.84138202856e-08,,08,421,01
URBANO,084210100000000630019000000000,08421010000630019000,08421010000000063,0,1.77827154303e-08,,08,421,01
URBANO,084210100000000630001000000000,08421010000630001000,08421010000000063,0,1.9224841582e-08,,08,421,01
URBANO,084210100000000630018000000000,08421010000630018000,08421010000000063,0,4.51946833195e-08,,08,421,01
URBANO,084210100000000630009000000000,08421010000630009000,08421010000000063,0,6.21967963403e-08,,08,421,01
URBANO,084210100000000630002000000000,08421010000630002000,08421010000000063,0,3.55461193319e-08,,08,421,01
URBANO,084210100000000630012000000000,08421010000630012000,08421010000000063,0,3.2977084035e-08,,08,421,01
URBANO,084210100000000630013000000000,08421010000630013000,08421010000000063,0,5.17879314277e-08,,08,421,01
URBANO,084210100000000630011000000000,08421010000630011000,08421010000000063,0,5.24217450449e-08,,08,421,01
URBANO,084210100000000630016000000000,08421010000630016000,08421010000000063,0,2.35349634392e-08,,08,421,01
URBANO,084210100000000630015000000000,08421010000630015000,08421010000000063,0,2.52998392246e-08,,08,421,01
URBANO,084210100000000630014000000000,08421010000630014000,08421010000000063,0,4.88855855351e-08,,08,421,01
URBANO,084210100000000630003000000000,08421010000630003000,08421010000000063,0,2.82809371148e-08,,08,421,01
URBANO,084210100000000630007000000000,08421010000630007000,08421010000000063,0,2.2018911807e-08,,08,421,01
URBANO,084210100000000630008000000000,08421010000630008000,08421010000000063,0,3.09440211465e-08,,08,421,01
URBANO,084210100000000630005000000000,08421010000630005000,08421010000000063,0,3.23397039073e-08,,08,421,01
URBANO,084210100000000630006000000000,08421010000630006000,08421010000000063,0,3.46684994519e-08,,08,421,01
URBANO,084210100000000630004000000000,08421010000630004000,08421010000000063,0,2.76795103806e-08,,08,421,01
URBANO,084210100000000630020000000000,08421010000630020000,08421010000000063,0,1.50285281111e-08,,08,421,01
URBANO,084210100000000630010000000000,08421010000630010000,08421010000000063,0,2.08890798488e-08,,08,421,01
URBANO,084210100000000630021000000000,08421010000630021000,08421010000000063,0,1.88770913053e-08,,08,421,01
URBANO,084210100000000570004000000000,08421010000570004000,08421010000000057,0,3.25235432623e-08,,08,421,01
URBANO,084210100000000570013000000000,08421010000570013000,08421010000000057,0,2.69858432615e-08,,08,421,01
URBANO,084210100000000570010000000000,08421010000570010000,08421010000000057,0,6.31349614445e-08,,08,421,01
URBANO,084210100000000570009000000000,08421010000570009000,08421010000000057,0,2.97447986513e-08,,08,421,01
URBANO,084210100000000570008000000000,08421010000570008000,08421010000000057,0,2.31148591429e-08,,08,421,01
URBANO,084210100000000570011000000000,08421010000570011000,08421010000000057,0,1.92335174129e-08,,08,421,01
URBANO,084210100000000570012000000000,08421010000570012000,08421010000000057,0,2.13844712448e-08,,08,421,01
URBANO,084210100000000570007000000000,08421010000570007000,08421010000000057,0,2.32071355893e-08,,08,421,01
URBANO,084210100000000570006000000000,08421010000570006000,08421010000000057,0,2.0836169354e-08,,08,421,01
URBANO,084210100000000570005000000000,08421010000570005000,08421010000000057,0,2.89418423919e-08,,08,421,01
URBANO,084210100000000570002000000000,08421010000570002000,08421010000000057,0,2.35873682784e-08,,08,421,01
URBANO,084210100000000570001000000000,08421010000570001000,08421010000000057,0,2.56531318074e-08,,08,421,01
URBANO,084210100000000570003000000000,08421010000570003000,08421010000000057,0,3.1959230999e-08,,08,421,01
URBANO,084210100000000570017000000000,08421010000570017000,08421010000000057,0,1.98308173514e-08,,08,421,01
URBANO,084210100000000570018000000000,08421010000570018000,08421010000000057,0,2.19071096131e-08,,08,421,01
URBANO,084210100000000570016000000000,08421010000570016000,08421010000000057,0,2.26947510532e-08,,08,421,01
URBANO,084210100000000570015000000000,08421010000570015000,08421010000000057,0,2.53055890182e-08,,08,421,01
URBANO,084210100000000570014000000000,08421010000570014000,08421010000000057,0,2.58372432051e-08,,08,421,01
URBANO,084210100000000650020000000000,08421010000650020000,08421010000000065,0,5.61111160728e-08,,08,421,01
URBANO,084210100000000650010000000000,08421010000650010000,08421010000000065,0,3.97274873628e-08,,08,421,01
URBANO,084210100000000650021000000000,08421010000650021000,08421010000000065,0,1.66817026686e-08,,08,421,01
URBANO,084210100000000650024000000000,08421010000650024000,08421010000000065,0,2.15738261208e-08,,08,421,01
URBANO,084210100000000650001000000000,08421010000650001000,08421010000000065,0,1.40206868776e-08,,08,421,01
URBANO,084210100000000650018000000000,08421010000650018000,08421010000000065,0,2.22401444241e-08,,08,421,01
URBANO,084210100000000650016000000000,08421010000650016000,08421010000000065,0,2.48273178714e-08,,08,421,01
URBANO,084210100000000650019000000000,08421010000650019000,08421010000000065,0,2.59485869558e-08,,08,421,01
URBANO,084210100000000650023000000000,08421010000650023000,08421010000000065,0,2.74070809033e-08,,08,421,01
URBANO,084210100000000650017000000000,08421010000650017000,08421010000000065,0,3.8772601993e-08,,08,421,01
URBANO,084210100000000650014000000000,08421010000650014000,08421010000000065,0,3.98686636932e-08,,08,421,01
URBANO,084210100000000650015000000000,08421010000650015000,08421010000000065,0,4.6621595038e-08,,08,421,01
URBANO,084210100000000650012000000000,08421010000650012000,08421010000000065,0,2.4844368927e-08,,08,421,01
URBANO,084210100000000650013000000000,08421010000650013000,08421010000000065,0,5.0496855931e-08,,08,421,01
URBANO,084210100000000650025000000000,08421010000650025000,08421010000000065,0,1.63138615729e-08,,08,421,01
URBANO,084210100000000650022000000000,08421010000650022000,08421010000000065,0,2.1481558646e-08,,08,421,01
URBANO,084210100000000650003000000000,08421010000650003000,08421010000000065,0,2.66250551758e-08,,08,421,01
URBANO,084210100000000650006000000000,08421010000650006000,08421010000000065,0,2.71800181392e-08,,08,421,01
URBANO,084210100000000650002000000000,08421010000650002000,08421010000000065,0,2.82872279385e-08,,08,421,01
URBANO,084210100000000650007000000000,08421010000650007000,08421010000000065,0,2.86546245147e-08,,08,421,01
URBANO,084210100000000650005000000000,08421010000650005000,08421010000000065,0,2.99825261639e-08,,08,421,01
URBANO,084210100000000650008000000000,08421010000650008000,08421010000000065,0,3.11583958647e-08,,08,421,01
URBANO,084210100000000650009000000000,08421010000650009000,08421010000000065,0,3.60052876567e-08,,08,421,01
URBANO,084210100000000650004000000000,08421010000650004000,08421010000000065,0,3.92650700223e-08,,08,421,01
URBANO,084210100000000650011000000000,08421010000650011000,08421010000000065,0,2.45914878908e-08,,08,421,01
URBANO,084210100000000340006000000000,08421010000340006000,08421010000000034,0,3.48727220571e-08,,08,421,01
URBANO,084210100000000340004000000000,08421010000340004000,08421010000000034,0,2.27727975446e-08,,08,421,01
URBANO,084210100000000340008000000000,08421010000340008000,08421010000000034,0,2.41755526271e-08,,08,421,01
URBANO,084210100000000340009000000000,08421010000340009000,08421010000000034,0,4.64762103149e-08,,08,421,01
URBANO,084210100000000340001000000000,08421010000340001000,08421010000000034,0,4.64389954939e-08,,08,421,01
URBANO,084210100000000340007000000000,08421010000340007000,08421010000000034,0,3.35176964538e-08,,08,421,01
URBANO,084210100000000340003000000000,08421010000340003000,08421010000000034,0,2.37295583569e-08,,08,421,01
URBANO,084210100000000340002000000000,08421010000340002000,08421010000000034,0,3.09561756515e-08,,08,421,01
URBANO,084210100000000340005000000000,08421010000340005000,08421010000000034,0,1.2622020955e-08,,08,421,01
URBANO,084210100000000550002000000000,08421010000550002000,08421010000000055,0,6.98388125936e-08,,08,421,01
URBANO,084210100000000550005000000000,08421010000550005000,08421010000000055,0,8.66002392255e-08,,08,421,01
URBANO,084210100000000550012000000000,08421010000550012000,08421010000000055,0,8.99572174798e-09,,08,421,01
URBANO,084210100000000550011000000000,08421010000550011000,08421010000000055,0,1.35721945646e-08,,08,421,01
URBANO,084210100000000550017000000000,08421010000550017000,08421010000000055,0,1.46830574007e-08,,08,421,01
URBANO,084210100000000550018000000000,08421010000550018000,08421010000000055,0,2.29400299711e-08,,08,421,01
URBANO,084210100000000550006000000000,08421010000550006000,08421010000000055,0,3.66701728047e-08,,08,421,01
URBANO,084210100000000550004000000000,08421010000550004000,08421010000000055,0,6.61517221616e-08,,08,421,01
URBANO,084210100000000550014000000000,08421010000550014000,08421010000000055,0,1.76091997372e-08,,08,421,01
URBANO,084210100000000550013000000000,08421010000550013000,08421010000000055,0,1.8832710227e-08,,08,421,01
URBANO,084210100000000550009000000000,08421010000550009000,08421010000000055,0,1.80301036142e-08,,08,421,01
URBANO,084210100000000550001000000000,08421010000550001000,08421010000000055,0,2.3608228516e-08,,08,421,01
URBANO,084210100000000550010000000000,08421010000550010000,08421010000000055,0,1.84028518495e-08,,08,421,01
URBANO,084210100000000550008000000000,08421010000550008000,08421010000000055,0,3.85352101459e-08,,08,421,01
URBANO,084210100000000550003000000000,08421010000550003000,08421010000000055,0,3.96631621875e-08,,08,421,01
URBANO,084210100000000550007000000000,08421010000550007000,08421010000000055,0,5.27756215345e-08,,08,421,01
URBANO,084210100000000550015000000000,08421010000550015000,08421010000000055,0,1.06905287698e-08,,08,421,01
URBANO,084210100000000550016000000000,08421010000550016000,08421010000000055,0,2.1385608919e-08,,08,421,01
URBANO,084210100000000540006000000000,08421010000540006000,08421010000000054,0,2.82958067986e-08,,08,421,01
URBANO,084210100000000540016000000000,08421010000540016000,08421010000000054,0,2.30027248322e-08,,08,421,01
URBANO,084210100000000540002000000000,08421010000540002000,08421010000000054,0,2.86221624006e-08,,08,421,01
URBANO,084210100000000540001000000000,08421010000540001000,08421010000000054,0,3.18868506402e-08,,08,421,01
URBANO,084210100000000540015000000000,08421010000540015000,08421010000000054,0,1.19435580741e-08,,08,421,01
URBANO,084210100000000540017000000000,08421010000540017000,08421010000000054,0,1.74199296261e-08,,08,421,01
URBANO,084210100000000540014000000000,08421010000540014000,08421010000000054,0,1.70291278552e-08,,08,421,01
URBANO,084210100000000540003000000000,08421010000540003000,08421010000000054,0,4.86581809111e-08,,08,421,01
URBANO,084210100000000540005000000000,08421010000540005000,08421010000000054,0,2.85959247617e-08,,08,421,01
URBANO,084210100000000540004000000000,08421010000540004000,08421010000000054,0,1.34136085281e-08,,08,421,01
URBANO,084210100000000540019000000000,08421010000540019000,08421010000000054,0,1.4463560514e-08,,08,421,01
URBANO,084210100000000540013000000000,08421010000540013000,08421010000000054,0,2.84317274088e-08,,08,421,01
URBANO,084210100000000540012000000000,08421010000540012000,08421010000000054,0,2.2581927387e-08,,08,421,01
URBANO,084210100000000540008000000000,08421010000540008000,08421010000000054,0,4.40915067391e-08,,08,421,01
URBANO,084210100000000540007000000000,08421010000540007000,08421010000000054,0,5.58024875138e-08,,08,421,01
URBANO,084210100000000540011000000000,08421010000540011000,08421010000000054,0,8.01881061836e-09,,08,421,01
URBANO,084210100000000540009000000000,08421010000540009000,08421010000000054,0,1.82493193566e-08,,08,421,01
URBANO,084210100000000540010000000000,08421010000540010000,08421010000000054,0,1.61008694758e-08,,08,421,01
URBANO,084210100000000540018000000000,08421010000540018000,08421010000000054,0,2.11714081833e-08,,08,421,01
URBANO,084210100000000560001000000000,08421010000560001000,08421010000000056,0,6.10029213118e-08,,08,421,01
URBANO,084210100000000560005000000000,08421010000560005000,08421010000000056,0,2.53796111018e-08,,08,421,01
URBANO,084210100000000560007000000000,08421010000560007000,08421010000000056,0,1.83528555867e-08,,08,421,01
URBANO,084210100000000560002000000000,08421010000560002000,08421010000000056,0,3.04573389235e-08,,08,421,01
URBANO,084210100000000560003000000000,08421010000560003000,08421010000000056,0,1.21107991121e-08,,08,421,01
URBANO,084210100000000560006000000000,08421010000560006000,08421010000000056,0,1.01597309898e-08,,08,421,01
URBANO,084210100000000560004000000000,08421010000560004000,08421010000000056,0,1.25445835599e-08,,08,421,01
URBANO,084210100000000600012000000000,08421010000600012000,08421010000000060,0,2.14898910766e-08,,08,421,01
URBANO,084210100000000600002000000000,08421010000600002000,08421010000000060,0,3.55680463045e-08,,08,421,01
URBANO,084210100000000600007000000000,08421010000600007000,08421010000000060,0,1.58894255646e-08,,08,421,01
URBANO,084210100000000600008000000000,08421010000600008000,08421010000000060,0,1.70802987502e-08,,08,421,01
URBANO,084210100000000580001000000000,08421010000580001000,08421010000000058,0,4.10334702684e-08,,08,421,01
URBANO,084210100000000580010000000000,08421010000580010000,08421010000000058,0,1.94620981204e-08,,08,421,01
URBANO,084210100000000580009000000000,08421010000580009000,08421010000000058,0,2.15567196984e-08,,08,421,01
URBANO,084210100000000580008000000000,08421010000580008000,08421010000000058,0,2.28408103408e-08,,08,421,01
URBANO,084210100000000580007000000000,08421010000580007000,08421010000000058,0,2.41233882492e-08,,08,421,01
URBANO,084210100000000580006000000000,08421010000580006000,08421010000000058,0,1.98687479482e-08,,08,421,01
URBANO,084210100000000580004000000000,08421010000580004000,08421010000000058,0,2.37821588028e-08,,08,421,01
URBANO,084210100000000580005000000000,08421010000580005000,08421010000000058,0,2.39621150254e-08,,08,421,01
URBANO,084210100000000580002000000000,08421010000580002000,08421010000000058,0,2.23679300814e-08,,08,421,01
URBANO,084210100000000580003000000000,08421010000580003000,08421010000000058,0,2.90747866263e-08,,08,421,01
URBANO,084210100000000600009000000000,08421010000600009000,08421010000000060,0,2.09268233077e-08,,08,421,01
URBANO,084210100000000600006000000000,08421010000600006000,08421010000000060,0,2.55516465106e-08,,08,421,01
URBANO,084210100000000600014000000000,08421010000600014000,08421010000000060,0,9.01974370051e-09,,08,421,01
URBANO,084210100000000600004000000000,08421010000600004000,08421010000000060,0,1.71097068127e-08,,08,421,01
URBANO,084210100000000600005000000000,08421010000600005000,08421010000000060,0,2.54636502384e-08,,08,421,01
URBANO,084210100000000600015000000000,08421010000600015000,08421010000000060,0,1.09613110752e-08,,08,421,01
URBANO,084210100000000600011000000000,08421010000600011000,08421010000000060,0,2.01884174124e-08,,08,421,01
URBANO,084210100000000600010000000000,08421010000600010000,08421010000000060,0,2.04939128544e-08,,08,421,01
URBANO,084210100000000600013000000000,08421010000600013000,08421010000000060,0,1.69981466748e-08,,08,421,01
URBANO,084210100000000600001000000000,08421010000600001000,08421010000000060,0,1.71933333653e-08,,08,421,01
URBANO,084210100000000600003000000000,08421010000600003000,08421010000000060,0,1.73720049334e-08,,08,421,01
URBANO,084210100000000350002000000000,08421010000350002000,08421010000000035,0,8.69893512496e-08,,08,421,01
URBANO,084210100000000350001000000000,08421010000350001000,08421010000000035,0,1.03660877986e-07,,08,421,01
URBANO,084210100000000350006000000000,08421010000350006000,08421010000000035,0,1.97227905583e-08,,08,421,01
URBANO,084210100000000350003000000000,08421010000350003000,08421010000000035,0,2.7137044855e-08,,08,421,01
URBANO,084210100000000350007000000000,08421010000350007000,08421010000000035,0,1.24369020399e-08,,08,421,01
URBANO,084210100000000350005000000000,08421010000350005000,08421010000000035,0,1.59053714601e-08,,08,421,01
URBANO,084210100000000350004000000000,08421010000350004000,08421010000000035,0,2.70273665681e-08,,08,421,01
URBANO,084210100000001530028000000000,08421010001530028000,08421010000000153,0,8.96986885172e-09,,08,421,01
URBANO,084210100000001530029000000000,08421010001530029000,08421010000000153,0,8.31265351614e-09,,08,421,01
URBANO,084210100000001530018000000000,08421010001530018000,08421010000000153,0,8.45875486195e-09,,08,421,01
URBANO,084210100000001530027000000000,08421010001530027000,08421010000000153,0,8.51683792559e-09,,08,421,01
URBANO,084210100000001530023000000000,08421010001530023000,08421010000000153,0,8.4822986035e-09,,08,421,01
URBANO,084210100000001530016000000000,08421010001530016000,08421010000000153,0,8.49337108025e-09,,08,421,01
URBANO,084210100000001530021000000000,08421010001530021000,08421010000000153,0,8.51377682297e-09,,08,421,01
URBANO,084210100000001530020000000000,08421010001530020000,08421010000000153,0,8.56422908159e-09,,08,421,01
URBANO,084210100000001530025000000000,08421010001530025000,08421010000000153,0,8.72148700716e-09,,08,421,01
URBANO,084210100000001530022000000000,08421010001530022000,08421010000000153,0,8.68718164001e-09,,08,421,01
URBANO,084210100000001530019000000000,08421010001530019000,08421010000000153,0,8.72465141027e-09,,08,421,01
URBANO,084210100000001530026000000000,08421010001530026000,08421010000000153,0,8.78035701482e-09,,08,421,01
URBANO,084210100000001530030000000000,08421010001530030000,08421010000000153,0,8.92440933436e-09,,08,421,01
URBANO,084210100000001530017000000000,08421010001530017000,08421010000000153,0,8.74145126759e-09,,08,421,01
URBANO,084210100000001530024000000000,08421010001530024000,08421010000000153,0,8.89615148672e-09,,08,421,01
URBANO,084210100000001530005000000000,08421010001530005000,08421010000000153,0,8.57849319517e-09,,08,421,01
URBANO,084210100000001530002000000000,08421010001530002000,08421010000000153,0,8.17527204585e-09,,08,421,01
URBANO,084210100000001530003000000000,08421010001530003000,08421010000000153,0,8.79655831652e-09,,08,421,01
URBANO,084210100000001530001000000000,08421010001530001000,08421010000000153,0,8.4541166631e-09,,08,421,01
URBANO,084210100000001530009000000000,08421010001530009000,08421010000000153,0,8.51481238677e-09,,08,421,01
URBANO,084210100000001530015000000000,08421010001530015000,08421010000000153,0,8.31247819818e-09,,08,421,01
URBANO,084210100000001530008000000000,08421010001530008000,08421010000000153,0,8.32593996968e-09,,08,421,01
URBANO,084210100000001530010000000000,08421010001530010000,08421010000000153,0,8.35261603859e-09,,08,421,01
URBANO,084210100000001530006000000000,08421010001530006000,08421010000000153,0,8.45850637811e-09,,08,421,01
URBANO,084210100000001530014000000000,08421010001530014000,08421010000000153,0,8.64549341088e-09,,08,421,01
URBANO,084210100000001530011000000000,08421010001530011000,08421010000000153,0,8.36631562792e-09,,08,421,01
URBANO,084210100000001530007000000000,08421010001530007000,08421010000000153,0,8.70804278288e-09,,08,421,01
URBANO,084210100000001530012000000000,08421010001530012000,08421010000000153,0,8.62271772419e-09,,08,421,01
URBANO,084210100000001530004000000000,08421010001530004000,08421010000000153,0,8.21113110045e-09,,08,421,01
URBANO,084210100000001530013000000000,08421010001530013000,08421010000000153,0,8.24155084513e-09,,08,421,01
URBANO,084210100000001520018000000000,08421010001520018000,08421010000000152,0,8.45792442847e-09,,08,421,01
URBANO,084210100000001520023000000000,08421010001520023000,08421010000000152,0,8.48141331535e-09,,08,421,01
URBANO,084210100000001520016000000000,08421010001520016000,08421010000000152,0,8.49439082204e-09,,08,421,01
URBANO,084210100000001520021000000000,08421010001520021000,08421010000000152,0,8.51341404012e-09,,08,421,01
URBANO,084210100000001520020000000000,08421010001520020000,08421010000000152,0,8.56341018967e-09,,08,421,01
URBANO,084210100000001520025000000000,08421010001520025000,08421010000000152,0,8.72017163795e-09,,08,421,01
URBANO,084210100000001520022000000000,08421010001520022000,08421010000000152,0,8.68907132965e-09,,08,421,01
URBANO,084210100000001520019000000000,08421010001520019000,08421010000000152,0,8.72538250683e-09,,08,421,01
URBANO,084210100000001520017000000000,08421010001520017000,08421010000000152,0,8.74224924464e-09,,08,421,01
URBANO,084210100000001520024000000000,08421010001520024000,08421010000000152,0,8.89913233607e-09,,08,421,01
URBANO,084210100000001520009000000000,08421010001520009000,08421010000000152,0,8.5151910515e-09,,08,421,01
URBANO,084210100000001520015000000000,08421010001520015000,08421010000000152,0,8.31304798979e-09,,08,421,01
URBANO,084210100000001520008000000000,08421010001520008000,08421010000000152,0,8.32658586741e-09,,08,421,01
URBANO,084210100000001520010000000000,08421010001520010000,08421010000000152,0,8.35295048552e-09,,08,421,01
URBANO,084210100000001520006000000000,08421010001520006000,08421010000000152,0,8.45612550831e-09,,08,421,01
URBANO,084210100000001520014000000000,08421010001520014000,08421010000000152,0,8.64679285403e-09,,08,421,01
URBANO,084210100000001520011000000000,08421010001520011000,08421010000000152,0,8.36734542073e-09,,08,421,01
URBANO,084210100000001520007000000000,08421010001520007000,08421010000000152,0,8.70899160735e-09,,08,421,01
URBANO,084210100000001520012000000000,08421010001520012000,08421010000000152,0,8.62308728214e-09,,08,421,01
URBANO,084210100000001520013000000000,08421010001520013000,08421010000000152,0,8.24100962919e-09,,08,421,01
URBANO,084210100000001520028000000000,08421010001520028000,08421010000000152,0,8.9691577474e-09,,08,421,01
URBANO,084210100000001520029000000000,08421010001520029000,08421010000000152,0,8.3144259259e-09,,08,421,01
URBANO,084210100000001520027000000000,08421010001520027000,08421010000000152,0,8.51536177567e-09,,08,421,01
URBANO,084210100000001520026000000000,08421010001520026000,08421010000000152,0,8.7810346919e-09,,08,421,01
URBANO,084210100000001520030000000000,08421010001520030000,08421010000000152,0,8.92378960091e-09,,08,421,01
URBANO,084210100000001520005000000000,08421010001520005000,08421010000000152,0,8.57962476924e-09,,08,421,01
URBANO,084210100000001520002000000000,08421010001520002000,08421010000000152,0,8.17685779166e-09,,08,421,01
URBANO,084210100000001520003000000000,08421010001520003000,08421010000000152,0,8.79493779712e-09,,08,421,01
URBANO,084210100000001520001000000000,08421010001520001000,08421010000000152,0,8.45357045019e-09,,08,421,01
URBANO,084210100000001520004000000000,08421010001520004000,08421010000000152,0,8.21107806121e-09,,08,421,01
URBANO,084210102000000000372000000000,08421010200000372000,08421010200000000,0,1.69211490867e-08,,08,421,01
URBANO,084210102000000000381000000000,08421010200000381000,08421010200000000,0,1.64854672222e-08,,08,421,01
URBANO,084210102000000000362000000000,08421010200000362000,08421010200000000,0,1.65301464925e-08,,08,421,01
URBANO,084210102000000000382000000000,08421010200000382000,08421010200000000,0,1.61153863659e-08,,08,421,01
URBANO,084210102000000000361000000000,08421010200000361000,08421010200000000,0,1.61641517691e-08,,08,421,01
URBANO,084210102000000000363000000000,08421010200000363000,08421010200000000,0,1.62470638332e-08,,08,421,01
URBANO,084210102000000000365000000000,08421010200000365000,08421010200000000,0,1.62755334121e-08,,08,421,01
URBANO,084210102000000000367000000000,08421010200000367000,08421010200000000,0,1.63981386323e-08,,08,421,01
URBANO,084210102000000000379000000000,08421010200000379000,08421010200000000,0,1.63981621237e-08,,08,421,01
URBANO,084210102000000000378000000000,08421010200000378000,08421010200000000,0,1.64332595992e-08,,08,421,01
URBANO,084210102000000000364000000000,08421010200000364000,08421010200000000,0,1.6493295677e-08,,08,421,01
URBANO,084210102000000000376000000000,08421010200000376000,08421010200000000,0,1.65089634653e-08,,08,421,01
URBANO,084210102000000000369000000000,08421010200000369000,08421010200000000,0,1.65271696091e-08,,08,421,01
URBANO,084210102000000000368000000000,08421010200000368000,08421010200000000,0,1.65438740659e-08,,08,421,01
URBANO,084210102000000000374000000000,08421010200000374000,08421010200000000,0,1.66116652576e-08,,08,421,01
URBANO,084210102000000000375000000000,08421010200000375000,08421010200000000,0,1.66516547034e-08,,08,421,01
URBANO,084210102000000000380000000000,08421010200000380000,08421010200000000,0,1.66687225402e-08,,08,421,01
URBANO,084210102000000000384000000000,08421010200000384000,08421010200000000,0,1.68769400652e-08,,08,421,01
URBANO,084210102000000000366000000000,08421010200000366000,08421010200000000,0,1.70110608232e-08,,08,421,01
URBANO,084210102000000000377000000000,08421010200000377000,08421010200000000,0,1.70381526758e-08,,08,421,01
URBANO,084210102000000000383000000000,08421010200000383000,08421010200000000,0,1.72719539375e-08,,08,421,01
URBANO,084210102000000000371000000000,08421010200000371000,08421010200000000,0,1.65940255774e-08,,08,421,01
URBANO,084210102000000000370000000000,08421010200000370000,08421010200000000,0,1.62958396622e-08,,08,421,01
URBANO,084210102000000000373000000000,08421010200000373000,08421010200000000,0,1.62847485298e-08,,08,421,01
URBANO,084210102000000000318000000000,08421010200000318000,08421010200000000,0,1.68703936944e-08,,08,421,01
URBANO,084210102000000000330000000000,08421010200000330000,08421010200000000,0,1.65367419019e-08,,08,421,01
URBANO,084210102000000000309000000000,08421010200000309000,08421010200000000,0,1.65584675923e-08,,08,421,01
URBANO,084210102000000000315000000000,08421010200000315000,08421010200000000,0,1.61225549007e-08,,08,421,01
URBANO,084210102000000000311000000000,08421010200000311000,08421010200000000,0,1.61694722172e-08,,08,421,01
URBANO,084210102000000000313000000000,08421010200000313000,08421010200000000,0,1.61831347923e-08,,08,421,01
URBANO,084210102000000000314000000000,08421010200000314000,08421010200000000,0,1.62690696633e-08,,08,421,01
URBANO,084210102000000000323000000000,08421010200000323000,08421010200000000,0,1.63546366967e-08,,08,421,01
URBANO,084210102000000000326000000000,08421010200000326000,08421010200000000,0,1.63904468605e-08,,08,421,01
URBANO,084210102000000000324000000000,08421010200000324000,08421010200000000,0,1.65212383929e-08,,08,421,01
URBANO,084210102000000000328000000000,08421010200000328000,08421010200000000,0,1.66466827286e-08,,08,421,01
URBANO,084210102000000000316000000000,08421010200000316000,08421010200000000,0,1.66480787122e-08,,08,421,01
URBANO,084210102000000000325000000000,08421010200000325000,08421010200000000,0,1.66998763269e-08,,08,421,01
URBANO,084210102000000000317000000000,08421010200000317000,08421010200000000,0,1.67341164834e-08,,08,421,01
URBANO,084210102000000000327000000000,08421010200000327000,08421010200000000,0,1.67875023597e-08,,08,421,01
URBANO,084210102000000000308000000000,08421010200000308000,08421010200000000,0,1.69445699775e-08,,08,421,01
URBANO,084210102000000000322000000000,08421010200000322000,08421010200000000,0,1.69761515601e-08,,08,421,01
URBANO,084210102000000000287000000000,08421010200000287000,08421010200000000,0,1.63430263115e-08,,08,421,01
URBANO,084210102000000000290000000000,08421010200000290000,08421010200000000,0,1.6394809448e-08,,08,421,01
URBANO,084210102000000000285000000000,08421010200000285000,08421010200000000,0,1.64134829941e-08,,08,421,01
URBANO,084210102000000000289000000000,08421010200000289000,08421010200000000,0,1.64266496186e-08,,08,421,01
URBANO,084210102000000000282000000000,08421010200000282000,08421010200000000,0,1.64523949528e-08,,08,421,01
URBANO,084210102000000000291000000000,08421010200000291000,08421010200000000,0,1.65532549463e-08,,08,421,01
URBANO,084210102000000000294000000000,08421010200000294000,08421010200000000,0,1.67496552042e-08,,08,421,01
URBANO,084210102000000000293000000000,08421010200000293000,08421010200000000,0,1.60072031336e-08,,08,421,01
URBANO,084210102000000000271000000000,08421010200000271000,08421010200000000,0,1.66217596476e-08,,08,421,01
URBANO,084210102000000000270000000000,08421010200000270000,08421010200000000,0,1.69029224164e-08,,08,421,01
URBANO,084210102000000000265000000000,08421010200000265000,08421010200000000,0,1.65533220674e-08,,08,421,01
URBANO,084210102000000000252000000000,08421010200000252000,08421010200000000,0,1.64523284231e-08,,08,421,01
URBANO,084210102000000000269000000000,08421010200000269000,08421010200000000,0,1.71374261265e-08,,08,421,01
URBANO,084210102000000000266000000000,08421010200000266000,08421010200000000,0,1.64932627392e-08,,08,421,01
URBANO,084210102000000000278000000000,08421010200000278000,08421010200000000,0,1.64565883045e-08,,08,421,01
URBANO,084210102000000000279000000000,08421010200000279000,08421010200000000,0,1.6468579696e-08,,08,421,01
URBANO,084210102000000000277000000000,08421010200000277000,08421010200000000,0,1.65706461704e-08,,08,421,01
URBANO,084210102000000000275000000000,08421010200000275000,08421010200000000,0,1.65841889538e-08,,08,421,01
URBANO,084210102000000000274000000000,08421010200000274000,08421010200000000,0,1.67097964156e-08,,08,421,01
URBANO,084210102000000000280000000000,08421010200000280000,08421010200000000,0,1.67423500639e-08,,08,421,01
URBANO,084210102000000000273000000000,08421010200000273000,08421010200000000,0,1.6791616517e-08,,08,421,01
URBANO,084210102000000000276000000000,08421010200000276000,08421010200000000,0,1.68490302966e-08,,08,421,01
URBANO,084210102000000000272000000000,08421010200000272000,08421010200000000,0,1.69127713311e-08,,08,421,01
URBANO,084210102000000000257000000000,08421010200000257000,08421010200000000,0,1.6203149789e-08,,08,421,01
URBANO,084210102000000000262000000000,08421010200000262000,08421010200000000,0,1.62314960726e-08,,08,421,01
URBANO,084210102000000000258000000000,08421010200000258000,08421010200000000,0,1.62369941366e-08,,08,421,01
URBANO,084210102000000000260000000000,08421010200000260000,08421010200000000,0,1.62444922941e-08,,08,421,01
URBANO,084210102000000000281000000000,08421010200000281000,08421010200000000,0,1.63188196032e-08,,08,421,01
URBANO,084210102000000000261000000000,08421010200000261000,08421010200000000,0,1.6343251713e-08,,08,421,01
URBANO,084210102000000000264000000000,08421010200000264000,08421010200000000,0,1.63959236918e-08,,08,421,01
URBANO,084210102000000000259000000000,08421010200000259000,08421010200000000,0,1.64136165363e-08,,08,421,01
URBANO,084210102000000000263000000000,08421010200000263000,08421010200000000,0,1.64265454512e-08,,08,421,01
URBANO,084210102000000000268000000000,08421010200000268000,08421010200000000,0,1.67495706437e-08,,08,421,01
URBANO,084210102000000000267000000000,08421010200000267000,08421010200000000,0,1.60071357444e-08,,08,421,01
URBANO,084210102000000000397000000000,08421010200000397000,08421010200000000,0,1.68413462146e-08,,08,421,01
URBANO,084210102000000000406000000000,08421010200000406000,08421010200000000,0,1.66139880466e-08,,08,421,01
URBANO,084210102000000000398000000000,08421010200000398000,08421010200000000,0,1.55131479378e-08,,08,421,01
URBANO,084210102000000000389000000000,08421010200000389000,08421010200000000,0,1.56485825001e-08,,08,421,01
URBANO,084210102000000000407000000000,08421010200000407000,08421010200000000,0,1.59405975941e-08,,08,421,01
URBANO,084210102000000000403000000000,08421010200000403000,08421010200000000,0,1.60557715079e-08,,08,421,01
URBANO,084210102000000000402000000000,08421010200000402000,08421010200000000,0,1.61025543629e-08,,08,421,01
URBANO,084210102000000000388000000000,08421010200000388000,08421010200000000,0,1.6104144093e-08,,08,421,01
URBANO,084210102000000000400000000000,08421010200000400000,08421010200000000,0,1.6174742517e-08,,08,421,01
URBANO,084210102000000000385000000000,08421010200000385000,08421010200000000,0,1.62012937431e-08,,08,421,01
URBANO,084210102000000000393000000000,08421010200000393000,08421010200000000,0,1.62252437472e-08,,08,421,01
URBANO,084210102000000000391000000000,08421010200000391000,08421010200000000,0,1.62829788351e-08,,08,421,01
URBANO,084210102000000000399000000000,08421010200000399000,08421010200000000,0,1.6288351926e-08,,08,421,01
URBANO,084210102000000000387000000000,08421010200000387000,08421010200000000,0,1.63130134838e-08,,08,421,01
URBANO,084210102000000000392000000000,08421010200000392000,08421010200000000,0,1.64168699369e-08,,08,421,01
URBANO,084210102000000000404000000000,08421010200000404000,08421010200000000,0,1.64357599493e-08,,08,421,01
URBANO,084210102000000000401000000000,08421010200000401000,08421010200000000,0,1.64410127683e-08,,08,421,01
URBANO,084210102000000000386000000000,08421010200000386000,08421010200000000,0,1.64730093951e-08,,08,421,01
URBANO,084210102000000000405000000000,08421010200000405000,08421010200000000,0,1.65264381145e-08,,08,421,01
URBANO,084210102000000000390000000000,08421010200000390000,08421010200000000,0,1.67241978241e-08,,08,421,01
URBANO,084210102000000000408000000000,08421010200000408000,08421010200000000,0,1.69458856687e-08,,08,421,01
URBANO,084210102000000000394000000000,08421010200000394000,08421010200000000,0,1.66391598247e-08,,08,421,01
URBANO,084210102000000000334000000000,08421010200000334000,08421010200000000,0,1.62052951121e-08,,08,421,01
URBANO,084210100000000400011000000000,08421010000400011000,08421010000000040,0,2.03601712377e-08,,08,421,01
URBANO,084210100000000400007000000000,08421010000400007000,08421010000000040,0,1.57613551763e-07,,08,421,01
URBANO,084210100000000400002000000000,08421010000400002000,08421010000000040,0,3.47870000582e-08,,08,421,01
URBANO,084210100000000400014000000000,08421010000400014000,08421010000000040,0,3.83594987647e-08,,08,421,01
URBANO,084210100000000400003000000000,08421010000400003000,08421010000000040,0,2.89203591011e-08,,08,421,01
URBANO,084210100000000400019000000000,08421010000400019000,08421010000000040,0,1.78319791006e-08,,08,421,01
URBANO,084210100000000400010000000000,08421010000400010000,08421010000000040,0,2.5862624677e-08,,08,421,01
URBANO,084210100000000400008000000000,08421010000400008000,08421010000000040,0,2.79737035439e-08,,08,421,01
URBANO,084210100000000400009000000000,08421010000400009000,08421010000000040,0,3.82878742663e-08,,08,421,01
URBANO,084210100000000400005000000000,08421010000400005000,08421010000000040,0,3.41701529442e-08,,08,421,01
URBANO,084210100000000400006000000000,08421010000400006000,08421010000000040,0,3.49572597161e-08,,08,421,01
URBANO,084210100000000400021000000000,08421010000400021000,08421010000000040,0,1.6588081533e-08,,08,421,01
URBANO,084210100000000400012000000000,08421010000400012000,08421010000000040,0,1.73676987296e-08,,08,421,01
URBANO,084210100000000400013000000000,08421010000400013000,08421010000000040,0,1.80071124625e-08,,08,421,01
URBANO,084210100000000400020000000000,08421010000400020000,08421010000000040,0,1.9701258301e-08,,08,421,01
URBANO,084210100000000400004000000000,08421010000400004000,08421010000000040,0,2.94099086664e-08,,08,421,01
URBANO,084210100000000400017000000000,08421010000400017000,08421010000000040,0,2.09479123398e-08,,08,421,01
URBANO,084210100000000400018000000000,08421010000400018000,08421010000000040,0,2.0545363825e-08,,08,421,01
URBANO,084210100000000400023000000000,08421010000400023000,08421010000000040,0,1.64705503703e-08,,08,421,01
URBANO,084210100000000400022000000000,08421010000400022000,08421010000000040,0,1.6555678096e-08,,08,421,01
URBANO,084210100000000400001000000000,08421010000400001000,08421010000000040,0,1.81564676035e-08,,08,421,01
URBANO,084210100000000400024000000000,08421010000400024000,08421010000000040,0,1.45211971398e-08,,08,421,01
URBANO,084210100000000400016000000000,08421010000400016000,08421010000000040,0,2.66020410368e-08,,08,421,01
URBANO,084210100000000400015000000000,08421010000400015000,08421010000000040,0,1.49961404361e-08,,08,421,01
URBANO,084210100000000250011000000000,08421010000250011000,08421010000000025,0,1.42136598922e-07,,08,421,01
URBANO,084210100000000250007000000000,08421010000250007000,08421010000000025,0,6.43275152573e-08,,08,421,01
URBANO,084210100000000250022000000000,08421010000250022000,08421010000000025,0,2.20939664845e-08,,08,421,01
URBANO,084210100000000250012000000000,08421010000250012000,08421010000000025,0,3.14232870304e-08,,08,421,01
URBANO,084210100000000250021000000000,08421010000250021000,08421010000000025,0,3.45323799279e-08,,08,421,01
URBANO,084210100000000250014000000000,08421010000250014000,08421010000000025,0,3.91415803713e-08,,08,421,01
URBANO,084210100000000250015000000000,08421010000250015000,08421010000000025,0,4.06165156274e-08,,08,421,01
URBANO,084210100000000250016000000000,08421010000250016000,08421010000000025,0,4.66884283867e-08,,08,421,01
URBANO,084210100000000250017000000000,08421010000250017000,08421010000000025,0,6.41506137021e-08,,08,421,01
URBANO,084210100000000250013000000000,08421010000250013000,08421010000000025,0,6.91179779651e-08,,08,421,01
URBANO,084210100000000250018000000000,08421010000250018000,08421010000000025,0,8.15636153325e-08,,08,421,01
URBANO,084210100000000250008000000000,08421010000250008000,08421010000000025,0,6.44913341888e-08,,08,421,01
URBANO,084210100000000250010000000000,08421010000250010000,08421010000000025,0,1.94123951279e-08,,08,421,01
URBANO,084210100000000250020000000000,08421010000250020000,08421010000000025,0,2.02931134905e-08,,08,421,01
URBANO,084210100000000250002000000000,08421010000250002000,08421010000000025,0,2.67932660938e-08,,08,421,01
URBANO,084210100000000250004000000000,08421010000250004000,08421010000000025,0,2.80953343956e-08,,08,421,01
URBANO,084210100000000250005000000000,08421010000250005000,08421010000000025,0,3.07338393068e-08,,08,421,01
URBANO,084210100000000250019000000000,08421010000250019000,08421010000000025,0,3.34625457658e-08,,08,421,01
URBANO,084210100000000250009000000000,08421010000250009000,08421010000000025,0,4.18020421269e-08,,08,421,01
URBANO,084210100000000250003000000000,08421010000250003000,08421010000000025,0,4.65104234353e-08,,08,421,01
URBANO,084210100000000250001000000000,08421010000250001000,08421010000000025,0,5.48782722955e-08,,08,421,01
URBANO,084210100000000250006000000000,08421010000250006000,08421010000000025,0,5.52480554102e-08,,08,421,01
URBANO,084210100000000230007000000000,08421010000230007000,08421000000000000,0,4.50240378374e-08,,08,421,01
URBANO,084210100000000230014000000000,08421010000230014000,08421000000000000,0,1.70525576251e-08,,08,421,01
URBANO,084210100000000230012000000000,08421010000230012000,08421000000000000,0,1.98353393369e-08,,08,421,01
URBANO,084210100000000230013000000000,08421010000230013000,08421000000000000,0,3.16710292947e-08,,08,421,01
URBANO,084210100000000230001000000000,08421010000230001000,08421000000000000,0,1.80233642027e-08,,08,421,01
URBANO,084210100000000230002000000000,08421010000230002000,08421000000000000,0,1.35040850625e-08,,08,421,01
URBANO,084210100000000230008000000000,08421010000230008000,08421000000000000,0,4.56980790244e-08,,08,421,01
URBANO,084210100000000230011000000000,08421010000230011000,08421000000000000,0,4.94756915564e-08,,08,421,01
URBANO,084210100000000230005000000000,08421010000230005000,08421000000000000,0,2.53973323718e-08,,08,421,01
URBANO,084210100000000230006000000000,08421010000230006000,08421000000000000,0,2.34720841866e-08,,08,421,01
URBANO,084210100000000230015000000000,08421010000230015000,08421000000000000,0,1.66902193494e-08,,08,421,01
URBANO,084210100000000230010000000000,08421010000230010000,08421000000000000,0,2.90841259932e-08,,08,421,01
URBANO,084210100000000230009000000000,08421010000230009000,08421000000000000,0,2.64787847537e-08,,08,421,01
URBANO,084210100000000380001000000000,08421010000380001000,08421010000000038,0,1.81807977607e-07,,08,421,01
URBANO,084210100000000380015000000000,08421010000380015000,08421010000000038,0,5.55889200095e-08,,08,421,01
URBANO,084210100000000380009000000000,08421010000380009000,08421010000000038,0,3.25285903701e-08,,08,421,01
URBANO,084210100000000380008000000000,08421010000380008000,08421010000000038,0,1.50557119942e-08,,08,421,01
URBANO,084210100000000380016000000000,08421010000380016000,08421010000000038,0,1.65943685357e-08,,08,421,01
URBANO,084210100000000380007000000000,08421010000380007000,08421010000000038,0,1.80991499362e-08,,08,421,01
URBANO,084210100000000380003000000000,08421010000380003000,08421010000000038,0,5.11310302818e-08,,08,421,01
URBANO,084210100000000380011000000000,08421010000380011000,08421010000000038,0,5.70611536366e-08,,08,421,01
URBANO,084210100000000380010000000000,08421010000380010000,08421010000000038,0,4.73847140023e-08,,08,421,01
URBANO,084210100000000380019000000000,08421010000380019000,08421010000000038,0,4.68816575395e-08,,08,421,01
URBANO,084210100000000380012000000000,08421010000380012000,08421010000000038,0,2.99580361871e-08,,08,421,01
URBANO,084210100000000380013000000000,08421010000380013000,08421010000000038,0,4.14349324764e-08,,08,421,01
URBANO,084210100000000380014000000000,08421010000380014000,08421010000000038,0,4.91644400422e-08,,08,421,01
URBANO,084210100000000380006000000000,08421010000380006000,08421010000000038,0,6.57600279893e-08,,08,421,01
URBANO,084210100000000380005000000000,08421010000380005000,08421010000000038,0,2.67506829238e-08,,08,421,01
URBANO,084210100000000380004000000000,08421010000380004000,08421010000000038,0,3.00558935609e-08,,08,421,01
URBANO,084210100000000380002000000000,08421010000380002000,08421010000000038,0,1.17981829118e-07,,08,421,01
URBANO,084210100000000380018000000000,08421010000380018000,08421010000000038,0,1.32464617791e-08,,08,421,01
URBANO,084210100000000380017000000000,08421010000380017000,08421010000000038,0,1.03728931856e-08,,08,421,01
URBANO,084210102000000000411000000000,08421010200000411000,08421010200000000,0,1.9825652745e-08,,08,421,01
URBANO,084210102000000000412000000000,08421010200000412000,08421010200000000,0,1.98524676734e-08,,08,421,01
URBANO,084210102000000000417000000000,08421010200000417000,08421010200000000,0,1.60638521502e-08,,08,421,01
URBANO,084210102000000000416000000000,08421010200000416000,08421010200000000,0,1.88018997421e-08,,08,421,01
URBANO,084210102000000000418000000000,08421010200000418000,08421010200000000,0,5.14314944052e-09,,08,421,01
URBANO,084210102000000000419000000000,08421010200000419000,08421010200000000,0,1.6603089547e-08,,08,421,01
URBANO,084210102000000000420000000000,08421010200000420000,08421010200000000,0,1.7734851732e-08,,08,421,01
URBANO,084210102000000000415000000000,08421010200000415000,08421010200000000,0,1.79798835576e-08,,08,421,01
URBANO,084210102000000000414000000000,08421010200000414000,08421010200000000,0,1.82598980529e-08,,08,421,01
URBANO,084210102000000000422000000000,08421010200000422000,08421010200000000,0,1.20170388411e-08,,08,421,01
URBANO,084210102000000000421000000000,08421010200000421000,08421010200000000,0,1.58123145689e-08,,08,421,01
URBANO,084210102000000000413000000000,08421010200000413000,08421010200000000,0,1.82055206453e-08,,08,421,01
URBANO,084210102000000000424000000000,08421010200000424000,08421010200000000,0,1.67208465232e-08,,08,421,01
URBANO,084210102000000000409000000000,08421010200000409000,08421010200000000,0,1.46553929417e-08,,08,421,01
URBANO,084210102000000000410000000000,08421010200000410000,08421010200000000,0,2.31375358508e-08,,08,421,01
URBANO,084210102000000000423000000000,08421010200000423000,08421010200000000,0,5.92028888148e-09,,08,421,01
URBANO,084210100000001330001000000000,08421010001330001000,08421010000000133,0,8.69767214144e-07,,08,421,01
URBANO,084210100000000290008000000000,08421010000290008000,08421010000000029,0,1.80431639478e-07,,08,421,01
URBANO,084210100000000290015000000000,08421010000290015000,08421010000000029,0,1.12424303704e-07,,08,421,01
URBANO,084210100000000290004000000000,08421010000290004000,08421010000000029,0,7.99909109882e-08,,08,421,01
URBANO,084210100000000290003000000000,08421010000290003000,08421010000000029,0,9.13355331642e-09,,08,421,01
URBANO,084210100000000290002000000000,08421010000290002000,08421010000000029,0,2.78985033e-08,,08,421,01
URBANO,084210100000000290001000000000,08421010000290001000,08421010000000029,0,5.01340481888e-08,,08,421,01
URBANO,084210100000000290006000000000,08421010000290006000,08421010000000029,0,7.22564462842e-08,,08,421,01
URBANO,084210100000000290017000000000,08421010000290017000,08421010000000029,0,7.77126262248e-08,,08,421,01
URBANO,084210100000000290005000000000,08421010000290005000,08421010000000029,0,1.13856821391e-07,,08,421,01
URBANO,084210100000000290007000000000,08421010000290007000,08421010000000029,0,1.40453765197e-07,,08,421,01
URBANO,084210100000000290016000000000,08421010000290016000,08421010000000029,0,3.07525895697e-08,,08,421,01
URBANO,084210100000000290011000000000,08421010000290011000,08421010000000029,0,1.19025237427e-07,,08,421,01
URBANO,084210100000000290014000000000,08421010000290014000,08421010000000029,0,8.10950594341e-08,,08,421,01
URBANO,084210100000000290019000000000,08421010000290019000,08421010000000029,0,3.20462390665e-08,,08,421,01
URBANO,084210100000000290009000000000,08421010000290009000,08421010000000029,0,8.72421820675e-08,,08,421,01
URBANO,084210100000000290018000000000,08421010000290018000,08421010000000029,0,2.44386108309e-08,,08,421,01
URBANO,084210100000000290010000000000,08421010000290010000,08421010000000029,0,2.8424831404e-08,,08,421,01
URBANO,084210100000000290012000000000,08421010000290012000,08421010000000029,0,8.59676692629e-08,,08,421,01
URBANO,084210100000000290013000000000,08421010000290013000,08421010000000029,0,8.93559050532e-08,,08,421,01
URBANO,084210100000000830001000000000,08421010000830001000,08421010000000083,0,7.16123591121e-07,,08,421,01
URBANO,084210100000000890001000000000,08421010000890001000,08421010000000089,0,8.42592721179e-08,,08,421,01
URBANO,084210100000000840007000000000,08421010000840007000,08421010000000084,0,4.62145784213e-08,,08,421,01
URBANO,084210100000000840016000000000,08421010000840016000,08421010000000084,0,1.00571470433e-08,,08,421,01
URBANO,084210100000000840001000000000,08421010000840001000,08421010000000084,0,2.05765091882e-08,,08,421,01
URBANO,084210100000000840012000000000,08421010000840012000,08421010000000084,0,3.63181253066e-08,,08,421,01
URBANO,084210100000000840013000000000,08421010000840013000,08421010000000084,0,2.89775382196e-08,,08,421,01
URBANO,084210100000000840010000000000,08421010000840010000,08421010000000084,0,4.09421727642e-08,,08,421,01
URBANO,084210100000000840011000000000,08421010000840011000,08421010000000084,0,3.36548610482e-08,,08,421,01
URBANO,084210100000000840002000000000,08421010000840002000,08421010000000084,0,3.27201653334e-08,,08,421,01
URBANO,084210100000000840003000000000,08421010000840003000,08421010000000084,0,2.63423459165e-08,,08,421,01
URBANO,084210100000000840005000000000,08421010000840005000,08421010000000084,0,3.31946958243e-08,,08,421,01
URBANO,084210100000000840009000000000,08421010000840009000,08421010000000084,0,3.347630945e-08,,08,421,01
URBANO,084210100000000840017000000000,08421010000840017000,08421010000000084,0,1.48558889387e-08,,08,421,01
URBANO,084210100000000840004000000000,08421010000840004000,08421010000000084,0,1.49407275349e-08,,08,421,01
URBANO,084210100000000840008000000000,08421010000840008000,08421010000000084,0,4.40048603223e-08,,08,421,01
URBANO,084210100000000840014000000000,08421010000840014000,08421010000000084,0,1.63561790522e-08,,08,421,01
URBANO,084210100000000840006000000000,08421010000840006000,08421010000000084,0,2.03279306665e-08,,08,421,01
URBANO,084210100000000840015000000000,08421010000840015000,08421010000000084,0,1.79497514487e-08,,08,421,01
URBANO,084210100000000780007000000000,08421010000780007000,08421010000000078,0,4.53093232031e-08,,08,421,01
URBANO,084210100000000780012000000000,08421010000780012000,08421010000000078,0,3.09118932219e-08,,08,421,01
URBANO,084210100000000780001000000000,08421010000780001000,08421010000000078,0,2.09675786306e-08,,08,421,01
URBANO,084210100000000780002000000000,08421010000780002000,08421010000000078,0,2.70739626865e-08,,08,421,01
URBANO,084210100000000780014000000000,08421010000780014000,08421010000000078,0,2.34231189477e-08,,08,421,01
URBANO,084210100000000780013000000000,08421010000780013000,08421010000000078,0,2.96943137781e-08,,08,421,01
URBANO,084210100000000780003000000000,08421010000780003000,08421010000000078,0,3.33210682187e-08,,08,421,01
URBANO,084210100000000780004000000000,08421010000780004000,08421010000000078,0,4.81763467398e-08,,08,421,01
URBANO,084210100000000780010000000000,08421010000780010000,08421010000000078,0,1.08213651793e-08,,08,421,01
URBANO,084210100000000780011000000000,08421010000780011000,08421010000000078,0,1.77288392764e-08,,08,421,01
URBANO,084210100000000780008000000000,08421010000780008000,08421010000000078,0,3.10533680802e-08,,08,421,01
URBANO,084210100000000780006000000000,08421010000780006000,08421010000000078,0,4.35604806308e-08,,08,421,01
URBANO,084210100000000780005000000000,08421010000780005000,08421010000000078,0,5.05755032879e-08,,08,421,01
URBANO,084210100000000780009000000000,08421010000780009000,08421010000000078,0,2.67249841519e-08,,08,421,01
URBANO,084210100000000780016000000000,08421010000780016000,08421010000000078,0,7.15286801836e-09,,08,421,01
URBANO,084210100000000780015000000000,08421010000780015000,08421010000000078,0,7.9059775491e-09,,08,421,01
URBANO,084210100000001470007000000000,08421010001470007000,08421010000000147,0,1.68809167017e-08,,08,421,01
URBANO,084210100000001470001000000000,08421010001470001000,08421010000000147,0,1.63086343435e-08,,08,421,01
URBANO,084210100000001470005000000000,08421010001470005000,08421010000000147,0,1.63864672162e-08,,08,421,01
URBANO,084210100000001470004000000000,08421010001470004000,08421010000000147,0,1.64061175861e-08,,08,421,01
URBANO,084210100000001470006000000000,08421010001470006000,08421010000000147,0,1.65929360299e-08,,08,421,01
URBANO,084210100000001470003000000000,08421010001470003000,08421010000000147,0,1.6240747358e-08,,08,421,01
URBANO,084210100000001470002000000000,08421010001470002000,08421010000000147,0,1.54871251706e-08,,08,421,01
URBANO,084210100000000820006000000000,08421010000820006000,08421010000000082,0,3.49278333229e-07,,08,421,01
URBANO,084210100000000820009000000000,08421010000820009000,08421010000000082,0,1.81690714174e-07,,08,421,01
URBANO,084210100000000820003000000000,08421010000820003000,08421010000000082,0,3.04500633716e-08,,08,421,01
URBANO,084210100000000820005000000000,08421010000820005000,08421010000000082,0,3.49456452278e-08,,08,421,01
URBANO,084210100000000820004000000000,08421010000820004000,08421010000000082,0,2.67631720316e-08,,08,421,01
URBANO,084210100000000820008000000000,08421010000820008000,08421010000000082,0,2.74741164283e-08,,08,421,01
URBANO,084210100000000820007000000000,08421010000820007000,08421010000000082,0,4.17040007477e-08,,08,421,01
URBANO,084210100000000820010000000000,08421010000820010000,08421010000000082,0,4.39416517053e-08,,08,421,01
URBANO,084210100000000820002000000000,08421010000820002000,08421010000000082,0,5.3454336262e-08,,08,421,01
URBANO,084210100000000820001000000000,08421010000820001000,08421010000000082,0,5.33587034347e-08,,08,421,01
URBANO,084210100000000480009000000000,08421010000480009000,08421010000000048,0,6.59421530545e-08,,08,421,01
URBANO,084210100000000480032000000000,08421010000480032000,08421010000000048,0,2.8219425714e-08,,08,421,01
URBANO,084210100000000480008000000000,08421010000480008000,08421010000000048,0,2.99860555605e-08,,08,421,01
URBANO,084210100000000480006000000000,08421010000480006000,08421010000000048,0,5.36149785093e-08,,08,421,01
URBANO,084210100000000480007000000000,08421010000480007000,08421010000000048,0,5.61603884154e-08,,08,421,01
URBANO,084210100000000480005000000000,08421010000480005000,08421010000000048,0,2.81329467614e-08,,08,421,01
URBANO,084210100000000480031000000000,08421010000480031000,08421010000000048,0,2.47888019637e-08,,08,421,01
URBANO,084210100000000480013000000000,08421010000480013000,08421010000000048,0,1.64657454547e-08,,08,421,01
URBANO,084210100000000500018000000000,08421010000500018000,08421010000000050,0,4.2999364274e-08,,08,421,01
URBANO,084210100000000500026000000000,08421010000500026000,08421010000000050,0,2.75750929506e-08,,08,421,01
URBANO,084210100000000500025000000000,08421010000500025000,08421010000000050,0,5.3224408495e-08,,08,421,01
URBANO,084210100000000500002000000000,08421010000500002000,08421010000000050,0,3.83171998006e-08,,08,421,01
URBANO,084210100000000500001000000000,08421010000500001000,08421010000000050,0,6.76420202741e-08,,08,421,01
URBANO,084210100000000500006000000000,08421010000500006000,08421010000000050,0,3.74522991586e-08,,08,421,01
URBANO,084210100000000500027000000000,08421010000500027000,08421010000000050,0,2.77454047842e-08,,08,421,01
URBANO,084210100000000500014000000000,08421010000500014000,08421010000000050,0,3.2448899754e-08,,08,421,01
URBANO,084210100000000500011000000000,08421010000500011000,08421010000000050,0,2.53634833261e-08,,08,421,01
URBANO,084210100000000500012000000000,08421010000500012000,08421010000000050,0,4.44091027289e-08,,08,421,01
URBANO,084210100000000500013000000000,08421010000500013000,08421010000000050,0,2.46117348087e-08,,08,421,01
URBANO,084210100000000500015000000000,08421010000500015000,08421010000000050,0,2.94742874512e-08,,08,421,01
URBANO,084210100000000500016000000000,08421010000500016000,08421010000000050,0,3.33171747157e-08,,08,421,01
URBANO,084210100000000500010000000000,08421010000500010000,08421010000000050,0,2.66524972891e-08,,08,421,01
URBANO,084210100000000500031000000000,08421010000500031000,08421010000000050,0,1.01200076993e-08,,08,421,01
URBANO,084210100000000500004000000000,08421010000500004000,08421010000000050,0,1.99740349765e-08,,08,421,01
URBANO,084210100000000500030000000000,08421010000500030000,08421010000000050,0,2.00452258142e-08,,08,421,01
URBANO,084210100000000500009000000000,08421010000500009000,08421010000000050,0,2.40885702319e-08,,08,421,01
URBANO,084210100000000500028000000000,08421010000500028000,08421010000000050,0,2.48584279347e-08,,08,421,01
URBANO,084210100000000500005000000000,08421010000500005000,08421010000000050,0,2.57143915536e-08,,08,421,01
URBANO,084210100000000500003000000000,08421010000500003000,08421010000000050,0,2.64197751901e-08,,08,421,01
URBANO,084210100000000500008000000000,08421010000500008000,08421010000000050,0,2.64614411643e-08,,08,421,01
URBANO,084210100000000500007000000000,08421010000500007000,08421010000000050,0,3.72872678423e-08,,08,421,01
URBANO,084210100000000500023000000000,08421010000500023000,08421010000000050,0,2.44161036266e-08,,08,421,01
URBANO,084210100000000500024000000000,08421010000500024000,08421010000000050,0,2.45629536971e-08,,08,421,01
URBANO,084210100000000500021000000000,08421010000500021000,08421010000000050,0,2.60033274989e-08,,08,421,01
URBANO,084210100000000500022000000000,08421010000500022000,08421010000000050,0,2.62846684821e-08,,08,421,01
URBANO,084210100000000500017000000000,08421010000500017000,08421010000000050,0,2.54909359234e-08,,08,421,01
URBANO,084210100000000500020000000000,08421010000500020000,08421010000000050,0,2.64677003002e-08,,08,421,01
URBANO,084210100000000500019000000000,08421010000500019000,08421010000000050,0,2.93352765234e-08,,08,421,01
URBANO,084210100000000480004000000000,08421010000480004000,08421010000000048,0,2.54915299999e-08,,08,421,01
URBANO,084210100000000480014000000000,08421010000480014000,08421010000000048,0,3.25985655507e-08,,08,421,01
URBANO,084210100000000480028000000000,08421010000480028000,08421010000000048,0,1.43649579505e-08,,08,421,01
URBANO,084210100000000480001000000000,08421010000480001000,08421010000000048,0,2.58747846341e-08,,08,421,01
URBANO,084210100000000480029000000000,08421010000480029000,08421010000000048,0,2.30696553171e-08,,08,421,01
URBANO,084210100000000480027000000000,08421010000480027000,08421010000000048,0,1.26254915077e-08,,08,421,01
URBANO,084210100000000480030000000000,08421010000480030000,08421010000000048,0,2.58713478211e-08,,08,421,01
URBANO,084210100000000480003000000000,08421010000480003000,08421010000000048,0,2.78260090171e-08,,08,421,01
URBANO,084210100000000480002000000000,08421010000480002000,08421010000000048,0,5.35567812169e-08,,08,421,01
URBANO,084210100000000480026000000000,08421010000480026000,08421010000000048,0,4.80734006804e-08,,08,421,01
URBANO,084210100000000480024000000000,08421010000480024000,08421010000000048,0,2.64854174745e-08,,08,421,01
URBANO,084210100000000480025000000000,08421010000480025000,08421010000000048,0,3.86901607361e-08,,08,421,01
URBANO,084210100000000480023000000000,08421010000480023000,08421010000000048,0,3.05408767091e-08,,08,421,01
URBANO,084210100000000480022000000000,08421010000480022000,08421010000000048,0,3.97200078176e-08,,08,421,01
URBANO,084210100000000480016000000000,08421010000480016000,08421010000000048,0,2.35763818633e-08,,08,421,01
URBANO,084210100000000480015000000000,08421010000480015000,08421010000000048,0,2.54339333844e-08,,08,421,01
URBANO,084210100000000480020000000000,08421010000480020000,08421010000000048,0,2.55262171853e-08,,08,421,01
URBANO,084210100000000480021000000000,08421010000480021000,08421010000000048,0,2.57409959151e-08,,08,421,01
URBANO,084210100000000480019000000000,08421010000480019000,08421010000000048,0,2.62616430733e-08,,08,421,01
URBANO,084210100000000480017000000000,08421010000480017000,08421010000000048,0,2.77553051766e-08,,08,421,01
URBANO,084210100000000480018000000000,08421010000480018000,08421010000000048,0,2.97380084378e-08,,08,421,01
URBANO,084210100000000480012000000000,08421010000480012000,08421010000000048,0,2.48092208753e-08,,08,421,01
URBANO,084210100000000480011000000000,08421010000480011000,08421010000000048,0,2.9951136334e-08,,08,421,01
URBANO,084210100000000500029000000000,08421010000500029000,08421010000000050,0,1.99660222507e-08,,08,421,01
URBANO,084210100000000270002000000000,08421010000270002000,08421010000000027,0,2.56532179049e-08,,08,421,01
URBANO,084210100000000940013000000000,08421010000940013000,08421010000000094,0,3.21749434635e-06,,08,421,01
URBANO,084210500000000020006000000000,08421050000020006000,08421050000000002,0,2.41559156243e-07,,08,421,05
URBANO,084210500000000020004000000000,08421050000020004000,08421050000000002,0,3.42885778541e-08,,08,421,05
URBANO,084210500000000020005000000000,08421050000020005000,08421050000000002,0,6.85209227628e-08,,08,421,05
URBANO,084210500000000020008000000000,08421050000020008000,08421050000000002,0,9.91903228555e-08,,08,421,05
URBANO,084210500000000020007000000000,08421050000020007000,08421050000000002,0,6.18953177371e-08,,08,421,05
URBANO,084210500000000020003000000000,08421050000020003000,08421050000000002,0,3.35907980711e-08,,08,421,05
URBANO,084210500000000020001000000000,08421050000020001000,08421050000000002,0,2.34090947326e-08,,08,421,05
URBANO,084210500000000020002000000000,08421050000020002000,08421050000000002,0,2.89254319586e-08,,08,421,05
URBANO,084210500000000030001000000000,08421050000030001000,08421050000000003,0,2.66930617043e-07,,08,421,05
URBANO,084210500000000040005000000000,08421050000040005000,08421050000000004,0,2.20224645699e-07,,08,421,05
URBANO,084210500000000040019000000000,08421050000040019000,08421050000000004,0,7.06222614591e-08,,08,421,05
URBANO,084210500000000040018000000000,08421050000040018000,08421050000000004,0,4.9576160534e-08,,08,421,05
URBANO,084210500000000040017000000000,08421050000040017000,08421050000000004,0,3.15557710918e-08,,08,421,05
URBANO,084210500000000040016000000000,08421050000040016000,08421050000000004,0,3.96518687804e-08,,08,421,05
URBANO,084210500000000040015000000000,08421050000040015000,08421050000000004,0,9.68546010029e-08,,08,421,05
URBANO,084210500000000040014000000000,08421050000040014000,08421050000000004,0,6.10369356424e-08,,08,421,05
URBANO,084210500000000040013000000000,08421050000040013000,08421050000000004,0,3.82204870118e-08,,08,421,05
URBANO,084210500000000040012000000000,08421050000040012000,08421050000000004,0,9.99797238299e-08,,08,421,05
URBANO,084210500000000040011000000000,08421050000040011000,08421050000000004,0,7.60188030644e-08,,08,421,05
URBANO,084210500000000040010000000000,08421050000040010000,08421050000000004,0,6.76960948691e-08,,08,421,05
URBANO,084210500000000040008000000000,08421050000040008000,08421050000000004,0,7.79924026145e-08,,08,421,05
URBANO,084210500000000040007000000000,08421050000040007000,08421050000000004,0,6.55532761798e-08,,08,421,05
URBANO,084210500000000040006000000000,08421050000040006000,08421050000000004,0,1.14305126217e-07,,08,421,05
URBANO,084210500000000040002000000000,08421050000040002000,08421050000000004,0,1.1335414297e-07,,08,421,05
URBANO,084210500000000040003000000000,08421050000040003000,08421050000000004,0,5.10626098457e-08,,08,421,05
URBANO,084210500000000040001000000000,08421050000040001000,08421050000000004,0,1.89334717153e-08,,08,421,05
URBANO,084210500000000040004000000000,08421050000040004000,08421050000000004,0,1.54908064148e-07,,08,421,05
URBANO,084210500000000040009000000000,08421050000040009000,08421050000000004,0,6.60215860041e-08,,08,421,05
URBANO,084210500000000050001000000000,08421050000050001000,08421050000000005,0,5.70157788165e-07,,08,421,05
URBANO,084210500000000050005000000000,08421050000050005000,08421050000000005,0,2.15824405436e-07,,08,421,05
URBANO,084210500000000050004000000000,08421050000050004000,08421050000000005,0,6.63802155222e-09,,08,421,05
URBANO,084210500000000050003000000000,08421050000050003000,08421050000000005,0,1.75155260579e-08,,08,421,05
URBANO,084210500000000050002000000000,08421050000050002000,08421050000000005,0,2.25407416292e-08,,08,421,05
URBANO,084210500000000060005000000000,08421050000060005000,08421050000000006,0,2.70332404548e-08,,08,421,05
URBANO,084210500000000060001000000000,08421050000060001000,08421050000000006,0,2.9356194823e-08,,08,421,05
URBANO,084210500000000060002000000000,08421050000060002000,08421050000000006,0,4.73870309775e-08,,08,421,05
URBANO,084210500000000060003000000000,08421050000060003000,08421050000000006,0,3.40498393711e-08,,08,421,05
URBANO,084210500000000060004000000000,08421050000060004000,08421050000000006,0,2.6641107246e-08,,08,421,05
URBANO,084210500000000070001000000000,08421050000070001000,08421050000000007,0,1.5201332913e-07,,08,421,05
URBANO,084210500000000070002000000000,08421050000070002000,08421050000000007,0,7.80593879337e-08,,08,421,05
URBANO,084210500000000080015000000000,08421050000080015000,08421050000000008,0,5.93987737734e-08,,08,421,05
URBANO,084210500000000080013000000000,08421050000080013000,08421050000000008,0,5.13078430135e-08,,08,421,05
URBANO,084210500000000080001000000000,08421050000080001000,08421050000000008,0,1.99336655758e-08,,08,421,05
URBANO,084210500000000080002000000000,08421050000080002000,08421050000000008,0,2.72309385195e-08,,08,421,05
URBANO,084210500000000080003000000000,08421050000080003000,08421050000000008,0,2.38370272607e-08,,08,421,05
URBANO,084210500000000080004000000000,08421050000080004000,08421050000000008,0,1.61456322084e-08,,08,421,05
URBANO,084210500000000080005000000000,08421050000080005000,08421050000000008,0,2.96631674825e-08,,08,421,05
URBANO,084210500000000080006000000000,08421050000080006000,08421050000000008,0,2.71164777082e-08,,08,421,05
URBANO,084210500000000080007000000000,08421050000080007000,08421050000000008,0,3.47079394671e-08,,08,421,05
URBANO,084210500000000080008000000000,08421050000080008000,08421050000000008,0,5.46554284011e-08,,08,421,05
URBANO,084210500000000080009000000000,08421050000080009000,08421050000000008,0,4.29200563299e-08,,08,421,05
URBANO,084210500000000080010000000000,08421050000080010000,08421050000000008,0,1.48913910346e-07,,08,421,05
URBANO,084210500000000080011000000000,08421050000080011000,08421050000000008,0,5.98001156769e-08,,08,421,05
URBANO,084210500000000080012000000000,08421050000080012000,08421050000000008,0,5.78224157817e-08,,08,421,05
URBANO,084210500000000080014000000000,08421050000080014000,08421050000000008,0,4.30456336399e-08,,08,421,05
URBANO,084210500000000090019000000000,08421050000090019000,08421050000000009,0,1.58563972971e-07,,08,421,05
URBANO,084210500000000090020000000000,08421050000090020000,08421050000000009,0,9.8896222383e-08,,08,421,05
URBANO,084210500000000090001000000000,08421050000090001000,08421050000000009,0,2.07575491717e-08,,08,421,05
URBANO,084210500000000090002000000000,08421050000090002000,08421050000000009,0,5.19648898863e-08,,08,421,05
URBANO,084210500000000090003000000000,08421050000090003000,08421050000000009,0,3.94671182091e-08,,08,421,05
URBANO,084210500000000090004000000000,08421050000090004000,08421050000000009,0,6.84311655279e-08,,08,421,05
URBANO,084210500000000090005000000000,08421050000090005000,08421050000000009,0,4.37230064474e-08,,08,421,05
URBANO,084210500000000090006000000000,08421050000090006000,08421050000000009,0,5.27242406682e-08,,08,421,05
URBANO,084210500000000090007000000000,08421050000090007000,08421050000000009,0,1.48330727767e-07,,08,421,05
URBANO,084210500000000090008000000000,08421050000090008000,08421050000000009,0,7.72910293914e-08,,08,421,05
URBANO,084210500000000090009000000000,08421050000090009000,08421050000000009,0,1.30520735213e-07,,08,421,05
URBANO,084210500000000090010000000000,08421050000090010000,08421050000000009,0,4.10585431962e-08,,08,421,05
URBANO,084210500000000090011000000000,08421050000090011000,08421050000000009,0,2.46262004734e-07,,08,421,05
URBANO,084210500000000090012000000000,08421050000090012000,08421050000000009,0,9.71509964073e-08,,08,421,05
URBANO,084210500000000090013000000000,08421050000090013000,08421050000000009,0,4.89674910539e-08,,08,421,05
URBANO,084210500000000090014000000000,08421050000090014000,08421050000000009,0,4.96291700028e-08,,08,421,05
URBANO,084210500000000090015000000000,08421050000090015000,08421050000000009,0,8.8060236749e-08,,08,421,05
URBANO,084210500000000090016000000000,08421050000090016000,08421050000000009,0,8.63567374073e-08,,08,421,05
URBANO,084210500000000090017000000000,08421050000090017000,08421050000000009,0,7.0169895847e-08,,08,421,05
URBANO,084210500000000090018000000000,08421050000090018000,08421050000000009,0,1.23113939583e-07,,08,421,05
URBANO,084210500000000100006000000000,08421050000100006000,08421050000000010,0,2.49188956006e-08,,08,421,05
URBANO,084210500000000100001000000000,08421050000100001000,08421050000000010,0,7.34331920785e-08,,08,421,05
URBANO,084210500000000100002000000000,08421050000100002000,08421050000000010,0,7.27025561363e-08,,08,421,05
URBANO,084210500000000100003000000000,08421050000100003000,08421050000000010,0,6.27258898395e-08,,08,421,05
URBANO,084210500000000100004000000000,08421050000100004000,08421050000000010,0,6.15283862178e-08,,08,421,05
URBANO,084210500000000100011000000000,08421050000100011000,08421050000000010,0,4.58755308297e-08,,08,421,05
URBANO,084210500000000100010000000000,08421050000100010000,08421050000000010,0,3.17590954775e-08,,08,421,05
URBANO,084210500000000100009000000000,08421050000100009000,08421050000000010,0,3.18453414794e-08,,08,421,05
URBANO,084210500000000100008000000000,08421050000100008000,08421050000000010,0,3.31085748496e-08,,08,421,05
URBANO,084210500000000100007000000000,08421050000100007000,08421050000000010,0,3.74294456943e-08,,08,421,05
URBANO,084210500000000100005000000000,08421050000100005000,08421050000000010,0,1.36882256861e-08,,08,421,05
URBANO,084210500000000110003000000000,08421050000110003000,08421050000000011,0,5.65940339506e-08,,08,421,05
URBANO,084210500000000110014000000000,08421050000110014000,08421050000000011,0,2.32140532412e-08,,08,421,05
URBANO,084210500000000110013000000000,08421050000110013000,08421050000000011,0,3.30143067789e-08,,08,421,05
URBANO,084210500000000110015000000000,08421050000110015000,08421050000000011,0,2.27806809425e-08,,08,421,05
URBANO,084210500000000110016000000000,08421050000110016000,08421050000000011,0,4.64849979169e-08,,08,421,05
URBANO,084210500000000110001000000000,08421050000110001000,08421050000000011,0,4.05884906774e-08,,08,421,05
URBANO,084210500000000110017000000000,08421050000110017000,08421050000000011,0,2.93198403129e-08,,08,421,05
URBANO,084210500000000110002000000000,08421050000110002000,08421050000000011,0,6.5546051141e-08,,08,421,05
URBANO,084210500000000110012000000000,08421050000110012000,08421050000000011,0,6.19837866764e-08,,08,421,05
URBANO,084210500000000110011000000000,08421050000110011000,08421050000000011,0,4.29513804517e-08,,08,421,05
URBANO,084210500000000110008000000000,08421050000110008000,08421050000000011,0,5.25888047762e-08,,08,421,05
URBANO,084210500000000110006000000000,08421050000110006000,08421050000000011,0,3.03452033523e-08,,08,421,05
URBANO,084210500000000110007000000000,08421050000110007000,08421050000000011,0,4.16614843163e-08,,08,421,05
URBANO,084210500000000110009000000000,08421050000110009000,08421050000000011,0,3.43528970044e-08,,08,421,05
URBANO,084210500000000110005000000000,08421050000110005000,08421050000000011,0,4.52552649216e-08,,08,421,05
URBANO,084210500000000110004000000000,08421050000110004000,08421050000000011,0,3.96871319349e-08,,08,421,05
URBANO,084210500000000110010000000000,08421050000110010000,08421050000000011,0,3.46740254464e-08,,08,421,05
URBANO,084210500000000120004000000000,08421050000120004000,08421050000000012,0,2.00462308477e-08,,08,421,05
URBANO,084210500000000120003000000000,08421050000120003000,08421050000000012,0,5.26981246378e-08,,08,421,05
URBANO,084210500000000120005000000000,08421050000120005000,08421050000000012,0,1.49516900893e-08,,08,421,05
URBANO,084210500000000120001000000000,08421050000120001000,08421050000000012,0,3.36555087418e-08,,08,421,05
URBANO,084210500000000120002000000000,08421050000120002000,08421050000000012,0,1.93126138005e-08,,08,421,05
URBANO,084210500000000130001000000000,08421050000130001000,08421050000000013,0,1.5953484125e-07,,08,421,05
URBANO,084210500000000130002000000000,08421050000130002000,08421050000000013,0,3.60664417921e-08,,08,421,05
URBANO,084210500000000140005000000000,08421050000140005000,08421050000000014,0,2.85363379779e-08,,08,421,05
URBANO,084210500000000140012000000000,08421050000140012000,08421050000000014,0,2.75591801338e-08,,08,421,05
URBANO,084210500000000140011000000000,08421050000140011000,08421050000000014,0,7.78563231589e-08,,08,421,05
URBANO,084210500000000140001000000000,08421050000140001000,08421050000000014,0,8.20219749982e-08,,08,421,05
URBANO,084210500000000140002000000000,08421050000140002000,08421050000000014,0,5.89626279292e-08,,08,421,05
URBANO,084210500000000140003000000000,08421050000140003000,08421050000000014,0,2.48026096552e-08,,08,421,05
URBANO,084210500000000140004000000000,08421050000140004000,08421050000000014,0,2.43749489097e-08,,08,421,05
URBANO,084210500000000140006000000000,08421050000140006000,08421050000000014,0,2.57367236844e-08,,08,421,05
URBANO,084210500000000140007000000000,08421050000140007000,08421050000000014,0,1.6317350012e-08,,08,421,05
URBANO,084210500000000140008000000000,08421050000140008000,08421050000000014,0,1.77749210411e-08,,08,421,05
URBANO,084210500000000140009000000000,08421050000140009000,08421050000000014,0,1.29238415684e-08,,08,421,05
URBANO,084210500000000140010000000000,08421050000140010000,08421050000000014,0,1.4066335146e-08,,08,421,05
URBANO,084210500000000150006000000000,08421050000150006000,08421050000000015,0,7.29038231947e-07,,08,421,05
URBANO,084210500000000150001000000000,08421050000150001000,08421050000000015,0,1.21106621089e-07,,08,421,05
URBANO,084210500000000150008000000000,08421050000150008000,08421050000000015,0,3.37131543072e-08,,08,421,05
URBANO,084210500000000150007000000000,08421050000150007000,08421050000000015,0,3.24910459884e-08,,08,421,05
URBANO,084210500000000150009000000000,08421050000150009000,08421050000000015,0,3.25839380595e-08,,08,421,05
URBANO,084210500000000150003000000000,08421050000150003000,08421050000000015,0,1.61469110232e-07,,08,421,05
URBANO,084210500000000150004000000000,08421050000150004000,08421050000000015,0,1.04488173238e-07,,08,421,05
URBANO,084210500000000150002000000000,08421050000150002000,08421050000000015,0,3.55472786763e-08,,08,421,05
URBANO,084210500000000150005000000000,08421050000150005000,08421050000000015,0,7.42207227315e-08,,08,421,05
URBANO,084210500000000150010000000000,08421050000150010000,08421050000000015,0,1.00836903968e-07,,08,421,05
URBANO,084210500000000160002000000000,08421050000160002000,08421050000000016,0,5.83950213967e-08,,08,421,05
URBANO,084210500000000160001000000000,08421050000160001000,08421050000000016,0,5.36370083268e-08,,08,421,05
URBANO,084210500000000160007000000000,08421050000160007000,08421050000000016,0,6.18208615296e-08,,08,421,05
URBANO,084210500000000160006000000000,08421050000160006000,08421050000000016,0,5.00975232181e-08,,08,421,05
URBANO,084210500000000160005000000000,08421050000160005000,08421050000000016,0,4.22698963676e-08,,08,421,05
URBANO,084210500000000160004000000000,08421050000160004000,08421050000000016,0,4.58387391012e-08,,08,421,05
URBANO,084210500000000160003000000000,08421050000160003000,08421050000000016,0,4.85958541216e-08,,08,421,05
URBANO,084210500000000170005000000000,08421050000170005000,08421050000000017,0,2.66072943512e-07,,08,421,05
URBANO,084210500000000170001000000000,08421050000170001000,08421050000000017,0,1.20871056571e-07,,08,421,05
URBANO,084210500000000170009000000000,08421050000170009000,08421050000000017,0,1.11443144639e-07,,08,421,05
URBANO,084210500000000170008000000000,08421050000170008000,08421050000000017,0,8.40387765293e-08,,08,421,05
URBANO,084210500000000170003000000000,08421050000170003000,08421050000000017,0,1.14186835611e-07,,08,421,05
URBANO,084210500000000170004000000000,08421050000170004000,08421050000000017,0,5.03683990469e-08,,08,421,05
URBANO,084210500000000170002000000000,08421050000170002000,08421050000000017,0,9.25814706549e-08,,08,421,05
URBANO,084210500000000170007000000000,08421050000170007000,08421050000000017,0,5.82244582906e-08,,08,421,05
URBANO,084210500000000170006000000000,08421050000170006000,08421050000000017,0,5.1816441512e-08,,08,421,05
URBANO,084210500000000170010000000000,08421050000170010000,08421050000000017,0,6.7834953876e-08,,08,421,05
URBANO,084210500000000170011000000000,08421050000170011000,08421050000000017,0,4.81338060693e-08,,08,421,05
URBANO,084210500000000170013000000000,08421050000170013000,08421050000000017,0,8.49503160287e-08,,08,421,05
URBANO,084210500000000179999000000000,08421050000179999000,08421050000000017,0,1.47248187307e-08,,08,421,05
URBANO,084210500000000180017000000000,08421050000180017000,08421050000000018,0,8.2728215223e-09,,08,421,05
URBANO,084210500000000180004000000000,08421050000180004000,08421050000000018,0,1.15479050369e-08,,08,421,05
URBANO,084210500000000180003000000000,08421050000180003000,08421050000000018,0,1.04126297681e-08,,08,421,05
URBANO,084210500000000180002000000000,08421050000180002000,08421050000000018,0,7.96345412707e-09,,08,421,05
URBANO,084210500000000180001000000000,08421050000180001000,08421050000000018,0,7.95320169433e-09,,08,421,05
URBANO,084210500000000180024000000000,08421050000180024000,08421050000000018,0,7.94869290605e-09,,08,421,05
URBANO,084210500000000180023000000000,08421050000180023000,08421050000000018,0,7.94637107861e-09,,08,421,05
URBANO,084210500000000180022000000000,08421050000180022000,08421050000000018,0,8.07854865355e-09,,08,421,05
URBANO,084210500000000180021000000000,08421050000180021000,08421050000000018,0,8.06619610296e-09,,08,421,05
URBANO,084210500000000180020000000000,08421050000180020000,08421050000000018,0,7.75605868624e-09,,08,421,05
URBANO,084210500000000180019000000000,08421050000180019000,08421050000000018,0,8.12267095951e-09,,08,421,05
URBANO,084210500000000180018000000000,08421050000180018000,08421050000000018,0,7.85043995492e-09,,08,421,05
URBANO,084210500000000180016000000000,08421050000180016000,08421050000000018,0,7.72249217319e-09,,08,421,05
URBANO,084210500000000180015000000000,08421050000180015000,08421050000000018,0,6.64364085994e-09,,08,421,05
URBANO,084210500000000180014000000000,08421050000180014000,08421050000000018,0,8.12438069037e-09,,08,421,05
URBANO,084210500000000180013000000000,08421050000180013000,08421050000000018,0,7.54481260108e-09,,08,421,05
URBANO,084210500000000180012000000000,08421050000180012000,08421050000000018,0,8.12009736245e-09,,08,421,05
URBANO,084210500000000180011000000000,08421050000180011000,08421050000000018,0,7.95175402315e-09,,08,421,05
URBANO,084210500000000180010000000000,08421050000180010000,08421050000000018,0,7.75941571508e-09,,08,421,05
URBANO,084210500000000180009000000000,08421050000180009000,08421050000000018,0,7.718199983e-09,,08,421,05
URBANO,084210500000000180008000000000,08421050000180008000,08421050000000018,0,7.87744779184e-09,,08,421,05
URBANO,084210500000000180007000000000,08421050000180007000,08421050000000018,0,7.96495098634e-09,,08,421,05
URBANO,084210500000000180006000000000,08421050000180006000,08421050000000018,0,7.88014432728e-09,,08,421,05
URBANO,084210500000000180005000000000,08421050000180005000,08421050000000018,0,7.76559600755e-09,,08,421,05
URBANO,084210500000000200002000000000,08421050000200002000,08421050000000020,0,8.23857835924e-09,,08,421,05
URBANO,084210500000000200006000000000,08421050000200006000,08421050000000020,0,8.09773891619e-09,,08,421,05
URBANO,084210500000000200010000000000,08421050000200010000,08421050000000020,0,7.99510176746e-09,,08,421,05
URBANO,084210500000000200004000000000,08421050000200004000,08421050000000020,0,8.08326168294e-09,,08,421,05
URBANO,084210500000000200003000000000,08421050000200003000,08421050000000020,0,7.90360433617e-09,,08,421,05
URBANO,084210500000000200001000000000,08421050000200001000,08421050000000020,0,7.86371812909e-09,,08,421,05
URBANO,084210500000000200008000000000,08421050000200008000,08421050000000020,0,7.53170961035e-09,,08,421,05
URBANO,084210500000000200009000000000,08421050000200009000,08421050000000020,0,8.10627837672e-09,,08,421,05
URBANO,084210500000000200007000000000,08421050000200007000,08421050000000020,0,7.73484251865e-09,,08,421,05
URBANO,084210500000000200005000000000,08421050000200005000,08421050000000020,0,8.01515845818e-09,,08,421,05
URBANO,084210500000000230006000000000,08421050000230006000,08421050000000023,0,7.94675209971e-09,,08,421,05
URBANO,084210500000000230012000000000,08421050000230012000,08421050000000023,0,7.78495110914e-09,,08,421,05
URBANO,084210500000000230004000000000,08421050000230004000,08421050000000023,0,7.84402097047e-09,,08,421,05
URBANO,084210500000000230003000000000,08421050000230003000,08421050000000023,0,7.83616257604e-09,,08,421,05
URBANO,084210500000000230002000000000,08421050000230002000,08421050000000023,0,7.71591430011e-09,,08,421,05
URBANO,084210500000000230016000000000,08421050000230016000,08421050000000023,0,7.60452649505e-09,,08,421,05
URBANO,084210500000000230015000000000,08421050000230015000,08421050000000023,0,7.84950703367e-09,,08,421,05
URBANO,084210500000000230014000000000,08421050000230014000,08421050000000023,0,8.05281335719e-09,,08,421,05
URBANO,084210500000000230013000000000,08421050000230013000,08421050000000023,0,7.67303154949e-09,,08,421,05
URBANO,084210500000000230011000000000,08421050000230011000,08421050000000023,0,7.95017320447e-09,,08,421,05
URBANO,084210500000000230010000000000,08421050000230010000,08421050000000023,0,7.66038743585e-09,,08,421,05
URBANO,084210500000000230009000000000,08421050000230009000,08421050000000023,0,8.07516851393e-09,,08,421,05
URBANO,084210500000000230008000000000,08421050000230008000,08421050000000023,0,8.07805901883e-09,,08,421,05
URBANO,084210500000000230007000000000,08421050000230007000,08421050000000023,0,7.75553564766e-09,,08,421,05
URBANO,084210500000000230001000000000,08421050000230001000,08421050000000023,0,7.81932069335e-09,,08,421,05
URBANO,084210500000000230005000000000,08421050000230005000,08421050000000023,0,7.83654126154e-09,,08,421,05
URBANO,084210500000000210001000000000,08421050000210001000,08421050000000021,0,2.94713652906e-08,,08,421,05
URBANO,084210500000000210004000000000,08421050000210004000,08421050000000021,0,1.95676350886e-08,,08,421,05
URBANO,084210500000000210002000000000,08421050000210002000,08421050000000021,0,2.11542097519e-08,,08,421,05
URBANO,084210500000000210003000000000,08421050000210003000,08421050000000021,0,7.95339844687e-09,,08,421,05
URBANO,084210500000000220005000000000,08421050000220005000,08421050000000022,0,2.36263184778e-08,,08,421,05
URBANO,084210500000000220001000000000,08421050000220001000,08421050000000022,0,2.2775858713e-08,,08,421,05
URBANO,084210500000000220009000000000,08421050000220009000,08421050000000022,0,7.78852674535e-09,,08,421,05
URBANO,084210500000000220008000000000,08421050000220008000,08421050000000022,0,7.71785159517e-09,,08,421,05
URBANO,084210500000000220007000000000,08421050000220007000,08421050000000022,0,8.03487005868e-09,,08,421,05
URBANO,084210500000000220006000000000,08421050000220006000,08421050000000022,0,8.14917625715e-09,,08,421,05
URBANO,084210500000000220004000000000,08421050000220004000,08421050000000022,0,1.54111796837e-08,,08,421,05
URBANO,084210500000000220003000000000,08421050000220003000,08421050000000022,0,7.69806491805e-09,,08,421,05
URBANO,084210500000000220002000000000,08421050000220002000,08421050000000022,0,7.87134453808e-09,,08,421,05
URBANO,084210500000000240001000000000,08421050000240001000,08421050000000024,0,2.61969908794e-07,,08,421,05
URBANO,084210500000000010002000000000,08421050000010002000,08421050000000001,0,3.59179467442e-08,,08,421,05
URBANO,084210500000000010001000000000,08421050000010001000,08421050000000001,0,4.69205055671e-08,,08,421,05
URBANO,084210500000000010017000000000,08421050000010017000,08421050000000001,0,1.99647702985e-08,,08,421,05
URBANO,084210500000000010016000000000,08421050000010016000,08421050000000001,0,2.83427568574e-08,,08,421,05
URBANO,084210500000000010015000000000,08421050000010015000,08421050000000001,0,4.89037265433e-08,,08,421,05
URBANO,084210500000000010014000000000,08421050000010014000,08421050000000001,0,4.94825097179e-08,,08,421,05
URBANO,084210500000000010013000000000,08421050000010013000,08421050000000001,0,3.22396529915e-08,,08,421,05
URBANO,084210500000000010012000000000,08421050000010012000,08421050000000001,0,2.97165960413e-08,,08,421,05
URBANO,084210500000000010011000000000,08421050000010011000,08421050000000001,0,2.89593420106e-08,,08,421,05
URBANO,084210500000000010010000000000,08421050000010010000,08421050000000001,0,2.89077299272e-08,,08,421,05
URBANO,084210500000000010009000000000,08421050000010009000,08421050000000001,0,2.31974446792e-08,,08,421,05
URBANO,084210500000000010008000000000,08421050000010008000,08421050000000001,0,3.23526188108e-08,,08,421,05
URBANO,084210500000000010007000000000,08421050000010007000,08421050000000001,0,3.21077169857e-08,,08,421,05
URBANO,084210500000000010006000000000,08421050000010006000,08421050000000001,0,7.82189117588e-08,,08,421,05
URBANO,084210500000000010005000000000,08421050000010005000,08421050000000001,0,2.7748868782e-08,,08,421,05
URBANO,084210500000000010004000000000,08421050000010004000,08421050000000001,0,3.64619369386e-08,,08,421,05
URBANO,084210500000000010003000000000,08421050000010003000,08421050000000001,0,3.07656410346e-08,,08,421,05
URBANO,084210600000000010006000000000,08421060000010006000,08421060000000001,0,5.70866745697e-08,,08,421,06
URBANO,084210600000000010004000000000,08421060000010004000,08421060000000001,0,1.65294408878e-08,,08,421,06
URBANO,084210600000000010001000000000,08421060000010001000,08421060000000001,0,2.08066038025e-08,,08,421,06
URBANO,084210600000000010005000000000,08421060000010005000,08421060000000001,0,2.24483486184e-08,,08,421,06
URBANO,084210600000000010020000000000,08421060000010020000,08421060000000001,0,2.24517848184e-08,,08,421,06
URBANO,084210600000000010019000000000,08421060000010019000,08421060000000001,0,2.27876139445e-08,,08,421,06
URBANO,084210600000000010021000000000,08421060000010021000,08421060000000001,0,2.56429341359e-08,,08,421,06
URBANO,084210600000000010003000000000,08421060000010003000,08421060000000001,0,3.09375327561e-08,,08,421,06
URBANO,084210600000000010002000000000,08421060000010002000,08421060000000001,0,4.810548584e-08,,08,421,06
URBANO,084210600000000010009000000000,08421060000010009000,08421060000000001,0,9.93852700619e-08,,08,421,06
URBANO,084210600000000010014000000000,08421060000010014000,08421060000000001,0,2.61700136588e-08,,08,421,06
URBANO,084210600000000010022000000000,08421060000010022000,08421060000000001,0,3.7733746756e-08,,08,421,06
URBANO,084210600000000010011000000000,08421060000010011000,08421060000000001,0,4.65011660003e-08,,08,421,06
URBANO,084210600000000010012000000000,08421060000010012000,08421060000000001,0,4.75649340232e-08,,08,421,06
URBANO,084210600000000010013000000000,08421060000010013000,08421060000000001,0,5.15178314303e-08,,08,421,06
URBANO,084210600000000010007000000000,08421060000010007000,08421060000000001,0,5.33816325126e-08,,08,421,06
URBANO,084210600000000010008000000000,08421060000010008000,08421060000000001,0,6.03675602707e-08,,08,421,06
URBANO,084210600000000010010000000000,08421060000010010000,08421060000000001,0,4.42519138914e-08,,08,421,06
URBANO,084210600000000030001000000000,08421060000030001000,08421060000000003,0,1.19213280427e-07,,08,421,06
URBANO,084210600000000030007000000000,08421060000030007000,08421060000000003,0,5.08347690838e-08,,08,421,06
URBANO,084210600000000030006000000000,08421060000030006000,08421060000000003,0,5.43838768985e-08,,08,421,06
URBANO,084210600000000030008000000000,08421060000030008000,08421060000000003,0,2.6067589815e-08,,08,421,06
URBANO,084210600000000030005000000000,08421060000030005000,08421060000000003,0,2.69897295718e-08,,08,421,06
URBANO,084210600000000030003000000000,08421060000030003000,08421060000000003,0,3.25849187556e-08,,08,421,06
URBANO,084210600000000010018000000000,08421060000010018000,08421060000000001,0,9.01337844585e-08,,08,421,06
URBANO,084210600000000010015000000000,08421060000010015000,08421060000000001,0,4.53737897712e-08,,08,421,06
URBANO,084210600000000010016000000000,08421060000010016000,08421060000000001,0,5.05099417145e-08,,08,421,06
URBANO,084210600000000010017000000000,08421060000010017000,08421060000000001,0,6.76586338617e-08,,08,421,06
URBANO,084210600000000060001000000000,08421060000060001000,08421060000000006,0,3.57313396205e-08,,08,421,06
URBANO,084210600000000060002000000000,08421060000060002000,08421060000000006,0,2.5392375593e-08,,08,421,06
URBANO,084210600000000060003000000000,08421060000060003000,08421060000000006,0,3.02921456218e-08,,08,421,06
URBANO,084210600000000100001000000000,08421060000100001000,08421060000000010,0,3.99244135873e-08,,08,421,06
URBANO,084210600000000030002000000000,08421060000030002000,08421060000000003,0,4.97076823021e-08,,08,421,06
URBANO,084210600000000030004000000000,08421060000030004000,08421060000000003,0,5.07140153567e-08,,08,421,06
URBANO,084210600000000040002000000000,08421060000040002000,08421060000000004,0,6.20952837108e-08,,08,421,06
URBANO,084210600000000040004000000000,08421060000040004000,08421060000000004,0,1.68745831853e-08,,08,421,06
URBANO,084210600000000040003000000000,08421060000040003000,08421060000000004,0,2.52737514498e-08,,08,421,06
URBANO,084210600000000040001000000000,08421060000040001000,08421060000000004,0,2.61727859075e-08,,08,421,06
URBANO,084210600000000040005000000000,08421060000040005000,08421060000000004,0,3.65360416092e-08,,08,421,06
URBANO,084210600000000050008000000000,08421060000050008000,08421060000000005,0,5.19112054486e-08,,08,421,06
URBANO,084210600000000050007000000000,08421060000050007000,08421060000000005,0,1.20500378303e-08,,08,421,06
URBANO,084210600000000050012000000000,08421060000050012000,08421060000000005,0,1.51087756835e-08,,08,421,06
URBANO,084210600000000050003000000000,08421060000050003000,08421060000000005,0,1.81294080388e-08,,08,421,06
URBANO,084210600000000050004000000000,08421060000050004000,08421060000000005,0,1.85604326903e-08,,08,421,06
URBANO,084210600000000050006000000000,08421060000050006000,08421060000000005,0,2.28444379288e-08,,08,421,06
URBANO,084210600000000050001000000000,08421060000050001000,08421060000000005,0,2.35419561629e-08,,08,421,06
URBANO,084210600000000050002000000000,08421060000050002000,08421060000000005,0,2.65227312283e-08,,08,421,06
URBANO,084210600000000050011000000000,08421060000050011000,08421060000000005,0,2.66955710312e-08,,08,421,06
URBANO,084210600000000050005000000000,08421060000050005000,08421060000000005,0,3.01508579746e-08,,08,421,06
URBANO,084210600000000050010000000000,08421060000050010000,08421060000000005,0,3.11728158382e-08,,08,421,06
URBANO,084210600000000050009000000000,08421060000050009000,08421060000000005,0,4.56164907317e-08,,08,421,06
URBANO,084210600000000070003000000000,08421060000070003000,08421060000000007,0,7.48773472511e-08,,08,421,06
URBANO,084210600000000070001000000000,08421060000070001000,08421060000000007,0,4.09501667008e-08,,08,421,06
URBANO,084210600000000070004000000000,08421060000070004000,08421060000000007,0,7.05706648598e-08,,08,421,06
URBANO,084210600000000070002000000000,08421060000070002000,08421060000000007,0,7.11913327039e-08,,08,421,06
URBANO,084210600000000080007000000000,08421060000080007000,08421060000000008,0,6.70824033045e-08,,08,421,06
URBANO,084210600000000080004000000000,08421060000080004000,08421060000000008,0,1.75205732936e-08,,08,421,06
URBANO,084210600000000080002000000000,08421060000080002000,08421060000000008,0,2.9736539645e-08,,08,421,06
URBANO,084210600000000080003000000000,08421060000080003000,08421060000000008,0,3.17887307914e-08,,08,421,06
URBANO,084210600000000080006000000000,08421060000080006000,08421060000000008,0,3.33908669681e-08,,08,421,06
URBANO,084210600000000080005000000000,08421060000080005000,08421060000000008,0,4.18576071135e-08,,08,421,06
URBANO,084210600000000080016000000000,08421060000080016000,08421060000000008,0,8.64971536872e-08,,08,421,06
URBANO,084210600000000080001000000000,08421060000080001000,08421060000000008,0,1.9970336848e-08,,08,421,06
URBANO,084210600000000080017000000000,08421060000080017000,08421060000000008,0,2.66444151359e-08,,08,421,06
URBANO,084210600000000080011000000000,08421060000080011000,08421060000000008,0,2.95884853907e-08,,08,421,06
URBANO,084210600000000080013000000000,08421060000080013000,08421060000000008,0,3.1488297649e-08,,08,421,06
URBANO,084210600000000080012000000000,08421060000080012000,08421060000000008,0,3.45561080638e-08,,08,421,06
URBANO,084210600000000080009000000000,08421060000080009000,08421060000000008,0,3.54076013265e-08,,08,421,06
URBANO,084210600000000080014000000000,08421060000080014000,08421060000000008,0,4.18889876389e-08,,08,421,06
URBANO,084210600000000080008000000000,08421060000080008000,08421060000000008,0,3.90771173504e-08,,08,421,06
URBANO,084210600000000080015000000000,08421060000080015000,08421060000000008,0,5.30468489925e-08,,08,421,06
URBANO,084210600000000080010000000000,08421060000080010000,08421060000000008,0,6.50712991917e-08,,08,421,06
URBANO,084210600000000090003000000000,08421060000090003000,08421060000000009,0,7.87030094585e-08,,08,421,06
URBANO,084210600000000090007000000000,08421060000090007000,08421060000000009,0,1.80489278293e-08,,08,421,06
URBANO,084210600000000090004000000000,08421060000090004000,08421060000000009,0,1.97245876441e-08,,08,421,06
URBANO,084210600000000090008000000000,08421060000090008000,08421060000000009,0,3.42623872267e-08,,08,421,06
URBANO,084210600000000090006000000000,08421060000090006000,08421060000000009,0,4.04805357316e-08,,08,421,06
URBANO,084210600000000090001000000000,08421060000090001000,08421060000000009,0,4.38023643164e-08,,08,421,06
URBANO,084210600000000090002000000000,08421060000090002000,08421060000000009,0,4.61862043736e-08,,08,421,06
URBANO,084210600000000100005000000000,08421060000100005000,08421060000000010,0,5.87083847418e-07,,08,421,06
URBANO,084210600000000100011000000000,08421060000100011000,08421060000000010,0,4.97709701339e-08,,08,421,06
URBANO,084210600000000100012000000000,08421060000100012000,08421060000000010,0,1.42718945413e-07,,08,421,06
URBANO,084210600000000100013000000000,08421060000100013000,08421060000000010,0,2.36732022537e-07,,08,421,06
URBANO,084210600000000100009000000000,08421060000100009000,08421060000000010,0,4.03949919345e-07,,08,421,06
URBANO,084210600000000100010000000000,08421060000100010000,08421060000000010,0,4.72943930017e-07,,08,421,06
URBANO,084210600000000100007000000000,08421060000100007000,08421060000000010,0,1.82401962361e-08,,08,421,06
URBANO,084210600000000100008000000000,08421060000100008000,08421060000000010,0,1.75817118469e-08,,08,421,06
URBANO,084210200000000480003000000000,08421020000480003000,08421020000000048,0,2.9927143072e-08,,08,421,02
URBANO,084210200000000480012000000000,08421020000480012000,08421020000000048,0,2.12913355681e-08,,08,421,02
URBANO,084210200000000480007000000000,08421020000480007000,08421020000000048,0,4.00717237157e-08,,08,421,02
URBANO,084210200000000480011000000000,08421020000480011000,08421020000000048,0,1.67464422114e-08,,08,421,02
URBANO,084210200000000480002000000000,08421020000480002000,08421020000000048,0,2.32512962583e-08,,08,421,02
URBANO,084210200000000490008000000000,08421020000490008000,08421020000000049,0,8.71581407191e-08,,08,421,02
URBANO,084210200000000490001000000000,08421020000490001000,08421020000000049,0,2.85971333397e-08,,08,421,02
URBANO,084210200000000490002000000000,08421020000490002000,08421020000000049,0,4.37559887725e-08,,08,421,02
URBANO,084210200000000490003000000000,08421020000490003000,08421020000000049,0,4.50366964633e-08,,08,421,02
URBANO,084210200000000490006000000000,08421020000490006000,08421020000000049,0,5.22207667606e-08,,08,421,02
URBANO,084210200000000490004000000000,08421020000490004000,08421020000000049,0,6.21420108538e-08,,08,421,02
URBANO,084210200000000490007000000000,08421020000490007000,08421020000000049,0,6.52636079594e-08,,08,421,02
URBANO,084210200000000490005000000000,08421020000490005000,08421020000000049,0,6.64096302946e-08,,08,421,02
URBANO,084210200000000470004000000000,08421020000470004000,08421020000000047,0,4.92707147211e-08,,08,421,02
URBANO,084210200000000470001000000000,08421020000470001000,08421020000000047,0,2.16299812888e-08,,08,421,02
URBANO,084210200000000470006000000000,08421020000470006000,08421020000000047,0,2.79194461068e-08,,08,421,02
URBANO,084210200000000470005000000000,08421020000470005000,08421020000000047,0,4.10671204695e-08,,08,421,02
URBANO,084210200000000470002000000000,08421020000470002000,08421020000000047,0,4.27231490377e-08,,08,421,02
URBANO,084210200000000470003000000000,08421020000470003000,08421020000000047,0,4.70622394812e-08,,08,421,02
URBANO,084210200000000460002000000000,08421020000460002000,08421020000000046,0,4.43677259122e-08,,08,421,02
URBANO,084210200000000460005000000000,08421020000460005000,08421020000000046,0,2.15461558802e-08,,08,421,02
URBANO,084210200000000460004000000000,08421020000460004000,08421020000000046,0,2.2777603913e-08,,08,421,02
URBANO,084210200000000460003000000000,08421020000460003000,08421020000000046,0,3.11822687951e-08,,08,421,02
URBANO,084210200000000460001000000000,08421020000460001000,08421020000000046,0,4.43607194235e-08,,08,421,02
URBANO,084210200000000430008000000000,08421020000430008000,08421020000000043,0,1.6027528878e-07,,08,421,02
URBANO,084210200000000430009000000000,08421020000430009000,08421020000000043,0,6.18368452364e-08,,08,421,02
URBANO,084210200000000430006000000000,08421020000430006000,08421020000000043,0,8.07558224189e-08,,08,421,02
URBANO,084210200000000430001000000000,08421020000430001000,08421020000000043,0,8.6131591401e-08,,08,421,02
URBANO,084210200000000430007000000000,08421020000430007000,08421020000000043,0,1.20696202668e-07,,08,421,02
URBANO,084210200000000430004000000000,08421020000430004000,08421020000000043,0,4.76571732992e-08,,08,421,02
URBANO,084210200000000430005000000000,08421020000430005000,08421020000000043,0,2.15493995218e-08,,08,421,02
URBANO,084210200000000430003000000000,08421020000430003000,08421020000000043,0,3.61316672949e-08,,08,421,02
URBANO,084210400000000070004000000000,08421040000070004000,08421040000000007,0,3.18352257655e-08,,08,421,04
URBANO,084210400000000070005000000000,08421040000070005000,08421040000000007,0,1.74030838963e-08,,08,421,04
URBANO,084210400000000070008000000000,08421040000070008000,08421040000000007,0,3.31790103165e-08,,08,421,04
URBANO,084210400000000070009000000000,08421040000070009000,08421040000000007,0,3.72674499699e-08,,08,421,04
URBANO,084210400000000070006000000000,08421040000070006000,08421040000000007,0,3.50072004712e-08,,08,421,04
URBANO,084210400000000160002000000000,08421040000160002000,08421040000000016,0,1.45209391654e-07,,08,421,04
URBANO,084210400000000160003000000000,08421040000160003000,08421040000000016,0,4.46810285419e-08,,08,421,04
URBANO,084210400000000160005000000000,08421040000160005000,08421040000000016,0,1.66570309871e-08,,08,421,04
URBANO,084210400000000160004000000000,08421040000160004000,08421040000000016,0,1.96242564491e-08,,08,421,04
URBANO,084210400000000160006000000000,08421040000160006000,08421040000000016,0,2.53197751412e-08,,08,421,04
URBANO,084210400000000160001000000000,08421040000160001000,08421040000000016,0,3.45940877376e-08,,08,421,04
URBANO,084210400000000250003000000000,08421040000250003000,08421040000000025,0,4.90875028231e-08,,08,421,04
URBANO,084210400000000250013000000000,08421040000250013000,08421040000000025,0,1.27226500869e-08,,08,421,04
URBANO,084210400000000250001000000000,08421040000250001000,08421040000000025,0,1.66277286982e-08,,08,421,04
URBANO,084210400000000250011000000000,08421040000250011000,08421040000000025,0,1.78672578483e-08,,08,421,04
URBANO,084210400000000250009000000000,08421040000250009000,08421040000000025,0,2.10777591829e-08,,08,421,04
URBANO,084210400000000250010000000000,08421040000250010000,08421040000000025,0,2.25067587151e-08,,08,421,04
URBANO,084210400000000250012000000000,08421040000250012000,08421040000000025,0,2.36269581973e-08,,08,421,04
URBANO,084210400000000250007000000000,08421040000250007000,08421040000000025,0,4.8351265287e-08,,08,421,04
URBANO,084210400000000250008000000000,08421040000250008000,08421040000000025,0,2.51498801619e-08,,08,421,04
URBANO,084210400000000250006000000000,08421040000250006000,08421040000000025,0,4.90569546508e-08,,08,421,04
URBANO,084210400000000250004000000000,08421040000250004000,08421040000000025,0,2.9786139898e-08,,08,421,04
URBANO,084210400000000250005000000000,08421040000250005000,08421040000000025,0,5.20989354257e-08,,08,421,04
URBANO,084210400000000250002000000000,08421040000250002000,08421040000000025,0,2.88856888879e-08,,08,421,04
URBANO,084210400000000240002000000000,08421040000240002000,08421040000000024,0,9.45304461661e-08,,08,421,04
URBANO,084210400000000240006000000000,08421040000240006000,08421040000000024,0,4.83476376672e-08,,08,421,04
URBANO,084210400000000240005000000000,08421040000240005000,08421040000000024,0,5.81391551849e-08,,08,421,04
URBANO,084210400000000240003000000000,08421040000240003000,08421040000000024,0,9.16227965432e-08,,08,421,04
URBANO,084210400000000240004000000000,08421040000240004000,08421040000000024,0,1.17746152432e-07,,08,421,04
URBANO,084210400000000240001000000000,08421040000240001000,08421040000000024,0,2.77771041866e-08,,08,421,04
URBANO,084210400000000230002000000000,08421040000230002000,08421040000000023,0,8.46924775821e-08,,08,421,04
URBANO,084210400000000230009000000000,08421040000230009000,08421040000000023,0,1.96908822201e-08,,08,421,04
URBANO,084210600000000100002000000000,08421060000100002000,08421060000000010,0,3.27291973459e-08,,08,421,06
URBANO,084210600000000100003000000000,08421060000100003000,08421060000000010,0,7.62296961216e-08,,08,421,06
URBANO,084210600000000100006000000000,08421060000100006000,08421060000000010,0,4.03046379262e-07,,08,421,06
URBANO,084210600000000100004000000000,08421060000100004000,08421060000000010,0,5.10412787048e-07,,08,421,06
URBANO,084210600000000110014000000000,08421060000110014000,08421060000000011,0,7.24110964338e-08,,08,421,06
URBANO,084210600000000110011000000000,08421060000110011000,08421060000000011,0,1.48958095832e-08,,08,421,06
URBANO,084210600000000110009000000000,08421060000110009000,08421060000000011,0,1.53043206204e-08,,08,421,06
URBANO,084210600000000110010000000000,08421060000110010000,08421060000000011,0,1.54120723424e-08,,08,421,06
URBANO,084210600000000110008000000000,08421060000110008000,08421060000000011,0,1.68476749549e-08,,08,421,06
URBANO,084210600000000110012000000000,08421060000110012000,08421060000000011,0,1.71341539475e-08,,08,421,06
URBANO,084210600000000110013000000000,08421060000110013000,08421060000000011,0,1.75829144262e-08,,08,421,06
URBANO,084210600000000110006000000000,08421060000110006000,08421060000000011,0,1.81195273853e-08,,08,421,06
URBANO,084210600000000110007000000000,08421060000110007000,08421060000000011,0,2.03299082302e-08,,08,421,06
URBANO,084210600000000110005000000000,08421060000110005000,08421060000000011,0,2.24562256385e-08,,08,421,06
URBANO,084210600000000110004000000000,08421060000110004000,08421060000000011,0,1.68301605104e-08,,08,421,06
URBANO,084210600000000110002000000000,08421060000110002000,08421060000000011,0,8.40680011306e-09,,08,421,06
URBANO,084210600000000110003000000000,08421060000110003000,08421060000000011,0,8.50870912197e-09,,08,421,06
URBANO,084210600000000110001000000000,08421060000110001000,08421060000000011,0,1.42299170649e-08,,08,421,06
URBANO,084210600000000120001000000000,08421060000120001000,08421060000000012,0,1.00146214251e-07,,08,421,06
URBANO,084210600000000120004000000000,08421060000120004000,08421060000000012,0,4.74185347044e-08,,08,421,06
URBANO,084210600000000120002000000000,08421060000120002000,08421060000000012,0,6.65534591905e-08,,08,421,06
URBANO,084210600000000120005000000000,08421060000120005000,08421060000000012,0,7.46493483007e-08,,08,421,06
URBANO,084210600000000120003000000000,08421060000120003000,08421060000000012,0,8.60101529239e-08,,08,421,06
URBANO,084210600000000120006000000000,08421060000120006000,08421060000000012,0,9.16657604754e-08,,08,421,06
URBANO,084210600000000120007000000000,08421060000120007000,08421060000000012,0,9.43880250907e-08,,08,421,06
URBANO,084210600000000130003000000000,08421060000130003000,08421060000000013,0,1.08197610873e-07,,08,421,06
URBANO,084210600000000130006000000000,08421060000130006000,08421060000000013,0,5.935729263e-08,,08,421,06
URBANO,084210600000000130001000000000,08421060000130001000,08421060000000013,0,7.03358221228e-08,,08,421,06
URBANO,084210600000000130002000000000,08421060000130002000,08421060000000013,0,7.29468946194e-08,,08,421,06
URBANO,084210600000000130004000000000,08421060000130004000,08421060000000013,0,8.55949731568e-08,,08,421,06
URBANO,084210600000000130005000000000,08421060000130005000,08421060000000013,0,1.01974785481e-07,,08,421,06
URBANO,084210600000000140002000000000,08421060000140002000,08421060000000014,0,2.62637950618e-07,,08,421,06
URBANO,084210600000000140001000000000,08421060000140001000,08421060000000014,0,4.44193344559e-08,,08,421,06
URBANO,084210300000000190002000000000,08421030000190002000,08421030000000019,0,5.0470124536e-08,,08,421,03
URBANO,084210300000000190019000000000,08421030000190019000,08421030000000019,0,1.87430765905e-08,,08,421,03
URBANO,084210300000000190017000000000,08421030000190017000,08421030000000019,0,3.9101540507e-08,,08,421,03
URBANO,084210300000000190005000000000,08421030000190005000,08421030000000019,0,1.54053776521e-08,,08,421,03
URBANO,084210300000000190006000000000,08421030000190006000,08421030000000019,0,1.65576483498e-08,,08,421,03
URBANO,084210300000000190008000000000,08421030000190008000,08421030000000019,0,2.0682129263e-08,,08,421,03
URBANO,084210300000000190009000000000,08421030000190009000,08421030000000019,0,2.33339692471e-08,,08,421,03
URBANO,084210300000000190007000000000,08421030000190007000,08421030000000019,0,2.62682660565e-08,,08,421,03
URBANO,084210300000000190003000000000,08421030000190003000,08421030000000019,0,2.97385418e-08,,08,421,03
URBANO,084210300000000190004000000000,08421030000190004000,08421030000000019,0,2.98486324499e-08,,08,421,03
URBANO,084210300000000190001000000000,08421030000190001000,08421030000000019,0,3.03107798564e-08,,08,421,03
URBANO,084210300000000190011000000000,08421030000190011000,08421030000000019,0,1.26078755605e-08,,08,421,03
URBANO,084210300000000190010000000000,08421030000190010000,08421030000000019,0,1.5635229849e-08,,08,421,03
URBANO,084210300000000190013000000000,08421030000190013000,08421030000000019,0,1.70311833189e-08,,08,421,03
URBANO,084210300000000190018000000000,08421030000190018000,08421030000000019,0,1.87038007993e-08,,08,421,03
URBANO,084210300000000190016000000000,08421030000190016000,08421030000000019,0,2.01650008714e-08,,08,421,03
URBANO,084210300000000190012000000000,08421030000190012000,08421030000000019,0,2.19589864874e-08,,08,421,03
URBANO,084210300000000190015000000000,08421030000190015000,08421030000000019,0,2.46139562227e-08,,08,421,03
URBANO,084210300000000190014000000000,08421030000190014000,08421030000000019,0,2.80570339555e-08,,08,421,03
URBANO,084210300000000350005000000000,08421030000350005000,08421030000000035,0,3.66618299529e-08,,08,421,03
URBANO,084210300000000350001000000000,08421030000350001000,08421030000000035,0,4.86349673191e-08,,08,421,03
URBANO,084210300000000350002000000000,08421030000350002000,08421030000000035,0,5.34624711083e-08,,08,421,03
URBANO,084210300000000350004000000000,08421030000350004000,08421030000000035,0,5.61521109966e-08,,08,421,03
URBANO,084210300000000310001000000000,08421030000310001000,08421030000000031,0,1.58276495221e-07,,08,421,03
URBANO,084210300000000310003000000000,08421030000310003000,08421030000000031,0,4.82575043817e-08,,08,421,03
URBANO,084210300000000310002000000000,08421030000310002000,08421030000000031,0,4.58593266976e-08,,08,421,03
URBANO,084210300000000390001000000000,08421030000390001000,08421030000000039,0,1.86410782893e-08,,08,421,03
URBANO,084210300000000390004000000000,08421030000390004000,08421030000000039,0,5.85309737362e-08,,08,421,03
URBANO,084210300000000390005000000000,08421030000390005000,08421030000000039,0,4.68252267171e-08,,08,421,03
URBANO,084210300000000390003000000000,08421030000390003000,08421030000000039,0,1.46445468195e-08,,08,421,03
URBANO,084210300000000390007000000000,08421030000390007000,08421030000000039,0,1.50763640176e-08,,08,421,03
URBANO,084210300000000390002000000000,08421030000390002000,08421030000000039,0,1.58803702961e-08,,08,421,03
URBANO,084210300000000390006000000000,08421030000390006000,08421030000000039,0,1.25124023673e-08,,08,421,03
URBANO,084210300000000090007000000000,08421030000090007000,08421030000000009,0,1.99978150259e-08,,08,421,03
URBANO,084210300000000090002000000000,08421030000090002000,08421030000000009,0,1.27828197049e-08,,08,421,03
URBANO,084210300000000090008000000000,08421030000090008000,08421030000000009,0,1.42122821632e-08,,08,421,03
URBANO,084210300000000090003000000000,08421030000090003000,08421030000000009,0,2.02868142544e-08,,08,421,03
URBANO,084210300000000090001000000000,08421030000090001000,08421030000000009,0,2.72032833808e-08,,08,421,03
URBANO,084210300000000090004000000000,08421030000090004000,08421030000000009,0,3.92136477614e-08,,08,421,03
URBANO,084210300000000090005000000000,08421030000090005000,08421030000000009,0,1.51738545398e-08,,08,421,03
URBANO,084210300000000090006000000000,08421030000090006000,08421030000000009,0,1.58029161872e-08,,08,421,03
URBANO,084210300000000460001000000000,08421030000460001000,08421030000000046,0,1.57324785996e-07,,08,421,03
URBANO,084210300000000020004000000000,08421030000020004000,08421030000000002,0,1.74106915318e-07,,08,421,03
URBANO,084210300000000020001000000000,08421030000020001000,08421030000000002,0,3.85337450004e-08,,08,421,03
URBANO,084210300000000020007000000000,08421030000020007000,08421030000000002,0,9.52292892718e-08,,08,421,03
URBANO,084210300000000020002000000000,08421030000020002000,08421030000000002,0,1.00520775882e-07,,08,421,03
URBANO,084210300000000020010000000000,08421030000020010000,08421030000000002,0,1.01018788816e-07,,08,421,03
URBANO,084210300000000020003000000000,08421030000020003000,08421030000000002,0,1.15025671682e-07,,08,421,03
URBANO,084210300000000020008000000000,08421030000020008000,08421030000000002,0,1.24764805592e-07,,08,421,03
URBANO,084210300000000020006000000000,08421030000020006000,08421030000000002,0,2.00240841084e-07,,08,421,03
URBANO,084210300000000020009000000000,08421030000020009000,08421030000000002,0,1.56366127244e-08,,08,421,03
URBANO,084210300000000020005000000000,08421030000020005000,08421030000000002,0,2.79485723684e-08,,08,421,03
URBANO,084210300000000480005000000000,08421030000480005000,08421030000000048,0,7.36762799279e-08,,08,421,03
URBANO,084210300000000480004000000000,08421030000480004000,08421030000000048,0,2.29675135164e-08,,08,421,03
URBANO,084210300000000480003000000000,08421030000480003000,08421030000000048,0,2.51355212262e-08,,08,421,03
URBANO,084210300000000480002000000000,08421030000480002000,08421030000000048,0,2.75196310848e-08,,08,421,03
URBANO,084210300000000480006000000000,08421030000480006000,08421030000000048,0,3.07445375999e-08,,08,421,03
URBANO,084210300000000480001000000000,08421030000480001000,08421030000000048,0,4.54652736228e-08,,08,421,03
URBANO,084210300000000030006000000000,08421030000030006000,08421030000000003,0,8.07550309931e-08,,08,421,03
URBANO,084210300000000030002000000000,08421030000030002000,08421030000000003,0,4.51249673763e-08,,08,421,03
URBANO,084210300000000030003000000000,08421030000030003000,08421030000000003,0,6.12456214959e-08,,08,421,03
URBANO,084210300000000030004000000000,08421030000030004000,08421030000000003,0,5.90837211463e-08,,08,421,03
URBANO,084210300000000030007000000000,08421030000030007000,08421030000000003,0,5.67080855168e-08,,08,421,03
URBANO,084210300000000030005000000000,08421030000030005000,08421030000000003,0,4.67216992273e-08,,08,421,03
URBANO,084210300000000470003000000000,08421030000470003000,08421030000000047,0,7.38363015645e-08,,08,421,03
URBANO,084210300000000470005000000000,08421030000470005000,08421030000000047,0,1.89012991921e-08,,08,421,03
URBANO,084210300000000470007000000000,08421030000470007000,08421030000000047,0,2.1122965805e-08,,08,421,03
URBANO,084210300000000470002000000000,08421030000470002000,08421030000000047,0,2.45181746388e-08,,08,421,03
URBANO,084210300000000470006000000000,08421030000470006000,08421030000000047,0,2.53510229085e-08,,08,421,03
URBANO,084210300000000470001000000000,08421030000470001000,08421030000000047,0,3.65280858441e-08,,08,421,03
URBANO,084210300000000470004000000000,08421030000470004000,08421030000000047,0,4.40900501914e-08,,08,421,03
URBANO,084210300000000410002000000000,08421030000410002000,08421030000000041,0,6.46758037323e-08,,08,421,03
URBANO,084210300000000410001000000000,08421030000410001000,08421030000000041,0,3.35874008819e-08,,08,421,03
URBANO,084210300000000410003000000000,08421030000410003000,08421030000000041,0,5.41278736169e-08,,08,421,03
URBANO,084210300000000040002000000000,08421030000040002000,08421030000000004,0,6.06805650961e-08,,08,421,03
URBANO,084210300000000040005000000000,08421030000040005000,08421030000000004,0,4.4454320019e-08,,08,421,03
URBANO,084210300000000040004000000000,08421030000040004000,08421030000000004,0,2.82225029357e-08,,08,421,03
URBANO,084210300000000040003000000000,08421030000040003000,08421030000000004,0,3.2728101987e-08,,08,421,03
URBANO,084210300000000040001000000000,08421030000040001000,08421030000000004,0,5.99810021249e-08,,08,421,03
URBANO,084210300000000130009000000000,08421030000130009000,08421030000000013,0,3.11450062991e-08,,08,421,03
URBANO,084210300000000130012000000000,08421030000130012000,08421030000000013,0,1.039861179e-08,,08,421,03
URBANO,084210300000000130013000000000,08421030000130013000,08421030000000013,0,1.11766614476e-08,,08,421,03
URBANO,084210300000000130020000000000,08421030000130020000,08421030000000013,0,1.13667947211e-08,,08,421,03
URBANO,084210300000000440001000000000,08421030000440001000,08421030000000044,0,3.42590565848e-08,,08,421,03
URBANO,084210300000000440002000000000,08421030000440002000,08421030000000044,0,1.25958172118e-08,,08,421,03
URBANO,084210300000000440003000000000,08421030000440003000,08421030000000044,0,1.41410221183e-08,,08,421,03
URBANO,084210300000000440005000000000,08421030000440005000,08421030000000044,0,1.54517124149e-08,,08,421,03
URBANO,084210300000000440004000000000,08421030000440004000,08421030000000044,0,1.89070907453e-08,,08,421,03
URBANO,084210300000000120001000000000,08421030000120001000,08421030000000012,0,3.64282152767e-08,,08,421,03
URBANO,084210300000000120005000000000,08421030000120005000,08421030000000012,0,1.52301880218e-08,,08,421,03
URBANO,084210300000000120007000000000,08421030000120007000,08421030000000012,0,1.74749886328e-08,,08,421,03
URBANO,084210300000000120006000000000,08421030000120006000,08421030000000012,0,1.76120588154e-08,,08,421,03
URBANO,084210300000000120004000000000,08421030000120004000,08421030000000012,0,2.28164374878e-08,,08,421,03
URBANO,084210300000000120008000000000,08421030000120008000,08421030000000012,0,2.3318514731e-08,,08,421,03
URBANO,084210300000000120002000000000,08421030000120002000,08421030000000012,0,2.79210065389e-08,,08,421,03
URBANO,084210300000000120003000000000,08421030000120003000,08421030000000012,0,3.06403853492e-08,,08,421,03
URBANO,084210300000000180010000000000,08421030000180010000,08421030000000018,0,3.41413559153e-08,,08,421,03
URBANO,084210300000000180008000000000,08421030000180008000,08421030000000018,0,1.33093054115e-08,,08,421,03
URBANO,084210300000000180007000000000,08421030000180007000,08421030000000018,0,2.10633065143e-08,,08,421,03
URBANO,084210300000000180009000000000,08421030000180009000,08421030000000018,0,2.20681375828e-08,,08,421,03
URBANO,084210300000000180012000000000,08421030000180012000,08421030000000018,0,2.57704204852e-08,,08,421,03
URBANO,084210300000000180013000000000,08421030000180013000,08421030000000018,0,2.67287703188e-08,,08,421,03
URBANO,084210300000000180011000000000,08421030000180011000,08421030000000018,0,2.69240067403e-08,,08,421,03
URBANO,084210300000000280002000000000,08421030000280002000,08421030000000028,0,6.36825720138e-08,,08,421,03
URBANO,084210300000000280003000000000,08421030000280003000,08421030000000028,0,1.845798787e-08,,08,421,03
URBANO,084210300000000280004000000000,08421030000280004000,08421030000000028,0,1.95225037268e-08,,08,421,03
URBANO,084210300000000280001000000000,08421030000280001000,08421030000000028,0,3.67995686354e-08,,08,421,03
URBANO,084210300000000290001000000000,08421030000290001000,08421030000000029,0,3.96286605073e-08,,08,421,03
URBANO,084210300000000290003000000000,08421030000290003000,08421030000000029,0,2.60476575277e-08,,08,421,03
URBANO,084210300000000290004000000000,08421030000290004000,08421030000000029,0,2.88725026097e-08,,08,421,03
URBANO,084210300000000290002000000000,08421030000290002000,08421030000000029,0,3.34477148785e-08,,08,421,03
URBANO,084210300000000270004000000000,08421030000270004000,08421030000000027,0,7.25436620118e-08,,08,421,03
URBANO,084210300000000270007000000000,08421030000270007000,08421030000000027,0,2.33548301764e-08,,08,421,03
URBANO,084210300000000270001000000000,08421030000270001000,08421030000000027,0,2.66228315961e-08,,08,421,03
URBANO,084210300000000270005000000000,08421030000270005000,08421030000000027,0,3.25899029725e-08,,08,421,03
URBANO,084210300000000270002000000000,08421030000270002000,08421030000000027,0,3.71167296111e-08,,08,421,03
URBANO,084210300000000270006000000000,08421030000270006000,08421030000000027,0,3.68644420161e-08,,08,421,03
URBANO,084210300000000270003000000000,08421030000270003000,08421030000000027,0,4.28340021056e-08,,08,421,03
URBANO,084210300000000150002000000000,08421030000150002000,08421030000000015,0,3.63496661674e-08,,08,421,03
URBANO,084210300000000150004000000000,08421030000150004000,08421030000000015,0,2.059429126e-08,,08,421,03
URBANO,084210300000000150003000000000,08421030000150003000,08421030000000015,0,2.22295892402e-08,,08,421,03
URBANO,084210300000000150001000000000,08421030000150001000,08421030000000015,0,2.79697559868e-08,,08,421,03
URBANO,084210300000000140003000000000,08421030000140003000,08421030000000014,0,2.35877123978e-08,,08,421,03
URBANO,084210300000000140001000000000,08421030000140001000,08421030000000014,0,7.9877250738e-09,,08,421,03
URBANO,084210300000000140009000000000,08421030000140009000,08421030000000014,0,1.21845073722e-08,,08,421,03
URBANO,084210300000000140002000000000,08421030000140002000,08421030000000014,0,1.27226999928e-08,,08,421,03
URBANO,084210300000000140010000000000,08421030000140010000,08421030000000014,0,1.30150449415e-08,,08,421,03
URBANO,084210300000000140007000000000,08421030000140007000,08421030000000014,0,1.38807666302e-08,,08,421,03
URBANO,084210300000000140008000000000,08421030000140008000,08421030000000014,0,1.39169623955e-08,,08,421,03
URBANO,084210300000000140005000000000,08421030000140005000,08421030000000014,0,1.49319790301e-08,,08,421,03
URBANO,084210300000000140004000000000,08421030000140004000,08421030000000014,0,1.51052802265e-08,,08,421,03
URBANO,084210300000000140006000000000,08421030000140006000,08421030000000014,0,1.52667393579e-08,,08,421,03
URBANO,084210300000000140011000000000,08421030000140011000,08421030000000014,0,1.6941678268e-08,,08,421,03
URBANO,084210300000000010008000000000,08421030000010008000,08421030000000001,0,5.68935414707e-08,,08,421,03
URBANO,084210300000000010002000000000,08421030000010002000,08421030000000001,0,1.85701666008e-08,,08,421,03
URBANO,084210300000000010007000000000,08421030000010007000,08421030000000001,0,2.1009791436e-08,,08,421,03
URBANO,084210300000000010001000000000,08421030000010001000,08421030000000001,0,2.16882064493e-08,,08,421,03
URBANO,084210300000000010005000000000,08421030000010005000,08421030000000001,0,3.0499247518e-08,,08,421,03
URBANO,084210300000000010006000000000,08421030000010006000,08421030000000001,0,3.10187403866e-08,,08,421,03
URBANO,084210300000000010003000000000,08421030000010003000,08421030000000001,0,3.30577627726e-08,,08,421,03
URBANO,084210300000000010004000000000,08421030000010004000,08421030000000001,0,3.41116260744e-08,,08,421,03
URBANO,084210300000000010011000000000,08421030000010011000,08421030000000001,0,5.31462775914e-08,,08,421,03
URBANO,084210300000000010014000000000,08421030000010014000,08421030000000001,0,2.28968847319e-08,,08,421,03
URBANO,084210300000000010012000000000,08421030000010012000,08421030000000001,0,2.29066872324e-08,,08,421,03
URBANO,084210300000000010010000000000,08421030000010010000,08421030000000001,0,2.7763294301e-08,,08,421,03
URBANO,084210300000000010013000000000,08421030000010013000,08421030000000001,0,2.84029387688e-08,,08,421,03
URBANO,084210300000000010015000000000,08421030000010015000,08421030000000001,0,3.19329817222e-08,,08,421,03
URBANO,084210300000000010009000000000,08421030000010009000,08421030000000001,0,3.41445148323e-08,,08,421,03
URBANO,084210300000000070001000000000,08421030000070001000,08421030000000007,0,3.30150858968e-08,,08,421,03
URBANO,084210300000000060005000000000,08421030000060005000,08421030000000006,0,3.46361748283e-08,,08,421,03
URBANO,084210300000000060006000000000,08421030000060006000,08421030000000006,0,1.17793401284e-08,,08,421,03
URBANO,084210300000000060001000000000,08421030000060001000,08421030000000006,0,1.84235921786e-08,,08,421,03
URBANO,084210300000000060003000000000,08421030000060003000,08421030000000006,0,2.39689833308e-08,,08,421,03
URBANO,084210300000000060004000000000,08421030000060004000,08421030000000006,0,2.70226616977e-08,,08,421,03
URBANO,084210300000000060002000000000,08421030000060002000,08421030000000006,0,2.96012678004e-08,,08,421,03
URBANO,084210300000000490002000000000,08421030000490002000,08421030000000049,0,2.7758496476e-08,,08,421,03
URBANO,084210300000000490001000000000,08421030000490001000,08421030000000049,0,2.35521727279e-08,,08,421,03
URBANO,084210300000000260001000000000,08421030000260001000,08421030000000026,0,1.24779812535e-07,,08,421,03
URBANO,084210300000000400001000000000,08421030000400001000,08421030000000040,0,5.8402394508e-08,,08,421,03
URBANO,084210300000000250015000000000,08421030000250015000,08421030000000025,0,3.56912339581e-07,,08,421,03
URBANO,084210300000000250005000000000,08421030000250005000,08421030000000025,0,5.61170257399e-08,,08,421,03
URBANO,084210300000000250001000000000,08421030000250001000,08421030000000025,0,2.11432237392e-08,,08,421,03
URBANO,084210300000000250021000000000,08421030000250021000,08421030000000025,0,2.20626371677e-08,,08,421,03
URBANO,084210300000000250002000000000,08421030000250002000,08421030000000025,0,2.61434291997e-08,,08,421,03
URBANO,084210300000000250006000000000,08421030000250006000,08421030000000025,0,4.31843554693e-08,,08,421,03
URBANO,084210300000000250003000000000,08421030000250003000,08421030000000025,0,4.3355699646e-08,,08,421,03
URBANO,084210300000000250004000000000,08421030000250004000,08421030000000025,0,4.85564402202e-08,,08,421,03
URBANO,084210300000000250019000000000,08421030000250019000,08421030000000025,0,1.63649713008e-07,,08,421,03
URBANO,084210300000000250020000000000,08421030000250020000,08421030000000025,0,1.91550387809e-07,,08,421,03
URBANO,084210300000000250012000000000,08421030000250012000,08421030000000025,0,3.42242184901e-08,,08,421,03
URBANO,084210300000000250018000000000,08421030000250018000,08421030000000025,0,1.94580027404e-07,,08,421,03
URBANO,084210300000000250017000000000,08421030000250017000,08421030000000025,0,2.50233473528e-07,,08,421,03
URBANO,084210300000000250016000000000,08421030000250016000,08421030000000025,0,2.78808938961e-07,,08,421,03
URBANO,084210300000000250008000000000,08421030000250008000,08421030000000025,0,3.13750873941e-08,,08,421,03
URBANO,084210300000000250007000000000,08421030000250007000,08421030000000025,0,3.17038670138e-08,,08,421,03
URBANO,084210300000000250014000000000,08421030000250014000,08421030000000025,0,3.46170674707e-08,,08,421,03
URBANO,084210300000000250009000000000,08421030000250009000,08421030000000025,0,4.06291756943e-08,,08,421,03
URBANO,084210300000000250013000000000,08421030000250013000,08421030000000025,0,4.07631124548e-08,,08,421,03
URBANO,084210300000000250010000000000,08421030000250010000,08421030000000025,0,1.49027356911e-08,,08,421,03
URBANO,084210300000000250011000000000,08421030000250011000,08421030000000025,0,2.87427446353e-08,,08,421,03
URBANO,084210300000000510001000000000,08421030000510001000,08421030000000051,0,3.09253158652e-07,,08,421,03
URBANO,084210300000000510002000000000,08421030000510002000,08421030000000051,0,1.90704123099e-07,,08,421,03
URBANO,084210300000000340001000000000,08421030000340001000,08421030000000034,0,1.20330126571e-07,,08,421,03
URBANO,084210300000000340003000000000,08421030000340003000,08421030000000034,0,2.96253789618e-08,,08,421,03
URBANO,084210300000000340004000000000,08421030000340004000,08421030000000034,0,4.26183418672e-08,,08,421,03
URBANO,084210300000000340002000000000,08421030000340002000,08421030000000034,0,5.03026300823e-08,,08,421,03
URBANO,084210300000000420001000000000,08421030000420001000,08421030000000042,0,6.29471050611e-08,,08,421,03
URBANO,084210300000000420003000000000,08421030000420003000,08421030000000042,0,3.49488022317e-08,,08,421,03
URBANO,084210300000000420002000000000,08421030000420002000,08421030000000042,0,5.11700689487e-08,,08,421,03
URBANO,084210300000000430013000000000,08421030000430013000,08421030000000043,0,3.78548334146e-07,,08,421,03
URBANO,084210300000000430017000000000,08421030000430017000,08421030000000043,0,3.98079306832e-08,,08,421,03
URBANO,084210300000000430005000000000,08421030000430005000,08421030000000043,0,7.49724373001e-08,,08,421,03
URBANO,084210300000000430003000000000,08421030000430003000,08421030000000043,0,7.79542690178e-08,,08,421,03
URBANO,084210300000000430016000000000,08421030000430016000,08421030000000043,0,8.58799391577e-08,,08,421,03
URBANO,084210300000000430001000000000,08421030000430001000,08421030000000043,0,8.94944346654e-08,,08,421,03
URBANO,084210300000000430006000000000,08421030000430006000,08421030000000043,0,9.80814068416e-08,,08,421,03
URBANO,084210300000000430007000000000,08421030000430007000,08421030000000043,0,1.49468947077e-07,,08,421,03
URBANO,084210300000000430004000000000,08421030000430004000,08421030000000043,0,1.26417173395e-07,,08,421,03
URBANO,084210300000000430002000000000,08421030000430002000,08421030000000043,0,1.45077535017e-07,,08,421,03
URBANO,084210300000000430015000000000,08421030000430015000,08421030000000043,0,1.50893154111e-07,,08,421,03
URBANO,084210300000000430014000000000,08421030000430014000,08421030000000043,0,1.20416192337e-07,,08,421,03
URBANO,084210300000000430010000000000,08421030000430010000,08421030000000043,0,1.70828756472e-08,,08,421,03
URBANO,084210300000000430012000000000,08421030000430012000,08421030000000043,0,1.80208667845e-08,,08,421,03
URBANO,084210300000000430009000000000,08421030000430009000,08421030000000043,0,1.88925181727e-08,,08,421,03
URBANO,084210300000000430011000000000,08421030000430011000,08421030000000043,0,2.40739595965e-08,,08,421,03
URBANO,084210300000000430008000000000,08421030000430008000,08421030000000043,0,1.57766283563e-07,,08,421,03
URBANO,084210300000000500008000000000,08421030000500008000,08421030000000050,0,2.56615312836e-07,,08,421,03
URBANO,084210300000000500004000000000,08421030000500004000,08421030000000050,0,4.34549057458e-08,,08,421,03
URBANO,084210300000000500002000000000,08421030000500002000,08421030000000050,0,2.05699969418e-08,,08,421,03
URBANO,084210300000000500001000000000,08421030000500001000,08421030000000050,0,2.21660179254e-08,,08,421,03
URBANO,084210300000000500003000000000,08421030000500003000,08421030000000050,0,2.38309120697e-08,,08,421,03
URBANO,084210300000000500005000000000,08421030000500005000,08421030000000050,0,2.71688382163e-08,,08,421,03
URBANO,084210300000000500009000000000,08421030000500009000,08421030000000050,0,1.70772674002e-07,,08,421,03
URBANO,084210300000000500007000000000,08421030000500007000,08421030000000050,0,5.05115922936e-08,,08,421,03
URBANO,084210300000000500006000000000,08421030000500006000,08421030000000050,0,3.37453661069e-08,,08,421,03
URBANO,084210300000000200012000000000,08421030000200012000,08421030000000020,0,4.41146283947e-08,,08,421,03
URBANO,084210300000000200016000000000,08421030000200016000,08421030000000020,0,8.36444900382e-09,,08,421,03
URBANO,084210300000000200006000000000,08421030000200006000,08421030000000020,0,9.66212929795e-09,,08,421,03
URBANO,084210300000000200004000000000,08421030000200004000,08421030000000020,0,1.03072227957e-08,,08,421,03
URBANO,084210300000000200015000000000,08421030000200015000,08421030000000020,0,1.14298883415e-08,,08,421,03
URBANO,084210300000000200007000000000,08421030000200007000,08421030000000020,0,1.33430008444e-08,,08,421,03
URBANO,084210300000000200014000000000,08421030000200014000,08421030000000020,0,1.55995334693e-08,,08,421,03
URBANO,084210300000000200002000000000,08421030000200002000,08421030000000020,0,1.696615547e-08,,08,421,03
URBANO,084210300000000200001000000000,08421030000200001000,08421030000000020,0,2.01084535964e-08,,08,421,03
URBANO,084210300000000200008000000000,08421030000200008000,08421030000000020,0,2.18756156707e-08,,08,421,03
URBANO,084210300000000200011000000000,08421030000200011000,08421030000000020,0,2.38714273236e-08,,08,421,03
URBANO,084210300000000200010000000000,08421030000200010000,08421030000000020,0,2.92070945985e-08,,08,421,03
URBANO,084210300000000200013000000000,08421030000200013000,08421030000000020,0,3.29468515142e-08,,08,421,03
URBANO,084210300000000200005000000000,08421030000200005000,08421030000000020,0,3.445029807e-08,,08,421,03
URBANO,084210300000000200009000000000,08421030000200009000,08421030000000020,0,3.82206356451e-08,,08,421,03
URBANO,084210300000000200003000000000,08421030000200003000,08421030000000020,0,4.02747835263e-08,,08,421,03
URBANO,084210300000000300002000000000,08421030000300002000,08421030000000030,0,5.2670907132e-08,,08,421,03
URBANO,084210300000000300001000000000,08421030000300001000,08421030000000030,0,1.97842838512e-08,,08,421,03
URBANO,084210300000000300007000000000,08421030000300007000,08421030000000030,0,2.42623466529e-08,,08,421,03
URBANO,084210300000000300005000000000,08421030000300005000,08421030000000030,0,2.73746467746e-08,,08,421,03
URBANO,084210300000000300004000000000,08421030000300004000,08421030000000030,0,3.96886255573e-08,,08,421,03
URBANO,084210300000000300003000000000,08421030000300003000,08421030000000030,0,4.12095974667e-08,,08,421,03
URBANO,084210300000000300006000000000,08421030000300006000,08421030000000030,0,4.32053533089e-08,,08,421,03
URBANO,084210300000000350003000000000,08421030000350003000,08421030000000035,0,6.53953737811e-08,,08,421,03
URBANO,084210300000000350006000000000,08421030000350006000,08421030000000035,0,2.6393457065e-08,,08,421,03
URBANO,084210200000000630015000000000,08421020000630015000,08421020000000063,0,1.83780689073e-08,,08,421,02
URBANO,084210200000000630014000000000,08421020000630014000,08421020000000063,0,2.06267912858e-08,,08,421,02
URBANO,084210200000000630006000000000,08421020000630006000,08421020000000063,0,2.34307998646e-08,,08,421,02
URBANO,084210200000000630011000000000,08421020000630011000,08421020000000063,0,2.09404532368e-08,,08,421,02
URBANO,084210200000000630013000000000,08421020000630013000,08421020000000063,0,1.95455990504e-08,,08,421,02
URBANO,084210200000000640002000000000,08421020000640002000,08421020000000064,0,4.25224124279e-08,,08,421,02
URBANO,084210200000000640007000000000,08421020000640007000,08421020000000064,0,2.42955586271e-08,,08,421,02
URBANO,084210200000000640009000000000,08421020000640009000,08421020000000064,0,2.55727152712e-08,,08,421,02
URBANO,084210200000000640010000000000,08421020000640010000,08421020000000064,0,2.55985010223e-08,,08,421,02
URBANO,084210200000000640008000000000,08421020000640008000,08421020000000064,0,2.59921000269e-08,,08,421,02
URBANO,084210200000000640006000000000,08421020000640006000,08421020000000064,0,2.72744304382e-08,,08,421,02
URBANO,084210200000000640005000000000,08421020000640005000,08421020000000064,0,2.74373069862e-08,,08,421,02
URBANO,084210200000000640011000000000,08421020000640011000,08421020000000064,0,2.76214278773e-08,,08,421,02
URBANO,084210200000000640012000000000,08421020000640012000,08421020000000064,0,2.80354955323e-08,,08,421,02
URBANO,084210200000000640004000000000,08421020000640004000,08421020000000064,0,2.94025252504e-08,,08,421,02
URBANO,084210200000000640013000000000,08421020000640013000,08421020000000064,0,3.06957005265e-08,,08,421,02
URBANO,084210200000000640014000000000,08421020000640014000,08421020000000064,0,3.18400962051e-08,,08,421,02
URBANO,084210200000000640001000000000,08421020000640001000,08421020000000064,0,3.39552841944e-08,,08,421,02
URBANO,084210200000000640003000000000,08421020000640003000,08421020000000064,0,3.41060438571e-08,,08,421,02
URBANO,084210200000000640015000000000,08421020000640015000,08421020000000064,0,3.44474338213e-08,,08,421,02
URBANO,084210200000000650004000000000,08421020000650004000,08421020000000065,0,5.92349832067e-08,,08,421,02
URBANO,084210200000000650001000000000,08421020000650001000,08421020000000065,0,2.10388381179e-08,,08,421,02
URBANO,084210200000000650002000000000,08421020000650002000,08421020000000065,0,2.75495765923e-08,,08,421,02
URBANO,084210200000000650003000000000,08421020000650003000,08421020000000065,0,4.4736515765e-08,,08,421,02
URBANO,084210200000000520007000000000,08421020000520007000,08421020000000052,0,1.47819614276e-07,,08,421,02
URBANO,084210200000000520001000000000,08421020000520001000,08421020000000052,0,2.6996973972e-08,,08,421,02
URBANO,084210200000000520003000000000,08421020000520003000,08421020000000052,0,4.85056186145e-08,,08,421,02
URBANO,084210200000000520005000000000,08421020000520005000,08421020000000052,0,5.36143311109e-08,,08,421,02
URBANO,084210200000000520006000000000,08421020000520006000,08421020000000052,0,5.53241581396e-08,,08,421,02
URBANO,084210200000000520004000000000,08421020000520004000,08421020000000052,0,5.56658796517e-08,,08,421,02
URBANO,084210200000000520002000000000,08421020000520002000,08421020000000052,0,5.74907931715e-08,,08,421,02
URBANO,084210200000000570001000000000,08421020000570001000,08421020000000057,0,1.72586886683e-08,,08,421,02
URBANO,084210300000000130019000000000,08421030000130019000,08421030000000013,0,1.33512708847e-08,,08,421,03
URBANO,084210300000000130010000000000,08421030000130010000,08421030000000013,0,1.52737067512e-08,,08,421,03
URBANO,084210300000000130018000000000,08421030000130018000,08421030000000013,0,1.55498121087e-08,,08,421,03
URBANO,084210300000000130014000000000,08421030000130014000,08421030000000013,0,1.63756327069e-08,,08,421,03
URBANO,084210300000000130011000000000,08421030000130011000,08421030000000013,0,1.69413085849e-08,,08,421,03
URBANO,084210300000000130017000000000,08421030000130017000,08421030000000013,0,1.97924988459e-08,,08,421,03
URBANO,084210300000000130015000000000,08421030000130015000,08421030000000013,0,2.1708402507e-08,,08,421,03
URBANO,084210300000000130006000000000,08421030000130006000,08421030000000013,0,1.0427345554e-07,,08,421,03
URBANO,084210300000000130016000000000,08421030000130016000,08421030000000013,0,1.38134963943e-08,,08,421,03
URBANO,084210300000000130002000000000,08421030000130002000,08421030000000013,0,2.75846073127e-08,,08,421,03
URBANO,084210300000000130003000000000,08421030000130003000,08421030000000013,0,2.78501250624e-08,,08,421,03
URBANO,084210300000000130001000000000,08421030000130001000,08421030000000013,0,4.25268360813e-08,,08,421,03
URBANO,084210300000000130005000000000,08421030000130005000,08421030000000013,0,5.55620273287e-08,,08,421,03
URBANO,084210300000000130004000000000,08421030000130004000,08421030000000013,0,6.74905890476e-08,,08,421,03
URBANO,084210300000000130008000000000,08421030000130008000,08421030000000013,0,7.56902455385e-08,,08,421,03
URBANO,084210300000000130007000000000,08421030000130007000,08421030000000013,0,1.01260811032e-07,,08,421,03
URBANO,084210300000000220010000000000,08421030000220010000,08421030000000022,0,9.63608851904e-08,,08,421,03
URBANO,084210300000000220020000000000,08421030000220020000,08421030000000022,0,3.67280920991e-08,,08,421,03
URBANO,084210300000000220021000000000,08421030000220021000,08421030000000022,0,2.34094570993e-08,,08,421,03
URBANO,084210300000000220017000000000,08421030000220017000,08421030000000022,0,2.07559040254e-08,,08,421,03
URBANO,084210300000000220018000000000,08421030000220018000,08421030000000022,0,2.36495058094e-08,,08,421,03
URBANO,084210300000000220019000000000,08421030000220019000,08421030000000022,0,2.62779286702e-08,,08,421,03
URBANO,084210300000000220024000000000,08421030000220024000,08421030000000022,0,1.13446795674e-08,,08,421,03
URBANO,084210300000000220013000000000,08421030000220013000,08421030000000022,0,3.39970979267e-08,,08,421,03
URBANO,084210300000000220016000000000,08421030000220016000,08421030000000022,0,3.6792953837e-08,,08,421,03
URBANO,084210300000000220014000000000,08421030000220014000,08421030000000022,0,4.10900352486e-08,,08,421,03
URBANO,084210300000000220008000000000,08421030000220008000,08421030000000022,0,4.56675930244e-08,,08,421,03
URBANO,084210300000000220009000000000,08421030000220009000,08421030000000022,0,4.67805633238e-08,,08,421,03
URBANO,084210300000000220015000000000,08421030000220015000,08421030000000022,0,5.35420897783e-08,,08,421,03
URBANO,084210300000000220012000000000,08421030000220012000,08421030000000022,0,6.57104187372e-08,,08,421,03
URBANO,084210300000000220011000000000,08421030000220011000,08421030000000022,0,7.43737955299e-08,,08,421,03
URBANO,084210300000000220022000000000,08421030000220022000,08421030000000022,0,1.73291762859e-07,,08,421,03
URBANO,084210300000000220006000000000,08421030000220006000,08421030000000022,0,3.04848457919e-08,,08,421,03
URBANO,084210300000000220007000000000,08421030000220007000,08421030000000022,0,2.96330173918e-08,,08,421,03
URBANO,084210300000000220001000000000,08421030000220001000,08421030000000022,0,3.70371178455e-08,,08,421,03
URBANO,084210300000000220002000000000,08421030000220002000,08421030000000022,0,4.0404826697e-08,,08,421,03
URBANO,084210300000000220003000000000,08421030000220003000,08421030000000022,0,6.63204743568e-08,,08,421,03
URBANO,084210300000000220005000000000,08421030000220005000,08421030000000022,0,6.98877958615e-08,,08,421,03
URBANO,084210300000000220004000000000,08421030000220004000,08421030000000022,0,7.38224717783e-08,,08,421,03
URBANO,084210300000000220023000000000,08421030000220023000,08421030000000022,0,5.5542477136e-08,,08,421,03
URBANO,084210300000000320001000000000,08421030000320001000,08421030000000032,0,8.52972567301e-08,,08,421,03
URBANO,084210300000000320005000000000,08421030000320005000,08421030000000032,0,2.997734649e-08,,08,421,03
URBANO,084210300000000320003000000000,08421030000320003000,08421030000000032,0,3.26078976967e-08,,08,421,03
URBANO,084210300000000320004000000000,08421030000320004000,08421030000000032,0,4.28625632668e-08,,08,421,03
URBANO,084210300000000320006000000000,08421030000320006000,08421030000000032,0,4.61294505742e-08,,08,421,03
URBANO,084210300000000320002000000000,08421030000320002000,08421030000000032,0,3.64266217594e-08,,08,421,03
URBANO,084210300000000210003000000000,08421030000210003000,08421030000000021,0,1.26790719031e-07,,08,421,03
URBANO,084210300000000210015000000000,08421030000210015000,08421030000000021,0,1.36556183382e-08,,08,421,03
URBANO,084210300000000210010000000000,08421030000210010000,08421030000000021,0,3.25632651401e-08,,08,421,03
URBANO,084210300000000210007000000000,08421030000210007000,08421030000000021,0,4.70922078591e-08,,08,421,03
URBANO,084210300000000210004000000000,08421030000210004000,08421030000000021,0,4.73964894341e-08,,08,421,03
URBANO,084210300000000210008000000000,08421030000210008000,08421030000000021,0,5.06625975307e-08,,08,421,03
URBANO,084210300000000210013000000000,08421030000210013000,08421030000000021,0,5.14887174256e-08,,08,421,03
URBANO,084210300000000210005000000000,08421030000210005000,08421030000000021,0,5.25166359082e-08,,08,421,03
URBANO,084210300000000210006000000000,08421030000210006000,08421030000000021,0,5.65750526839e-08,,08,421,03
URBANO,084210300000000210009000000000,08421030000210009000,08421030000000021,0,6.11928915616e-08,,08,421,03
URBANO,084210300000000210011000000000,08421030000210011000,08421030000000021,0,6.54506546923e-08,,08,421,03
URBANO,084210300000000210001000000000,08421030000210001000,08421030000000021,0,6.28894948958e-08,,08,421,03
URBANO,084210300000000210012000000000,08421030000210012000,08421030000000021,0,8.83469566886e-08,,08,421,03
URBANO,084210300000000210002000000000,08421030000210002000,08421030000000021,0,1.21945966666e-07,,08,421,03
URBANO,084210300000000210017000000000,08421030000210017000,08421030000000021,0,1.52252515133e-07,,08,421,03
URBANO,084210300000000210016000000000,08421030000210016000,08421030000000021,0,3.29512730167e-08,,08,421,03
URBANO,084210300000000210014000000000,08421030000210014000,08421030000000021,0,1.97497856355e-07,,08,421,03
URBANO,084210300000000210023000000000,08421030000210023000,08421030000000021,0,1.97024782285e-08,,08,421,03
URBANO,084210300000000210019000000000,08421030000210019000,08421030000000021,0,3.07164696024e-08,,08,421,03
URBANO,084210300000000210022000000000,08421030000210022000,08421030000000021,0,3.42847767842e-08,,08,421,03
URBANO,084210300000000210018000000000,08421030000210018000,08421030000000021,0,4.48405226067e-08,,08,421,03
URBANO,084210300000000210021000000000,08421030000210021000,08421030000000021,0,5.54992334222e-08,,08,421,03
URBANO,084210300000000210020000000000,08421030000210020000,08421030000000021,0,8.7036873637e-08,,08,421,03
URBANO,084210300000000170002000000000,08421030000170002000,08421030000000017,0,2.97828841227e-08,,08,421,03
URBANO,084210300000000170001000000000,08421030000170001000,08421030000000017,0,2.64589435517e-08,,08,421,03
URBANO,084210300000000170003000000000,08421030000170003000,08421030000000017,0,2.78266376623e-08,,08,421,03
URBANO,084210300000000230002000000000,08421030000230002000,08421030000000023,0,3.30209500401e-08,,08,421,03
URBANO,084210300000000230003000000000,08421030000230003000,08421030000000023,0,1.21085262939e-08,,08,421,03
URBANO,084210300000000230001000000000,08421030000230001000,08421030000000023,0,2.47746434909e-08,,08,421,03
URBANO,084210300000000360031000000000,08421030000360031000,08421030000000036,0,6.77674218115e-08,,08,421,03
URBANO,084210300000000360021000000000,08421030000360021000,08421030000000036,0,3.01112383425e-08,,08,421,03
URBANO,084210300000000360024000000000,08421030000360024000,08421030000000036,0,3.56566924023e-08,,08,421,03
URBANO,084210300000000360025000000000,08421030000360025000,08421030000000036,0,3.68091138309e-08,,08,421,03
URBANO,084210300000000360026000000000,08421030000360026000,08421030000000036,0,3.68208551911e-08,,08,421,03
URBANO,084210300000000360027000000000,08421030000360027000,08421030000000036,0,3.68603014217e-08,,08,421,03
URBANO,084210300000000360022000000000,08421030000360022000,08421030000000036,0,3.743087143e-08,,08,421,03
URBANO,084210300000000360030000000000,08421030000360030000,08421030000000036,0,3.75684129382e-08,,08,421,03
URBANO,084210300000000360023000000000,08421030000360023000,08421030000000036,0,4.52705055322e-08,,08,421,03
URBANO,084210300000000360028000000000,08421030000360028000,08421030000000036,0,4.64691583652e-08,,08,421,03
URBANO,084210300000000360020000000000,08421030000360020000,08421030000000036,0,5.35924343782e-08,,08,421,03
URBANO,084210300000000360029000000000,08421030000360029000,08421030000000036,0,6.14519935088e-08,,08,421,03
URBANO,084210300000000360008000000000,08421030000360008000,08421030000000036,0,5.83965469119e-08,,08,421,03
URBANO,084210300000000360016000000000,08421030000360016000,08421030000000036,0,1.73058156647e-08,,08,421,03
URBANO,084210300000000360017000000000,08421030000360017000,08421030000000036,0,1.8435031894e-08,,08,421,03
URBANO,084210300000000360032000000000,08421030000360032000,08421030000000036,0,3.39372768612e-08,,08,421,03
URBANO,084210300000000360019000000000,08421030000360019000,08421030000000036,0,3.36370949844e-08,,08,421,03
URBANO,084210300000000360018000000000,08421030000360018000,08421030000000036,0,7.02196632582e-08,,08,421,03
URBANO,084210300000000360015000000000,08421030000360015000,08421030000000036,0,8.53478925906e-08,,08,421,03
URBANO,084210300000000360010000000000,08421030000360010000,08421030000000036,0,2.56968982387e-08,,08,421,03
URBANO,084210300000000360011000000000,08421030000360011000,08421030000000036,0,3.52748043565e-08,,08,421,03
URBANO,084210300000000360013000000000,08421030000360013000,08421030000000036,0,3.74470526755e-08,,08,421,03
URBANO,084210300000000360012000000000,08421030000360012000,08421030000000036,0,3.92011990163e-08,,08,421,03
URBANO,084210300000000360009000000000,08421030000360009000,08421030000000036,0,5.31876713209e-08,,08,421,03
URBANO,084210300000000360014000000000,08421030000360014000,08421030000000036,0,5.34541162506e-08,,08,421,03
URBANO,084210300000000360006000000000,08421030000360006000,08421030000000036,0,1.58920870005e-07,,08,421,03
URBANO,084210300000000360007000000000,08421030000360007000,08421030000000036,0,1.58578157819e-08,,08,421,03
URBANO,084210300000000360003000000000,08421030000360003000,08421030000000036,0,2.77483914156e-08,,08,421,03
URBANO,084210300000000360005000000000,08421030000360005000,08421030000000036,0,3.67801786781e-08,,08,421,03
URBANO,084210300000000360004000000000,08421030000360004000,08421030000000036,0,3.91534770247e-08,,08,421,03
URBANO,084210300000000360002000000000,08421030000360002000,08421030000000036,0,4.50909560975e-08,,08,421,03
URBANO,084210300000000360001000000000,08421030000360001000,08421030000000036,0,4.76064402706e-08,,08,421,03
URBANO,084210300000000370001000000000,08421030000370001000,08421030000000037,0,9.51401063484e-08,,08,421,03
URBANO,084210300000000370002000000000,08421030000370002000,08421030000000037,0,5.02567353702e-08,,08,421,03
URBANO,084210300000000380006000000000,08421030000380006000,08421030000000038,0,2.0086355462e-08,,08,421,03
URBANO,084210300000000380008000000000,08421030000380008000,08421030000000038,0,9.58508957104e-08,,08,421,03
URBANO,084210300000000380005000000000,08421030000380005000,08421030000000038,0,1.68180577321e-08,,08,421,03
URBANO,084210300000000380009000000000,08421030000380009000,08421030000000038,0,2.77609297522e-08,,08,421,03
URBANO,084210300000000380002000000000,08421030000380002000,08421030000000038,0,3.24942369931e-08,,08,421,03
URBANO,084210300000000380003000000000,08421030000380003000,08421030000000038,0,4.64269686355e-08,,08,421,03
URBANO,084210300000000380001000000000,08421030000380001000,08421030000000038,0,5.09242894077e-08,,08,421,03
URBANO,084210300000000380004000000000,08421030000380004000,08421030000000038,0,5.24032643284e-08,,08,421,03
URBANO,084210300000000380007000000000,08421030000380007000,08421030000000038,0,7.75536842383e-08,,08,421,03
URBANO,084210300000000520021000000000,08421030000520021000,08421030000000052,0,2.41104777806e-07,,08,421,03
URBANO,084210300000000520026000000000,08421030000520026000,08421030000000052,0,2.2992536471e-08,,08,421,03
URBANO,084210300000000520025000000000,08421030000520025000,08421030000000052,0,3.04750741768e-08,,08,421,03
URBANO,084210300000000520024000000000,08421030000520024000,08421030000000052,0,9.86801334629e-08,,08,421,03
URBANO,084210300000000520023000000000,08421030000520023000,08421030000000052,0,2.0771256299e-07,,08,421,03
URBANO,084210300000000520022000000000,08421030000520022000,08421030000000052,0,2.3572197013e-07,,08,421,03
URBANO,084210300000000520009000000000,08421030000520009000,08421030000000052,0,2.26616254819e-07,,08,421,03
URBANO,084210300000000520012000000000,08421030000520012000,08421030000000052,0,5.11968050291e-08,,08,421,03
URBANO,084210300000000520011000000000,08421030000520011000,08421030000000052,0,5.28148510223e-08,,08,421,03
URBANO,084210300000000520013000000000,08421030000520013000,08421030000000052,0,5.79053838556e-08,,08,421,03
URBANO,084210300000000520019000000000,08421030000520019000,08421030000000052,0,5.83510182142e-08,,08,421,03
URBANO,084210300000000520010000000000,08421030000520010000,08421030000000052,0,5.92366038134e-08,,08,421,03
URBANO,084210300000000520017000000000,08421030000520017000,08421030000000052,0,6.23121327236e-08,,08,421,03
URBANO,084210300000000520018000000000,08421030000520018000,08421030000000052,0,6.30204628999e-08,,08,421,03
URBANO,084210300000000520014000000000,08421030000520014000,08421030000000052,0,6.40410837331e-08,,08,421,03
URBANO,084210300000000520016000000000,08421030000520016000,08421030000000052,0,9.51208098234e-08,,08,421,03
URBANO,084210300000000520015000000000,08421030000520015000,08421030000000052,0,1.15807067886e-07,,08,421,03
URBANO,084210300000000520020000000000,08421030000520020000,08421030000000052,0,1.39129673544e-07,,08,421,03
URBANO,084210300000000520008000000000,08421030000520008000,08421030000000052,0,1.67548284181e-07,,08,421,03
URBANO,084210300000000520004000000000,08421030000520004000,08421030000000052,0,2.91306548628e-08,,08,421,03
URBANO,084210300000000520002000000000,08421030000520002000,08421030000000052,0,3.21907030197e-08,,08,421,03
URBANO,084210300000000520006000000000,08421030000520006000,08421030000000052,0,4.01805163411e-08,,08,421,03
URBANO,084210300000000520001000000000,08421030000520001000,08421030000000052,0,4.80516670726e-08,,08,421,03
URBANO,084210300000000520005000000000,08421030000520005000,08421030000000052,0,6.8263146877e-08,,08,421,03
URBANO,084210300000000520003000000000,08421030000520003000,08421030000000052,0,1.11990077286e-07,,08,421,03
URBANO,084210300000000520007000000000,08421030000520007000,08421030000000052,0,1.48114826752e-07,,08,421,03
URBANO,084210200000000260007000000000,08421020000260007000,08421020000000026,0,6.98690231802e-08,,08,421,02
URBANO,084210200000000260009000000000,08421020000260009000,08421020000000026,0,8.00689310529e-09,,08,421,02
URBANO,084210200000000260011000000000,08421020000260011000,08421020000000026,0,1.88186783117e-08,,08,421,02
URBANO,084210200000000260006000000000,08421020000260006000,08421020000000026,0,1.92730215677e-08,,08,421,02
URBANO,084210200000000260001000000000,08421020000260001000,08421020000000026,0,1.96909919033e-08,,08,421,02
URBANO,084210200000000260010000000000,08421020000260010000,08421020000000026,0,2.12308193048e-08,,08,421,02
URBANO,084210200000000260005000000000,08421020000260005000,08421020000000026,0,2.58968414467e-08,,08,421,02
URBANO,084210200000000260008000000000,08421020000260008000,08421020000000026,0,3.13266503383e-08,,08,421,02
URBANO,084210200000000260003000000000,08421020000260003000,08421020000000026,0,3.53055478746e-08,,08,421,02
URBANO,084210200000000260002000000000,08421020000260002000,08421020000000026,0,3.73308721173e-08,,08,421,02
URBANO,084210200000000260004000000000,08421020000260004000,08421020000000026,0,4.18993432598e-08,,08,421,02
URBANO,084210200000000320012000000000,08421020000320012000,08421020000000032,0,5.52910595129e-08,,08,421,02
URBANO,084210200000000320007000000000,08421020000320007000,08421020000000032,0,1.72024796617e-08,,08,421,02
URBANO,084210200000000320016000000000,08421020000320016000,08421020000000032,0,1.80018299182e-08,,08,421,02
URBANO,084210200000000320009000000000,08421020000320009000,08421020000000032,0,1.82776098041e-08,,08,421,02
URBANO,084210200000000320008000000000,08421020000320008000,08421020000000032,0,1.99918674813e-08,,08,421,02
URBANO,084210200000000320015000000000,08421020000320015000,08421020000000032,0,2.00989538038e-08,,08,421,02
URBANO,084210200000000320017000000000,08421020000320017000,08421020000000032,0,2.14186473964e-08,,08,421,02
URBANO,084210200000000320005000000000,08421020000320005000,08421020000000032,0,2.51308212505e-08,,08,421,02
URBANO,084210200000000320004000000000,08421020000320004000,08421020000000032,0,2.5601900481e-08,,08,421,02
URBANO,084210200000000320003000000000,08421020000320003000,08421020000000032,0,2.61370811281e-08,,08,421,02
URBANO,084210200000000320014000000000,08421020000320014000,08421020000000032,0,2.96639075277e-08,,08,421,02
URBANO,084210200000000320006000000000,08421020000320006000,08421020000000032,0,3.04154068439e-08,,08,421,02
URBANO,084210200000000320001000000000,08421020000320001000,08421020000000032,0,3.18713654887e-08,,08,421,02
URBANO,084210200000000320010000000000,08421020000320010000,08421020000000032,0,4.05644426361e-08,,08,421,02
URBANO,084210200000000320011000000000,08421020000320011000,08421020000000032,0,4.63934684308e-08,,08,421,02
URBANO,084210200000000320013000000000,08421020000320013000,08421020000000032,0,4.81864956881e-08,,08,421,02
URBANO,084210200000000320002000000000,08421020000320002000,08421020000000032,0,5.35650548683e-08,,08,421,02
URBANO,084210200000000170008000000000,08421020000170008000,08421020000000017,0,1.32205741858e-07,,08,421,02
URBANO,084210200000000170014000000000,08421020000170014000,08421020000000017,0,1.10626450795e-08,,08,421,02
URBANO,084210200000000170002000000000,08421020000170002000,08421020000000017,0,1.18665199605e-08,,08,421,02
URBANO,084210200000000170007000000000,08421020000170007000,08421020000000017,0,1.21317572247e-08,,08,421,02
URBANO,084210200000000170013000000000,08421020000170013000,08421020000000017,0,1.62523202346e-08,,08,421,02
URBANO,084210200000000170019000000000,08421020000170019000,08421020000000017,0,1.83519515407e-08,,08,421,02
URBANO,084210200000000170020000000000,08421020000170020000,08421020000000017,0,2.29299662134e-08,,08,421,02
URBANO,084210200000000170005000000000,08421020000170005000,08421020000000017,0,2.71633745228e-08,,08,421,02
URBANO,084210200000000170004000000000,08421020000170004000,08421020000000017,0,2.74883789057e-08,,08,421,02
URBANO,084210200000000170012000000000,08421020000170012000,08421020000000017,0,2.75774275092e-08,,08,421,02
URBANO,084210200000000170003000000000,08421020000170003000,08421020000000017,0,2.79574301178e-08,,08,421,02
URBANO,084210200000000170010000000000,08421020000170010000,08421020000000017,0,2.85577506115e-08,,08,421,02
URBANO,084210200000000170011000000000,08421020000170011000,08421020000000017,0,2.91312282529e-08,,08,421,02
URBANO,084210200000000170017000000000,08421020000170017000,08421020000000017,0,2.93321719082e-08,,08,421,02
URBANO,084210200000000170006000000000,08421020000170006000,08421020000000017,0,2.97698531166e-08,,08,421,02
URBANO,084210200000000170016000000000,08421020000170016000,08421020000000017,0,2.99136070508e-08,,08,421,02
URBANO,084210200000000170001000000000,08421020000170001000,08421020000000017,0,3.52927577823e-08,,08,421,02
URBANO,084210200000000170018000000000,08421020000170018000,08421020000000017,0,3.58847212689e-08,,08,421,02
URBANO,084210200000000170015000000000,08421020000170015000,08421020000000017,0,3.59438788892e-08,,08,421,02
URBANO,084210200000000170009000000000,08421020000170009000,08421020000000017,0,3.99683275812e-08,,08,421,02
URBANO,084210200000000400004000000000,08421020000400004000,08421020000000040,0,3.02658032997e-08,,08,421,02
URBANO,084210200000000400003000000000,08421020000400003000,08421020000000040,0,5.02214546481e-08,,08,421,02
URBANO,084210200000000400006000000000,08421020000400006000,08421020000000040,0,2.78468633e-08,,08,421,02
URBANO,084210200000000400002000000000,08421020000400002000,08421020000000040,0,3.63185363231e-08,,08,421,02
URBANO,084210200000000400005000000000,08421020000400005000,08421020000000040,0,2.36431515357e-08,,08,421,02
URBANO,084210200000000400001000000000,08421020000400001000,08421020000000040,0,1.8789171004e-08,,08,421,02
URBANO,084210200000000450005000000000,08421020000450005000,08421020000000045,0,4.66202138757e-08,,08,421,02
URBANO,084210200000000450004000000000,08421020000450004000,08421020000000045,0,3.23560337712e-08,,08,421,02
URBANO,084210200000000450001000000000,08421020000450001000,08421020000000045,0,2.41896525696e-08,,08,421,02
URBANO,084210200000000450003000000000,08421020000450003000,08421020000000045,0,2.90705193796e-08,,08,421,02
URBANO,084210200000000450002000000000,08421020000450002000,08421020000000045,0,2.24225825824e-08,,08,421,02
URBANO,084210200000000410008000000000,08421020000410008000,08421020000000041,0,3.98062126495e-08,,08,421,02
URBANO,084210200000000410002000000000,08421020000410002000,08421020000000041,0,2.78028760844e-08,,08,421,02
URBANO,084210200000000410001000000000,08421020000410001000,08421020000000041,0,2.30470494462e-08,,08,421,02
URBANO,084210200000000410007000000000,08421020000410007000,08421020000000041,0,2.47697856373e-08,,08,421,02
URBANO,084210200000000410003000000000,08421020000410003000,08421020000000041,0,2.72105261896e-08,,08,421,02
URBANO,084210200000000410006000000000,08421020000410006000,08421020000000041,0,2.87192890247e-08,,08,421,02
URBANO,084210200000000410005000000000,08421020000410005000,08421020000000041,0,3.86666328376e-08,,08,421,02
URBANO,084210200000000410004000000000,08421020000410004000,08421020000000041,0,3.90893806252e-08,,08,421,02
URBANO,084210200000000330005000000000,08421020000330005000,08421020000000033,0,1.21625433314e-07,,08,421,02
URBANO,084210200000000330006000000000,08421020000330006000,08421020000000033,0,4.55844633146e-08,,08,421,02
URBANO,084210200000000330007000000000,08421020000330007000,08421020000000033,0,4.92664583152e-08,,08,421,02
URBANO,084210200000000330009000000000,08421020000330009000,08421020000000033,0,4.52352774375e-08,,08,421,02
URBANO,084210200000000330008000000000,08421020000330008000,08421020000000033,0,7.13077977687e-08,,08,421,02
URBANO,084210200000000330010000000000,08421020000330010000,08421020000000033,0,1.64783592805e-08,,08,421,02
URBANO,084210200000000330004000000000,08421020000330004000,08421020000000033,0,2.69988720423e-08,,08,421,02
URBANO,084210200000000330001000000000,08421020000330001000,08421020000000033,0,3.35600952866e-08,,08,421,02
URBANO,084210200000000330011000000000,08421020000330011000,08421020000000033,0,3.3676596627e-08,,08,421,02
URBANO,084210200000000330015000000000,08421020000330015000,08421020000000033,0,3.66391799059e-08,,08,421,02
URBANO,084210200000000330014000000000,08421020000330014000,08421020000000033,0,4.01166981626e-08,,08,421,02
URBANO,084210200000000330002000000000,08421020000330002000,08421020000000033,0,4.02358781771e-08,,08,421,02
URBANO,084210200000000330013000000000,08421020000330013000,08421020000000033,0,4.31668884813e-08,,08,421,02
URBANO,084210200000000330003000000000,08421020000330003000,08421020000000033,0,5.62670297576e-08,,08,421,02
URBANO,084210200000000330012000000000,08421020000330012000,08421020000000033,0,5.87326060324e-08,,08,421,02
URBANO,084210200000000420008000000000,08421020000420008000,08421020000000042,0,5.08462606494e-08,,08,421,02
URBANO,084210200000000420001000000000,08421020000420001000,08421020000000042,0,1.68979526491e-08,,08,421,02
URBANO,084210200000000420016000000000,08421020000420016000,08421020000000042,0,2.68932755835e-08,,08,421,02
URBANO,084210200000000420004000000000,08421020000420004000,08421020000000042,0,3.30490604067e-08,,08,421,02
URBANO,084210200000000420005000000000,08421020000420005000,08421020000000042,0,3.3233914944e-08,,08,421,02
URBANO,084210200000000420017000000000,08421020000420017000,08421020000000042,0,3.5051062434e-08,,08,421,02
URBANO,084210200000000420003000000000,08421020000420003000,08421020000000042,0,3.54027517462e-08,,08,421,02
URBANO,084210200000000420015000000000,08421020000420015000,08421020000000042,0,3.70080155272e-08,,08,421,02
URBANO,084210200000000420014000000000,08421020000420014000,08421020000000042,0,3.84404547481e-08,,08,421,02
URBANO,084210200000000420013000000000,08421020000420013000,08421020000000042,0,5.56929436173e-08,,08,421,02
URBANO,084210200000000420006000000000,08421020000420006000,08421020000000042,0,6.52699684474e-08,,08,421,02
URBANO,084210200000000420012000000000,08421020000420012000,08421020000000042,0,6.58050215095e-08,,08,421,02
URBANO,084210200000000420011000000000,08421020000420011000,08421020000000042,0,7.02097622712e-08,,08,421,02
URBANO,084210200000000420002000000000,08421020000420002000,08421020000000042,0,7.82580234973e-08,,08,421,02
URBANO,084210200000000420007000000000,08421020000420007000,08421020000000042,0,8.4926298695e-08,,08,421,02
URBANO,084210200000000420009000000000,08421020000420009000,08421020000000042,0,2.88662419428e-08,,08,421,02
URBANO,084210200000000420010000000000,08421020000420010000,08421020000000042,0,3.19123792985e-08,,08,421,02
URBANO,084210200000000270010000000000,08421020000270010000,08421020000000027,0,5.31500449632e-08,,08,421,02
URBANO,084210200000000270006000000000,08421020000270006000,08421020000000027,0,1.46294300628e-08,,08,421,02
URBANO,084210200000000270007000000000,08421020000270007000,08421020000000027,0,1.60941300431e-08,,08,421,02
URBANO,084210200000000270001000000000,08421020000270001000,08421020000000027,0,1.91842056013e-08,,08,421,02
URBANO,084210200000000270002000000000,08421020000270002000,08421020000000027,0,2.84257094193e-08,,08,421,02
URBANO,084210200000000270003000000000,08421020000270003000,08421020000000027,0,4.79307123876e-08,,08,421,02
URBANO,084210200000000270008000000000,08421020000270008000,08421020000000027,0,4.81492561256e-08,,08,421,02
URBANO,084210200000000270004000000000,08421020000270004000,08421020000000027,0,3.24992172557e-08,,08,421,02
URBANO,084210200000000270009000000000,08421020000270009000,08421020000000027,0,7.22987918702e-08,,08,421,02
URBANO,084210200000000270011000000000,08421020000270011000,08421020000000027,0,2.40970610989e-08,,08,421,02
URBANO,084210200000000270005000000000,08421020000270005000,08421020000000027,0,3.91562962221e-08,,08,421,02
URBANO,084210200000000180005000000000,08421020000180005000,08421020000000018,0,8.61613431918e-08,,08,421,02
URBANO,084210200000000180011000000000,08421020000180011000,08421020000000018,0,2.01246312686e-08,,08,421,02
URBANO,084210200000000180010000000000,08421020000180010000,08421020000000018,0,3.45378001593e-08,,08,421,02
URBANO,084210200000000180015000000000,08421020000180015000,08421020000000018,0,4.32920876469e-08,,08,421,02
URBANO,084210200000000180013000000000,08421020000180013000,08421020000000018,0,4.64355554946e-08,,08,421,02
URBANO,084210200000000180007000000000,08421020000180007000,08421020000000018,0,7.58267910797e-08,,08,421,02
URBANO,084210200000000180014000000000,08421020000180014000,08421020000000018,0,4.53381394645e-08,,08,421,02
URBANO,084210200000000180012000000000,08421020000180012000,08421020000000018,0,5.86493830047e-08,,08,421,02
URBANO,084210200000000180017000000000,08421020000180017000,08421020000000018,0,5.14077817937e-08,,08,421,02
URBANO,084210200000000180008000000000,08421020000180008000,08421020000000018,0,7.11887521895e-08,,08,421,02
URBANO,084210200000000180019000000000,08421020000180019000,08421020000000018,0,4.02976676034e-08,,08,421,02
URBANO,084210200000000180009000000000,08421020000180009000,08421020000000018,0,2.85848582178e-08,,08,421,02
URBANO,084210200000000180003000000000,08421020000180003000,08421020000000018,0,3.34753432768e-08,,08,421,02
URBANO,084210200000000180004000000000,08421020000180004000,08421020000000018,0,6.4356774218e-08,,08,421,02
URBANO,084210200000000180006000000000,08421020000180006000,08421020000000018,0,6.62417472254e-08,,08,421,02
URBANO,084210200000000180001000000000,08421020000180001000,08421020000000018,0,3.59744859116e-08,,08,421,02
URBANO,084210200000000180016000000000,08421020000180016000,08421020000000018,0,3.67769251983e-08,,08,421,02
URBANO,084210200000000180018000000000,08421020000180018000,08421020000000018,0,3.94414894114e-08,,08,421,02
URBANO,084210200000000180002000000000,08421020000180002000,08421020000000018,0,2.55174192711e-08,,08,421,02
URBANO,084210200000000070001000000000,08421020000070001000,08421020000000007,0,4.71823427567e-08,,08,421,02
URBANO,084210200000000070006000000000,08421020000070006000,08421020000000007,0,5.12704608353e-08,,08,421,02
URBANO,084210200000000070008000000000,08421020000070008000,08421020000000007,0,3.55112367786e-08,,08,421,02
URBANO,084210200000000070010000000000,08421020000070010000,08421020000000007,0,3.98702335368e-08,,08,421,02
URBANO,084210200000000070009000000000,08421020000070009000,08421020000000007,0,4.36400595328e-08,,08,421,02
URBANO,084210200000000070007000000000,08421020000070007000,08421020000000007,0,4.5482600791e-08,,08,421,02
URBANO,084210200000000070003000000000,08421020000070003000,08421020000000007,0,2.53063373573e-08,,08,421,02
URBANO,084210200000000070004000000000,08421020000070004000,08421020000000007,0,2.82735958924e-08,,08,421,02
URBANO,084210200000000070005000000000,08421020000070005000,08421020000000007,0,3.04044480017e-08,,08,421,02
URBANO,084210200000000070002000000000,08421020000070002000,08421020000000007,0,5.11598152753e-08,,08,421,02
URBANO,084210200000000080004000000000,08421020000080004000,08421020000000008,0,8.40711709215e-08,,08,421,02
URBANO,084210200000000080007000000000,08421020000080007000,08421020000000008,0,4.40139723405e-08,,08,421,02
URBANO,084210200000000080008000000000,08421020000080008000,08421020000000008,0,5.40778735787e-08,,08,421,02
URBANO,084210200000000080002000000000,08421020000080002000,08421020000000008,0,2.70609513765e-08,,08,421,02
URBANO,084210200000000080009000000000,08421020000080009000,08421020000000008,0,3.25772166008e-08,,08,421,02
URBANO,084210200000000080006000000000,08421020000080006000,08421020000000008,0,5.59650230703e-08,,08,421,02
URBANO,084210200000000080003000000000,08421020000080003000,08421020000000008,0,2.98852579243e-08,,08,421,02
URBANO,084210200000000080005000000000,08421020000080005000,08421020000000008,0,2.23665864768e-08,,08,421,02
URBANO,084210200000000080011000000000,08421020000080011000,08421020000000008,0,2.70339701615e-08,,08,421,02
URBANO,084210200000000080010000000000,08421020000080010000,08421020000000008,0,2.97866283839e-08,,08,421,02
URBANO,084210200000000280001000000000,08421020000280001000,08421020000000028,0,2.70714035525e-08,,08,421,02
URBANO,084210200000000280002000000000,08421020000280002000,08421020000000028,0,1.75535627657e-08,,08,421,02
URBANO,084210200000000340005000000000,08421020000340005000,08421020000000034,0,6.27500483439e-08,,08,421,02
URBANO,084210200000000340009000000000,08421020000340009000,08421020000000034,0,5.49152178477e-08,,08,421,02
URBANO,084210200000000340008000000000,08421020000340008000,08421020000000034,0,2.73849109292e-08,,08,421,02
URBANO,084210200000000340007000000000,08421020000340007000,08421020000000034,0,3.35498640548e-08,,08,421,02
URBANO,084210200000000340001000000000,08421020000340001000,08421020000000034,0,4.34943154958e-08,,08,421,02
URBANO,084210200000000340003000000000,08421020000340003000,08421020000000034,0,3.27878016205e-08,,08,421,02
URBANO,084210200000000340006000000000,08421020000340006000,08421020000000034,0,3.31159666124e-08,,08,421,02
URBANO,084210200000000340002000000000,08421020000340002000,08421020000000034,0,4.0617310716e-08,,08,421,02
URBANO,084210200000000340004000000000,08421020000340004000,08421020000000034,0,5.82783162778e-08,,08,421,02
URBANO,084210200000000190007000000000,08421020000190007000,08421020000000019,0,3.83011238167e-08,,08,421,02
URBANO,084210200000000190006000000000,08421020000190006000,08421020000000019,0,2.61852070945e-08,,08,421,02
URBANO,084210200000000190005000000000,08421020000190005000,08421020000000019,0,2.7638445489e-08,,08,421,02
URBANO,084210200000000190003000000000,08421020000190003000,08421020000000019,0,4.94527567467e-08,,08,421,02
URBANO,084210200000000190004000000000,08421020000190004000,08421020000000019,0,5.21477776079e-08,,08,421,02
URBANO,084210200000000190002000000000,08421020000190002000,08421020000000019,0,1.13285429954e-07,,08,421,02
URBANO,084210200000000190001000000000,08421020000190001000,08421020000000019,0,5.24675977518e-08,,08,421,02
URBANO,084210200000000190013000000000,08421020000190013000,08421020000000019,0,2.04502112659e-08,,08,421,02
URBANO,084210200000000190012000000000,08421020000190012000,08421020000000019,0,2.08675252122e-08,,08,421,02
URBANO,084210200000000190011000000000,08421020000190011000,08421020000000019,0,3.10061503544e-08,,08,421,02
URBANO,084210200000000190010000000000,08421020000190010000,08421020000000019,0,8.41544230608e-08,,08,421,02
URBANO,084210200000000190009000000000,08421020000190009000,08421020000000019,0,2.1105195571e-08,,08,421,02
URBANO,084210200000000190008000000000,08421020000190008000,08421020000000019,0,3.38550428963e-08,,08,421,02
URBANO,084210200000000090004000000000,08421020000090004000,08421020000000009,0,8.3458483452e-08,,08,421,02
URBANO,084210200000000090001000000000,08421020000090001000,08421020000000009,0,5.96208294192e-08,,08,421,02
URBANO,084210200000000090002000000000,08421020000090002000,08421020000000009,0,6.48801622034e-08,,08,421,02
URBANO,084210200000000090003000000000,08421020000090003000,08421020000000009,0,6.32407623099e-08,,08,421,02
URBANO,084210200000000480001000000000,08421020000480001000,08421020000000048,0,2.93601423156e-08,,08,421,02
URBANO,084210200000000480005000000000,08421020000480005000,08421020000000048,0,1.60599176434e-08,,08,421,02
URBANO,084210200000000480009000000000,08421020000480009000,08421020000000048,0,1.72511611226e-08,,08,421,02
URBANO,084210200000000480004000000000,08421020000480004000,08421020000000048,0,2.11540357383e-08,,08,421,02
URBANO,084210200000000480010000000000,08421020000480010000,08421020000000048,0,2.12674396328e-08,,08,421,02
URBANO,084210200000000480008000000000,08421020000480008000,08421020000000048,0,2.32674464514e-08,,08,421,02
URBANO,084210200000000480006000000000,08421020000480006000,08421020000000048,0,2.49524343842e-08,,08,421,02
URBANO,084210200000000430002000000000,08421020000430002000,08421020000000043,0,4.07585736743e-08,,08,421,02
URBANO,084210200000000350002000000000,08421020000350002000,08421020000000035,0,2.21724767076e-07,,08,421,02
URBANO,084210200000000350005000000000,08421020000350005000,08421020000000035,0,6.13689564169e-08,,08,421,02
URBANO,084210200000000350004000000000,08421020000350004000,08421020000000035,0,9.5203462553e-08,,08,421,02
URBANO,084210200000000350001000000000,08421020000350001000,08421020000000035,0,1.53353566312e-07,,08,421,02
URBANO,084210200000000350006000000000,08421020000350006000,08421020000000035,0,1.78668636231e-07,,08,421,02
URBANO,084210200000000350003000000000,08421020000350003000,08421020000000035,0,1.80780253997e-07,,08,421,02
URBANO,084210200000000100007000000000,08421020000100007000,08421020000000010,0,2.20408511746e-07,,08,421,02
URBANO,084210200000000100004000000000,08421020000100004000,08421020000000010,0,1.78992050564e-08,,08,421,02
URBANO,084210200000000100003000000000,08421020000100003000,08421020000000010,0,1.80147539513e-08,,08,421,02
URBANO,084210200000000100002000000000,08421020000100002000,08421020000000010,0,3.26647488005e-08,,08,421,02
URBANO,084210200000000100006000000000,08421020000100006000,08421020000000010,0,4.28248696703e-08,,08,421,02
URBANO,084210200000000100008000000000,08421020000100008000,08421020000000010,0,6.04715985444e-08,,08,421,02
URBANO,084210200000000100001000000000,08421020000100001000,08421020000000010,0,7.38822156985e-08,,08,421,02
URBANO,084210200000000100005000000000,08421020000100005000,08421020000000010,0,1.64231738591e-07,,08,421,02
URBANO,084210200000000110004000000000,08421020000110004000,08421020000000011,0,2.04632069735e-07,,08,421,02
URBANO,084210200000000110008000000000,08421020000110008000,08421020000000011,0,7.99256544106e-08,,08,421,02
URBANO,084210200000000110001000000000,08421020000110001000,08421020000000011,0,9.18817120178e-08,,08,421,02
URBANO,084210200000000110003000000000,08421020000110003000,08421020000000011,0,6.37313369683e-08,,08,421,02
URBANO,084210200000000110002000000000,08421020000110002000,08421020000000011,0,1.17205930212e-07,,08,421,02
URBANO,084210200000000110005000000000,08421020000110005000,08421020000000011,0,1.21021862554e-07,,08,421,02
URBANO,084210200000000110006000000000,08421020000110006000,08421020000000011,0,2.98692185237e-08,,08,421,02
URBANO,084210200000000110007000000000,08421020000110007000,08421020000000011,0,2.88302468388e-08,,08,421,02
URBANO,084210200000000360001000000000,08421020000360001000,08421020000000036,0,5.71709825727e-08,,08,421,02
URBANO,084210200000000360003000000000,08421020000360003000,08421020000000036,0,4.15634880766e-08,,08,421,02
URBANO,084210200000000360004000000000,08421020000360004000,08421020000000036,0,4.2480908076e-08,,08,421,02
URBANO,084210200000000360002000000000,08421020000360002000,08421020000000036,0,4.43545873318e-08,,08,421,02
URBANO,084210200000000380014000000000,08421020000380014000,08421020000000038,0,5.11541396146e-08,,08,421,02
URBANO,084210200000000380011000000000,08421020000380011000,08421020000000038,0,3.48918358636e-08,,08,421,02
URBANO,084210200000000380003000000000,08421020000380003000,08421020000000038,0,8.83339529004e-08,,08,421,02
URBANO,084210200000000380002000000000,08421020000380002000,08421020000000038,0,8.91796697161e-08,,08,421,02
URBANO,084210200000000380013000000000,08421020000380013000,08421020000000038,0,1.10895425295e-07,,08,421,02
URBANO,084210200000000380012000000000,08421020000380012000,08421020000000038,0,1.61946836339e-08,,08,421,02
URBANO,084210200000000380010000000000,08421020000380010000,08421020000000038,0,2.90673178823e-08,,08,421,02
URBANO,084210200000000380001000000000,08421020000380001000,08421020000000038,0,6.81863529877e-08,,08,421,02
URBANO,084210200000000380016000000000,08421020000380016000,08421020000000038,0,1.60561472518e-08,,08,421,02
URBANO,084210200000000380007000000000,08421020000380007000,08421020000000038,0,2.18763708407e-08,,08,421,02
URBANO,084210200000000380006000000000,08421020000380006000,08421020000000038,0,6.34396524252e-08,,08,421,02
URBANO,084210200000000380005000000000,08421020000380005000,08421020000000038,0,6.41088249641e-08,,08,421,02
URBANO,084210200000000380017000000000,08421020000380017000,08421020000000038,0,1.27001305925e-08,,08,421,02
URBANO,084210200000000380018000000000,08421020000380018000,08421020000000038,0,1.60561848192e-08,,08,421,02
URBANO,084210200000000220002000000000,08421020000220002000,08421020000000022,0,6.03693439177e-08,,08,421,02
URBANO,084210200000000220003000000000,08421020000220003000,08421020000000022,0,2.75671183634e-08,,08,421,02
URBANO,084210200000000220001000000000,08421020000220001000,08421020000000022,0,3.17319544733e-08,,08,421,02
URBANO,084210200000000290001000000000,08421020000290001000,08421020000000029,0,4.09660870642e-08,,08,421,02
URBANO,084210200000000290002000000000,08421020000290002000,08421020000000029,0,1.84495155878e-08,,08,421,02
URBANO,084210200000000290003000000000,08421020000290003000,08421020000000029,0,2.16852292297e-08,,08,421,02
URBANO,084210200000000290004000000000,08421020000290004000,08421020000000029,0,3.87417886741e-08,,08,421,02
URBANO,084210200000000140003000000000,08421020000140003000,08421020000000014,0,7.51127867289e-08,,08,421,02
URBANO,084210200000000140001000000000,08421020000140001000,08421020000000014,0,3.05661005068e-08,,08,421,02
URBANO,084210200000000140002000000000,08421020000140002000,08421020000000014,0,3.35311444049e-08,,08,421,02
URBANO,084210200000000500001000000000,08421020000500001000,08421020000000050,0,4.26920030505e-07,,08,421,02
URBANO,084210200000000210004000000000,08421020000210004000,08421020000000021,0,8.84853944808e-08,,08,421,02
URBANO,084210200000000210014000000000,08421020000210014000,08421020000000021,0,1.87819417529e-08,,08,421,02
URBANO,084210200000000210011000000000,08421020000210011000,08421020000000021,0,2.04393792253e-08,,08,421,02
URBANO,084210200000000210010000000000,08421020000210010000,08421020000000021,0,2.17316266008e-08,,08,421,02
URBANO,084210200000000210009000000000,08421020000210009000,08421020000000021,0,2.54104110676e-08,,08,421,02
URBANO,084210200000000210007000000000,08421020000210007000,08421020000000021,0,2.79527406008e-08,,08,421,02
URBANO,084210200000000210006000000000,08421020000210006000,08421020000000021,0,3.68485707894e-08,,08,421,02
URBANO,084210200000000210001000000000,08421020000210001000,08421020000000021,0,7.75586677067e-08,,08,421,02
URBANO,084210200000000210008000000000,08421020000210008000,08421020000000021,0,5.69784761594e-08,,08,421,02
URBANO,084210200000000210002000000000,08421020000210002000,08421020000000021,0,1.18396772498e-07,,08,421,02
URBANO,084210200000000210012000000000,08421020000210012000,08421020000000021,0,2.04673672765e-08,,08,421,02
URBANO,084210200000000210013000000000,08421020000210013000,08421020000000021,0,2.72085111918e-08,,08,421,02
URBANO,084210200000000210003000000000,08421020000210003000,08421020000000021,0,7.85550497895e-08,,08,421,02
URBANO,084210200000000210005000000000,08421020000210005000,08421020000000021,0,8.39454117461e-08,,08,421,02
URBANO,084210200000000370011000000000,08421020000370011000,08421020000000037,0,3.92779963357e-08,,08,421,02
URBANO,084210200000000370004000000000,08421020000370004000,08421020000000037,0,3.24107621916e-08,,08,421,02
URBANO,084210200000000370008000000000,08421020000370008000,08421020000000037,0,2.34386623324e-08,,08,421,02
URBANO,084210200000000370009000000000,08421020000370009000,08421020000000037,0,2.62244843646e-08,,08,421,02
URBANO,084210200000000370010000000000,08421020000370010000,08421020000000037,0,2.64814030802e-08,,08,421,02
URBANO,084210200000000370006000000000,08421020000370006000,08421020000000037,0,2.76636032357e-08,,08,421,02
URBANO,084210200000000370007000000000,08421020000370007000,08421020000000037,0,2.90431734771e-08,,08,421,02
URBANO,084210200000000370005000000000,08421020000370005000,08421020000000037,0,3.08256688902e-08,,08,421,02
URBANO,084210200000000370012000000000,08421020000370012000,08421020000000037,0,3.42089046541e-08,,08,421,02
URBANO,084210200000000370013000000000,08421020000370013000,08421020000000037,0,3.92201194766e-08,,08,421,02
URBANO,084210200000000370001000000000,08421020000370001000,08421020000000037,0,4.14778209035e-08,,08,421,02
URBANO,084210200000000370003000000000,08421020000370003000,08421020000000037,0,3.23033856929e-08,,08,421,02
URBANO,084210200000000370002000000000,08421020000370002000,08421020000000037,0,3.28751841721e-08,,08,421,02
URBANO,084210200000000120006000000000,08421020000120006000,08421020000000012,0,8.20864870519e-08,,08,421,02
URBANO,084210200000000120019000000000,08421020000120019000,08421020000000012,0,1.04702580306e-08,,08,421,02
URBANO,084210200000000120018000000000,08421020000120018000,08421020000000012,0,1.9787565989e-08,,08,421,02
URBANO,084210200000000120001000000000,08421020000120001000,08421020000000012,0,2.62753561552e-08,,08,421,02
URBANO,084210200000000120002000000000,08421020000120002000,08421020000000012,0,6.04350229725e-08,,08,421,02
URBANO,084210200000000120013000000000,08421020000120013000,08421020000000012,0,5.73984138e-08,,08,421,02
URBANO,084210200000000120012000000000,08421020000120012000,08421020000000012,0,6.11911815101e-08,,08,421,02
URBANO,084210200000000120017000000000,08421020000120017000,08421020000000012,0,5.41362469725e-08,,08,421,02
URBANO,084210200000000120007000000000,08421020000120007000,08421020000000012,0,3.62681499898e-08,,08,421,02
URBANO,084210200000000120005000000000,08421020000120005000,08421020000000012,0,5.74889639869e-08,,08,421,02
URBANO,084210200000000120003000000000,08421020000120003000,08421020000000012,0,1.17465436659e-07,,08,421,02
URBANO,084210200000000120014000000000,08421020000120014000,08421020000000012,0,3.5248652457e-08,,08,421,02
URBANO,084210200000000120023000000000,08421020000120023000,08421020000000012,0,3.31228682473e-08,,08,421,02
URBANO,084210200000000120011000000000,08421020000120011000,08421020000000012,0,3.30960943351e-08,,08,421,02
URBANO,084210200000000120004000000000,08421020000120004000,08421020000000012,0,5.20510550756e-08,,08,421,02
URBANO,084210200000000120016000000000,08421020000120016000,08421020000000012,0,5.43448810217e-08,,08,421,02
URBANO,084210200000000120020000000000,08421020000120020000,08421020000000012,0,1.44485074162e-08,,08,421,02
URBANO,084210200000000120022000000000,08421020000120022000,08421020000000012,0,2.16351214162e-08,,08,421,02
URBANO,084210200000000120021000000000,08421020000120021000,08421020000000012,0,9.26260884852e-09,,08,421,02
URBANO,084210200000000120015000000000,08421020000120015000,08421020000000012,0,4.43070295625e-08,,08,421,02
URBANO,084210200000000550003000000000,08421020000550003000,08421020000000055,0,4.7370447019e-08,,08,421,02
URBANO,084210200000000550002000000000,08421020000550002000,08421020000000055,0,1.72724050913e-08,,08,421,02
URBANO,084210200000000550004000000000,08421020000550004000,08421020000000055,0,3.1612261954e-08,,08,421,02
URBANO,084210200000000550001000000000,08421020000550001000,08421020000000055,0,3.58819429191e-08,,08,421,02
URBANO,084210200000000050001000000000,08421020000050001000,08421020000000005,0,2.18269320312e-07,,08,421,02
URBANO,084210200000000580003000000000,08421020000580003000,08421020000000058,0,1.14326200602e-07,,08,421,02
URBANO,084210200000000580002000000000,08421020000580002000,08421020000000058,0,2.91720379854e-08,,08,421,02
URBANO,084210200000000580001000000000,08421020000580001000,08421020000000058,0,7.96163177638e-08,,08,421,02
URBANO,084210200000000580004000000000,08421020000580004000,08421020000000058,0,8.56471779517e-08,,08,421,02
URBANO,084210200000000030007000000000,08421020000030007000,08421020000000003,0,1.46004169864e-07,,08,421,02
URBANO,084210200000000030008000000000,08421020000030008000,08421020000000003,0,1.92628724267e-08,,08,421,02
URBANO,084210200000000030003000000000,08421020000030003000,08421020000000003,0,4.95322949979e-08,,08,421,02
URBANO,084210200000000030004000000000,08421020000030004000,08421020000000003,0,6.3438060726e-08,,08,421,02
URBANO,084210200000000030006000000000,08421020000030006000,08421020000000003,0,6.4879490574e-08,,08,421,02
URBANO,084210200000000030002000000000,08421020000030002000,08421020000000003,0,6.63948742509e-08,,08,421,02
URBANO,084210200000000030005000000000,08421020000030005000,08421020000000003,0,6.74071127384e-08,,08,421,02
URBANO,084210200000000030001000000000,08421020000030001000,08421020000000003,0,7.43065608063e-08,,08,421,02
URBANO,084210200000000020002000000000,08421020000020002000,08421020000000002,0,7.23573967437e-08,,08,421,02
URBANO,084210200000000020001000000000,08421020000020001000,08421020000000002,0,5.6171790042e-08,,08,421,02
URBANO,084210200000000010002000000000,08421020000010002000,08421020000000001,0,1.9563021239e-07,,08,421,02
URBANO,084210200000000010001000000000,08421020000010001000,08421020000000001,0,1.21773070679e-07,,08,421,02
URBANO,084210200000000130001000000000,08421020000130001000,08421020000000013,0,2.05289639679e-07,,08,421,02
URBANO,084210200000000130018000000000,08421020000130018000,08421020000000013,0,1.10393726502e-08,,08,421,02
URBANO,084210200000000130019000000000,08421020000130019000,08421020000000013,0,1.15908849234e-08,,08,421,02
URBANO,084210200000000130022000000000,08421020000130022000,08421020000000013,0,1.72673571876e-08,,08,421,02
URBANO,084210200000000130020000000000,08421020000130020000,08421020000000013,0,1.75268658735e-08,,08,421,02
URBANO,084210200000000130021000000000,08421020000130021000,08421020000000013,0,1.76742772243e-08,,08,421,02
URBANO,084210200000000130017000000000,08421020000130017000,08421020000000013,0,1.78253474158e-08,,08,421,02
URBANO,084210200000000130023000000000,08421020000130023000,08421020000000013,0,1.86393451178e-08,,08,421,02
URBANO,084210200000000130006000000000,08421020000130006000,08421020000000013,0,1.89691741823e-08,,08,421,02
URBANO,084210200000000130003000000000,08421020000130003000,08421020000000013,0,2.12286648866e-08,,08,421,02
URBANO,084210200000000130005000000000,08421020000130005000,08421020000000013,0,2.28429726702e-08,,08,421,02
URBANO,084210200000000130004000000000,08421020000130004000,08421020000000013,0,2.52403819559e-08,,08,421,02
URBANO,084210200000000130002000000000,08421020000130002000,08421020000000013,0,2.75926040926e-08,,08,421,02
URBANO,084210200000000130009000000000,08421020000130009000,08421020000000013,0,2.76523389618e-08,,08,421,02
URBANO,084210200000000130012000000000,08421020000130012000,08421020000000013,0,3.79216850428e-08,,08,421,02
URBANO,084210200000000130013000000000,08421020000130013000,08421020000000013,0,4.66928307909e-08,,08,421,02
URBANO,084210200000000130007000000000,08421020000130007000,08421020000000013,0,5.56485796283e-08,,08,421,02
URBANO,084210200000000130014000000000,08421020000130014000,08421020000000013,0,3.40793942331e-08,,08,421,02
URBANO,084210200000000130010000000000,08421020000130010000,08421020000000013,0,1.12238090452e-07,,08,421,02
URBANO,084210200000000130008000000000,08421020000130008000,08421020000000013,0,1.88040517972e-07,,08,421,02
URBANO,084210200000000130011000000000,08421020000130011000,08421020000000013,0,2.36159052853e-07,,08,421,02
URBANO,084210200000000130016000000000,08421020000130016000,08421020000000013,0,7.12555112292e-08,,08,421,02
URBANO,084210200000000130015000000000,08421020000130015000,08421020000000013,0,3.17000858854e-08,,08,421,02
URBANO,084210200000000560001000000000,08421020000560001000,08421020000000056,0,4.12917985261e-08,,08,421,02
URBANO,084210200000000560002000000000,08421020000560002000,08421020000000056,0,2.77450520214e-08,,08,421,02
URBANO,084210200000000560003000000000,08421020000560003000,08421020000000056,0,2.87008040067e-08,,08,421,02
URBANO,084210200000000560004000000000,08421020000560004000,08421020000000056,0,3.68381527746e-08,,08,421,02
URBANO,084210200000000540010000000000,08421020000540010000,08421020000000054,0,6.6016874993e-08,,08,421,02
URBANO,084210200000000540008000000000,08421020000540008000,08421020000000054,0,3.10618392828e-08,,08,421,02
URBANO,084210200000000540015000000000,08421020000540015000,08421020000000054,0,3.2078538017e-08,,08,421,02
URBANO,084210200000000540009000000000,08421020000540009000,08421020000000054,0,3.20945330118e-08,,08,421,02
URBANO,084210200000000540014000000000,08421020000540014000,08421020000000054,0,3.33545068661e-08,,08,421,02
URBANO,084210200000000540012000000000,08421020000540012000,08421020000000054,0,5.35960342756e-08,,08,421,02
URBANO,084210200000000540013000000000,08421020000540013000,08421020000000054,0,5.42284562896e-08,,08,421,02
URBANO,084210200000000540004000000000,08421020000540004000,08421020000000054,0,6.73969247749e-08,,08,421,02
URBANO,084210200000000540011000000000,08421020000540011000,08421020000000054,0,5.94926457709e-08,,08,421,02
URBANO,084210200000000540007000000000,08421020000540007000,08421020000000054,0,5.9948801501e-08,,08,421,02
URBANO,084210200000000540006000000000,08421020000540006000,08421020000000054,0,6.14966838457e-08,,08,421,02
URBANO,084210200000000540005000000000,08421020000540005000,08421020000000054,0,6.51741107043e-08,,08,421,02
URBANO,084210200000000540002000000000,08421020000540002000,08421020000000054,0,6.50082997917e-08,,08,421,02
URBANO,084210200000000540003000000000,08421020000540003000,08421020000000054,0,3.31395175213e-08,,08,421,02
URBANO,084210200000000540001000000000,08421020000540001000,08421020000000054,0,6.47593801864e-08,,08,421,02
URBANO,084210200000000250002000000000,08421020000250002000,08421020000000025,0,2.82209722823e-08,,08,421,02
URBANO,084210200000000250004000000000,08421020000250004000,08421020000000025,0,2.673589971e-08,,08,421,02
URBANO,084210200000000250005000000000,08421020000250005000,08421020000000025,0,1.7512793018e-08,,08,421,02
URBANO,084210200000000250001000000000,08421020000250001000,08421020000000025,0,3.29045645994e-08,,08,421,02
URBANO,084210200000000250006000000000,08421020000250006000,08421020000000025,0,1.09748293575e-08,,08,421,02
URBANO,084210200000000250003000000000,08421020000250003000,08421020000000025,0,1.86922394123e-08,,08,421,02
URBANO,084210200000000160004000000000,08421020000160004000,08421020000000016,0,2.70074733178e-08,,08,421,02
URBANO,084210200000000160007000000000,08421020000160007000,08421020000000016,0,6.98365187615e-09,,08,421,02
URBANO,084210200000000160003000000000,08421020000160003000,08421020000000016,0,1.2215161502e-08,,08,421,02
URBANO,084210200000000160005000000000,08421020000160005000,08421020000000016,0,2.63905653151e-08,,08,421,02
URBANO,084210200000000160001000000000,08421020000160001000,08421020000000016,0,3.30242767374e-08,,08,421,02
URBANO,084210200000000160002000000000,08421020000160002000,08421020000000016,0,3.38699123171e-08,,08,421,02
URBANO,084210200000000160006000000000,08421020000160006000,08421020000000016,0,1.52072375991e-08,,08,421,02
URBANO,084210200000000160008000000000,08421020000160008000,08421020000000016,0,2.57479956097e-08,,08,421,02
URBANO,084210200000000200008000000000,08421020000200008000,08421020000000020,0,9.39533459843e-08,,08,421,02
URBANO,084210200000000200012000000000,08421020000200012000,08421020000000020,0,1.48798607475e-08,,08,421,02
URBANO,084210200000000200016000000000,08421020000200016000,08421020000000020,0,1.92126148629e-08,,08,421,02
URBANO,084210200000000200017000000000,08421020000200017000,08421020000000020,0,1.95365483773e-08,,08,421,02
URBANO,084210200000000200019000000000,08421020000200019000,08421020000000020,0,2.16421206669e-08,,08,421,02
URBANO,084210200000000200018000000000,08421020000200018000,08421020000000020,0,2.20774312917e-08,,08,421,02
URBANO,084210200000000200014000000000,08421020000200014000,08421020000000020,0,2.46784294038e-08,,08,421,02
URBANO,084210200000000200020000000000,08421020000200020000,08421020000000020,0,2.71921933858e-08,,08,421,02
URBANO,084210200000000200004000000000,08421020000200004000,08421020000000020,0,3.09679327653e-08,,08,421,02
URBANO,084210200000000200013000000000,08421020000200013000,08421020000000020,0,3.24497606457e-08,,08,421,02
URBANO,084210200000000200003000000000,08421020000200003000,08421020000000020,0,3.5734250796e-08,,08,421,02
URBANO,084210200000000200015000000000,08421020000200015000,08421020000000020,0,4.21526178045e-08,,08,421,02
URBANO,084210200000000200021000000000,08421020000200021000,08421020000000020,0,4.53741705722e-08,,08,421,02
URBANO,084210200000000200005000000000,08421020000200005000,08421020000000020,0,4.58507223467e-08,,08,421,02
URBANO,084210200000000200010000000000,08421020000200010000,08421020000000020,0,4.98242872016e-08,,08,421,02
URBANO,084210200000000200006000000000,08421020000200006000,08421020000000020,0,6.32522518253e-08,,08,421,02
URBANO,084210200000000200011000000000,08421020000200011000,08421020000000020,0,6.40984572568e-08,,08,421,02
URBANO,084210200000000200007000000000,08421020000200007000,08421020000000020,0,7.53167543697e-08,,08,421,02
URBANO,084210200000000200009000000000,08421020000200009000,08421020000000020,0,8.74636114693e-08,,08,421,02
URBANO,084210200000000040016000000000,08421020000040016000,08421020000000004,0,4.59796374718e-08,,08,421,02
URBANO,084210200000000040017000000000,08421020000040017000,08421020000000004,0,1.13060236815e-08,,08,421,02
URBANO,084210200000000040007000000000,08421020000040007000,08421020000000004,0,1.48004027698e-08,,08,421,02
URBANO,084210200000000040005000000000,08421020000040005000,08421020000000004,0,1.61798940972e-08,,08,421,02
URBANO,084210200000000040006000000000,08421020000040006000,08421020000000004,0,1.68118527602e-08,,08,421,02
URBANO,084210200000000040008000000000,08421020000040008000,08421020000000004,0,2.20938611552e-08,,08,421,02
URBANO,084210200000000040009000000000,08421020000040009000,08421020000000004,0,2.36463721992e-08,,08,421,02
URBANO,084210200000000040003000000000,08421020000040003000,08421020000000004,0,2.55326474411e-08,,08,421,02
URBANO,084210200000000040004000000000,08421020000040004000,08421020000000004,0,2.60508422849e-08,,08,421,02
URBANO,084210200000000040010000000000,08421020000040010000,08421020000000004,0,2.70520046326e-08,,08,421,02
URBANO,084210200000000040002000000000,08421020000040002000,08421020000000004,0,3.19812274652e-08,,08,421,02
URBANO,084210200000000040011000000000,08421020000040011000,08421020000000004,0,2.49239540017e-08,,08,421,02
URBANO,084210200000000040012000000000,08421020000040012000,08421020000000004,0,1.89595999305e-08,,08,421,02
URBANO,084210200000000150005000000000,08421020000150005000,08421020000000015,0,2.49770003778e-08,,08,421,02
URBANO,084210200000000150003000000000,08421020000150003000,08421020000000015,0,2.00683810893e-08,,08,421,02
URBANO,084210200000000150002000000000,08421020000150002000,08421020000000015,0,2.17525615097e-08,,08,421,02
URBANO,084210200000000150001000000000,08421020000150001000,08421020000000015,0,2.2729262595e-08,,08,421,02
URBANO,084210200000000150004000000000,08421020000150004000,08421020000000015,0,2.15872719715e-08,,08,421,02
URBANO,084210200000000060002000000000,08421020000060002000,08421020000000006,0,6.62629088944e-08,,08,421,02
URBANO,084210200000000060001000000000,08421020000060001000,08421020000000006,0,2.42416213832e-08,,08,421,02
URBANO,084210200000000060005000000000,08421020000060005000,08421020000000006,0,2.51871801472e-08,,08,421,02
URBANO,084210200000000060004000000000,08421020000060004000,08421020000000006,0,2.65806922924e-08,,08,421,02
URBANO,084210200000000060003000000000,08421020000060003000,08421020000000006,0,3.04178138701e-08,,08,421,02
URBANO,084210200000000310002000000000,08421020000310002000,08421020000000031,0,4.61911241789e-08,,08,421,02
URBANO,084210200000000310003000000000,08421020000310003000,08421020000000031,0,2.95901157998e-08,,08,421,02
URBANO,084210200000000310001000000000,08421020000310001000,08421020000000031,0,3.60751839819e-08,,08,421,02
URBANO,084210200000000310005000000000,08421020000310005000,08421020000000031,0,3.82274842787e-08,,08,421,02
URBANO,084210200000000310004000000000,08421020000310004000,08421020000000031,0,4.02915480705e-08,,08,421,02
URBANO,084210200000000390002000000000,08421020000390002000,08421020000000039,0,2.55130424555e-08,,08,421,02
URBANO,084210200000000390003000000000,08421020000390003000,08421020000000039,0,1.40767068001e-08,,08,421,02
URBANO,084210200000000390001000000000,08421020000390001000,08421020000000039,0,2.26875244251e-08,,08,421,02
URBANO,084210200000000440002000000000,08421020000440002000,08421020000000044,0,3.62911470385e-08,,08,421,02
URBANO,084210200000000440003000000000,08421020000440003000,08421020000000044,0,2.4015995552e-08,,08,421,02
URBANO,084210200000000440004000000000,08421020000440004000,08421020000000044,0,2.68655182148e-08,,08,421,02
URBANO,084210200000000440001000000000,08421020000440001000,08421020000000044,0,2.72298057733e-08,,08,421,02
URBANO,084210200000000240001000000000,08421020000240001000,08421020000000024,0,1.20376799139e-07,,08,421,02
URBANO,084210200000000590001000000000,08421020000590001000,08421020000000059,0,7.4495294507e-08,,08,421,02
URBANO,084210200000000590002000000000,08421020000590002000,08421020000000059,0,5.75838326839e-08,,08,421,02
URBANO,084210200000000230001000000000,08421020000230001000,08421020000000023,0,3.41432252575e-08,,08,421,02
URBANO,084210200000000300003000000000,08421020000300003000,08421020000000030,0,5.15327351246e-08,,08,421,02
URBANO,084210200000000300007000000000,08421020000300007000,08421020000000030,0,1.61436164461e-08,,08,421,02
URBANO,084210200000000300006000000000,08421020000300006000,08421020000000030,0,3.3880506186e-08,,08,421,02
URBANO,084210200000000300001000000000,08421020000300001000,08421020000000030,0,3.45453702114e-08,,08,421,02
URBANO,084210200000000300004000000000,08421020000300004000,08421020000000030,0,3.09749990796e-08,,08,421,02
URBANO,084210200000000300005000000000,08421020000300005000,08421020000000030,0,1.75158940713e-08,,08,421,02
URBANO,084210200000000300002000000000,08421020000300002000,08421020000000030,0,2.42946672502e-08,,08,421,02
URBANO,084210200000000380004000000000,08421020000380004000,08421020000000038,0,6.46092559882e-08,,08,421,02
URBANO,084210200000000380009000000000,08421020000380009000,08421020000000038,0,2.41541433199e-08,,08,421,02
URBANO,084210200000000380015000000000,08421020000380015000,08421020000000038,0,2.95578491477e-08,,08,421,02
URBANO,084210200000000380008000000000,08421020000380008000,08421020000000038,0,2.19423154637e-08,,08,421,02
URBANO,084210200000000660001000000000,08421020000660001000,08421020000000066,0,4.91574720258e-08,,08,421,02
URBANO,084210200000000670004000000000,08421020000670004000,08421020000000067,0,2.50527122986e-08,,08,421,02
URBANO,084210200000000670005000000000,08421020000670005000,08421020000000067,0,9.79189883617e-09,,08,421,02
URBANO,084210200000000670003000000000,08421020000670003000,08421020000000067,0,1.34474123481e-08,,08,421,02
URBANO,084210200000000670002000000000,08421020000670002000,08421020000000067,0,1.58173384417e-08,,08,421,02
URBANO,084210200000000670001000000000,08421020000670001000,08421020000000067,0,1.67181354815e-08,,08,421,02
URBANO,084210200000000600002000000000,08421020000600002000,08421020000000060,0,3.82498074275e-08,,08,421,02
URBANO,084210200000000600003000000000,08421020000600003000,08421020000000060,0,8.3046420665e-09,,08,421,02
URBANO,084210200000000600001000000000,08421020000600001000,08421020000000060,0,2.11602029826e-08,,08,421,02
URBANO,084210200000000610021000000000,08421020000610021000,08421020000000061,0,4.89506403278e-08,,08,421,02
URBANO,084210200000000610019000000000,08421020000610019000,08421020000000061,0,2.32443125738e-08,,08,421,02
URBANO,084210200000000610020000000000,08421020000610020000,08421020000000061,0,4.02794780964e-08,,08,421,02
URBANO,084210200000000610001000000000,08421020000610001000,08421020000000061,0,3.60653446732e-08,,08,421,02
URBANO,084210200000000610022000000000,08421020000610022000,08421020000000061,0,5.48396874962e-07,,08,421,02
URBANO,084210200000000610028000000000,08421020000610028000,08421020000000061,0,1.29336739773e-08,,08,421,02
URBANO,084210200000000610025000000000,08421020000610025000,08421020000000061,0,1.66332090239e-08,,08,421,02
URBANO,084210200000000610027000000000,08421020000610027000,08421020000000061,0,1.75474188975e-08,,08,421,02
URBANO,084210200000000610026000000000,08421020000610026000,08421020000000061,0,1.86881492281e-08,,08,421,02
URBANO,084210200000000610024000000000,08421020000610024000,08421020000000061,0,2.22245629281e-08,,08,421,02
URBANO,084210200000000610023000000000,08421020000610023000,08421020000000061,0,2.33537944135e-08,,08,421,02
URBANO,084210200000000610004000000000,08421020000610004000,08421020000000061,0,2.50502512397e-08,,08,421,02
URBANO,084210200000000610003000000000,08421020000610003000,08421020000000061,0,2.38311669019e-08,,08,421,02
URBANO,084210200000000610002000000000,08421020000610002000,08421020000000061,0,2.52807185611e-08,,08,421,02
URBANO,084210200000000610015000000000,08421020000610015000,08421020000000061,0,7.14568364095e-08,,08,421,02
URBANO,084210200000000610018000000000,08421020000610018000,08421020000000061,0,2.2899330764e-08,,08,421,02
URBANO,084210200000000610017000000000,08421020000610017000,08421020000000061,0,2.55853571698e-08,,08,421,02
URBANO,084210200000000610014000000000,08421020000610014000,08421020000000061,0,3.07810491704e-08,,08,421,02
URBANO,084210200000000610016000000000,08421020000610016000,08421020000000061,0,4.93937421209e-08,,08,421,02
URBANO,084210200000000610005000000000,08421020000610005000,08421020000000061,0,2.50357041301e-08,,08,421,02
URBANO,084210200000000610011000000000,08421020000610011000,08421020000000061,0,2.4047790213e-08,,08,421,02
URBANO,084210200000000610012000000000,08421020000610012000,08421020000000061,0,2.42907515827e-08,,08,421,02
URBANO,084210200000000610009000000000,08421020000610009000,08421020000000061,0,2.42975969759e-08,,08,421,02
URBANO,084210200000000610008000000000,08421020000610008000,08421020000000061,0,2.48557507079e-08,,08,421,02
URBANO,084210200000000610007000000000,08421020000610007000,08421020000000061,0,2.49135170695e-08,,08,421,02
URBANO,084210200000000610010000000000,08421020000610010000,08421020000000061,0,2.49595041929e-08,,08,421,02
URBANO,084210200000000610006000000000,08421020000610006000,08421020000000061,0,2.50259417483e-08,,08,421,02
URBANO,084210200000000610013000000000,08421020000610013000,08421020000000061,0,2.76356242517e-07,,08,421,02
URBANO,084210200000000530009000000000,08421020000530009000,08421020000000053,0,5.31893559066e-08,,08,421,02
URBANO,084210200000000530011000000000,08421020000530011000,08421020000000053,0,8.74549994917e-08,,08,421,02
URBANO,084210200000000530003000000000,08421020000530003000,08421020000000053,0,4.71419212926e-08,,08,421,02
URBANO,084210200000000530008000000000,08421020000530008000,08421020000000053,0,4.33664780949e-08,,08,421,02
URBANO,084210200000000530007000000000,08421020000530007000,08421020000000053,0,5.48652447346e-08,,08,421,02
URBANO,084210200000000530006000000000,08421020000530006000,08421020000000053,0,5.57484778393e-08,,08,421,02
URBANO,084210200000000530005000000000,08421020000530005000,08421020000000053,0,6.92788604687e-08,,08,421,02
URBANO,084210200000000530010000000000,08421020000530010000,08421020000000053,0,3.05973275375e-08,,08,421,02
URBANO,084210200000000530004000000000,08421020000530004000,08421020000000053,0,3.86268439414e-08,,08,421,02
URBANO,084210200000000530002000000000,08421020000530002000,08421020000000053,0,2.39000318328e-08,,08,421,02
URBANO,084210200000000530001000000000,08421020000530001000,08421020000000053,0,2.22715562508e-08,,08,421,02
URBANO,084210200000000620014000000000,08421020000620014000,08421020000000062,0,2.24870713455e-07,,08,421,02
URBANO,084210200000000620005000000000,08421020000620005000,08421020000000062,0,1.68076638337e-08,,08,421,02
URBANO,084210200000000620006000000000,08421020000620006000,08421020000000062,0,1.9786286999e-08,,08,421,02
URBANO,084210200000000620008000000000,08421020000620008000,08421020000000062,0,2.15384312935e-08,,08,421,02
URBANO,084210200000000620007000000000,08421020000620007000,08421020000000062,0,2.97121148549e-08,,08,421,02
URBANO,084210200000000620012000000000,08421020000620012000,08421020000000062,0,2.95691997986e-08,,08,421,02
URBANO,084210200000000620001000000000,08421020000620001000,08421020000000062,0,5.75528023887e-08,,08,421,02
URBANO,084210200000000620013000000000,08421020000620013000,08421020000000062,0,2.80749210123e-08,,08,421,02
URBANO,084210200000000630002000000000,08421020000630002000,08421020000000063,0,2.46903652913e-08,,08,421,02
URBANO,084210200000000630009000000000,08421020000630009000,08421020000000063,0,2.37573407094e-08,,08,421,02
URBANO,084210200000000630008000000000,08421020000630008000,08421020000000063,0,2.37802091808e-08,,08,421,02
URBANO,084210200000000630001000000000,08421020000630001000,08421020000000063,0,2.4440499386e-08,,08,421,02
URBANO,084210200000000630003000000000,08421020000630003000,08421020000000063,0,2.02069395137e-08,,08,421,02
URBANO,084210200000000630007000000000,08421020000630007000,08421020000000063,0,4.58646632604e-08,,08,421,02
URBANO,084210200000000630005000000000,08421020000630005000,08421020000000063,0,2.73774357081e-08,,08,421,02
URBANO,084210200000000630010000000000,08421020000630010000,08421020000000063,0,2.73854578431e-08,,08,421,02
URBANO,084210200000000630012000000000,08421020000630012000,08421020000000063,0,1.98506904835e-08,,08,421,02
URBANO,084210400000000580010000000000,08421040000580010000,08421040000000058,0,4.21221101819e-08,,08,421,04
URBANO,084210400000000580003000000000,08421040000580003000,08421040000000058,0,1.85530905635e-08,,08,421,04
URBANO,084210400000000580002000000000,08421040000580002000,08421040000000058,0,1.69099506179e-08,,08,421,04
URBANO,084210400000000580004000000000,08421040000580004000,08421040000000058,0,1.84459824057e-08,,08,421,04
URBANO,084210400000000590001000000000,08421040000590001000,08421040000000059,0,5.37691171428e-08,,08,421,04
URBANO,084210400000000590003000000000,08421040000590003000,08421040000000059,0,1.85575248697e-08,,08,421,04
URBANO,084210400000000590002000000000,08421040000590002000,08421040000000059,0,1.98593401276e-08,,08,421,04
URBANO,084210400000000590004000000000,08421040000590004000,08421040000000059,0,2.289965946e-08,,08,421,04
URBANO,084210400000000790001000000000,08421040000790001000,08421040000000079,0,1.9658756572e-06,,08,421,04
URBANO,084210400000000540001000000000,08421040000540001000,08421040000000054,0,5.72772915417e-08,,08,421,04
URBANO,084210400000000540004000000000,08421040000540004000,08421040000000054,0,3.79771464987e-08,,08,421,04
URBANO,084210400000000540005000000000,08421040000540005000,08421040000000054,0,4.00565255268e-08,,08,421,04
URBANO,084210400000000540002000000000,08421040000540002000,08421040000000054,0,4.60059429454e-08,,08,421,04
URBANO,084210400000000540003000000000,08421040000540003000,08421040000000054,0,4.88858102228e-08,,08,421,04
URBANO,084210400000000540006000000000,08421040000540006000,08421040000000054,0,1.77504530063e-08,,08,421,04
URBANO,084210400000000410002000000000,08421040000410002000,08421040000000041,0,5.32846609331e-08,,08,421,04
URBANO,084210400000000410001000000000,08421040000410001000,08421040000000041,0,6.61673384621e-08,,08,421,04
URBANO,084210400000000410007000000000,08421040000410007000,08421040000000041,0,1.9715802415e-08,,08,421,04
URBANO,084210400000000410008000000000,08421040000410008000,08421040000000041,0,2.05640302176e-08,,08,421,04
URBANO,084210400000000410006000000000,08421040000410006000,08421040000000041,0,3.49381123573e-08,,08,421,04
URBANO,084210400000000410004000000000,08421040000410004000,08421040000000041,0,1.83361394842e-08,,08,421,04
URBANO,084210400000000410005000000000,08421040000410005000,08421040000000041,0,1.58470005356e-08,,08,421,04
URBANO,084210400000000410003000000000,08421040000410003000,08421040000000041,0,1.93542943548e-08,,08,421,04
URBANO,084210400000000410009000000000,08421040000410009000,08421040000000041,0,2.43861744211e-08,,08,421,04
URBANO,084210400000000760001000000000,08421040000760001000,08421040000000076,0,1.18065653583e-07,,08,421,04
URBANO,084210400000000030040000000000,08421040000030040000,08421040000000003,0,2.16178920086e-07,,08,421,04
URBANO,084210400000000030002000000000,08421040000030002000,08421040000000003,0,1.06967058564e-07,,08,421,04
URBANO,084210400000000030019000000000,08421040000030019000,08421040000000003,0,1.15498292658e-08,,08,421,04
URBANO,084210400000000130002000000000,08421040000130002000,08421040000000013,0,5.10498466386e-08,,08,421,04
URBANO,084210400000000130003000000000,08421040000130003000,08421040000000013,0,2.91077447913e-08,,08,421,04
URBANO,084210400000000130004000000000,08421040000130004000,08421040000000013,0,3.92328686967e-08,,08,421,04
URBANO,084210400000000130001000000000,08421040000130001000,08421040000000013,0,4.25364182697e-08,,08,421,04
URBANO,084210400000000140001000000000,08421040000140001000,08421040000000014,0,9.07730485895e-09,,08,421,04
URBANO,084210400000000150002000000000,08421040000150002000,08421040000000015,0,5.66382596853e-08,,08,421,04
URBANO,084210400000000150005000000000,08421040000150005000,08421040000000015,0,8.20446809772e-08,,08,421,04
URBANO,084210400000000150006000000000,08421040000150006000,08421040000000015,0,7.28851849529e-08,,08,421,04
URBANO,084210400000000150003000000000,08421040000150003000,08421040000000015,0,4.6483438104e-08,,08,421,04
URBANO,084210400000000150004000000000,08421040000150004000,08421040000000015,0,2.179866175e-08,,08,421,04
URBANO,084210400000000150001000000000,08421040000150001000,08421040000000015,0,3.75168431731e-08,,08,421,04
URBANO,084210400000000150007000000000,08421040000150007000,08421040000000015,0,1.37095472448e-08,,08,421,04
URBANO,084210400000000050021000000000,08421040000050021000,08421040000000005,0,5.11389774092e-08,,08,421,04
URBANO,084210400000000050025000000000,08421040000050025000,08421040000000005,0,6.66595145149e-08,,08,421,04
URBANO,084210400000000050004000000000,08421040000050004000,08421040000000005,0,4.45583332452e-08,,08,421,04
URBANO,084210400000000050001000000000,08421040000050001000,08421040000000005,0,2.10064578422e-08,,08,421,04
URBANO,084210400000000050027000000000,08421040000050027000,08421040000000005,0,4.06217602575e-08,,08,421,04
URBANO,084210400000000050028000000000,08421040000050028000,08421040000000005,0,1.94824101787e-08,,08,421,04
URBANO,084210400000000050002000000000,08421040000050002000,08421040000000005,0,1.64936476792e-08,,08,421,04
URBANO,084210400000000050003000000000,08421040000050003000,08421040000000005,0,3.10464292164e-08,,08,421,04
URBANO,084210400000000050026000000000,08421040000050026000,08421040000000005,0,5.01549221325e-08,,08,421,04
URBANO,084210400000000050024000000000,08421040000050024000,08421040000000005,0,8.71854841158e-08,,08,421,04
URBANO,084210400000000050005000000000,08421040000050005000,08421040000000005,0,3.36858152035e-08,,08,421,04
URBANO,084210400000000050023000000000,08421040000050023000,08421040000000005,0,3.29881120102e-08,,08,421,04
URBANO,084210400000000050022000000000,08421040000050022000,08421040000000005,0,4.25986132344e-08,,08,421,04
URBANO,084210400000000050006000000000,08421040000050006000,08421040000000005,0,2.91468113292e-08,,08,421,04
URBANO,084210400000000050007000000000,08421040000050007000,08421040000000005,0,2.62683112249e-08,,08,421,04
URBANO,084210400000000050008000000000,08421040000050008000,08421040000000005,0,4.00742068075e-08,,08,421,04
URBANO,084210400000000050014000000000,08421040000050014000,08421040000000005,0,1.98275386804e-08,,08,421,04
URBANO,084210400000000050013000000000,08421040000050013000,08421040000000005,0,2.07612204446e-08,,08,421,04
URBANO,084210400000000050015000000000,08421040000050015000,08421040000000005,0,6.93342354319e-08,,08,421,04
URBANO,084210400000000050012000000000,08421040000050012000,08421040000000005,0,2.1630720092e-08,,08,421,04
URBANO,084210400000000050017000000000,08421040000050017000,08421040000000005,0,3.68439129114e-08,,08,421,04
URBANO,084210400000000050018000000000,08421040000050018000,08421040000000005,0,3.95305432884e-08,,08,421,04
URBANO,084210400000000050011000000000,08421040000050011000,08421040000000005,0,2.17297413454e-08,,08,421,04
URBANO,084210400000000050010000000000,08421040000050010000,08421040000000005,0,3.38133726612e-08,,08,421,04
URBANO,084210400000000050019000000000,08421040000050019000,08421040000000005,0,7.22700121624e-08,,08,421,04
URBANO,084210400000000050020000000000,08421040000050020000,08421040000000005,0,3.9227981728e-08,,08,421,04
URBANO,084210400000000050009000000000,08421040000050009000,08421040000000005,0,2.77584529957e-08,,08,421,04
URBANO,084210400000000050016000000000,08421040000050016000,08421040000000005,0,5.66438309965e-08,,08,421,04
URBANO,084210400000000120008000000000,08421040000120008000,08421040000000012,0,3.36591489479e-08,,08,421,04
URBANO,084210400000000120002000000000,08421040000120002000,08421040000000012,0,5.81334874177e-08,,08,421,04
URBANO,084210400000000120003000000000,08421040000120003000,08421040000000012,0,4.50731904026e-08,,08,421,04
URBANO,084210400000000120004000000000,08421040000120004000,08421040000000012,0,5.18054125095e-08,,08,421,04
URBANO,084210400000000120005000000000,08421040000120005000,08421040000000012,0,4.72791279766e-08,,08,421,04
URBANO,084210400000000120006000000000,08421040000120006000,08421040000000012,0,3.05969564431e-08,,08,421,04
URBANO,084210400000000120007000000000,08421040000120007000,08421040000000012,0,2.62746539699e-08,,08,421,04
URBANO,084210400000000120009000000000,08421040000120009000,08421040000000012,0,3.59568886756e-08,,08,421,04
URBANO,084210400000000120011000000000,08421040000120011000,08421040000000012,0,1.95246296658e-08,,08,421,04
URBANO,084210400000000120010000000000,08421040000120010000,08421040000000012,0,1.81860402245e-08,,08,421,04
URBANO,084210400000000120012000000000,08421040000120012000,08421040000000012,0,1.83094773402e-08,,08,421,04
URBANO,084210400000000120013000000000,08421040000120013000,08421040000000012,0,1.69935324268e-08,,08,421,04
URBANO,084210400000000120014000000000,08421040000120014000,08421040000000012,0,3.52402813648e-08,,08,421,04
URBANO,084210400000000120015000000000,08421040000120015000,08421040000000012,0,3.16711849539e-08,,08,421,04
URBANO,084210400000000120001000000000,08421040000120001000,08421040000000012,0,3.42344761368e-08,,08,421,04
URBANO,084210400000000120016000000000,08421040000120016000,08421040000000012,0,2.76332684872e-08,,08,421,04
URBANO,084210400000000110008000000000,08421040000110008000,08421040000000011,0,6.7608132138e-08,,08,421,04
URBANO,084210400000000110026000000000,08421040000110026000,08421040000000011,0,2.51323698036e-08,,08,421,04
URBANO,084210400000000110015000000000,08421040000110015000,08421040000000011,0,6.07976169183e-08,,08,421,04
URBANO,084210400000000110010000000000,08421040000110010000,08421040000000011,0,2.77512544406e-08,,08,421,04
URBANO,084210400000000110011000000000,08421040000110011000,08421040000000011,0,3.03895854179e-08,,08,421,04
URBANO,084210400000000110003000000000,08421040000110003000,08421040000000011,0,3.06130421731e-08,,08,421,04
URBANO,084210400000000110014000000000,08421040000110014000,08421040000000011,0,3.13363111762e-08,,08,421,04
URBANO,084210400000000110007000000000,08421040000110007000,08421040000000011,0,3.18782563027e-08,,08,421,04
URBANO,084210400000000110006000000000,08421040000110006000,08421040000000011,0,3.42521632854e-08,,08,421,04
URBANO,084210400000000110004000000000,08421040000110004000,08421040000000011,0,3.50440125517e-08,,08,421,04
URBANO,084210400000000110005000000000,08421040000110005000,08421040000000011,0,3.69115504953e-08,,08,421,04
URBANO,084210400000000110009000000000,08421040000110009000,08421040000000011,0,4.56121723552e-08,,08,421,04
URBANO,084210400000000110013000000000,08421040000110013000,08421040000000011,0,4.61997051502e-08,,08,421,04
URBANO,084210400000000110012000000000,08421040000110012000,08421040000000011,0,5.2790420018e-08,,08,421,04
URBANO,084210400000000110001000000000,08421040000110001000,08421040000000011,0,1.26596646622e-08,,08,421,04
URBANO,084210400000000110002000000000,08421040000110002000,08421040000000011,0,1.16771207084e-08,,08,421,04
URBANO,084210400000000110027000000000,08421040000110027000,08421040000000011,0,2.19070957633e-08,,08,421,04
URBANO,084210400000000110028000000000,08421040000110028000,08421040000000011,0,2.18011053669e-08,,08,421,04
URBANO,084210400000000110023000000000,08421040000110023000,08421040000000011,0,6.75889295915e-08,,08,421,04
URBANO,084210400000000110022000000000,08421040000110022000,08421040000000011,0,3.02554306344e-08,,08,421,04
URBANO,084210400000000110021000000000,08421040000110021000,08421040000000011,0,2.50991308936e-08,,08,421,04
URBANO,084210400000000110017000000000,08421040000110017000,08421040000000011,0,2.82455250335e-08,,08,421,04
URBANO,084210400000000110018000000000,08421040000110018000,08421040000000011,0,3.25927452562e-08,,08,421,04
URBANO,084210400000000110016000000000,08421040000110016000,08421040000000011,0,4.13521577428e-08,,08,421,04
URBANO,084210400000000110019000000000,08421040000110019000,08421040000000011,0,4.88494914115e-08,,08,421,04
URBANO,084210400000000110020000000000,08421040000110020000,08421040000000011,0,5.88436389803e-08,,08,421,04
URBANO,084210400000000110025000000000,08421040000110025000,08421040000000011,0,2.36374640701e-08,,08,421,04
URBANO,084210400000000010014000000000,08421040000010014000,08421040000000001,0,5.97464857309e-08,,08,421,04
URBANO,084210400000000010001000000000,08421040000010001000,08421040000000001,0,4.32179688883e-08,,08,421,04
URBANO,084210400000000010016000000000,08421040000010016000,08421040000000001,0,5.63734810963e-08,,08,421,04
URBANO,084210400000000010002000000000,08421040000010002000,08421040000000001,0,6.85527067163e-09,,08,421,04
URBANO,084210400000000010015000000000,08421040000010015000,08421040000000001,0,7.34298850095e-08,,08,421,04
URBANO,084210400000000010003000000000,08421040000010003000,08421040000000001,0,3.96662856212e-08,,08,421,04
URBANO,084210400000000010004000000000,08421040000010004000,08421040000000001,0,3.92759216623e-08,,08,421,04
URBANO,084210400000000010006000000000,08421040000010006000,08421040000000001,0,5.43909689217e-08,,08,421,04
URBANO,084210400000000010009000000000,08421040000010009000,08421040000000001,0,1.70554826132e-08,,08,421,04
URBANO,084210400000000010010000000000,08421040000010010000,08421040000000001,0,2.82173294902e-08,,08,421,04
URBANO,084210400000000010008000000000,08421040000010008000,08421040000000001,0,1.79352061093e-08,,08,421,04
URBANO,084210400000000010011000000000,08421040000010011000,08421040000000001,0,6.43600941578e-08,,08,421,04
URBANO,084210400000000010012000000000,08421040000010012000,08421040000000001,0,4.47864654879e-08,,08,421,04
URBANO,084210400000000010013000000000,08421040000010013000,08421040000000001,0,3.96799871301e-08,,08,421,04
URBANO,084210400000000010005000000000,08421040000010005000,08421040000000001,0,2.4711668563e-08,,08,421,04
URBANO,084210400000000010007000000000,08421040000010007000,08421040000000001,0,3.36625758403e-08,,08,421,04
URBANO,084210400000000390012000000000,08421040000390012000,08421040000000039,0,8.42975510587e-08,,08,421,04
URBANO,084210400000000390001000000000,08421040000390001000,08421040000000039,0,4.16126335731e-08,,08,421,04
URBANO,084210400000000390019000000000,08421040000390019000,08421040000000039,0,3.41931181531e-08,,08,421,04
URBANO,084210400000000390018000000000,08421040000390018000,08421040000000039,0,3.87079607732e-08,,08,421,04
URBANO,084210400000000390017000000000,08421040000390017000,08421040000000039,0,2.54362922264e-08,,08,421,04
URBANO,084210400000000390002000000000,08421040000390002000,08421040000000039,0,2.77277742144e-08,,08,421,04
URBANO,084210400000000390015000000000,08421040000390015000,08421040000000039,0,5.76482579689e-08,,08,421,04
URBANO,084210400000000390007000000000,08421040000390007000,08421040000000039,0,3.49824143142e-08,,08,421,04
URBANO,084210400000000390006000000000,08421040000390006000,08421040000000039,0,3.37309908943e-08,,08,421,04
URBANO,084210400000000390016000000000,08421040000390016000,08421040000000039,0,2.52157408197e-08,,08,421,04
URBANO,084210400000000390003000000000,08421040000390003000,08421040000000039,0,2.06067029327e-08,,08,421,04
URBANO,084210400000000390004000000000,08421040000390004000,08421040000000039,0,2.37000424232e-08,,08,421,04
URBANO,084210400000000390005000000000,08421040000390005000,08421040000000039,0,1.89753074886e-08,,08,421,04
URBANO,084210400000000390010000000000,08421040000390010000,08421040000000039,0,5.91542539939e-08,,08,421,04
URBANO,084210400000000390009000000000,08421040000390009000,08421040000000039,0,2.89135731325e-08,,08,421,04
URBANO,084210400000000390008000000000,08421040000390008000,08421040000000039,0,2.61451473199e-08,,08,421,04
URBANO,084210400000000390014000000000,08421040000390014000,08421040000000039,0,7.23831457973e-08,,08,421,04
URBANO,084210400000000390013000000000,08421040000390013000,08421040000000039,0,3.63051346299e-08,,08,421,04
URBANO,084210400000000390011000000000,08421040000390011000,08421040000000039,0,1.82130662984e-08,,08,421,04
URBANO,084210400000000100008000000000,08421040000100008000,08421040000000010,0,6.58362079126e-08,,08,421,04
URBANO,084210400000000100001000000000,08421040000100001000,08421040000000010,0,3.72730816399e-08,,08,421,04
URBANO,084210400000000100003000000000,08421040000100003000,08421040000000010,0,2.25240627564e-08,,08,421,04
URBANO,084210400000000100021000000000,08421040000100021000,08421040000000010,0,2.77549879938e-08,,08,421,04
URBANO,084210400000000100020000000000,08421040000100020000,08421040000000010,0,2.44930359223e-08,,08,421,04
URBANO,084210400000000100002000000000,08421040000100002000,08421040000000010,0,3.00535456385e-08,,08,421,04
URBANO,084210400000000100004000000000,08421040000100004000,08421040000000010,0,5.70029583617e-08,,08,421,04
URBANO,084210400000000100019000000000,08421040000100019000,08421040000000010,0,2.08640146405e-08,,08,421,04
URBANO,084210400000000100018000000000,08421040000100018000,08421040000000010,0,2.04685011426e-08,,08,421,04
URBANO,084210400000000100017000000000,08421040000100017000,08421040000000010,0,5.07697654142e-08,,08,421,04
URBANO,084210400000000100005000000000,08421040000100005000,08421040000000010,0,4.14193454506e-08,,08,421,04
URBANO,084210400000000100015000000000,08421040000100015000,08421040000000010,0,3.3856688878e-08,,08,421,04
URBANO,084210400000000100006000000000,08421040000100006000,08421040000000010,0,2.29535187607e-08,,08,421,04
URBANO,084210400000000100007000000000,08421040000100007000,08421040000000010,0,2.00147810586e-08,,08,421,04
URBANO,084210400000000100016000000000,08421040000100016000,08421040000000010,0,1.71491733576e-08,,08,421,04
URBANO,084210400000000100011000000000,08421040000100011000,08421040000000010,0,3.36092115313e-08,,08,421,04
URBANO,084210400000000100009000000000,08421040000100009000,08421040000000010,0,2.58182417713e-08,,08,421,04
URBANO,084210400000000100014000000000,08421040000100014000,08421040000000010,0,5.63916795014e-08,,08,421,04
URBANO,084210400000000100013000000000,08421040000100013000,08421040000000010,0,1.68371410093e-08,,08,421,04
URBANO,084210400000000100010000000000,08421040000100010000,08421040000000010,0,2.52480323466e-08,,08,421,04
URBANO,084210400000000100012000000000,08421040000100012000,08421040000000010,0,1.13120538994e-08,,08,421,04
URBANO,084210400000000710012000000000,08421040000710012000,08421040000000071,0,1.613612794e-07,,08,421,04
URBANO,084210400000000710002000000000,08421040000710002000,08421040000000071,0,6.92211528118e-08,,08,421,04
URBANO,084210400000000710004000000000,08421040000710004000,08421040000000071,0,8.10371231023e-08,,08,421,04
URBANO,084210400000000710006000000000,08421040000710006000,08421040000000071,0,8.27943985334e-08,,08,421,04
URBANO,084210400000000710007000000000,08421040000710007000,08421040000000071,0,8.47011593636e-08,,08,421,04
URBANO,084210400000000710005000000000,08421040000710005000,08421040000000071,0,9.12808026143e-08,,08,421,04
URBANO,084210400000000710003000000000,08421040000710003000,08421040000000071,0,1.05209557989e-07,,08,421,04
URBANO,084210400000000710001000000000,08421040000710001000,08421040000000071,0,1.36911343673e-07,,08,421,04
URBANO,084210400000000710013000000000,08421040000710013000,08421040000000071,0,4.90836155186e-08,,08,421,04
URBANO,084210400000000710011000000000,08421040000710011000,08421040000000071,0,5.69231120322e-08,,08,421,04
URBANO,084210400000000710008000000000,08421040000710008000,08421040000000071,0,2.09565481661e-08,,08,421,04
URBANO,084210400000000710010000000000,08421040000710010000,08421040000000071,0,5.43669444983e-08,,08,421,04
URBANO,084210400000000710009000000000,08421040000710009000,08421040000000071,0,1.2721438786e-08,,08,421,04
URBANO,084210400000000710016000000000,08421040000710016000,08421040000000071,0,9.01829285897e-08,,08,421,04
URBANO,084210400000000710018000000000,08421040000710018000,08421040000000071,0,2.05289101714e-08,,08,421,04
URBANO,084210400000000710014000000000,08421040000710014000,08421040000000071,0,2.23225999923e-08,,08,421,04
URBANO,084210400000000710015000000000,08421040000710015000,08421040000000071,0,2.68807516646e-08,,08,421,04
URBANO,084210400000000710017000000000,08421040000710017000,08421040000000071,0,2.20410534013e-08,,08,421,04
URBANO,084210400000000780001000000000,08421040000780001000,08421040000000078,0,1.40205180724e-06,,08,421,04
URBANO,084210400000000020007000000000,08421040000020007000,08421040000000002,0,2.11194357474e-08,,08,421,04
URBANO,084210400000000020016000000000,08421040000020016000,08421040000000002,0,1.44674360825e-08,,08,421,04
URBANO,084210400000000020015000000000,08421040000020015000,08421040000000002,0,3.95699741469e-08,,08,421,04
URBANO,084210400000000020002000000000,08421040000020002000,08421040000000002,0,1.01376305515e-08,,08,421,04
URBANO,084210400000000020014000000000,08421040000020014000,08421040000000002,0,2.12598879962e-08,,08,421,04
URBANO,084210400000000020003000000000,08421040000020003000,08421040000000002,0,3.26512906132e-08,,08,421,04
URBANO,084210400000000020009000000000,08421040000020009000,08421040000000002,0,2.7720230469e-08,,08,421,04
URBANO,084210400000000020011000000000,08421040000020011000,08421040000000002,0,2.20630745322e-08,,08,421,04
URBANO,084210400000000020012000000000,08421040000020012000,08421040000000002,0,2.2879999346e-08,,08,421,04
URBANO,084210400000000020010000000000,08421040000020010000,08421040000000002,0,2.33038653795e-08,,08,421,04
URBANO,084210400000000020005000000000,08421040000020005000,08421040000000002,0,2.65141553639e-08,,08,421,04
URBANO,084210400000000020004000000000,08421040000020004000,08421040000000002,0,3.09710715179e-08,,08,421,04
URBANO,084210400000000020008000000000,08421040000020008000,08421040000000002,0,2.92280501232e-08,,08,421,04
URBANO,084210400000000020006000000000,08421040000020006000,08421040000000002,0,2.08174285044e-08,,08,421,04
URBANO,084210400000000020013000000000,08421040000020013000,08421040000000002,0,1.99138753325e-08,,08,421,04
URBANO,084210400000000380005000000000,08421040000380005000,08421040000000038,0,2.80967728432e-08,,08,421,04
URBANO,084210400000000380002000000000,08421040000380002000,08421040000000038,0,1.55691958389e-08,,08,421,04
URBANO,084210400000000380001000000000,08421040000380001000,08421040000000038,0,2.03594475397e-08,,08,421,04
URBANO,084210400000000380018000000000,08421040000380018000,08421040000000038,0,2.57678185103e-08,,08,421,04
URBANO,084210400000000380017000000000,08421040000380017000,08421040000000038,0,3.44653884655e-08,,08,421,04
URBANO,084210400000000380016000000000,08421040000380016000,08421040000000038,0,2.85138293067e-08,,08,421,04
URBANO,084210400000000380003000000000,08421040000380003000,08421040000000038,0,1.51933531668e-08,,08,421,04
URBANO,084210400000000380015000000000,08421040000380015000,08421040000000038,0,4.42568492962e-08,,08,421,04
URBANO,084210400000000380013000000000,08421040000380013000,08421040000000038,0,2.01361325041e-08,,08,421,04
URBANO,084210400000000380014000000000,08421040000380014000,08421040000000038,0,2.81432166134e-08,,08,421,04
URBANO,084210400000000380009000000000,08421040000380009000,08421040000000038,0,1.34182583606e-08,,08,421,04
URBANO,084210400000000380010000000000,08421040000380010000,08421040000000038,0,2.37374853471e-08,,08,421,04
URBANO,084210400000000380008000000000,08421040000380008000,08421040000000038,0,1.23735371443e-08,,08,421,04
URBANO,084210400000000380007000000000,08421040000380007000,08421040000000038,0,1.50226247151e-08,,08,421,04
URBANO,084210400000000380011000000000,08421040000380011000,08421040000000038,0,1.91920357673e-08,,08,421,04
URBANO,084210400000000380012000000000,08421040000380012000,08421040000000038,0,2.79985892906e-08,,08,421,04
URBANO,084210400000000380006000000000,08421040000380006000,08421040000000038,0,1.9337979764e-08,,08,421,04
URBANO,084210400000000380004000000000,08421040000380004000,08421040000000038,0,1.03868212e-08,,08,421,04
URBANO,084210400000000040001000000000,08421040000040001000,08421040000000004,0,2.01726434005e-08,,08,421,04
URBANO,084210400000000040002000000000,08421040000040002000,08421040000000004,0,2.00320164108e-08,,08,421,04
URBANO,084210400000000040009000000000,08421040000040009000,08421040000000004,0,2.01075414939e-08,,08,421,04
URBANO,084210400000000040008000000000,08421040000040008000,08421040000000004,0,2.19529428439e-08,,08,421,04
URBANO,084210400000000040013000000000,08421040000040013000,08421040000000004,0,2.5715516528e-08,,08,421,04
URBANO,084210400000000040007000000000,08421040000040007000,08421040000000004,0,2.24290847385e-08,,08,421,04
URBANO,084210400000000040010000000000,08421040000040010000,08421040000000004,0,1.18595126469e-08,,08,421,04
URBANO,084210400000000040005000000000,08421040000040005000,08421040000000004,0,2.03744463666e-08,,08,421,04
URBANO,084210400000000040011000000000,08421040000040011000,08421040000000004,0,1.96872834547e-08,,08,421,04
URBANO,084210400000000040004000000000,08421040000040004000,08421040000000004,0,2.00109701898e-08,,08,421,04
URBANO,084210400000000040012000000000,08421040000040012000,08421040000000004,0,1.93685647655e-08,,08,421,04
URBANO,084210400000000040003000000000,08421040000040003000,08421040000000004,0,1.88286138374e-08,,08,421,04
URBANO,084210400000000040006000000000,08421040000040006000,08421040000000004,0,2.0482072644e-08,,08,421,04
URBANO,084210400000000370009000000000,08421040000370009000,08421040000000037,0,2.54212224329e-08,,08,421,04
URBANO,084210400000000370001000000000,08421040000370001000,08421040000000037,0,7.92952040625e-09,,08,421,04
URBANO,084210400000000370002000000000,08421040000370002000,08421040000000037,0,1.82613617187e-08,,08,421,04
URBANO,084210400000000370003000000000,08421040000370003000,08421040000000037,0,2.87287366643e-08,,08,421,04
URBANO,084210400000000370004000000000,08421040000370004000,08421040000000037,0,3.99754686368e-08,,08,421,04
URBANO,084210400000000370005000000000,08421040000370005000,08421040000000037,0,2.69540084857e-08,,08,421,04
URBANO,084210400000000370010000000000,08421040000370010000,08421040000000037,0,1.48962319762e-08,,08,421,04
URBANO,084210400000000370008000000000,08421040000370008000,08421040000000037,0,2.10662291099e-08,,08,421,04
URBANO,084210400000000370007000000000,08421040000370007000,08421040000000037,0,2.23785474784e-08,,08,421,04
URBANO,084210400000000370006000000000,08421040000370006000,08421040000000037,0,2.43387227971e-08,,08,421,04
URBANO,084210400000000770003000000000,08421040000770003000,08421040000000077,0,3.55078650031e-08,,08,421,04
URBANO,084210400000000770002000000000,08421040000770002000,08421040000000077,0,2.9563302314e-08,,08,421,04
URBANO,084210400000000770001000000000,08421040000770001000,08421040000000077,0,2.82240958679e-08,,08,421,04
URBANO,084210400000000770005000000000,08421040000770005000,08421040000000077,0,3.28832913375e-08,,08,421,04
URBANO,084210400000000770006000000000,08421040000770006000,08421040000000077,0,2.00140373184e-08,,08,421,04
URBANO,084210400000000770004000000000,08421040000770004000,08421040000000077,0,1.99458223498e-08,,08,421,04
URBANO,084210400000000680008000000000,08421040000680008000,08421040000000068,0,2.70675916791e-08,,08,421,04
URBANO,084210400000000680004000000000,08421040000680004000,08421040000000068,0,2.08713082114e-08,,08,421,04
URBANO,084210400000000680002000000000,08421040000680002000,08421040000000068,0,1.97211378255e-08,,08,421,04
URBANO,084210400000000680001000000000,08421040000680001000,08421040000000068,0,1.80958351292e-08,,08,421,04
URBANO,084210400000000680003000000000,08421040000680003000,08421040000000068,0,1.82104275218e-08,,08,421,04
URBANO,084210400000000680005000000000,08421040000680005000,08421040000000068,0,1.96501583967e-08,,08,421,04
URBANO,084210400000000680006000000000,08421040000680006000,08421040000000068,0,1.81528278118e-08,,08,421,04
URBANO,084210400000000680007000000000,08421040000680007000,08421040000000068,0,1.82076847238e-08,,08,421,04
URBANO,084210400000000670002000000000,08421040000670002000,08421040000000067,0,1.93867519258e-08,,08,421,04
URBANO,084210400000000670001000000000,08421040000670001000,08421040000000067,0,1.696354367e-08,,08,421,04
URBANO,084210400000000670003000000000,08421040000670003000,08421040000000067,0,1.87049913747e-08,,08,421,04
URBANO,084210400000000600003000000000,08421040000600003000,08421040000000060,0,3.43006024163e-07,,08,421,04
URBANO,084210400000000600017000000000,08421040000600017000,08421040000000060,0,8.20737571902e-08,,08,421,04
URBANO,084210400000000600022000000000,08421040000600022000,08421040000000060,0,6.73170241511e-08,,08,421,04
URBANO,084210400000000600021000000000,08421040000600021000,08421040000000060,0,5.96505575059e-08,,08,421,04
URBANO,084210400000000600020000000000,08421040000600020000,08421040000000060,0,4.24191378215e-08,,08,421,04
URBANO,084210400000000600019000000000,08421040000600019000,08421040000000060,0,3.82201349156e-08,,08,421,04
URBANO,084210400000000600018000000000,08421040000600018000,08421040000000060,0,4.53190348633e-08,,08,421,04
URBANO,084210400000000600015000000000,08421040000600015000,08421040000000060,0,3.6802046431e-08,,08,421,04
URBANO,084210400000000600016000000000,08421040000600016000,08421040000000060,0,3.67609001204e-08,,08,421,04
URBANO,084210400000000600008000000000,08421040000600008000,08421040000000060,0,2.01479371051e-08,,08,421,04
URBANO,084210400000000600013000000000,08421040000600013000,08421040000000060,0,2.76392051892e-08,,08,421,04
URBANO,084210400000000600012000000000,08421040000600012000,08421040000000060,0,3.34737070902e-08,,08,421,04
URBANO,084210400000000600014000000000,08421040000600014000,08421040000000060,0,2.6202082763e-08,,08,421,04
URBANO,084210400000000600006000000000,08421040000600006000,08421040000000060,0,1.86831973337e-08,,08,421,04
URBANO,084210400000000600011000000000,08421040000600011000,08421040000000060,0,3.75552624429e-08,,08,421,04
URBANO,084210400000000600007000000000,08421040000600007000,08421040000000060,0,1.80657875339e-08,,08,421,04
URBANO,084210400000000600009000000000,08421040000600009000,08421040000000060,0,9.95291548774e-09,,08,421,04
URBANO,084210400000000600010000000000,08421040000600010000,08421040000000060,0,8.51981892691e-09,,08,421,04
URBANO,084210400000000600004000000000,08421040000600004000,08421040000000060,0,1.52917611145e-08,,08,421,04
URBANO,084210400000000600005000000000,08421040000600005000,08421040000000060,0,2.62761813169e-07,,08,421,04
URBANO,084210400000000600027000000000,08421040000600027000,08421040000000060,0,4.41552961716e-08,,08,421,04
URBANO,084210400000000600028000000000,08421040000600028000,08421040000000060,0,3.50980521115e-08,,08,421,04
URBANO,084210400000000600026000000000,08421040000600026000,08421040000000060,0,3.8711914087e-08,,08,421,04
URBANO,084210400000000600025000000000,08421040000600025000,08421040000000060,0,5.51982492937e-08,,08,421,04
URBANO,084210400000000600023000000000,08421040000600023000,08421040000000060,0,5.28425463774e-08,,08,421,04
URBANO,084210400000000600024000000000,08421040000600024000,08421040000000060,0,5.87664943382e-08,,08,421,04
URBANO,084210400000000600029000000000,08421040000600029000,08421040000000060,0,1.91795953542e-07,,08,421,04
URBANO,084210400000000600030000000000,08421040000600030000,08421040000000060,0,3.68153316353e-08,,08,421,04
URBANO,084210400000000600031000000000,08421040000600031000,08421040000000060,0,3.47913450258e-08,,08,421,04
URBANO,084210400000000600002000000000,08421040000600002000,08421040000000060,0,1.64029826545e-08,,08,421,04
URBANO,084210400000000600001000000000,08421040000600001000,08421040000000060,0,3.54413535077e-08,,08,421,04
URBANO,084210400000000600033000000000,08421040000600033000,08421040000000060,0,4.00419936358e-08,,08,421,04
URBANO,084210400000000600032000000000,08421040000600032000,08421040000000060,0,3.33231631308e-08,,08,421,04
URBANO,084210400000000640008000000000,08421040000640008000,08421040000000064,0,3.29183331309e-08,,08,421,04
URBANO,084210400000000640003000000000,08421040000640003000,08421040000000064,0,3.08269988626e-08,,08,421,04
URBANO,084210400000000640001000000000,08421040000640001000,08421040000000064,0,2.53979982277e-08,,08,421,04
URBANO,084210400000000640004000000000,08421040000640004000,08421040000000064,0,2.24938624232e-08,,08,421,04
URBANO,084210400000000640005000000000,08421040000640005000,08421040000000064,0,2.46652849085e-08,,08,421,04
URBANO,084210400000000640007000000000,08421040000640007000,08421040000000064,0,2.60823559729e-08,,08,421,04
URBANO,084210400000000640006000000000,08421040000640006000,08421040000000064,0,2.68098247148e-08,,08,421,04
URBANO,084210400000000640009000000000,08421040000640009000,08421040000000064,0,3.28309436727e-08,,08,421,04
URBANO,084210400000000640002000000000,08421040000640002000,08421040000000064,0,2.77723874497e-08,,08,421,04
URBANO,084210400000000650002000000000,08421040000650002000,08421040000000065,0,3.59261434106e-08,,08,421,04
URBANO,084210400000000650007000000000,08421040000650007000,08421040000000065,0,3.39252295376e-08,,08,421,04
URBANO,084210400000000650005000000000,08421040000650005000,08421040000000065,0,1.62242325966e-08,,08,421,04
URBANO,084210400000000650003000000000,08421040000650003000,08421040000000065,0,1.76551054213e-08,,08,421,04
URBANO,084210400000000650004000000000,08421040000650004000,08421040000000065,0,1.83470772875e-08,,08,421,04
URBANO,084210400000000650006000000000,08421040000650006000,08421040000000065,0,2.04397751799e-08,,08,421,04
URBANO,084210400000000650008000000000,08421040000650008000,08421040000000065,0,1.74771479404e-08,,08,421,04
URBANO,084210400000000650010000000000,08421040000650010000,08421040000000065,0,1.75706907116e-08,,08,421,04
URBANO,084210400000000650009000000000,08421040000650009000,08421040000000065,0,1.77215900888e-08,,08,421,04
URBANO,084210400000000650001000000000,08421040000650001000,08421040000000065,0,1.92235081115e-08,,08,421,04
URBANO,084210400000000660004000000000,08421040000660004000,08421040000000066,0,5.26062300552e-08,,08,421,04
URBANO,084210400000000660002000000000,08421040000660002000,08421040000000066,0,1.9547743535e-08,,08,421,04
URBANO,084210400000000660003000000000,08421040000660003000,08421040000000066,0,2.1516138506e-08,,08,421,04
URBANO,084210400000000660001000000000,08421040000660001000,08421040000000066,0,3.36955584425e-08,,08,421,04
URBANO,084210400000000610003000000000,08421040000610003000,08421040000000061,0,5.16303495924e-08,,08,421,04
URBANO,084210400000000610006000000000,08421040000610006000,08421040000000061,0,1.38186848404e-08,,08,421,04
URBANO,084210400000000610008000000000,08421040000610008000,08421040000000061,0,1.6712652242e-08,,08,421,04
URBANO,084210400000000610007000000000,08421040000610007000,08421040000000061,0,1.90623332468e-08,,08,421,04
URBANO,084210400000000610005000000000,08421040000610005000,08421040000000061,0,2.22096231321e-08,,08,421,04
URBANO,084210400000000610009000000000,08421040000610009000,08421040000000061,0,2.81139129058e-08,,08,421,04
URBANO,084210400000000610002000000000,08421040000610002000,08421040000000061,0,2.19126533649e-08,,08,421,04
URBANO,084210400000000610004000000000,08421040000610004000,08421040000000061,0,4.95374186731e-08,,08,421,04
URBANO,084210400000000610001000000000,08421040000610001000,08421040000000061,0,9.85443696022e-09,,08,421,04
URBANO,084210400000000630004000000000,08421040000630004000,08421040000000063,0,1.88642038506e-07,,08,421,04
URBANO,084210400000000630003000000000,08421040000630003000,08421040000000063,0,3.78463211706e-08,,08,421,04
URBANO,084210400000000630001000000000,08421040000630001000,08421040000000063,0,7.07588071263e-08,,08,421,04
URBANO,084210400000000630002000000000,08421040000630002000,08421040000000063,0,1.87046779707e-08,,08,421,04
URBANO,084210400000000630006000000000,08421040000630006000,08421040000000063,0,1.61151085506e-08,,08,421,04
URBANO,084210400000000620003000000000,08421040000620003000,08421040000000062,0,5.41557612443e-08,,08,421,04
URBANO,084210400000000620006000000000,08421040000620006000,08421040000000062,0,2.28228337236e-08,,08,421,04
URBANO,084210400000000620008000000000,08421040000620008000,08421040000000062,0,2.52826499313e-08,,08,421,04
URBANO,084210400000000620001000000000,08421040000620001000,08421040000000062,0,3.07984533385e-08,,08,421,04
URBANO,084210400000000620005000000000,08421040000620005000,08421040000000062,0,2.02829337497e-08,,08,421,04
URBANO,084210400000000620004000000000,08421040000620004000,08421040000000062,0,4.23473360335e-08,,08,421,04
URBANO,084210400000000620010000000000,08421040000620010000,08421040000000062,0,1.96186262507e-08,,08,421,04
URBANO,084210400000000620002000000000,08421040000620002000,08421040000000062,0,4.74019241345e-08,,08,421,04
URBANO,084210400000000620007000000000,08421040000620007000,08421040000000062,0,2.06421196087e-08,,08,421,04
URBANO,084210400000000620009000000000,08421040000620009000,08421040000000062,0,1.58871357031e-08,,08,421,04
URBANO,084210400000000620011000000000,08421040000620011000,08421040000000062,0,1.70680759905e-08,,08,421,04
URBANO,084210400000000620012000000000,08421040000620012000,08421040000000062,0,1.68384967228e-08,,08,421,04
URBANO,084210400000000630007000000000,08421040000630007000,08421040000000063,0,1.77143446543e-08,,08,421,04
URBANO,084210400000000630008000000000,08421040000630008000,08421040000000063,0,2.3452768168e-08,,08,421,04
URBANO,084210400000000630005000000000,08421040000630005000,08421040000000063,0,1.65849247396e-08,,08,421,04
URBANO,084210400000000550001000000000,08421040000550001000,08421040000000055,0,1.05496090347e-07,,08,421,04
URBANO,084210400000000550008000000000,08421040000550008000,08421040000000055,0,7.52567102686e-08,,08,421,04
URBANO,084210400000000550002000000000,08421040000550002000,08421040000000055,0,1.98408418019e-08,,08,421,04
URBANO,084210400000000550006000000000,08421040000550006000,08421040000000055,0,2.21723512751e-08,,08,421,04
URBANO,084210400000000550003000000000,08421040000550003000,08421040000000055,0,2.47847176835e-08,,08,421,04
URBANO,084210400000000550005000000000,08421040000550005000,08421040000000055,0,3.14580390168e-08,,08,421,04
URBANO,084210400000000550007000000000,08421040000550007000,08421040000000055,0,4.83368865118e-08,,08,421,04
URBANO,084210400000000550004000000000,08421040000550004000,08421040000000055,0,2.35142820683e-08,,08,421,04
URBANO,084210400000000560006000000000,08421040000560006000,08421040000000056,0,4.20160474924e-08,,08,421,04
URBANO,084210400000000560002000000000,08421040000560002000,08421040000000056,0,3.57802060425e-08,,08,421,04
URBANO,084210400000000560007000000000,08421040000560007000,08421040000000056,0,1.70144580517e-08,,08,421,04
URBANO,084210400000000560008000000000,08421040000560008000,08421040000000056,0,1.82312129009e-08,,08,421,04
URBANO,084210400000000560010000000000,08421040000560010000,08421040000000056,0,1.87927662015e-08,,08,421,04
URBANO,084210400000000560009000000000,08421040000560009000,08421040000000056,0,3.686581869e-08,,08,421,04
URBANO,084210400000000560003000000000,08421040000560003000,08421040000000056,0,1.89988550861e-08,,08,421,04
URBANO,084210400000000560001000000000,08421040000560001000,08421040000000056,0,1.98935949082e-08,,08,421,04
URBANO,084210400000000560004000000000,08421040000560004000,08421040000000056,0,2.49380036333e-08,,08,421,04
URBANO,084210400000000560005000000000,08421040000560005000,08421040000000056,0,2.86819290909e-08,,08,421,04
URBANO,084210400000000570001000000000,08421040000570001000,08421040000000057,0,8.32464164733e-08,,08,421,04
URBANO,084210400000000570012000000000,08421040000570012000,08421040000000057,0,3.21104248368e-08,,08,421,04
URBANO,084210400000000570003000000000,08421040000570003000,08421040000000057,0,1.72495548798e-08,,08,421,04
URBANO,084210400000000570002000000000,08421040000570002000,08421040000000057,0,1.7882421924e-08,,08,421,04
URBANO,084210400000000570004000000000,08421040000570004000,08421040000000057,0,1.82232463717e-08,,08,421,04
URBANO,084210400000000570005000000000,08421040000570005000,08421040000000057,0,2.7919150239e-08,,08,421,04
URBANO,084210400000000570006000000000,08421040000570006000,08421040000000057,0,1.89929374535e-08,,08,421,04
URBANO,084210400000000570008000000000,08421040000570008000,08421040000000057,0,1.92454683689e-08,,08,421,04
URBANO,084210400000000570009000000000,08421040000570009000,08421040000000057,0,2.09770148637e-08,,08,421,04
URBANO,084210400000000570011000000000,08421040000570011000,08421040000000057,0,2.13988848148e-08,,08,421,04
URBANO,084210400000000570010000000000,08421040000570010000,08421040000000057,0,2.37407171743e-08,,08,421,04
URBANO,084210400000000570007000000000,08421040000570007000,08421040000000057,0,2.46243800263e-08,,08,421,04
URBANO,084210400000000580005000000000,08421040000580005000,08421040000000058,0,5.50363180673e-08,,08,421,04
URBANO,084210400000000580006000000000,08421040000580006000,08421040000000058,0,1.85006400939e-08,,08,421,04
URBANO,084210400000000580007000000000,08421040000580007000,08421040000000058,0,2.11265946367e-08,,08,421,04
URBANO,084210400000000580009000000000,08421040000580009000,08421040000000058,0,2.30333080427e-08,,08,421,04
URBANO,084210400000000580008000000000,08421040000580008000,08421040000000058,0,2.94485059115e-08,,08,421,04
URBANO,084210400000000580001000000000,08421040000580001000,08421040000000058,0,3.11768707092e-08,,08,421,04
URBANO,084210400000000030018000000000,08421040000030018000,08421040000000003,0,1.4039322682e-08,,08,421,04
URBANO,084210400000000030021000000000,08421040000030021000,08421040000000003,0,1.41396466854e-08,,08,421,04
URBANO,084210400000000030020000000000,08421040000030020000,08421040000000003,0,1.59664937747e-08,,08,421,04
URBANO,084210400000000030022000000000,08421040000030022000,08421040000000003,0,1.62503635237e-08,,08,421,04
URBANO,084210400000000030017000000000,08421040000030017000,08421040000000003,0,1.79787606506e-08,,08,421,04
URBANO,084210400000000030016000000000,08421040000030016000,08421040000000003,0,1.87680661545e-08,,08,421,04
URBANO,084210400000000030024000000000,08421040000030024000,08421040000000003,0,2.11969569718e-08,,08,421,04
URBANO,084210400000000030023000000000,08421040000030023000,08421040000000003,0,2.27885105314e-08,,08,421,04
URBANO,084210400000000030010000000000,08421040000030010000,08421040000000003,0,2.46757344382e-08,,08,421,04
URBANO,084210400000000030015000000000,08421040000030015000,08421040000000003,0,2.49497058465e-08,,08,421,04
URBANO,084210400000000030008000000000,08421040000030008000,08421040000000003,0,3.05786052544e-08,,08,421,04
URBANO,084210400000000030013000000000,08421040000030013000,08421040000000003,0,3.46554144341e-08,,08,421,04
URBANO,084210400000000030005000000000,08421040000030005000,08421040000000003,0,3.70886950481e-08,,08,421,04
URBANO,084210400000000030009000000000,08421040000030009000,08421040000000003,0,3.79369060764e-08,,08,421,04
URBANO,084210400000000030006000000000,08421040000030006000,08421040000000003,0,3.86229543418e-08,,08,421,04
URBANO,084210400000000030012000000000,08421040000030012000,08421040000000003,0,3.97429123108e-08,,08,421,04
URBANO,084210400000000030007000000000,08421040000030007000,08421040000000003,0,4.66527306633e-08,,08,421,04
URBANO,084210400000000030003000000000,08421040000030003000,08421040000000003,0,5.22358069959e-08,,08,421,04
URBANO,084210400000000030014000000000,08421040000030014000,08421040000000003,0,5.65915670876e-08,,08,421,04
URBANO,084210400000000030011000000000,08421040000030011000,08421040000000003,0,6.44502260281e-08,,08,421,04
URBANO,084210400000000030001000000000,08421040000030001000,08421040000000003,0,6.79288995813e-08,,08,421,04
URBANO,084210400000000030004000000000,08421040000030004000,08421040000000003,0,7.51169276585e-08,,08,421,04
URBANO,084210400000000030026000000000,08421040000030026000,08421040000000003,0,1.78757649575e-08,,08,421,04
URBANO,084210400000000030031000000000,08421040000030031000,08421040000000003,0,2.13867896696e-08,,08,421,04
URBANO,084210400000000030033000000000,08421040000030033000,08421040000000003,0,2.16751109176e-08,,08,421,04
URBANO,084210400000000030032000000000,08421040000030032000,08421040000000003,0,2.38460855372e-08,,08,421,04
URBANO,084210400000000030030000000000,08421040000030030000,08421040000000003,0,2.53589075473e-08,,08,421,04
URBANO,084210400000000030034000000000,08421040000030034000,08421040000000003,0,2.53802436919e-08,,08,421,04
URBANO,084210400000000030027000000000,08421040000030027000,08421040000000003,0,2.63294466229e-08,,08,421,04
URBANO,084210400000000030035000000000,08421040000030035000,08421040000000003,0,2.77293034376e-08,,08,421,04
URBANO,084210400000000030029000000000,08421040000030029000,08421040000000003,0,2.78587275582e-08,,08,421,04
URBANO,084210400000000030028000000000,08421040000030028000,08421040000000003,0,2.95530769979e-08,,08,421,04
URBANO,084210400000000030025000000000,08421040000030025000,08421040000000003,0,6.76109452017e-08,,08,421,04
URBANO,084210400000000030036000000000,08421040000030036000,08421040000000003,0,1.69679632677e-08,,08,421,04
URBANO,084210400000000030038000000000,08421040000030038000,08421040000000003,0,2.49382215658e-08,,08,421,04
URBANO,084210400000000030037000000000,08421040000030037000,08421040000000003,0,2.45500810928e-07,,08,421,04
URBANO,084210400000000030039000000000,08421040000030039000,08421040000000003,0,2.98234602799e-07,,08,421,04
URBANO,084210400000000030041000000000,08421040000030041000,08421040000000003,0,1.22181345546e-07,,08,421,04
URBANO,084210400000000090006000000000,08421040000090006000,08421040000000009,0,7.39537813084e-08,,08,421,04
URBANO,084210400000000090001000000000,08421040000090001000,08421040000000009,0,4.27854496745e-08,,08,421,04
URBANO,084210400000000090004000000000,08421040000090004000,08421040000000009,0,7.74673880991e-08,,08,421,04
URBANO,084210400000000090005000000000,08421040000090005000,08421040000000009,0,5.10975615402e-08,,08,421,04
URBANO,084210400000000090003000000000,08421040000090003000,08421040000000009,0,4.06013385551e-08,,08,421,04
URBANO,084210400000000090002000000000,08421040000090002000,08421040000000009,0,2.83288195334e-08,,08,421,04
URBANO,084210400000000080010000000000,08421040000080010000,08421040000000008,0,2.06021926502e-08,,08,421,04
URBANO,084210400000000080002000000000,08421040000080002000,08421040000000008,0,2.86071254033e-08,,08,421,04
URBANO,084210400000000080004000000000,08421040000080004000,08421040000000008,0,3.17739277749e-08,,08,421,04
URBANO,084210400000000080007000000000,08421040000080007000,08421040000000008,0,2.039536666e-08,,08,421,04
URBANO,084210400000000080003000000000,08421040000080003000,08421040000000008,0,2.56806203448e-08,,08,421,04
URBANO,084210400000000089999000000000,08421040000089999000,08421040000000008,0,1.77078381431e-08,,08,421,04
URBANO,084210400000000080008000000000,08421040000080008000,08421040000000008,0,8.86308712398e-09,,08,421,04
URBANO,084210400000000080001000000000,08421040000080001000,08421040000000008,0,5.30393426039e-08,,08,421,04
URBANO,084210400000000080012000000000,08421040000080012000,08421040000000008,0,2.99155789542e-08,,08,421,04
URBANO,084210400000000080013000000000,08421040000080013000,08421040000000008,0,4.84625675127e-08,,08,421,04
URBANO,084210400000000080009000000000,08421040000080009000,08421040000000008,0,1.8121803396e-08,,08,421,04
URBANO,084210400000000080011000000000,08421040000080011000,08421040000000008,0,1.41149662332e-08,,08,421,04
URBANO,084210400000000080005000000000,08421040000080005000,08421040000000008,0,1.19100385968e-08,,08,421,04
URBANO,084210400000000060011000000000,08421040000060011000,08421040000000006,0,4.70531577982e-08,,08,421,04
URBANO,084210400000000060001000000000,08421040000060001000,08421040000000006,0,4.40119699113e-08,,08,421,04
URBANO,084210400000000060005000000000,08421040000060005000,08421040000000006,0,2.38628562944e-08,,08,421,04
URBANO,084210400000000060004000000000,08421040000060004000,08421040000000006,0,1.91103311388e-08,,08,421,04
URBANO,084210400000000060002000000000,08421040000060002000,08421040000000006,0,2.38991085587e-08,,08,421,04
URBANO,084210400000000060003000000000,08421040000060003000,08421040000000006,0,2.7572471691e-08,,08,421,04
URBANO,084210400000000060014000000000,08421040000060014000,08421040000000006,0,1.91905589693e-08,,08,421,04
URBANO,084210400000000060015000000000,08421040000060015000,08421040000000006,0,2.53446524622e-08,,08,421,04
URBANO,084210400000000060006000000000,08421040000060006000,08421040000000006,0,4.48566237686e-08,,08,421,04
URBANO,084210400000000060009000000000,08421040000060009000,08421040000000006,0,3.47199114271e-08,,08,421,04
URBANO,084210400000000060010000000000,08421040000060010000,08421040000000006,0,2.56566002548e-08,,08,421,04
URBANO,084210400000000060008000000000,08421040000060008000,08421040000000006,0,1.3677756494e-08,,08,421,04
URBANO,084210400000000060007000000000,08421040000060007000,08421040000000006,0,1.16910495712e-08,,08,421,04
URBANO,084210400000000060013000000000,08421040000060013000,08421040000000006,0,4.41353289125e-08,,08,421,04
URBANO,084210400000000060012000000000,08421040000060012000,08421040000000006,0,4.36833157102e-08,,08,421,04
URBANO,084210400000000070007000000000,08421040000070007000,08421040000000007,0,3.63888687912e-08,,08,421,04
URBANO,084210400000000070003000000000,08421040000070003000,08421040000000007,0,2.70271193729e-08,,08,421,04
URBANO,084210400000000070002000000000,08421040000070002000,08421040000000007,0,2.26831443748e-08,,08,421,04
URBANO,084210400000000070001000000000,08421040000070001000,08421040000000007,0,2.67305314281e-08,,08,421,04
URBANO,084210400000000070010000000000,08421040000070010000,08421040000000007,0,3.13693986679e-08,,08,421,04
URBANO,084210400000000230004000000000,08421040000230004000,08421040000000023,0,4.24212137935e-08,,08,421,04
URBANO,084210400000000230006000000000,08421040000230006000,08421040000000023,0,4.33764784828e-08,,08,421,04
URBANO,084210400000000230008000000000,08421040000230008000,08421040000000023,0,2.77998174227e-08,,08,421,04
URBANO,084210400000000230005000000000,08421040000230005000,08421040000000023,0,4.66072616442e-08,,08,421,04
URBANO,084210400000000230003000000000,08421040000230003000,08421040000000023,0,4.74152297814e-08,,08,421,04
URBANO,084210400000000230007000000000,08421040000230007000,08421040000000023,0,3.47176949834e-08,,08,421,04
URBANO,084210400000000230001000000000,08421040000230001000,08421040000000023,0,8.06223881361e-08,,08,421,04
URBANO,084210400000000230011000000000,08421040000230011000,08421040000000023,0,1.79568470081e-08,,08,421,04
URBANO,084210400000000230010000000000,08421040000230010000,08421040000000023,0,1.24271446762e-08,,08,421,04
URBANO,084210400000000230012000000000,08421040000230012000,08421040000000023,0,2.45494768959e-08,,08,421,04
URBANO,084210400000000350002000000000,08421040000350002000,08421040000000035,0,3.90929401184e-08,,08,421,04
URBANO,084210400000000350001000000000,08421040000350001000,08421040000000035,0,5.51253036584e-09,,08,421,04
URBANO,084210400000000350003000000000,08421040000350003000,08421040000000035,0,3.50982664152e-08,,08,421,04
URBANO,084210400000000220013000000000,08421040000220013000,08421040000000022,0,9.7028378058e-08,,08,421,04
URBANO,084210400000000220005000000000,08421040000220005000,08421040000000022,0,2.22401961888e-08,,08,421,04
URBANO,084210400000000220006000000000,08421040000220006000,08421040000000022,0,5.02829094746e-08,,08,421,04
URBANO,084210400000000220007000000000,08421040000220007000,08421040000000022,0,5.2198418922e-08,,08,421,04
URBANO,084210400000000220008000000000,08421040000220008000,08421040000000022,0,7.80212764568e-08,,08,421,04
URBANO,084210400000000220015000000000,08421040000220015000,08421040000000022,0,2.09314140567e-08,,08,421,04
URBANO,084210400000000220011000000000,08421040000220011000,08421040000000022,0,2.73330236644e-08,,08,421,04
URBANO,084210400000000220012000000000,08421040000220012000,08421040000000022,0,2.93363254494e-08,,08,421,04
URBANO,084210400000000220014000000000,08421040000220014000,08421040000000022,0,3.06761828267e-08,,08,421,04
URBANO,084210400000000220010000000000,08421040000220010000,08421040000000022,0,3.73454254176e-08,,08,421,04
URBANO,084210400000000530001000000000,08421040000530001000,08421040000000053,0,1.46102081632e-07,,08,421,04
URBANO,084210400000000530002000000000,08421040000530002000,08421040000000053,0,6.61206635342e-08,,08,421,04
URBANO,084210400000000210003000000000,08421040000210003000,08421040000000021,0,4.93602756144e-08,,08,421,04
URBANO,084210400000000210001000000000,08421040000210001000,08421040000000021,0,1.33003817015e-08,,08,421,04
URBANO,084210400000000210004000000000,08421040000210004000,08421040000000021,0,2.09998431409e-08,,08,421,04
URBANO,084210400000000210002000000000,08421040000210002000,08421040000000021,0,4.29250039404e-08,,08,421,04
URBANO,084210400000000200002000000000,08421040000200002000,08421040000000020,0,4.85989994633e-08,,08,421,04
URBANO,084210400000000200009000000000,08421040000200009000,08421040000000020,0,1.99501496119e-08,,08,421,04
URBANO,084210400000000200005000000000,08421040000200005000,08421040000000020,0,3.29625839496e-08,,08,421,04
URBANO,084210400000000200007000000000,08421040000200007000,08421040000000020,0,1.70391116496e-08,,08,421,04
URBANO,084210400000000200004000000000,08421040000200004000,08421040000000020,0,2.97958764043e-08,,08,421,04
URBANO,084210400000000200006000000000,08421040000200006000,08421040000000020,0,1.61135787372e-08,,08,421,04
URBANO,084210400000000200008000000000,08421040000200008000,08421040000000020,0,8.90546956941e-09,,08,421,04
URBANO,084210400000000200001000000000,08421040000200001000,08421040000000020,0,1.21391677123e-08,,08,421,04
URBANO,084210400000000200010000000000,08421040000200010000,08421040000000020,0,1.82416751005e-08,,08,421,04
URBANO,084210400000000200003000000000,08421040000200003000,08421040000000020,0,2.18005145608e-08,,08,421,04
URBANO,084210400000000190008000000000,08421040000190008000,08421040000000019,0,4.64539415348e-08,,08,421,04
URBANO,084210400000000190002000000000,08421040000190002000,08421040000000019,0,3.90810897061e-08,,08,421,04
URBANO,084210400000000190004000000000,08421040000190004000,08421040000000019,0,2.81924258236e-08,,08,421,04
URBANO,084210400000000190005000000000,08421040000190005000,08421040000000019,0,2.4125675587e-08,,08,421,04
URBANO,084210400000000190006000000000,08421040000190006000,08421040000000019,0,2.64811397662e-08,,08,421,04
URBANO,084210400000000190001000000000,08421040000190001000,08421040000000019,0,1.18425244658e-07,,08,421,04
URBANO,084210400000000190007000000000,08421040000190007000,08421040000000019,0,4.29366624944e-08,,08,421,04
URBANO,084210400000000190012000000000,08421040000190012000,08421040000000019,0,3.08810333716e-08,,08,421,04
URBANO,084210400000000190010000000000,08421040000190010000,08421040000000019,0,8.91139603603e-09,,08,421,04
URBANO,084210400000000190009000000000,08421040000190009000,08421040000000019,0,1.49729123221e-08,,08,421,04
URBANO,084210400000000190011000000000,08421040000190011000,08421040000000019,0,8.39711027784e-09,,08,421,04
URBANO,084210400000000190013000000000,08421040000190013000,08421040000000019,0,2.17304785496e-08,,08,421,04
URBANO,084210400000000190003000000000,08421040000190003000,08421040000000019,0,1.84561134298e-08,,08,421,04
URBANO,084210400000000180002000000000,08421040000180002000,08421040000000018,0,4.26466737959e-08,,08,421,04
URBANO,084210400000000180008000000000,08421040000180008000,08421040000000018,0,1.72067671608e-08,,08,421,04
URBANO,084210400000000180007000000000,08421040000180007000,08421040000000018,0,1.38714192255e-08,,08,421,04
URBANO,084210400000000180009000000000,08421040000180009000,08421040000000018,0,2.70407842405e-08,,08,421,04
URBANO,084210400000000180010000000000,08421040000180010000,08421040000000018,0,3.95491011268e-08,,08,421,04
URBANO,084210400000000180001000000000,08421040000180001000,08421040000000018,0,3.94849727929e-08,,08,421,04
URBANO,084210400000000180004000000000,08421040000180004000,08421040000000018,0,9.40517586251e-09,,08,421,04
URBANO,084210400000000180005000000000,08421040000180005000,08421040000000018,0,1.05945641179e-08,,08,421,04
URBANO,084210400000000180006000000000,08421040000180006000,08421040000000018,0,1.23215333929e-08,,08,421,04
URBANO,084210400000000180003000000000,08421040000180003000,08421040000000018,0,2.23871025803e-08,,08,421,04
URBANO,084210400000000170008000000000,08421040000170008000,08421040000000017,0,3.34128567634e-08,,08,421,04
URBANO,084210400000000170009000000000,08421040000170009000,08421040000000017,0,8.43990069795e-09,,08,421,04
URBANO,084210400000000170010000000000,08421040000170010000,08421040000000017,0,1.6465637432e-08,,08,421,04
URBANO,084210400000000170011000000000,08421040000170011000,08421040000000017,0,2.73850334495e-08,,08,421,04
URBANO,084210400000000170001000000000,08421040000170001000,08421040000000017,0,3.89343275219e-08,,08,421,04
URBANO,084210400000000170012000000000,08421040000170012000,08421040000000017,0,1.22209526883e-08,,08,421,04
URBANO,084210400000000170013000000000,08421040000170013000,08421040000000017,0,1.94158979456e-08,,08,421,04
URBANO,084210400000000170002000000000,08421040000170002000,08421040000000017,0,4.73053470923e-08,,08,421,04
URBANO,084210400000000170014000000000,08421040000170014000,08421040000000017,0,1.50605497739e-08,,08,421,04
URBANO,084210400000000170004000000000,08421040000170004000,08421040000000017,0,3.79914480281e-08,,08,421,04
URBANO,084210400000000170005000000000,08421040000170005000,08421040000000017,0,2.70977240038e-08,,08,421,04
URBANO,084210400000000170006000000000,08421040000170006000,08421040000000017,0,3.3492419837e-08,,08,421,04
URBANO,084210400000000170007000000000,08421040000170007000,08421040000000017,0,3.17612849759e-08,,08,421,04
URBANO,084210400000000170003000000000,08421040000170003000,08421040000000017,0,9.5213295167e-09,,08,421,04
URBANO,084210400000000260004000000000,08421040000260004000,08421040000000026,0,7.34110919596e-08,,08,421,04
URBANO,084210400000000260008000000000,08421040000260008000,08421040000000026,0,5.18001689206e-08,,08,421,04
URBANO,084210400000000260005000000000,08421040000260005000,08421040000000026,0,2.09522598846e-08,,08,421,04
URBANO,084210400000000260006000000000,08421040000260006000,08421040000000026,0,2.16479696799e-08,,08,421,04
URBANO,084210400000000260009000000000,08421040000260009000,08421040000000026,0,2.30705003944e-08,,08,421,04
URBANO,084210400000000260007000000000,08421040000260007000,08421040000000026,0,2.75910472363e-08,,08,421,04
URBANO,084210400000000260010000000000,08421040000260010000,08421040000000026,0,2.83570874922e-08,,08,421,04
URBANO,084210400000000260011000000000,08421040000260011000,08421040000000026,0,6.20478440646e-08,,08,421,04
URBANO,084210400000000260013000000000,08421040000260013000,08421040000000026,0,4.00446013116e-08,,08,421,04
URBANO,084210400000000260001000000000,08421040000260001000,08421040000000026,0,4.52209209545e-08,,08,421,04
URBANO,084210400000000260012000000000,08421040000260012000,08421040000000026,0,5.72977872351e-08,,08,421,04
URBANO,084210400000000260003000000000,08421040000260003000,08421040000000026,0,5.88989954188e-08,,08,421,04
URBANO,084210400000000260002000000000,08421040000260002000,08421040000000026,0,7.2548143104e-08,,08,421,04
URBANO,084210400000000300009000000000,08421040000300009000,08421040000000030,0,1.12393247021e-07,,08,421,04
URBANO,084210400000000300001000000000,08421040000300001000,08421040000000030,0,4.16100403398e-08,,08,421,04
URBANO,084210400000000300004000000000,08421040000300004000,08421040000000030,0,4.50374338671e-08,,08,421,04
URBANO,084210400000000300002000000000,08421040000300002000,08421040000000030,0,4.85811880103e-08,,08,421,04
URBANO,084210400000000300003000000000,08421040000300003000,08421040000000030,0,5.11578474792e-08,,08,421,04
URBANO,084210400000000300006000000000,08421040000300006000,08421040000000030,0,7.16972999973e-08,,08,421,04
URBANO,084210400000000300005000000000,08421040000300005000,08421040000000030,0,7.29753043204e-08,,08,421,04
URBANO,084210400000000300011000000000,08421040000300011000,08421040000000030,0,7.49294931497e-08,,08,421,04
URBANO,084210400000000300010000000000,08421040000300010000,08421040000000030,0,7.57299714003e-08,,08,421,04
URBANO,084210400000000300007000000000,08421040000300007000,08421040000000030,0,8.02227448011e-08,,08,421,04
URBANO,084210400000000300008000000000,08421040000300008000,08421040000000030,0,9.45951220058e-08,,08,421,04
URBANO,084210400000000300012000000000,08421040000300012000,08421040000000030,0,1.09122628024e-07,,08,421,04
URBANO,084210400000000740003000000000,08421040000740003000,08421040000000074,0,4.04028148644e-08,,08,421,04
URBANO,084210400000000740002000000000,08421040000740002000,08421040000000074,0,1.39620264999e-08,,08,421,04
URBANO,084210400000000740001000000000,08421040000740001000,08421040000000074,0,2.84308060729e-08,,08,421,04
URBANO,084210400000000730007000000000,08421040000730007000,08421040000000073,0,7.09316662386e-08,,08,421,04
URBANO,084210400000000730006000000000,08421040000730006000,08421040000000073,0,1.76985461043e-08,,08,421,04
URBANO,084210400000000730005000000000,08421040000730005000,08421040000000073,0,2.14663636607e-08,,08,421,04
URBANO,084210400000000730004000000000,08421040000730004000,08421040000000073,0,4.21068621416e-08,,08,421,04
URBANO,084210400000000730002000000000,08421040000730002000,08421040000000073,0,2.05346802568e-08,,08,421,04
URBANO,084210400000000730003000000000,08421040000730003000,08421040000000073,0,1.64134197881e-08,,08,421,04
URBANO,084210400000000730001000000000,08421040000730001000,08421040000000073,0,1.93067354061e-08,,08,421,04
URBANO,084210400000000729999000000000,08421040000729999000,08421040000000072,0,6.81143537187e-08,,08,421,04
URBANO,084210400000000720001000000000,08421040000720001000,08421040000000072,0,2.1938137099e-08,,08,421,04
URBANO,084210400000000720012000000000,08421040000720012000,08421040000000072,0,1.7109231609e-08,,08,421,04
URBANO,084210400000000720011000000000,08421040000720011000,08421040000000072,0,1.83118270146e-08,,08,421,04
URBANO,084210400000000720002000000000,08421040000720002000,08421040000000072,0,1.83603142875e-08,,08,421,04
URBANO,084210400000000720003000000000,08421040000720003000,08421040000000072,0,3.65297951278e-08,,08,421,04
URBANO,084210400000000720006000000000,08421040000720006000,08421040000000072,0,1.90266038201e-08,,08,421,04
URBANO,084210400000000720008000000000,08421040000720008000,08421040000000072,0,1.48723441861e-08,,08,421,04
URBANO,084210400000000720007000000000,08421040000720007000,08421040000000072,0,1.511832492e-08,,08,421,04
URBANO,084210400000000720004000000000,08421040000720004000,08421040000000072,0,1.65227392737e-08,,08,421,04
URBANO,084210400000000720005000000000,08421040000720005000,08421040000000072,0,1.69964093466e-08,,08,421,04
URBANO,084210400000000720009000000000,08421040000720009000,08421040000000072,0,1.5334440544e-08,,08,421,04
URBANO,084210400000000310003000000000,08421040000310003000,08421040000000031,0,2.45110521134e-08,,08,421,04
URBANO,084210400000000310001000000000,08421040000310001000,08421040000000031,0,1.96023122391e-08,,08,421,04
URBANO,084210400000000310002000000000,08421040000310002000,08421040000000031,0,2.14175916642e-08,,08,421,04
URBANO,084210400000000310006000000000,08421040000310006000,08421040000000031,0,1.67832499776e-08,,08,421,04
URBANO,084210400000000310009000000000,08421040000310009000,08421040000000031,0,1.66956783209e-08,,08,421,04
URBANO,084210400000000310007000000000,08421040000310007000,08421040000000031,0,1.62009723708e-08,,08,421,04
URBANO,084210400000000310008000000000,08421040000310008000,08421040000000031,0,1.48682514844e-08,,08,421,04
URBANO,084210400000000310013000000000,08421040000310013000,08421040000000031,0,1.35272227388e-08,,08,421,04
URBANO,084210400000000310014000000000,08421040000310014000,08421040000000031,0,1.32712980916e-08,,08,421,04
URBANO,084210400000000310011000000000,08421040000310011000,08421040000000031,0,2.2152573647e-08,,08,421,04
URBANO,084210400000000310005000000000,08421040000310005000,08421040000000031,0,2.39275292232e-08,,08,421,04
URBANO,084210400000000310010000000000,08421040000310010000,08421040000000031,0,1.25278188143e-08,,08,421,04
URBANO,084210400000000310012000000000,08421040000310012000,08421040000000031,0,1.22077475837e-08,,08,421,04
URBANO,084210400000000310004000000000,08421040000310004000,08421040000000031,0,2.35576450936e-08,,08,421,04
URBANO,084210400000000320002000000000,08421040000320002000,08421040000000032,0,1.86955304603e-08,,08,421,04
URBANO,084210400000000320003000000000,08421040000320003000,08421040000000032,0,1.68254684652e-08,,08,421,04
URBANO,084210400000000320006000000000,08421040000320006000,08421040000000032,0,1.7853031065e-08,,08,421,04
URBANO,084210400000000320004000000000,08421040000320004000,08421040000000032,0,1.43592554821e-08,,08,421,04
URBANO,084210400000000320005000000000,08421040000320005000,08421040000000032,0,1.73055683636e-08,,08,421,04
URBANO,084210400000000320001000000000,08421040000320001000,08421040000000032,0,1.37776538373e-08,,08,421,04
URBANO,084210400000000330005000000000,08421040000330005000,08421040000000033,0,2.13116628529e-08,,08,421,04
URBANO,084210400000000330003000000000,08421040000330003000,08421040000000033,0,1.97724141703e-08,,08,421,04
URBANO,084210400000000330006000000000,08421040000330006000,08421040000000033,0,1.65363874981e-08,,08,421,04
URBANO,084210400000000330004000000000,08421040000330004000,08421040000000033,0,1.9328621538e-08,,08,421,04
URBANO,084210400000000330001000000000,08421040000330001000,08421040000000033,0,1.3707966681e-08,,08,421,04
URBANO,084210400000000330002000000000,08421040000330002000,08421040000000033,0,1.71451390753e-08,,08,421,04
URBANO,084210400000000750005000000000,08421040000750005000,08421040000000075,0,8.32085913551e-08,,08,421,04
URBANO,084210400000000750004000000000,08421040000750004000,08421040000000075,0,1.72109989627e-08,,08,421,04
URBANO,084210400000000750001000000000,08421040000750001000,08421040000000075,0,1.72127496512e-08,,08,421,04
URBANO,084210400000000750003000000000,08421040000750003000,08421040000000075,0,1.94419522461e-08,,08,421,04
URBANO,084210400000000340001000000000,08421040000340001000,08421040000000034,0,4.70536632011e-08,,08,421,04
URBANO,084210400000000700005000000000,08421040000700005000,08421040000000070,0,6.08020813848e-08,,08,421,04
URBANO,084210400000000700007000000000,08421040000700007000,08421040000000070,0,3.10979236079e-08,,08,421,04
URBANO,084210400000000700004000000000,08421040000700004000,08421040000000070,0,3.24176619315e-08,,08,421,04
URBANO,084210400000000700008000000000,08421040000700008000,08421040000000070,0,3.27280934723e-08,,08,421,04
URBANO,084210400000000700006000000000,08421040000700006000,08421040000000070,0,3.53104818318e-08,,08,421,04
URBANO,084210400000000700001000000000,08421040000700001000,08421040000000070,0,3.54408026329e-08,,08,421,04
URBANO,084210400000000700002000000000,08421040000700002000,08421040000000070,0,4.79684015037e-08,,08,421,04
URBANO,084210400000000700003000000000,08421040000700003000,08421040000000070,0,5.02259665566e-08,,08,421,04
URBANO,084210400000000270004000000000,08421040000270004000,08421040000000027,0,2.40397668185e-08,,08,421,04
URBANO,084210400000000270005000000000,08421040000270005000,08421040000000027,0,1.07881886246e-08,,08,421,04
URBANO,084210400000000270007000000000,08421040000270007000,08421040000000027,0,1.13670627816e-08,,08,421,04
URBANO,084210400000000270002000000000,08421040000270002000,08421040000000027,0,1.34710178586e-08,,08,421,04
URBANO,084210400000000270006000000000,08421040000270006000,08421040000000027,0,1.41103876383e-08,,08,421,04
URBANO,084210400000000270001000000000,08421040000270001000,08421040000000027,0,1.56482219656e-08,,08,421,04
URBANO,084210400000000270003000000000,08421040000270003000,08421040000000027,0,1.77246237632e-08,,08,421,04
URBANO,084210400000000280001000000000,08421040000280001000,08421040000000028,0,1.93064868235e-08,,08,421,04
URBANO,084210400000000280003000000000,08421040000280003000,08421040000000028,0,1.18551870386e-08,,08,421,04
URBANO,084210400000000280002000000000,08421040000280002000,08421040000000028,0,1.55421978209e-08,,08,421,04
URBANO,084210400000000690009000000000,08421040000690009000,08421040000000069,0,2.69031455273e-08,,08,421,04
URBANO,084210400000000690003000000000,08421040000690003000,08421040000000069,0,1.76195348329e-08,,08,421,04
URBANO,084210400000000690002000000000,08421040000690002000,08421040000000069,0,1.43008922347e-08,,08,421,04
URBANO,084210400000000690004000000000,08421040000690004000,08421040000000069,0,1.61541575608e-08,,08,421,04
URBANO,084210400000000690001000000000,08421040000690001000,08421040000000069,0,1.26657128328e-08,,08,421,04
URBANO,084210400000000690005000000000,08421040000690005000,08421040000000069,0,2.1071411145e-08,,08,421,04
URBANO,084210400000000690006000000000,08421040000690006000,08421040000000069,0,1.56273512389e-08,,08,421,04
URBANO,084210400000000690007000000000,08421040000690007000,08421040000000069,0,1.57312661764e-08,,08,421,04
URBANO,084210400000000690008000000000,08421040000690008000,08421040000000069,0,1.69813207949e-08,,08,421,04
URBANO,084210400000000290008000000000,08421040000290008000,08421040000000029,0,3.7392872858e-08,,08,421,04
URBANO,084210400000000290002000000000,08421040000290002000,08421040000000029,0,6.07556390035e-09,,08,421,04
URBANO,084210400000000290003000000000,08421040000290003000,08421040000000029,0,6.67158301388e-09,,08,421,04
URBANO,084210400000000290004000000000,08421040000290004000,08421040000000029,0,7.769903492e-09,,08,421,04
URBANO,084210400000000290001000000000,08421040000290001000,08421040000000029,0,8.935822626e-09,,08,421,04
URBANO,084210400000000290005000000000,08421040000290005000,08421040000000029,0,1.610970936e-08,,08,421,04
URBANO,084210400000000290007000000000,08421040000290007000,08421040000000029,0,1.61341926646e-08,,08,421,04
URBANO,084210400000000290006000000000,08421040000290006000,08421040000000029,0,2.01980968665e-08,,08,421,04
URBANO,084210400000000290010000000000,08421040000290010000,08421040000000029,0,2.35178453684e-08,,08,421,04
URBANO,084210400000000290009000000000,08421040000290009000,08421040000000029,0,3.30476544358e-08,,08,421,04
URBANO,084210400000000360007000000000,08421040000360007000,08421040000000036,0,4.41184933173e-08,,08,421,04
URBANO,084210400000000369999000000000,08421040000369999000,08421040000000036,0,2.20325533853e-08,,08,421,04
URBANO,084210400000000360001000000000,08421040000360001000,08421040000000036,0,2.20871813037e-08,,08,421,04
URBANO,084210400000000360002000000000,08421040000360002000,08421040000000036,0,2.38108788992e-08,,08,421,04
URBANO,084210400000000360003000000000,08421040000360003000,08421040000000036,0,2.47783194998e-08,,08,421,04
URBANO,084210400000000369999000000000,08421040000369999000,08421040000000036,0,2.56532891604e-08,,08,421,04
URBANO,084210400000000360005000000000,08421040000360005000,08421040000000036,0,2.57302194533e-08,,08,421,04
URBANO,084210400000000360006000000000,08421040000360006000,08421040000000036,0,2.59023909937e-08,,08,421,04
URBANO,084210400000000360004000000000,08421040000360004000,08421040000000036,0,2.60265988222e-08,,08,421,04
URBANO,084210400000000360008000000000,08421040000360008000,08421040000000036,0,3.09354932008e-08,,08,421,04
URBANO,084210400000000800002000000000,08421040000800002000,08421040000000080,0,6.38861957139e-07,,08,421,04
URBANO,084210400000000800003000000000,08421040000800003000,08421040000000080,0,3.61874836364e-07,,08,421,04
URBANO,084210100000000910003000000000,08421010000910003000,08421010000000091,0,6.47060034811e-09,,08,421,01
URBANO,084210100000000910027000000000,08421010000910027000,08421010000000091,0,9.80559355293e-09,,08,421,01
URBANO,084210100000000910023000000000,08421010000910023000,08421010000000091,0,5.77798920314e-09,,08,421,01
URBANO,084210100000000910024000000000,08421010000910024000,08421010000000091,0,4.85702517296e-09,,08,421,01
URBANO,084210100000000910026000000000,08421010000910026000,08421010000000091,0,5.39808066818e-09,,08,421,01
URBANO,084210100000000910025000000000,08421010000910025000,08421010000000091,0,5.75340588758e-09,,08,421,01
URBANO,084210100000000910011000000000,08421010000910011000,08421010000000091,0,5.6633921748e-09,,08,421,01
URBANO,084210100000000910007000000000,08421010000910007000,08421010000000091,0,5.73259539929e-09,,08,421,01
URBANO,084210100000000910012000000000,08421010000910012000,08421010000000091,0,5.99740109988e-09,,08,421,01
URBANO,084210100000000910006000000000,08421010000910006000,08421010000000091,0,5.32281560229e-09,,08,421,01
URBANO,084210100000000910009000000000,08421010000910009000,08421010000000091,0,5.95316267483e-09,,08,421,01
URBANO,084210100000000910014000000000,08421010000910014000,08421010000000091,0,5.89105838276e-09,,08,421,01
URBANO,084210100000000910008000000000,08421010000910008000,08421010000000091,0,5.5761095008e-09,,08,421,01
URBANO,084210100000000910013000000000,08421010000910013000,08421010000000091,0,5.39952038568e-09,,08,421,01
URBANO,084210100000000910017000000000,08421010000910017000,08421010000000091,0,5.97099269359e-09,,08,421,01
URBANO,084210100000000910005000000000,08421010000910005000,08421010000000091,0,5.76094732383e-09,,08,421,01
URBANO,084210100000000910020000000000,08421010000910020000,08421010000000091,0,5.62986603345e-09,,08,421,01
URBANO,084210100000000910021000000000,08421010000910021000,08421010000000091,0,5.88162786958e-09,,08,421,01
URBANO,084210100000000910022000000000,08421010000910022000,08421010000000091,0,6.96500863823e-09,,08,421,01
URBANO,084210100000000910019000000000,08421010000910019000,08421010000000091,0,5.28117986382e-09,,08,421,01
URBANO,084210100000000910001000000000,08421010000910001000,08421010000000091,0,1.71362958536e-08,,08,421,01
URBANO,084210100000000910002000000000,08421010000910002000,08421010000000091,0,6.4276664356e-09,,08,421,01
URBANO,084210100000000910018000000000,08421010000910018000,08421010000000091,0,5.28642866906e-09,,08,421,01
URBANO,084210100000000910015000000000,08421010000910015000,08421010000000091,0,5.5724421871e-09,,08,421,01
URBANO,084210100000000910004000000000,08421010000910004000,08421010000000091,0,5.72331660554e-09,,08,421,01
URBANO,084210100000000910016000000000,08421010000910016000,08421010000000091,0,5.67372589569e-09,,08,421,01
URBANO,084210100000001230008000000000,08421010001230008000,08421010000000123,0,9.58675079405e-09,,08,421,01
URBANO,084210100000001230017000000000,08421010001230017000,08421010000000123,0,9.29109672139e-09,,08,421,01
URBANO,084210100000001230018000000000,08421010001230018000,08421010000000123,0,9.26024684721e-09,,08,421,01
URBANO,084210100000001230001000000000,08421010001230001000,08421010000000123,0,7.65826665531e-09,,08,421,01
URBANO,084210100000001230002000000000,08421010001230002000,08421010000000123,0,8.72081352709e-09,,08,421,01
URBANO,084210100000001230005000000000,08421010001230005000,08421010000000123,0,9.20416953203e-09,,08,421,01
URBANO,084210100000001230004000000000,08421010001230004000,08421010000000123,0,9.58190992704e-09,,08,421,01
URBANO,084210100000001230006000000000,08421010001230006000,08421010000000123,0,9.71639579278e-09,,08,421,01
URBANO,084210100000001230007000000000,08421010001230007000,08421010000000123,0,9.80885796566e-09,,08,421,01
URBANO,084210100000001230003000000000,08421010001230003000,08421010000000123,0,1.01559433353e-08,,08,421,01
URBANO,084210100000001230009000000000,08421010001230009000,08421010000000123,0,9.41951046684e-09,,08,421,01
URBANO,084210100000001230010000000000,08421010001230010000,08421010000000123,0,8.96309203199e-09,,08,421,01
URBANO,084210100000001230014000000000,08421010001230014000,08421010000000123,0,8.55265681142e-09,,08,421,01
URBANO,084210100000001230013000000000,08421010001230013000,08421010000000123,0,8.68028121354e-09,,08,421,01
URBANO,084210100000001230015000000000,08421010001230015000,08421010000000123,0,8.81641069858e-09,,08,421,01
URBANO,084210100000001230011000000000,08421010001230011000,08421010000000123,0,8.93931906991e-09,,08,421,01
URBANO,084210100000001230012000000000,08421010001230012000,08421010000000123,0,9.02375263319e-09,,08,421,01
URBANO,084210100000001230016000000000,08421010001230016000,08421010000000123,0,9.56931694169e-09,,08,421,01
URBANO,084210100000000930013000000000,08421010000930013000,08421010000000093,0,6.4204457882e-09,,08,421,01
URBANO,084210100000000930020000000000,08421010000930020000,08421010000000093,0,6.85087676875e-09,,08,421,01
URBANO,084210100000000930026000000000,08421010000930026000,08421010000000093,0,9.05608071454e-09,,08,421,01
URBANO,084210100000000930030000000000,08421010000930030000,08421010000000093,0,4.24257317711e-09,,08,421,01
URBANO,084210100000000930002000000000,08421010000930002000,08421010000000093,0,6.78332439167e-09,,08,421,01
URBANO,084210100000000930003000000000,08421010000930003000,08421010000000093,0,6.85888201396e-09,,08,421,01
URBANO,084210100000000930027000000000,08421010000930027000,08421010000000093,0,4.88229857735e-09,,08,421,01
URBANO,084210100000000930001000000000,08421010000930001000,08421010000000093,0,8.39846926939e-09,,08,421,01
URBANO,084210100000000930025000000000,08421010000930025000,08421010000000093,0,6.5783143442e-09,,08,421,01
URBANO,084210100000000930024000000000,08421010000930024000,08421010000000093,0,6.58938642219e-09,,08,421,01
URBANO,084210100000000930004000000000,08421010000930004000,08421010000000093,0,5.66091272971e-09,,08,421,01
URBANO,084210100000000930008000000000,08421010000930008000,08421010000000093,0,5.70765844885e-09,,08,421,01
URBANO,084210100000000930005000000000,08421010000930005000,08421010000000093,0,5.82151846407e-09,,08,421,01
URBANO,084210100000000930006000000000,08421010000930006000,08421010000000093,0,5.91176013736e-09,,08,421,01
URBANO,084210100000000930007000000000,08421010000930007000,08421010000000093,0,5.97761870189e-09,,08,421,01
URBANO,084210100000000930010000000000,08421010000930010000,08421010000000093,0,6.04046626116e-09,,08,421,01
URBANO,084210100000000930011000000000,08421010000930011000,08421010000000093,0,6.04868692822e-09,,08,421,01
URBANO,084210100000000930009000000000,08421010000930009000,08421010000000093,0,6.20197749427e-09,,08,421,01
URBANO,084210100000000930012000000000,08421010000930012000,08421010000000093,0,6.30725263407e-09,,08,421,01
URBANO,084210100000000930014000000000,08421010000930014000,08421010000000093,0,6.15051083183e-09,,08,421,01
URBANO,084210100000000930017000000000,08421010000930017000,08421010000000093,0,6.18300366896e-09,,08,421,01
URBANO,084210100000000930016000000000,08421010000930016000,08421010000000093,0,6.24195055636e-09,,08,421,01
URBANO,084210100000000930019000000000,08421010000930019000,08421010000000093,0,6.27665982309e-09,,08,421,01
URBANO,084210100000000930021000000000,08421010000930021000,08421010000000093,0,6.34862281062e-09,,08,421,01
URBANO,084210100000000930018000000000,08421010000930018000,08421010000000093,0,6.45276512058e-09,,08,421,01
URBANO,084210100000000930015000000000,08421010000930015000,08421010000000093,0,6.45439113319e-09,,08,421,01
URBANO,084210100000000930022000000000,08421010000930022000,08421010000000093,0,6.50158785563e-09,,08,421,01
URBANO,084210100000000930023000000000,08421010000930023000,08421010000000093,0,6.66644982165e-09,,08,421,01
URBANO,084210100000000750016000000000,08421010000750016000,08421010000000075,0,2.04505420419e-08,,08,421,01
URBANO,084210100000000750010000000000,08421010000750010000,08421010000000075,0,3.04576735432e-08,,08,421,01
URBANO,084210100000000750020000000000,08421010000750020000,08421010000000075,0,1.99126237616e-08,,08,421,01
URBANO,084210100000000750008000000000,08421010000750008000,08421010000000075,0,3.70517526287e-08,,08,421,01
URBANO,084210100000000750003000000000,08421010000750003000,08421010000000075,0,2.88728618254e-08,,08,421,01
URBANO,084210100000000750009000000000,08421010000750009000,08421010000000075,0,3.01698326589e-08,,08,421,01
URBANO,084210100000000750001000000000,08421010000750001000,08421010000000075,0,2.53620101581e-08,,08,421,01
URBANO,084210100000000750007000000000,08421010000750007000,08421010000000075,0,7.36507944821e-08,,08,421,01
URBANO,084210100000000750006000000000,08421010000750006000,08421010000000075,0,3.20254020113e-08,,08,421,01
URBANO,084210100000000750013000000000,08421010000750013000,08421010000000075,0,7.28620696083e-08,,08,421,01
URBANO,084210100000000750014000000000,08421010000750014000,08421010000000075,0,7.91646302953e-08,,08,421,01
URBANO,084210100000000750018000000000,08421010000750018000,08421010000000075,0,1.76329677949e-08,,08,421,01
URBANO,084210100000000750015000000000,08421010000750015000,08421010000000075,0,2.70409859144e-08,,08,421,01
URBANO,084210100000000750012000000000,08421010000750012000,08421010000000075,0,2.23152637368e-08,,08,421,01
URBANO,084210100000000750005000000000,08421010000750005000,08421010000000075,0,2.54972074641e-08,,08,421,01
URBANO,084210100000000750004000000000,08421010000750004000,08421010000000075,0,1.67604791188e-08,,08,421,01
URBANO,084210100000000750017000000000,08421010000750017000,08421010000000075,0,7.60777248848e-09,,08,421,01
URBANO,084210100000000750011000000000,08421010000750011000,08421010000000075,0,1.06957416728e-08,,08,421,01
URBANO,084210100000000750019000000000,08421010000750019000,08421010000000075,0,1.47937884908e-08,,08,421,01
URBANO,084210100000001620001000000000,08421010001620001000,08421010000000162,0,2.56791303099e-08,,08,421,01
URBANO,084210100000000970002000000000,08421010000970002000,08421010000000097,0,5.94888765266e-09,,08,421,01
URBANO,084210100000000970035000000000,08421010000970035000,08421010000000097,0,5.9487149718e-09,,08,421,01
URBANO,084210100000000970017000000000,08421010000970017000,08421010000000097,0,5.57640782517e-09,,08,421,01
URBANO,084210100000000970021000000000,08421010000970021000,08421010000000097,0,5.94879510623e-09,,08,421,01
URBANO,084210100000000970016000000000,08421010000970016000,08421010000000097,0,5.94822591806e-09,,08,421,01
URBANO,084210100000000970022000000000,08421010000970022000,08421010000000097,0,5.94884115286e-09,,08,421,01
URBANO,084210100000000970015000000000,08421010000970015000,08421010000000097,0,5.9487277222e-09,,08,421,01
URBANO,084210100000000970023000000000,08421010000970023000,08421010000000097,0,5.86608623072e-09,,08,421,01
URBANO,084210100000000970014000000000,08421010000970014000,08421010000000097,0,5.86602381802e-09,,08,421,01
URBANO,084210100000000970013000000000,08421010000970013000,08421010000000097,0,5.78319413933e-09,,08,421,01
URBANO,084210100000000970026000000000,08421010000970026000,08421010000000097,0,5.78298463883e-09,,08,421,01
URBANO,084210100000000970011000000000,08421010000970011000,08421010000000097,0,5.7834186334e-09,,08,421,01
URBANO,084210100000000970027000000000,08421010000970027000,08421010000000097,0,5.78314620896e-09,,08,421,01
URBANO,084210100000000970010000000000,08421010000970010000,08421010000000097,0,5.78326685389e-09,,08,421,01
URBANO,084210100000000970029000000000,08421010000970029000,08421010000000097,0,5.7829710975e-09,,08,421,01
URBANO,084210100000000970008000000000,08421010000970008000,08421010000000097,0,5.78312314444e-09,,08,421,01
URBANO,084210100000000970028000000000,08421010000970028000,08421010000000097,0,5.7007535812e-09,,08,421,01
URBANO,084210100000000970012000000000,08421010000970012000,08421010000000097,0,5.61857426894e-09,,08,421,01
URBANO,084210100000000970025000000000,08421010000970025000,08421010000000097,0,5.61829457835e-09,,08,421,01
URBANO,084210100000000970024000000000,08421010000970024000,08421010000000097,0,5.78266906856e-09,,08,421,01
URBANO,084210100000000970009000000000,08421010000970009000,08421010000000097,0,5.7006412556e-09,,08,421,01
URBANO,084210100000000970007000000000,08421010000970007000,08421010000000097,0,5.78322843281e-09,,08,421,01
URBANO,084210100000000970030000000000,08421010000970030000,08421010000000097,0,5.78341245771e-09,,08,421,01
URBANO,084210100000000970006000000000,08421010000970006000,08421010000000097,0,5.78335185267e-09,,08,421,01
URBANO,084210100000000970031000000000,08421010000970031000,08421010000000097,0,5.78283995445e-09,,08,421,01
URBANO,084210100000000970005000000000,08421010000970005000,08421010000000097,0,5.78305341728e-09,,08,421,01
URBANO,084210100000000970032000000000,08421010000970032000,08421010000000097,0,5.78306080886e-09,,08,421,01
URBANO,084210100000000970004000000000,08421010000970004000,08421010000000097,0,5.78329091506e-09,,08,421,01
URBANO,084210100000000970033000000000,08421010000970033000,08421010000000097,0,5.78347313863e-09,,08,421,01
URBANO,084210100000000970003000000000,08421010000970003000,08421010000000097,0,5.94831065258e-09,,08,421,01
URBANO,084210100000000970034000000000,08421010000970034000,08421010000000097,0,5.94843197769e-09,,08,421,01
URBANO,084210100000000970001000000000,08421010000970001000,08421010000000097,0,5.78291287021e-09,,08,421,01
URBANO,084210100000000970036000000000,08421010000970036000,08421010000000097,0,5.78302049691e-09,,08,421,01
URBANO,084210100000000970018000000000,08421010000970018000,08421010000000097,0,7.43577194584e-09,,08,421,01
URBANO,084210100000000970019000000000,08421010000970019000,08421010000000097,0,5.78314590062e-09,,08,421,01
URBANO,084210100000000970020000000000,08421010000970020000,08421010000000097,0,5.32884806438e-09,,08,421,01
URBANO,084210100000000070001000000000,08421010000070001000,08421010000000007,0,3.16833502512e-08,,08,421,01
URBANO,084210100000000070006000000000,08421010000070006000,08421010000000007,0,4.51931900796e-08,,08,421,01
URBANO,084210100000000070005000000000,08421010000070005000,08421010000000007,0,1.13474916557e-07,,08,421,01
URBANO,084210100000000070007000000000,08421010000070007000,08421010000000007,0,5.37587337717e-08,,08,421,01
URBANO,084210100000000070008000000000,08421010000070008000,08421010000000007,0,2.94671532942e-08,,08,421,01
URBANO,084210100000000070004000000000,08421010000070004000,08421010000000007,0,2.12492332688e-08,,08,421,01
URBANO,084210100000000070002000000000,08421010000070002000,08421010000000007,0,2.7803760713e-08,,08,421,01
URBANO,084210100000000070003000000000,08421010000070003000,08421010000000007,0,2.85294911325e-08,,08,421,01
URBANO,084210100000000950020000000000,08421010000950020000,08421010000000095,0,5.6052552229e-08,,08,421,01
URBANO,084210100000000950006000000000,08421010000950006000,08421010000000095,0,2.53876347474e-08,,08,421,01
URBANO,084210100000000950005000000000,08421010000950005000,08421010000000095,0,2.67200941823e-08,,08,421,01
URBANO,084210100000000950004000000000,08421010000950004000,08421010000000095,0,3.53433961727e-08,,08,421,01
URBANO,084210100000000950003000000000,08421010000950003000,08421010000000095,0,3.89477745544e-08,,08,421,01
URBANO,084210100000000950007000000000,08421010000950007000,08421010000000095,0,2.12499270807e-08,,08,421,01
URBANO,084210100000000950008000000000,08421010000950008000,08421010000000095,0,2.52533291398e-08,,08,421,01
URBANO,084210100000000950019000000000,08421010000950019000,08421010000000095,0,6.62660275741e-08,,08,421,01
URBANO,084210100000000950027000000000,08421010000950027000,08421010000000095,0,2.74822231071e-08,,08,421,01
URBANO,084210100000000950021000000000,08421010000950021000,08421010000000095,0,3.99693569862e-08,,08,421,01
URBANO,084210100000000950026000000000,08421010000950026000,08421010000000095,0,2.614084745e-08,,08,421,01
URBANO,084210100000000950009000000000,08421010000950009000,08421010000000095,0,2.80185857612e-08,,08,421,01
URBANO,084210100000000950012000000000,08421010000950012000,08421010000000095,0,1.53738015255e-08,,08,421,01
URBANO,084210100000000950029000000000,08421010000950029000,08421010000000095,0,2.78504574607e-08,,08,421,01
URBANO,084210100000000950028000000000,08421010000950028000,08421010000000095,0,2.24617158848e-08,,08,421,01
URBANO,084210100000000950013000000000,08421010000950013000,08421010000000095,0,1.48356942499e-08,,08,421,01
URBANO,084210100000000950011000000000,08421010000950011000,08421010000000095,0,1.50514298988e-08,,08,421,01
URBANO,084210100000000950010000000000,08421010000950010000,08421010000000095,0,1.12800865735e-08,,08,421,01
URBANO,084210100000000950014000000000,08421010000950014000,08421010000000095,0,2.73140666306e-08,,08,421,01
URBANO,084210100000000950015000000000,08421010000950015000,08421010000000095,0,5.00420555157e-08,,08,421,01
URBANO,084210100000000950017000000000,08421010000950017000,08421010000000095,0,3.29243936068e-08,,08,421,01
URBANO,084210100000000950030000000000,08421010000950030000,08421010000000095,0,4.07684194698e-08,,08,421,01
URBANO,084210100000000950018000000000,08421010000950018000,08421010000000095,0,4.74750584366e-08,,08,421,01
URBANO,084210100000000950016000000000,08421010000950016000,08421010000000095,0,5.29886457758e-08,,08,421,01
URBANO,084210100000000950024000000000,08421010000950024000,08421010000000095,0,1.73625484218e-08,,08,421,01
URBANO,084210100000000950025000000000,08421010000950025000,08421010000000095,0,1.49622211298e-08,,08,421,01
URBANO,084210100000000950001000000000,08421010000950001000,08421010000000095,0,1.74523764543e-08,,08,421,01
URBANO,084210100000001150008000000000,08421010001150008000,08421010000000115,0,1.63790145925e-08,,08,421,01
URBANO,084210100000001150012000000000,08421010001150012000,08421010000000115,0,2.54136710087e-08,,08,421,01
URBANO,084210100000001150011000000000,08421010001150011000,08421010000000115,0,2.34500250319e-08,,08,421,01
URBANO,084210100000001150006000000000,08421010001150006000,08421010000000115,0,1.93920350695e-08,,08,421,01
URBANO,084210100000001150003000000000,08421010001150003000,08421010000000115,0,1.7190275312e-08,,08,421,01
URBANO,084210100000001150009000000000,08421010001150009000,08421010000000115,0,1.62911979472e-08,,08,421,01
URBANO,084210100000001150013000000000,08421010001150013000,08421010000000115,0,1.69796541621e-08,,08,421,01
URBANO,084210100000001150007000000000,08421010001150007000,08421010000000115,0,1.61489458485e-08,,08,421,01
URBANO,084210100000001150005000000000,08421010001150005000,08421010000000115,0,9.19287767562e-09,,08,421,01
URBANO,084210100000001150004000000000,08421010001150004000,08421010000000115,0,1.7176924527e-08,,08,421,01
URBANO,084210100000000420019000000000,08421010000420019000,08421010000000042,0,2.63029273492e-08,,08,421,01
URBANO,084210100000000420017000000000,08421010000420017000,08421010000000042,0,1.13275265869e-07,,08,421,01
URBANO,084210100000000420018000000000,08421010000420018000,08421010000000042,0,2.35529520974e-08,,08,421,01
URBANO,084210100000000420001000000000,08421010000420001000,08421010000000042,0,2.67404084196e-08,,08,421,01
URBANO,084210100000001150001000000000,08421010001150001000,08421010000000115,0,1.58552883844e-08,,08,421,01
URBANO,084210100000000420014000000000,08421010000420014000,08421010000000042,0,5.51940560006e-08,,08,421,01
URBANO,084210100000000420021000000000,08421010000420021000,08421010000000042,0,2.55201464305e-08,,08,421,01
URBANO,084210100000000420015000000000,08421010000420015000,08421010000000042,0,2.76948197561e-08,,08,421,01
URBANO,084210100000000420013000000000,08421010000420013000,08421010000000042,0,4.36383621053e-08,,08,421,01
URBANO,084210100000000420016000000000,08421010000420016000,08421010000000042,0,7.4983444476e-08,,08,421,01
URBANO,084210100000000420003000000000,08421010000420003000,08421010000000042,0,3.3009600561e-08,,08,421,01
URBANO,084210100000000420004000000000,08421010000420004000,08421010000000042,0,3.6981258133e-08,,08,421,01
URBANO,084210100000000420002000000000,08421010000420002000,08421010000000042,0,4.18863295502e-08,,08,421,01
URBANO,084210100000000420007000000000,08421010000420007000,08421010000000042,0,4.56869507238e-08,,08,421,01
URBANO,084210100000000420006000000000,08421010000420006000,08421010000000042,0,5.00955208983e-08,,08,421,01
URBANO,084210100000000420005000000000,08421010000420005000,08421010000000042,0,5.15452184209e-08,,08,421,01
URBANO,084210100000000420008000000000,08421010000420008000,08421010000000042,0,6.81688724386e-08,,08,421,01
URBANO,084210100000000420009000000000,08421010000420009000,08421010000000042,0,7.01165431704e-08,,08,421,01
URBANO,084210100000000420012000000000,08421010000420012000,08421010000000042,0,1.27184623264e-08,,08,421,01
URBANO,084210100000000420011000000000,08421010000420011000,08421010000000042,0,2.261094936e-08,,08,421,01
URBANO,084210100000000420010000000000,08421010000420010000,08421010000000042,0,2.38548432036e-08,,08,421,01
URBANO,084210100000000370004000000000,08421010000370004000,08421010000000037,0,3.80429723157e-08,,08,421,01
URBANO,084210100000000370009000000000,08421010000370009000,08421010000000037,0,3.87836851451e-08,,08,421,01
URBANO,084210100000000370002000000000,08421010000370002000,08421010000000037,0,5.94895636382e-08,,08,421,01
URBANO,084210100000000370003000000000,08421010000370003000,08421010000000037,0,2.15915673791e-08,,08,421,01
URBANO,084210100000000370008000000000,08421010000370008000,08421010000000037,0,3.9259604421e-08,,08,421,01
URBANO,084210100000000370006000000000,08421010000370006000,08421010000000037,0,2.33128504674e-08,,08,421,01
URBANO,084210100000000370007000000000,08421010000370007000,08421010000000037,0,3.87381816532e-08,,08,421,01
URBANO,084210100000000370013000000000,08421010000370013000,08421010000000037,0,1.96604723726e-08,,08,421,01
URBANO,084210100000000370016000000000,08421010000370016000,08421010000000037,0,2.5666245894e-08,,08,421,01
URBANO,084210100000000370017000000000,08421010000370017000,08421010000000037,0,1.0373127929e-08,,08,421,01
URBANO,084210100000000370012000000000,08421010000370012000,08421010000000037,0,4.08283719553e-09,,08,421,01
URBANO,084210100000000330007000000000,08421010000330007000,08421010000000033,0,4.65933290596e-08,,08,421,01
URBANO,084210100000000330001000000000,08421010000330001000,08421010000000033,0,1.43252323656e-08,,08,421,01
URBANO,084210100000000330003000000000,08421010000330003000,08421010000000033,0,2.95837962247e-08,,08,421,01
URBANO,084210100000000330012000000000,08421010000330012000,08421010000000033,0,4.7565563563e-09,,08,421,01
URBANO,084210100000000330002000000000,08421010000330002000,08421010000000033,0,9.00328363395e-09,,08,421,01
URBANO,084210100000000330006000000000,08421010000330006000,08421010000000033,0,2.27311511506e-08,,08,421,01
URBANO,084210100000000330008000000000,08421010000330008000,08421010000000033,0,2.78824825872e-08,,08,421,01
URBANO,084210100000000330009000000000,08421010000330009000,08421010000000033,0,3.76701587043e-08,,08,421,01
URBANO,084210100000000330004000000000,08421010000330004000,08421010000000033,0,2.46487770839e-08,,08,421,01
URBANO,084210100000000330005000000000,08421010000330005000,08421010000000033,0,2.86824577524e-08,,08,421,01
URBANO,084210100000000330010000000000,08421010000330010000,08421010000000033,0,6.85588443716e-09,,08,421,01
URBANO,084210100000000330011000000000,08421010000330011000,08421010000000033,0,1.60494184558e-08,,08,421,01
URBANO,084210100000001250007000000000,08421010001250007000,08421010000000125,0,9.35233687345e-09,,08,421,01
URBANO,084210100000001250006000000000,08421010001250006000,08421010000000125,0,9.29355434563e-09,,08,421,01
URBANO,084210100000001250004000000000,08421010001250004000,08421010000000125,0,9.26049363783e-09,,08,421,01
URBANO,084210100000001250005000000000,08421010001250005000,08421010000000125,0,9.26052833758e-09,,08,421,01
URBANO,084210100000001250015000000000,08421010001250015000,08421010000000125,0,7.58106101114e-09,,08,421,01
URBANO,084210100000001250001000000000,08421010001250001000,08421010000000125,0,9.2607363742e-09,,08,421,01
URBANO,084210100000001250003000000000,08421010001250003000,08421010000000125,0,9.26065558468e-09,,08,421,01
URBANO,084210100000001250002000000000,08421010001250002000,08421010000000125,0,9.26033939163e-09,,08,421,01
URBANO,084210100000001250008000000000,08421010001250008000,08421010000000125,0,9.31911538956e-09,,08,421,01
URBANO,084210100000001250009000000000,08421010001250009000,08421010000000125,0,9.12106630242e-09,,08,421,01
URBANO,084210100000001250011000000000,08421010001250011000,08421010000000125,0,9.15400502317e-09,,08,421,01
URBANO,084210100000001250014000000000,08421010001250014000,08421010000000125,0,1.11545937221e-08,,08,421,01
URBANO,084210100000001250012000000000,08421010001250012000,08421010000000125,0,9.08816760847e-09,,08,421,01
URBANO,084210100000001250013000000000,08421010001250013000,08421010000000125,0,8.95561634903e-09,,08,421,01
URBANO,084210100000001250010000000000,08421010001250010000,08421010000000125,0,9.08760919204e-09,,08,421,01
URBANO,084210100000000990019000000000,08421010000990019000,08421010000000099,0,6.00157591589e-09,,08,421,01
URBANO,084210100000000990020000000000,08421010000990020000,08421010000000099,0,6.20040362217e-09,,08,421,01
URBANO,084210100000000990021000000000,08421010000990021000,08421010000000099,0,5.84502570035e-09,,08,421,01
URBANO,084210100000000990022000000000,08421010000990022000,08421010000000099,0,6.24825662345e-09,,08,421,01
URBANO,084210100000000990023000000000,08421010000990023000,08421010000000099,0,5.81711743172e-09,,08,421,01
URBANO,084210100000000990024000000000,08421010000990024000,08421010000000099,0,5.97117932828e-09,,08,421,01
URBANO,084210100000000990025000000000,08421010000990025000,08421010000000099,0,5.60134996324e-09,,08,421,01
URBANO,084210100000000990026000000000,08421010000990026000,08421010000000099,0,5.80424734183e-09,,08,421,01
URBANO,084210100000000990027000000000,08421010000990027000,08421010000000099,0,6.06776626993e-09,,08,421,01
URBANO,084210100000000990028000000000,08421010000990028000,08421010000000099,0,5.70097319118e-09,,08,421,01
URBANO,084210100000000990029000000000,08421010000990029000,08421010000000099,0,5.67483701611e-09,,08,421,01
URBANO,084210100000000990030000000000,08421010000990030000,08421010000000099,0,5.77498357867e-09,,08,421,01
URBANO,084210100000000990031000000000,08421010000990031000,08421010000000099,0,5.68875174236e-09,,08,421,01
URBANO,084210100000000990032000000000,08421010000990032000,08421010000000099,0,5.78033842898e-09,,08,421,01
URBANO,084210100000000990033000000000,08421010000990033000,08421010000000099,0,5.79649983865e-09,,08,421,01
URBANO,084210100000000990034000000000,08421010000990034000,08421010000000099,0,6.22040383552e-09,,08,421,01
URBANO,084210100000000990035000000000,08421010000990035000,08421010000000099,0,5.70435177184e-09,,08,421,01
URBANO,084210100000000990036000000000,08421010000990036000,08421010000000099,0,5.7590933645e-09,,08,421,01
URBANO,084210100000000990001000000000,08421010000990001000,08421010000000099,0,5.45090871264e-09,,08,421,01
URBANO,084210100000000990002000000000,08421010000990002000,08421010000000099,0,5.69542522183e-09,,08,421,01
URBANO,084210100000000990003000000000,08421010000990003000,08421010000000099,0,5.82133364706e-09,,08,421,01
URBANO,084210100000000990004000000000,08421010000990004000,08421010000000099,0,5.5512611005e-09,,08,421,01
URBANO,084210100000000990005000000000,08421010000990005000,08421010000000099,0,5.88608608951e-09,,08,421,01
URBANO,084210100000000990006000000000,08421010000990006000,08421010000000099,0,5.75850360112e-09,,08,421,01
URBANO,084210100000000990007000000000,08421010000990007000,08421010000000099,0,5.61299390894e-09,,08,421,01
URBANO,084210100000000990008000000000,08421010000990008000,08421010000000099,0,5.75015638923e-09,,08,421,01
URBANO,084210100000000990009000000000,08421010000990009000,08421010000000099,0,5.90520092055e-09,,08,421,01
URBANO,084210100000000990010000000000,08421010000990010000,08421010000000099,0,5.88253668653e-09,,08,421,01
URBANO,084210100000000990011000000000,08421010000990011000,08421010000000099,0,5.59589721596e-09,,08,421,01
URBANO,084210100000000990012000000000,08421010000990012000,08421010000000099,0,5.49263762625e-09,,08,421,01
URBANO,084210100000000990013000000000,08421010000990013000,08421010000000099,0,5.81604999057e-09,,08,421,01
URBANO,084210100000000990014000000000,08421010000990014000,08421010000000099,0,5.44554701421e-09,,08,421,01
URBANO,084210100000000990015000000000,08421010000990015000,08421010000000099,0,5.81006042693e-09,,08,421,01
URBANO,084210100000000990016000000000,08421010000990016000,08421010000000099,0,5.84205753263e-09,,08,421,01
URBANO,084210100000000990017000000000,08421010000990017000,08421010000000099,0,5.57501967295e-09,,08,421,01
URBANO,084210100000000990018000000000,08421010000990018000,08421010000000099,0,5.70631557931e-09,,08,421,01
URBANO,084210100000001270017000000000,08421010001270017000,08421010000000127,0,1.05037922574e-08,,08,421,01
URBANO,084210100000001270008000000000,08421010001270008000,08421010000000127,0,9.90837175148e-09,,08,421,01
URBANO,084210100000001270010000000000,08421010001270010000,08421010000000127,0,1.62854835291e-08,,08,421,01
URBANO,084210100000001270011000000000,08421010001270011000,08421010000000127,0,1.00634358605e-08,,08,421,01
URBANO,084210100000001270019000000000,08421010001270019000,08421010000000127,0,9.64907309894e-09,,08,421,01
URBANO,084210100000001270018000000000,08421010001270018000,08421010000000127,0,9.72548767738e-09,,08,421,01
URBANO,084210100000001270020000000000,08421010001270020000,08421010000000127,0,9.74352606138e-09,,08,421,01
URBANO,084210100000001270022000000000,08421010001270022000,08421010000000127,0,1.05920368203e-08,,08,421,01
URBANO,084210100000001270021000000000,08421010001270021000,08421010000000127,0,1.11187894534e-08,,08,421,01
URBANO,084210100000001270023000000000,08421010001270023000,08421010000000127,0,1.19741471406e-08,,08,421,01
URBANO,084210100000001270002000000000,08421010001270002000,08421010000000127,0,9.56331177415e-09,,08,421,01
URBANO,084210100000001270003000000000,08421010001270003000,08421010000000127,0,9.62879714996e-09,,08,421,01
URBANO,084210100000001270005000000000,08421010001270005000,08421010000000127,0,9.87219431259e-09,,08,421,01
URBANO,084210100000001270025000000000,08421010001270025000,08421010000000127,0,1.06684948631e-08,,08,421,01
URBANO,084210100000001270024000000000,08421010001270024000,08421010000000127,0,1.08023710832e-08,,08,421,01
URBANO,084210100000001270001000000000,08421010001270001000,08421010000000127,0,1.10693900772e-08,,08,421,01
URBANO,084210100000001270016000000000,08421010001270016000,08421010000000127,0,9.1693767669e-09,,08,421,01
URBANO,084210100000001270013000000000,08421010001270013000,08421010000000127,0,9.92156717181e-09,,08,421,01
URBANO,084210100000001270014000000000,08421010001270014000,08421010000000127,0,9.90024048197e-09,,08,421,01
URBANO,084210100000001270015000000000,08421010001270015000,08421010000000127,0,9.87110497463e-09,,08,421,01
URBANO,084210100000001270006000000000,08421010001270006000,08421010000000127,0,9.67621715658e-09,,08,421,01
URBANO,084210100000001270007000000000,08421010001270007000,08421010000000127,0,9.97787974516e-09,,08,421,01
URBANO,084210100000001270004000000000,08421010001270004000,08421010000000127,0,9.74040466858e-09,,08,421,01
URBANO,084210100000001270009000000000,08421010001270009000,08421010000000127,0,9.78254937414e-09,,08,421,01
URBANO,084210100000001270012000000000,08421010001270012000,08421010000000127,0,1.11067459765e-08,,08,421,01
URBANO,084210100000001280007000000000,08421010001280007000,08421010000000128,0,1.9517082118e-08,,08,421,01
URBANO,084210100000001280013000000000,08421010001280013000,08421010000000128,0,1.90788875374e-08,,08,421,01
URBANO,084210100000001280002000000000,08421010001280002000,08421010000000128,0,1.2126770426e-08,,08,421,01
URBANO,084210100000001280001000000000,08421010001280001000,08421010000000128,0,3.91018895192e-08,,08,421,01
URBANO,084210100000001280006000000000,08421010001280006000,08421010000000128,0,1.80613556194e-08,,08,421,01
URBANO,084210100000001280010000000000,08421010001280010000,08421010000000128,0,2.6049986769e-08,,08,421,01
URBANO,084210100000001280003000000000,08421010001280003000,08421010000000128,0,1.87529580613e-08,,08,421,01
URBANO,084210100000001280016000000000,08421010001280016000,08421010000000128,0,9.45112802762e-09,,08,421,01
URBANO,084210100000001280004000000000,08421010001280004000,08421010000000128,0,8.33532003997e-09,,08,421,01
URBANO,084210100000001280014000000000,08421010001280014000,08421010000000128,0,1.51083565125e-08,,08,421,01
URBANO,084210100000001280009000000000,08421010001280009000,08421010000000128,0,1.04441848672e-08,,08,421,01
URBANO,084210100000001280015000000000,08421010001280015000,08421010000000128,0,7.90731203781e-09,,08,421,01
URBANO,084210100000001280008000000000,08421010001280008000,08421010000000128,0,1.02801126156e-08,,08,421,01
URBANO,084210100000001280005000000000,08421010001280005000,08421010000000128,0,1.09223452753e-08,,08,421,01
URBANO,084210100000001280017000000000,08421010001280017000,08421010000000128,0,2.2580611052e-08,,08,421,01
URBANO,084210100000001280011000000000,08421010001280011000,08421010000000128,0,1.16677585968e-08,,08,421,01
URBANO,084210100000000470013000000000,08421010000470013000,08421010000000047,0,2.12637011696e-08,,08,421,01
URBANO,084210100000000470002000000000,08421010000470002000,08421010000000047,0,2.67084284795e-08,,08,421,01
URBANO,084210100000000470027000000000,08421010000470027000,08421010000000047,0,3.22339043449e-08,,08,421,01
URBANO,084210100000000470001000000000,08421010000470001000,08421010000000047,0,2.54146177764e-08,,08,421,01
URBANO,084210100000000470033000000000,08421010000470033000,08421010000000047,0,1.11346363509e-08,,08,421,01
URBANO,084210100000000470037000000000,08421010000470037000,08421010000000047,0,1.09968063291e-08,,08,421,01
URBANO,084210100000000470028000000000,08421010000470028000,08421010000000047,0,1.49155433656e-08,,08,421,01
URBANO,084210100000000470003000000000,08421010000470003000,08421010000000047,0,1.88313980055e-08,,08,421,01
URBANO,084210100000000470031000000000,08421010000470031000,08421010000000047,0,2.07798328998e-08,,08,421,01
URBANO,084210100000000470006000000000,08421010000470006000,08421010000000047,0,2.12967031873e-08,,08,421,01
URBANO,084210100000000470030000000000,08421010000470030000,08421010000000047,0,2.24197409467e-08,,08,421,01
URBANO,084210100000000470034000000000,08421010000470034000,08421010000000047,0,2.27953224277e-08,,08,421,01
URBANO,084210100000000470005000000000,08421010000470005000,08421010000000047,0,2.35260107148e-08,,08,421,01
URBANO,084210100000000470029000000000,08421010000470029000,08421010000000047,0,2.37817796639e-08,,08,421,01
URBANO,084210100000000470004000000000,08421010000470004000,08421010000000047,0,2.49819654583e-08,,08,421,01
URBANO,084210100000000470021000000000,08421010000470021000,08421010000000047,0,2.40591918299e-08,,08,421,01
URBANO,084210100000000470023000000000,08421010000470023000,08421010000000047,0,2.62811656217e-08,,08,421,01
URBANO,084210100000000470020000000000,08421010000470020000,08421010000000047,0,2.63800152229e-08,,08,421,01
URBANO,084210100000000470025000000000,08421010000470025000,08421010000000047,0,2.96903915886e-08,,08,421,01
URBANO,084210100000000470022000000000,08421010000470022000,08421010000000047,0,3.32834499088e-08,,08,421,01
URBANO,084210100000000470026000000000,08421010000470026000,08421010000000047,0,3.69372760102e-08,,08,421,01
URBANO,084210100000000470024000000000,08421010000470024000,08421010000000047,0,4.1613245133e-08,,08,421,01
URBANO,084210100000000470012000000000,08421010000470012000,08421010000000047,0,2.19938304392e-08,,08,421,01
URBANO,084210100000000470019000000000,08421010000470019000,08421010000000047,0,2.53391210945e-08,,08,421,01
URBANO,084210100000000470008000000000,08421010000470008000,08421010000000047,0,1.92535458466e-08,,08,421,01
URBANO,084210100000000470007000000000,08421010000470007000,08421010000000047,0,2.01372881926e-08,,08,421,01
URBANO,084210100000000470010000000000,08421010000470010000,08421010000000047,0,2.35155592406e-08,,08,421,01
URBANO,084210100000000470011000000000,08421010000470011000,08421010000000047,0,2.47689938322e-08,,08,421,01
URBANO,084210100000000470009000000000,08421010000470009000,08421010000000047,0,2.83079397636e-08,,08,421,01
URBANO,084210100000000470014000000000,08421010000470014000,08421010000000047,0,2.25288067433e-08,,08,421,01
URBANO,084210100000000470016000000000,08421010000470016000,08421010000000047,0,2.574552981e-08,,08,421,01
URBANO,084210100000000470015000000000,08421010000470015000,08421010000000047,0,2.84232778747e-08,,08,421,01
URBANO,084210100000000470018000000000,08421010000470018000,08421010000000047,0,2.88374081044e-08,,08,421,01
URBANO,084210100000000470017000000000,08421010000470017000,08421010000000047,0,3.03011846428e-08,,08,421,01
URBANO,084210100000000470036000000000,08421010000470036000,08421010000000047,0,2.08824117313e-08,,08,421,01
URBANO,084210100000000470032000000000,08421010000470032000,08421010000000047,0,1.34913044327e-08,,08,421,01
URBANO,084210100000000470035000000000,08421010000470035000,08421010000000047,0,5.74941271032e-09,,08,421,01
URBANO,084210100000000040004000000000,08421010000040004000,08421010000000004,0,4.53394902402e-08,,08,421,01
URBANO,084210100000000040006000000000,08421010000040006000,08421010000000004,0,2.1498466277e-08,,08,421,01
URBANO,084210100000000040005000000000,08421010000040005000,08421010000000004,0,3.331987147e-08,,08,421,01
URBANO,084210100000000040003000000000,08421010000040003000,08421010000000004,0,4.63280644991e-08,,08,421,01
URBANO,084210100000000040002000000000,08421010000040002000,08421010000000004,0,5.02254081515e-08,,08,421,01
URBANO,084210100000000040001000000000,08421010000040001000,08421010000000004,0,3.50291055985e-08,,08,421,01
URBANO,084210100000000620016000000000,08421010000620016000,08421010000000062,0,5.00349074549e-08,,08,421,01
URBANO,084210100000000620010000000000,08421010000620010000,08421010000000062,0,3.83717641471e-08,,08,421,01
URBANO,084210100000000620020000000000,08421010000620020000,08421010000000062,0,2.09366288827e-08,,08,421,01
URBANO,084210100000000620013000000000,08421010000620013000,08421010000000062,0,2.55248520228e-08,,08,421,01
URBANO,084210100000000620014000000000,08421010000620014000,08421010000000062,0,2.59035479653e-08,,08,421,01
URBANO,084210100000000620017000000000,08421010000620017000,08421010000000062,0,2.70505628347e-08,,08,421,01
URBANO,084210100000000620018000000000,08421010000620018000,08421010000000062,0,2.75501703981e-08,,08,421,01
URBANO,084210100000000620011000000000,08421010000620011000,08421010000000062,0,2.11582596918e-08,,08,421,01
URBANO,084210100000000620015000000000,08421010000620015000,08421010000000062,0,4.17772815377e-08,,08,421,01
URBANO,084210100000000620001000000000,08421010000620001000,08421010000000062,0,1.99135999219e-08,,08,421,01
URBANO,084210100000000620002000000000,08421010000620002000,08421010000000062,0,2.09501229645e-08,,08,421,01
URBANO,084210100000000620004000000000,08421010000620004000,08421010000000062,0,1.65175344702e-08,,08,421,01
URBANO,084210100000000620006000000000,08421010000620006000,08421010000000062,0,2.07285510693e-08,,08,421,01
URBANO,084210100000000620005000000000,08421010000620005000,08421010000000062,0,2.20957711815e-08,,08,421,01
URBANO,084210100000000620007000000000,08421010000620007000,08421010000000062,0,2.30176825305e-08,,08,421,01
URBANO,084210100000000620008000000000,08421010000620008000,08421010000000062,0,2.37412782597e-08,,08,421,01
URBANO,084210100000000620003000000000,08421010000620003000,08421010000000062,0,2.41966788774e-08,,08,421,01
URBANO,084210100000000620009000000000,08421010000620009000,08421010000000062,0,2.44507968724e-08,,08,421,01
URBANO,084210100000000620012000000000,08421010000620012000,08421010000000062,0,1.83345752102e-08,,08,421,01
URBANO,084210100000000620019000000000,08421010000620019000,08421010000000062,0,2.4242053978e-08,,08,421,01
URBANO,084210100000001640001000000000,08421010001640001000,08421010000000164,0,2.96060565679e-08,,08,421,01
URBANO,084210100000001640004000000000,08421010001640004000,08421010000000164,0,7.96862730934e-09,,08,421,01
URBANO,084210100000001640005000000000,08421010001640005000,08421010000000164,0,8.68226054155e-09,,08,421,01
URBANO,084210100000001640003000000000,08421010001640003000,08421010000000164,0,1.45330241406e-08,,08,421,01
URBANO,084210100000001640002000000000,08421010001640002000,08421010000000164,0,1.80903100132e-08,,08,421,01
URBANO,084210100000000260003000000000,08421010000260003000,08421010000000026,0,8.02546860589e-08,,08,421,01
URBANO,084210100000000260001000000000,08421010000260001000,08421010000000026,0,2.76823533715e-08,,08,421,01
URBANO,084210100000000260019000000000,08421010000260019000,08421010000000026,0,4.03698945751e-08,,08,421,01
URBANO,084210100000000260020000000000,08421010000260020000,08421010000000026,0,5.02058428364e-08,,08,421,01
URBANO,084210100000000260002000000000,08421010000260002000,08421010000000026,0,5.85252038271e-08,,08,421,01
URBANO,084210100000000260011000000000,08421010000260011000,08421010000000026,0,3.97645208031e-08,,08,421,01
URBANO,084210100000000260012000000000,08421010000260012000,08421010000000026,0,5.35997469678e-08,,08,421,01
URBANO,084210100000000260010000000000,08421010000260010000,08421010000000026,0,9.33508080488e-08,,08,421,01
URBANO,084210100000000260013000000000,08421010000260013000,08421010000000026,0,4.68912530136e-08,,08,421,01
URBANO,084210100000000260014000000000,08421010000260014000,08421010000000026,0,3.08997307712e-08,,08,421,01
URBANO,084210100000000260015000000000,08421010000260015000,08421010000000026,0,3.19308210344e-08,,08,421,01
URBANO,084210100000000260016000000000,08421010000260016000,08421010000000026,0,3.44436532358e-08,,08,421,01
URBANO,084210100000000260018000000000,08421010000260018000,08421010000000026,0,3.5401559499e-08,,08,421,01
URBANO,084210100000000260017000000000,08421010000260017000,08421010000000026,0,4.23560963444e-08,,08,421,01
URBANO,084210100000000260004000000000,08421010000260004000,08421010000000026,0,4.26032210851e-08,,08,421,01
URBANO,084210100000000260006000000000,08421010000260006000,08421010000000026,0,3.43537724729e-08,,08,421,01
URBANO,084210100000000260007000000000,08421010000260007000,08421010000000026,0,5.28957057661e-08,,08,421,01
URBANO,084210100000000260009000000000,08421010000260009000,08421010000000026,0,4.33875736672e-08,,08,421,01
URBANO,084210100000000260005000000000,08421010000260005000,08421010000000026,0,3.38591436216e-08,,08,421,01
URBANO,084210100000000260008000000000,08421010000260008000,08421010000000026,0,1.98660268373e-08,,08,421,01
URBANO,084210100000000260021000000000,08421010000260021000,08421010000000026,0,1.14320284985e-08,,08,421,01
URBANO,084210100000000460010000000000,08421010000460010000,08421010000000046,0,1.97325880233e-08,,08,421,01
URBANO,084210100000000460012000000000,08421010000460012000,08421010000000046,0,1.99458794123e-08,,08,421,01
URBANO,084210100000000460022000000000,08421010000460022000,08421010000000046,0,7.72610150667e-09,,08,421,01
URBANO,084210100000000460024000000000,08421010000460024000,08421010000000046,0,3.39051197907e-08,,08,421,01
URBANO,084210100000000460025000000000,08421010000460025000,08421010000000046,0,3.626631691e-08,,08,421,01
URBANO,084210100000000460023000000000,08421010000460023000,08421010000000046,0,3.6418677816e-08,,08,421,01
URBANO,084210100000000460004000000000,08421010000460004000,08421010000000046,0,1.71184139836e-08,,08,421,01
URBANO,084210100000000460001000000000,08421010000460001000,08421010000000046,0,1.88764073031e-08,,08,421,01
URBANO,084210100000000460003000000000,08421010000460003000,08421010000000046,0,2.04754168893e-08,,08,421,01
URBANO,084210100000000460021000000000,08421010000460021000,08421010000000046,0,5.01354208498e-08,,08,421,01
URBANO,084210100000000460026000000000,08421010000460026000,08421010000000046,0,4.69785487529e-08,,08,421,01
URBANO,084210100000000460002000000000,08421010000460002000,08421010000000046,0,2.56915319904e-08,,08,421,01
URBANO,084210100000000460005000000000,08421010000460005000,08421010000000046,0,2.38714263125e-08,,08,421,01
URBANO,084210100000000460027000000000,08421010000460027000,08421010000000046,0,1.06806030986e-08,,08,421,01
URBANO,084210100000000460029000000000,08421010000460029000,08421010000000046,0,1.24310171879e-08,,08,421,01
URBANO,084210100000000460011000000000,08421010000460011000,08421010000000046,0,2.53429309535e-08,,08,421,01
URBANO,084210100000000460013000000000,08421010000460013000,08421010000000046,0,3.54994961447e-08,,08,421,01
URBANO,084210100000000460015000000000,08421010000460015000,08421010000000046,0,3.25158569169e-08,,08,421,01
URBANO,084210100000000460014000000000,08421010000460014000,08421010000000046,0,2.18301521714e-08,,08,421,01
URBANO,084210100000000460028000000000,08421010000460028000,08421010000000046,0,1.51212234369e-08,,08,421,01
URBANO,084210100000000460016000000000,08421010000460016000,08421010000000046,0,2.34411408985e-08,,08,421,01
URBANO,084210100000000460017000000000,08421010000460017000,08421010000000046,0,2.61895011665e-08,,08,421,01
URBANO,084210100000000460018000000000,08421010000460018000,08421010000000046,0,3.71532871159e-08,,08,421,01
URBANO,084210100000000460019000000000,08421010000460019000,08421010000000046,0,3.8305925897e-08,,08,421,01
URBANO,084210100000000460006000000000,08421010000460006000,08421010000000046,0,1.41227390117e-08,,08,421,01
URBANO,084210100000000460020000000000,08421010000460020000,08421010000000046,0,3.69929471587e-08,,08,421,01
URBANO,084210100000000460009000000000,08421010000460009000,08421010000000046,0,1.52090801123e-08,,08,421,01
URBANO,084210100000000460007000000000,08421010000460007000,08421010000000046,0,1.72314403468e-08,,08,421,01
URBANO,084210100000000460008000000000,08421010000460008000,08421010000000046,0,1.89063304731e-08,,08,421,01
URBANO,084210100000001240018000000000,08421010001240018000,08421010000000124,0,9.46715697348e-09,,08,421,01
URBANO,084210100000001240005000000000,08421010001240005000,08421010000000124,0,9.32520789861e-09,,08,421,01
URBANO,084210100000001240007000000000,08421010001240007000,08421010000000124,0,9.30309067813e-09,,08,421,01
URBANO,084210100000001240008000000000,08421010001240008000,08421010000000124,0,8.82981525637e-09,,08,421,01
URBANO,084210100000001240009000000000,08421010001240009000,08421010000000124,0,9.08576296654e-09,,08,421,01
URBANO,084210100000001240010000000000,08421010001240010000,08421010000000124,0,9.24264209353e-09,,08,421,01
URBANO,084210100000001240011000000000,08421010001240011000,08421010000000124,0,9.3003040164e-09,,08,421,01
URBANO,084210100000001240012000000000,08421010001240012000,08421010000000124,0,9.41506699612e-09,,08,421,01
URBANO,084210100000001240013000000000,08421010001240013000,08421010000000124,0,9.48858225767e-09,,08,421,01
URBANO,084210100000001240014000000000,08421010001240014000,08421010000000124,0,9.19033797e-09,,08,421,01
URBANO,084210100000001240015000000000,08421010001240015000,08421010000000124,0,9.17317301622e-09,,08,421,01
URBANO,084210100000001240016000000000,08421010001240016000,08421010000000124,0,9.0448169453e-09,,08,421,01
URBANO,084210100000001240003000000000,08421010001240003000,08421010000000124,0,9.58696410449e-09,,08,421,01
URBANO,084210100000001240004000000000,08421010001240004000,08421010000000124,0,9.37223937118e-09,,08,421,01
URBANO,084210100000001240006000000000,08421010001240006000,08421010000000124,0,9.19464020966e-09,,08,421,01
URBANO,084210100000001240002000000000,08421010001240002000,08421010000000124,0,9.74376628978e-09,,08,421,01
URBANO,084210100000001240001000000000,08421010001240001000,08421010000000124,0,1.00381717257e-08,,08,421,01
URBANO,084210100000001240017000000000,08421010001240017000,08421010000000124,0,8.875435978e-09,,08,421,01
URBANO,084210100000000920013000000000,08421010000920013000,08421010000000092,0,6.46391785365e-09,,08,421,01
URBANO,084210100000000920015000000000,08421010000920015000,08421010000000092,0,5.88901992549e-09,,08,421,01
URBANO,084210100000000920010000000000,08421010000920010000,08421010000000092,0,5.73038377574e-09,,08,421,01
URBANO,084210100000000920009000000000,08421010000920009000,08421010000000092,0,5.92304220487e-09,,08,421,01
URBANO,084210100000000920008000000000,08421010000920008000,08421010000000092,0,5.57316204443e-09,,08,421,01
URBANO,084210100000000920007000000000,08421010000920007000,08421010000000092,0,5.7199031975e-09,,08,421,01
URBANO,084210100000000920021000000000,08421010000920021000,08421010000000092,0,5.49811593282e-09,,08,421,01
URBANO,084210100000000920022000000000,08421010000920022000,08421010000000092,0,6.30364430188e-09,,08,421,01
URBANO,084210100000000920004000000000,08421010000920004000,08421010000000092,0,6.01710183394e-09,,08,421,01
URBANO,084210100000000920003000000000,08421010000920003000,08421010000000092,0,5.58685752456e-09,,08,421,01
URBANO,084210100000000920002000000000,08421010000920002000,08421010000000092,0,6.47594594072e-09,,08,421,01
URBANO,084210100000000920001000000000,08421010000920001000,08421010000000092,0,7.24665343146e-09,,08,421,01
URBANO,084210100000000920012000000000,08421010000920012000,08421010000000092,0,5.60387109087e-09,,08,421,01
URBANO,084210100000000920014000000000,08421010000920014000,08421010000000092,0,5.96909985396e-09,,08,421,01
URBANO,084210100000000920016000000000,08421010000920016000,08421010000000092,0,5.76902536937e-09,,08,421,01
URBANO,084210100000000920011000000000,08421010000920011000,08421010000000092,0,5.66289567743e-09,,08,421,01
URBANO,084210100000000920017000000000,08421010000920017000,08421010000000092,0,5.88202381253e-09,,08,421,01
URBANO,084210100000000920018000000000,08421010000920018000,08421010000000092,0,5.88331724147e-09,,08,421,01
URBANO,084210100000000920019000000000,08421010000920019000,08421010000000092,0,5.60800319164e-09,,08,421,01
URBANO,084210100000000920020000000000,08421010000920020000,08421010000000092,0,5.82061131778e-09,,08,421,01
URBANO,084210100000000920006000000000,08421010000920006000,08421010000000092,0,5.15022738011e-09,,08,421,01
URBANO,084210100000000920005000000000,08421010000920005000,08421010000000092,0,6.19389748923e-09,,08,421,01
URBANO,084210100000000920023000000000,08421010000920023000,08421010000000092,0,6.09644164657e-09,,08,421,01
URBANO,084210100000000920024000000000,08421010000920024000,08421010000000092,0,5.5409005774e-09,,08,421,01
URBANO,084210100000000920025000000000,08421010000920025000,08421010000000092,0,6.09794504271e-09,,08,421,01
URBANO,084210100000000920026000000000,08421010000920026000,08421010000000092,0,6.11599386173e-09,,08,421,01
URBANO,084210100000001100001000000000,08421010001100001000,08421010000000110,0,4.37496534333e-08,,08,421,01
URBANO,084210100000001100002000000000,08421010001100002000,08421010000000110,0,2.55567832752e-08,,08,421,01
URBANO,084210100000001100007000000000,08421010001100007000,08421010000000110,0,3.32688097641e-08,,08,421,01
URBANO,084210100000001100003000000000,08421010001100003000,08421010000000110,0,5.16687241282e-08,,08,421,01
URBANO,084210100000001100004000000000,08421010001100004000,08421010000000110,0,8.00737353342e-08,,08,421,01
URBANO,084210100000001100005000000000,08421010001100005000,08421010000000110,0,5.249586121e-08,,08,421,01
URBANO,084210100000001100006000000000,08421010001100006000,08421010000000110,0,1.13632582517e-07,,08,421,01
URBANO,084210100000000420020000000000,08421010000420020000,08421010000000042,0,1.61024706354e-08,,08,421,01
URBANO,084210100000000390015000000000,08421010000390015000,08421010000000039,0,2.55990162561e-08,,08,421,01
URBANO,084210100000000390025000000000,08421010000390025000,08421010000000039,0,2.53992794469e-08,,08,421,01
URBANO,084210100000000390026000000000,08421010000390026000,08421010000000039,0,2.29930289839e-08,,08,421,01
URBANO,084210100000000390002000000000,08421010000390002000,08421010000000039,0,2.78917434068e-08,,08,421,01
URBANO,084210100000000390001000000000,08421010000390001000,08421010000000039,0,3.38785158549e-08,,08,421,01
URBANO,084210100000000390006000000000,08421010000390006000,08421010000000039,0,4.99322974263e-08,,08,421,01
URBANO,084210100000000390014000000000,08421010000390014000,08421010000000039,0,6.55803645156e-08,,08,421,01
URBANO,084210100000000390005000000000,08421010000390005000,08421010000000039,0,4.2886086605e-08,,08,421,01
URBANO,084210100000000390019000000000,08421010000390019000,08421010000000039,0,2.76203701049e-08,,08,421,01
URBANO,084210100000000390013000000000,08421010000390013000,08421010000000039,0,2.74676164694e-08,,08,421,01
URBANO,084210100000000390012000000000,08421010000390012000,08421010000000039,0,3.06421751086e-08,,08,421,01
URBANO,084210100000000390011000000000,08421010000390011000,08421010000000039,0,3.8753971723e-08,,08,421,01
URBANO,084210100000000390007000000000,08421010000390007000,08421010000000039,0,5.89617733077e-08,,08,421,01
URBANO,084210100000000390010000000000,08421010000390010000,08421010000000039,0,4.11944192918e-08,,08,421,01
URBANO,084210100000000390021000000000,08421010000390021000,08421010000000039,0,1.83615230761e-08,,08,421,01
URBANO,084210100000000390022000000000,08421010000390022000,08421010000000039,0,2.19191003729e-08,,08,421,01
URBANO,084210100000000390008000000000,08421010000390008000,08421010000000039,0,2.37579111868e-08,,08,421,01
URBANO,084210100000000390024000000000,08421010000390024000,08421010000000039,0,1.75405555039e-08,,08,421,01
URBANO,084210100000000390009000000000,08421010000390009000,08421010000000039,0,1.23303490298e-08,,08,421,01
URBANO,084210100000000390020000000000,08421010000390020000,08421010000000039,0,2.04196543366e-08,,08,421,01
URBANO,084210100000000390023000000000,08421010000390023000,08421010000000039,0,3.04046354161e-08,,08,421,01
URBANO,084210100000000390017000000000,08421010000390017000,08421010000000039,0,4.31487174283e-08,,08,421,01
URBANO,084210100000000390018000000000,08421010000390018000,08421010000000039,0,2.21956505551e-08,,08,421,01
URBANO,084210100000000390003000000000,08421010000390003000,08421010000000039,0,3.56427486786e-08,,08,421,01
URBANO,084210100000000390004000000000,08421010000390004000,08421010000000039,0,2.9087987341e-08,,08,421,01
URBANO,084210100000000390016000000000,08421010000390016000,08421010000000039,0,1.39996424485e-08,,08,421,01
URBANO,084210100000000360009000000000,08421010000360009000,08421010000000036,0,2.99290285246e-08,,08,421,01
URBANO,084210100000000360005000000000,08421010000360005000,08421010000000036,0,3.43934991439e-08,,08,421,01
URBANO,084210100000000360006000000000,08421010000360006000,08421010000000036,0,1.55680949781e-08,,08,421,01
URBANO,084210100000000360014000000000,08421010000360014000,08421010000000036,0,1.9806488129e-08,,08,421,01
URBANO,084210100000000360004000000000,08421010000360004000,08421010000000036,0,2.57868688645e-08,,08,421,01
URBANO,084210100000000360013000000000,08421010000360013000,08421010000000036,0,1.51317167972e-08,,08,421,01
URBANO,084210100000000360010000000000,08421010000360010000,08421010000000036,0,3.13914135987e-08,,08,421,01
URBANO,084210100000000360002000000000,08421010000360002000,08421010000000036,0,5.12036563831e-08,,08,421,01
URBANO,084210100000000360008000000000,08421010000360008000,08421010000000036,0,8.27122912098e-09,,08,421,01
URBANO,084210100000000360015000000000,08421010000360015000,08421010000000036,0,8.8359037014e-09,,08,421,01
URBANO,084210100000000360007000000000,08421010000360007000,08421010000000036,0,1.86787701289e-08,,08,421,01
URBANO,084210100000000360012000000000,08421010000360012000,08421010000000036,0,2.47866445361e-08,,08,421,01
URBANO,084210100000000360011000000000,08421010000360011000,08421010000000036,0,6.81830507338e-09,,08,421,01
URBANO,084210100000000360001000000000,08421010000360001000,08421010000000036,0,1.34031407722e-08,,08,421,01
URBANO,084210100000000690010000000000,08421010000690010000,08421010000000069,0,7.83246879756e-08,,08,421,01
URBANO,084210100000000690017000000000,08421010000690017000,08421010000000069,0,2.22761330835e-08,,08,421,01
URBANO,084210100000000690020000000000,08421010000690020000,08421010000000069,0,1.18832003656e-08,,08,421,01
URBANO,084210100000000690022000000000,08421010000690022000,08421010000000069,0,1.77772050939e-08,,08,421,01
URBANO,084210100000000690018000000000,08421010000690018000,08421010000000069,0,1.89665946427e-08,,08,421,01
URBANO,084210100000000690019000000000,08421010000690019000,08421010000000069,0,2.13287957286e-08,,08,421,01
URBANO,084210100000000690002000000000,08421010000690002000,08421010000000069,0,1.10596262743e-08,,08,421,01
URBANO,084210100000000690021000000000,08421010000690021000,08421010000000069,0,1.75200842032e-08,,08,421,01
URBANO,084210100000000690001000000000,08421010000690001000,08421010000000069,0,2.20691892723e-08,,08,421,01
URBANO,084210100000000690015000000000,08421010000690015000,08421010000000069,0,3.21580351573e-08,,08,421,01
URBANO,084210100000000690023000000000,08421010000690023000,08421010000000069,0,5.62505925007e-09,,08,421,01
URBANO,084210100000000690014000000000,08421010000690014000,08421010000000069,0,1.17075366731e-08,,08,421,01
URBANO,084210100000000690016000000000,08421010000690016000,08421010000000069,0,2.13038872081e-08,,08,421,01
URBANO,084210100000000690013000000000,08421010000690013000,08421010000000069,0,2.86219958659e-08,,08,421,01
URBANO,084210100000000690006000000000,08421010000690006000,08421010000000069,0,1.58301794905e-08,,08,421,01
URBANO,084210100000000690005000000000,08421010000690005000,08421010000000069,0,1.74870270244e-08,,08,421,01
URBANO,084210100000000690004000000000,08421010000690004000,08421010000000069,0,2.29181139384e-08,,08,421,01
URBANO,084210100000000690007000000000,08421010000690007000,08421010000000069,0,2.69163441306e-08,,08,421,01
URBANO,084210100000000690008000000000,08421010000690008000,08421010000000069,0,2.75469145101e-08,,08,421,01
URBANO,084210100000000690009000000000,08421010000690009000,08421010000000069,0,2.993971154e-08,,08,421,01
URBANO,084210100000000690003000000000,08421010000690003000,08421010000000069,0,4.04804525085e-08,,08,421,01
URBANO,084210100000000690011000000000,08421010000690011000,08421010000000069,0,3.45973247963e-08,,08,421,01
URBANO,084210100000000690012000000000,08421010000690012000,08421010000000069,0,2.85287132719e-08,,08,421,01
URBANO,084210100000000690024000000000,08421010000690024000,08421010000000069,0,1.20924507947e-08,,08,421,01
URBANO,084210100000000060010000000000,08421010000060010000,08421010000000006,0,2.47487804759e-08,,08,421,01
URBANO,084210100000000060004000000000,08421010000060004000,08421010000000006,0,1.6175026272e-08,,08,421,01
URBANO,084210100000000060007000000000,08421010000060007000,08421010000000006,0,1.66785255792e-08,,08,421,01
URBANO,084210100000000060006000000000,08421010000060006000,08421010000000006,0,1.06945791519e-08,,08,421,01
URBANO,084210100000000060009000000000,08421010000060009000,08421010000000006,0,1.66972593731e-08,,08,421,01
URBANO,084210100000000060005000000000,08421010000060005000,08421010000000006,0,1.69059701267e-08,,08,421,01
URBANO,084210100000000060008000000000,08421010000060008000,08421010000000006,0,1.91750790826e-08,,08,421,01
URBANO,084210100000000060001000000000,08421010000060001000,08421010000000006,0,4.62929904073e-08,,08,421,01
URBANO,084210100000000060002000000000,08421010000060002000,08421010000000006,0,3.10417067411e-08,,08,421,01
URBANO,084210100000000060011000000000,08421010000060011000,08421010000000006,0,1.39979714853e-08,,08,421,01
URBANO,084210100000000060003000000000,08421010000060003000,08421010000000006,0,1.56555747324e-08,,08,421,01
URBANO,084210100000000510009000000000,08421010000510009000,08421010000000051,0,2.27868848453e-08,,08,421,01
URBANO,084210100000000510032000000000,08421010000510032000,08421010000000051,0,1.47533883819e-08,,08,421,01
URBANO,084210100000000750002000000000,08421010000750002000,08421010000000075,0,1.79674279906e-08,,08,421,01
URBANO,084210100000001600001000000000,08421010001600001000,08421010000000160,0,9.12676842603e-06,,08,421,01
URBANO,084210100000000980037000000000,08421010000980037000,08421010000000098,0,5.88353318521e-09,,08,421,01
URBANO,084210100000000980033000000000,08421010000980033000,08421010000000098,0,5.77402459269e-09,,08,421,01
URBANO,084210100000000980035000000000,08421010000980035000,08421010000000098,0,5.75158890596e-09,,08,421,01
URBANO,084210100000000980018000000000,08421010000980018000,08421010000000098,0,5.98889230994e-09,,08,421,01
URBANO,084210100000000980009000000000,08421010000980009000,08421010000000098,0,5.7375669039e-09,,08,421,01
URBANO,084210100000000980010000000000,08421010000980010000,08421010000000098,0,6.10921364967e-09,,08,421,01
URBANO,084210100000000980027000000000,08421010000980027000,08421010000000098,0,5.96660814405e-09,,08,421,01
URBANO,084210100000000980028000000000,08421010000980028000,08421010000000098,0,5.94166381932e-09,,08,421,01
URBANO,084210100000000980008000000000,08421010000980008000,08421010000000098,0,6.23810827641e-09,,08,421,01
URBANO,084210100000000980016000000000,08421010000980016000,08421010000000098,0,5.66570151832e-09,,08,421,01
URBANO,084210100000000980001000000000,08421010000980001000,08421010000000098,0,5.79689962947e-09,,08,421,01
URBANO,084210100000000980005000000000,08421010000980005000,08421010000000098,0,5.83949950381e-09,,08,421,01
URBANO,084210100000000980012000000000,08421010000980012000,08421010000000098,0,6.04565321091e-09,,08,421,01
URBANO,084210100000000980013000000000,08421010000980013000,08421010000000098,0,5.9398574682e-09,,08,421,01
URBANO,084210100000000980007000000000,08421010000980007000,08421010000000098,0,5.96601765146e-09,,08,421,01
URBANO,084210100000000980022000000000,08421010000980022000,08421010000000098,0,6.12978866223e-09,,08,421,01
URBANO,084210100000000980023000000000,08421010000980023000,08421010000000098,0,6.06085894834e-09,,08,421,01
URBANO,084210100000000980020000000000,08421010000980020000,08421010000000098,0,5.87557216438e-09,,08,421,01
URBANO,084210100000000980029000000000,08421010000980029000,08421010000000098,0,5.72008913723e-09,,08,421,01
URBANO,084210100000000980003000000000,08421010000980003000,08421010000000098,0,6.18727357041e-09,,08,421,01
URBANO,084210100000000980004000000000,08421010000980004000,08421010000000098,0,6.20701462782e-09,,08,421,01
URBANO,084210100000000980002000000000,08421010000980002000,08421010000000098,0,6.39978426509e-09,,08,421,01
URBANO,084210100000000980019000000000,08421010000980019000,08421010000000098,0,6.27777066715e-09,,08,421,01
URBANO,084210100000000980011000000000,08421010000980011000,08421010000000098,0,6.12502092393e-09,,08,421,01
URBANO,084210100000000980006000000000,08421010000980006000,08421010000000098,0,6.28338109241e-09,,08,421,01
URBANO,084210100000000980021000000000,08421010000980021000,08421010000000098,0,5.78312712289e-09,,08,421,01
URBANO,084210100000000980025000000000,08421010000980025000,08421010000000098,0,5.62804689715e-09,,08,421,01
URBANO,084210100000000980024000000000,08421010000980024000,08421010000000098,0,5.9205394254e-09,,08,421,01
URBANO,084210100000000980015000000000,08421010000980015000,08421010000000098,0,5.72273417026e-09,,08,421,01
URBANO,084210100000000980014000000000,08421010000980014000,08421010000000098,0,5.91212073154e-09,,08,421,01
URBANO,084210100000000980017000000000,08421010000980017000,08421010000000098,0,5.90445416512e-09,,08,421,01
URBANO,084210100000000980030000000000,08421010000980030000,08421010000000098,0,5.74899039092e-09,,08,421,01
URBANO,084210100000000980026000000000,08421010000980026000,08421010000000098,0,5.87975406071e-09,,08,421,01
URBANO,084210100000000980031000000000,08421010000980031000,08421010000000098,0,5.84571543595e-09,,08,421,01
URBANO,084210100000000980036000000000,08421010000980036000,08421010000000098,0,5.64624545003e-09,,08,421,01
URBANO,084210100000000980032000000000,08421010000980032000,08421010000000098,0,5.57981965699e-09,,08,421,01
URBANO,084210200000000630004000000000,08421020000630004000,08421020000000063,0,2.47159150328e-08,,08,421,02
URBANO,084210100000000520023000000000,08421010000520023000,08421010000000052,0,2.43534559009e-08,,08,421,01
URBANO,084210100000000520029000000000,08421010000520029000,08421010000000052,0,2.92619144525e-09,,08,421,01
URBANO,084210100000000520001000000000,08421010000520001000,08421010000000052,0,3.04087697599e-08,,08,421,01
URBANO,084210100000000520029000000000,08421010000520029000,08421010000000052,0,2.92619144525e-09,,08,421,01
URBANO,084210100000000520001000000000,08421010000520001000,08421010000000052,0,3.04087697599e-08,,08,421,01
URBANO,084210100000000520029000000000,08421010000520029000,08421010000000052,0,2.92619144525e-09,,08,421,01
URBANO,084210100000000520001000000000,08421010000520001000,08421010000000052,0,3.04087697599e-08,,08,421,01
URBANO,084210100000000520029000000000,08421010000520029000,08421010000000052,0,2.92619144525e-09,,08,421,01
URBANO,084210100000000520001000000000,08421010000520001000,08421010000000052,0,3.04087697599e-08,,08,421,01
URBANO,084210100000000660024000000000,08421010000660024000,08421010000000066,0,6.75284964194e-09,,08,421,01
URBANO,084210100000000660022000000000,08421010000660022000,08421010000000066,0,5.97060340196e-09,,08,421,01
URBANO,084210100000000660011000000000,08421010000660011000,08421010000000066,0,4.20982416117e-08,,08,421,01
URBANO,084210100000000660023000000000,08421010000660023000,08421010000000066,0,6.02329888125e-09,,08,421,01
URBANO,084210200000000080012000000000,08421020000080012000,08421020000000008,0,2.40718913928e-08,,08,421,02
URBANO,084210200000000080001000000000,08421020000080001000,08421020000000008,0,4.89193102641e-08,,08,421,02
URBANO,084210100000000230003000000000,08421010000230003000,08421000000000000,0,3.65962899194e-08,,08,421,01
URBANO,084210100000000530021000000000,08421010000530021000,08421010000000053,0,1.23088799926e-08,,08,421,01
URBANO,084210100000000530012000000000,08421010000530012000,08421010000000053,0,1.52926051257e-08,,08,421,01
URBANO,084210100000000230004000000000,08421010000230004000,08421010000000023,0,1.40453096336e-08,,08,421,01
RURAL,084210002000000010127000000000,08421000200010127000,,0,8.17571581279e-06,08421000000000000,08,421,00
RURAL,084210002000000010223000000000,08421000200010223000,,0,9.70363752319e-06,08421000000000000,08,421,00
RURAL,084210002000000010222000000000,08421000200010222000,,0,4.15433043967e-05,08421000000000000,08,421,00
RURAL,084210002000000010158000000000,08421000200010158000,,0,2.16135164294e-05,08421000000000000,08,421,00
RURAL,084210002000000010163000000000,08421000200010163000,,0,1.29345556201e-05,08421000000000000,08,421,00
RURAL,084210002000000010202000000000,08421000200010202000,,0,2.5933060874e-06,08421000000000000,08,421,00
RURAL,084210002000000010160000000000,08421000200010160000,,0,1.48899405027e-06,08421000000000000,08,421,00
RURAL,084210001000000010559000000000,08421000100010559000,,0,6.66941498065e-06,08421000000000000,08,421,00
RURAL,084210002000000010256000000000,08421000200010256000,,0,0.000105662060562,08421000000000000,08,421,00
RURAL,084210002000000010218000000000,08421000200010218000,,0,5.48586543305e-06,08421000000000000,08,421,00
RURAL,084210002000000010145000000000,08421000200010145000,,0,9.14099666783e-05,08421000000000000,08,421,00
RURAL,084210002000000010124000000000,08421000200010124000,,0,0.000455941139842,08421000000000000,08,421,00
RURAL,084210002000000010099000000000,08421000200010099000,,0,5.1401547115e-07,08421000000000000,08,421,00
RURAL,084210002000000010081000000000,08421000200010081000,,0,9.21782173724e-07,08421000000000000,08,421,00
RURAL,084210002000000010126000000000,08421000200010126000,,0,1.42468297935e-05,08421000000000000,08,421,00
RURAL,084210002000000010171000000000,08421000200010171000,,0,1.82811307572e-06,08421000000000000,08,421,00
RURAL,084210002000000010205000000000,08421000200010205000,,0,2.04174636734e-05,08421000000000000,08,421,00
RURAL,084210002000000010173000000000,08421000200010173000,,0,7.61787491622e-06,08421000000000000,08,421,00
RURAL,084210002000000010194000000000,08421000200010194000,,0,3.26139580301e-06,08421000000000000,08,421,00
RURAL,084210002000000010192000000000,08421000200010192000,,0,8.40990247333e-07,08421000000000000,08,421,00
RURAL,084210002000000010191000000000,08421000200010191000,,0,6.23641569305e-07,08421000000000000,08,421,00
RURAL,084210002000000010189000000000,08421000200010189000,,0,2.361268017e-06,08421000000000000,08,421,00
RURAL,084210002000000010188000000000,08421000200010188000,,0,1.94494913532e-06,08421000000000000,08,421,00
RURAL,084210002000000010190000000000,08421000200010190000,,0,6.44818110178e-06,08421000000000000,08,421,00
RURAL,084210002000000010187000000000,08421000200010187000,,0,3.37869151857e-06,08421000000000000,08,421,00
RURAL,084210002000000010186000000000,08421000200010186000,,0,5.06885486687e-06,08421000000000000,08,421,00
RURAL,084210002000000010185000000000,08421000200010185000,,0,2.3755295884e-06,08421000000000000,08,421,00
RURAL,084210002000000010184000000000,08421000200010184000,,0,2.67278824417e-06,08421000000000000,08,421,00
RURAL,084210002000000010183000000000,08421000200010183000,,0,6.4493590237e-05,08421000000000000,08,421,00
RURAL,084210002000000010108000000000,08421000200010108000,,0,1.83445742261e-06,08421000000000000,08,421,00
RURAL,084210002000000010058000000000,08421000200010058000,,0,3.3938484849e-06,08421000000000000,08,421,00
RURAL,084210002000000010059000000000,08421000200010059000,,0,1.54088320224e-06,08421000000000000,08,421,00
RURAL,084210002000000010061000000000,08421000200010061000,,0,7.96716962997e-07,08421000000000000,08,421,00
RURAL,084210002000000010060000000000,08421000200010060000,,0,2.30039503271e-06,08421000000000000,08,421,00
RURAL,084210002000000010062000000000,08421000200010062000,,0,3.16234473558e-07,08421000000000000,08,421,00
RURAL,084210002000000010063000000000,08421000200010063000,,0,1.68236623279e-06,08421000000000000,08,421,00
RURAL,084210002000000010134000000000,08421000200010134000,,0,9.57693432674e-05,08421000000000000,08,421,00
RURAL,084210002000000010111000000000,08421000200010111000,,0,2.02013719111e-05,08421000000000000,08,421,00
RURAL,084210002000000010109000000000,08421000200010109000,,0,3.80341370443e-06,08421000000000000,08,421,00
RURAL,084210002000000010112000000000,08421000200010112000,,0,2.0203026203e-05,08421000000000000,08,421,00
RURAL,084210002000000010110000000000,08421000200010110000,,0,3.36782885415e-05,08421000000000000,08,421,00
RURAL,084210002000000010220000000000,08421000200010220000,,0,7.07998650122e-06,08421000000000000,08,421,00
RURAL,084210002000000010115000000000,08421000200010115000,,0,1.5543358044e-05,08421000000000000,08,421,00
RURAL,084210002000000010116000000000,08421000200010116000,,0,8.89465699286e-06,08421000000000000,08,421,00
RURAL,084210002000000010040000000000,08421000200010040000,,0,2.32523460817e-05,08421000000000000,08,421,00
RURAL,084210002000000010039000000000,08421000200010039000,,0,7.89193874882e-06,08421000000000000,08,421,00
RURAL,084210002000000010038000000000,08421000200010038000,,0,1.61999330209e-06,08421000000000000,08,421,00
RURAL,084210002000000010037000000000,08421000200010037000,,0,2.06154630894e-05,08421000000000000,08,421,00
RURAL,084210002000000010036000000000,08421000200010036000,,0,6.06813852415e-06,08421000000000000,08,421,00
RURAL,084210002000000010035000000000,08421000200010035000,,0,1.08792073593e-05,08421000000000000,08,421,00
RURAL,084210002000000010033000000000,08421000200010033000,,0,2.95709174067e-06,08421000000000000,08,421,00
RURAL,084210002000000010034000000000,08421000200010034000,,0,1.26370605895e-05,08421000000000000,08,421,00
RURAL,084210002000000010032000000000,08421000200010032000,,0,3.02456912967e-05,08421000000000000,08,421,00
RURAL,084210002000000010117000000000,08421000200010117000,,0,1.88052123703e-05,08421000000000000,08,421,00
RURAL,084210002000000010119000000000,08421000200010119000,,0,1.13444922694e-05,08421000000000000,08,421,00
RURAL,084210002000000010118000000000,08421000200010118000,,0,8.00156707458e-05,08421000000000000,08,421,00
RURAL,084210002000000010120000000000,08421000200010120000,,0,1.11117158134e-05,08421000000000000,08,421,00
RURAL,084210002000000010122000000000,08421000200010122000,,0,1.14438874142e-05,08421000000000000,08,421,00
RURAL,084210002000000010123000000000,08421000200010123000,,0,0.00029678935461,08421000000000000,08,421,00
RURAL,084210002000000010231000000000,08421000200010231000,,0,1.26822801493e-05,08421000000000000,08,421,00
RURAL,084210002000000010230000000000,08421000200010230000,,0,3.60869371537e-06,08421000000000000,08,421,00
RURAL,084210002000000010255000000000,08421000200010255000,,0,1.72620841074e-05,08421000000000000,08,421,00
RURAL,084210002000000010168000000000,08421000200010168000,,0,4.64013388009e-07,08421000000000000,08,421,00
RURAL,084210002000000010121000000000,08421000200010121000,,0,1.03805371256e-05,08421000000000000,08,421,00
RURAL,084210003000000010083000000000,08421000300010083000,,0,3.20550414987e-06,08421000000000000,08,421,00
RURAL,084210001000000010176000000000,08421000100010176000,,0,0.000681555516869,08421000000000000,08,421,00
RURAL,084210002000000010080000000000,08421000200010080000,,0,4.43430039574e-07,08421000000000000,08,421,00
RURAL,084210003000000010141000000000,08421000300010141000,,0,7.22207172745e-07,08421000000000000,08,421,00
RURAL,084210001000000010131000000000,08421000100010131000,,0,1.3366130368e-05,08421000000000000,08,421,00
RURAL,084210003000000010010000000000,08421000300010010000,,0,8.15863487532e-05,08421000000000000,08,421,00
RURAL,084210003000000010080000000000,08421000300010080000,,0,5.06425098449e-06,08421000000000000,08,421,00
RURAL,084210003000000010100000000000,08421000300010100000,,0,8.58036765081e-05,08421000000000000,08,421,00
RURAL,084210003000000010029000000000,08421000300010029000,,0,2.23396166139e-06,08421000000000000,08,421,00
RURAL,084210003000000010031000000000,08421000300010031000,,0,8.74347521395e-06,08421000000000000,08,421,00
RURAL,084210003000000010030000000000,08421000300010030000,,0,9.48969057215e-06,08421000000000000,08,421,00
RURAL,084210003000000010355000000000,08421000300010355000,,0,6.31114793322e-07,08421000000000000,08,421,00
RURAL,084210003000000010027000000000,08421000300010027000,,0,3.86743714411e-06,08421000000000000,08,421,00
RURAL,084210003000000010024000000000,08421000300010024000,,0,1.37400139587e-05,08421000000000000,08,421,00
RURAL,084210003000000010025000000000,08421000300010025000,,0,1.460696123e-05,08421000000000000,08,421,00
RURAL,084210003000000010016000000000,08421000300010016000,,0,3.62482035202e-06,08421000000000000,08,421,00
RURAL,084210003000000010150000000000,08421000300010150000,,0,4.68689942749e-06,08421000000000000,08,421,00
RURAL,084210003000000010019000000000,08421000300010019000,,0,7.79610262133e-06,08421000000000000,08,421,00
RURAL,084210003000000010015000000000,08421000300010015000,,0,1.21834314187e-05,08421000000000000,08,421,00
RURAL,084210003000000010021000000000,08421000300010021000,,0,1.3410149356e-05,08421000000000000,08,421,00
RURAL,084210003000000010002000000000,08421000300010002000,,0,2.2260219247e-06,08421000000000000,08,421,00
RURAL,084210003000000010013000000000,08421000300010013000,,0,5.60375377243e-06,08421000000000000,08,421,00
RURAL,084210003000000010011000000000,08421000300010011000,,0,7.43540323222e-06,08421000000000000,08,421,00
RURAL,084210003000000010014000000000,08421000300010014000,,0,2.09931481517e-05,08421000000000000,08,421,00
RURAL,084210003000000010364000000000,08421000300010364000,,0,2.25128278741e-05,08421000000000000,08,421,00
RURAL,084210003000000010001000000000,08421000300010001000,,0,0.000240150867482,08421000000000000,08,421,00
RURAL,084210002000000010093000000000,08421000200010093000,,0,6.33844264881e-07,08421000000000000,08,421,00
RURAL,084210003000000010003000000000,08421000300010003000,,0,2.11276525063e-05,08421000000000000,08,421,00
RURAL,084210003000000010007000000000,08421000300010007000,,0,2.05824323356e-05,08421000000000000,08,421,00
RURAL,084210003000000010009000000000,08421000300010009000,,0,7.92216517657e-06,08421000000000000,08,421,00
RURAL,084210003000000010008000000000,08421000300010008000,,0,4.12786885816e-05,08421000000000000,08,421,00
RURAL,084210003000000010006000000000,08421000300010006000,,0,3.63589575576e-05,08421000000000000,08,421,00
RURAL,084210002000000010069000000000,08421000200010069000,,0,1.19477155255e-05,08421000000000000,08,421,00
RURAL,084210002000000010083000000000,08421000200010083000,,0,3.48671862765e-07,08421000000000000,08,421,00
RURAL,084210002000000010091000000000,08421000200010091000,,0,5.53894728292e-07,08421000000000000,08,421,00
RURAL,084210002000000010092000000000,08421000200010092000,,0,6.19726143043e-07,08421000000000000,08,421,00
RURAL,084210002000000010097000000000,08421000200010097000,,0,1.06026765873e-06,08421000000000000,08,421,00
RURAL,084210002000000010079000000000,08421000200010079000,,0,1.65751694888e-06,08421000000000000,08,421,00
RURAL,084210002000000010078000000000,08421000200010078000,,0,2.05619210937e-06,08421000000000000,08,421,00
RURAL,084210002000000010098000000000,08421000200010098000,,0,2.12367962905e-06,08421000000000000,08,421,00
RURAL,084210002000000010090000000000,08421000200010090000,,0,8.46118441314e-07,08421000000000000,08,421,00
RURAL,084210002000000010089000000000,08421000200010089000,,0,8.99195566609e-07,08421000000000000,08,421,00
RURAL,084210002000000010082000000000,08421000200010082000,,0,2.43476858397e-06,08421000000000000,08,421,00
RURAL,084210002000000010084000000000,08421000200010084000,,0,9.35586759834e-07,08421000000000000,08,421,00
RURAL,084210002000000010085000000000,08421000200010085000,,0,1.14421361625e-06,08421000000000000,08,421,00
RURAL,084210002000000010086000000000,08421000200010086000,,0,1.22935630726e-06,08421000000000000,08,421,00
RURAL,084210002000000010096000000000,08421000200010096000,,0,1.45586031287e-06,08421000000000000,08,421,00
RURAL,084210002000000010087000000000,08421000200010087000,,0,2.27942020542e-06,08421000000000000,08,421,00
RURAL,084210002000000010095000000000,08421000200010095000,,0,3.44567158849e-06,08421000000000000,08,421,00
RURAL,084210002000000010227000000000,08421000200010227000,,0,2.21236772892e-06,08421000000000000,08,421,00
RURAL,084210002000000010088000000000,08421000200010088000,,0,4.92998474388e-06,08421000000000000,08,421,00
RURAL,084210002000000010133000000000,08421000200010133000,,0,1.18813128444e-06,08421000000000000,08,421,00
RURAL,084210002000000010156000000000,08421000200010156000,,0,5.10235879176e-05,08421000000000000,08,421,00
RURAL,084210002000000010203000000000,08421000200010203000,,0,1.90921454288e-05,08421000000000000,08,421,00
RURAL,084210002000000010137000000000,08421000200010137000,,0,8.86538280433e-07,08421000000000000,08,421,00
RURAL,084210002000000010147000000000,08421000200010147000,,0,9.60769319268e-07,08421000000000000,08,421,00
RURAL,084210002000000010221000000000,08421000200010221000,,0,9.72999553982e-07,08421000000000000,08,421,00
RURAL,084210002000000010148000000000,08421000200010148000,,0,1.05705167041e-06,08421000000000000,08,421,00
RURAL,084210002000000010150000000000,08421000200010150000,,0,1.0988661834e-06,08421000000000000,08,421,00
RURAL,084210002000000010139000000000,08421000200010139000,,0,1.16911611787e-06,08421000000000000,08,421,00
RURAL,084210002000000010146000000000,08421000200010146000,,0,2.45101875972e-06,08421000000000000,08,421,00
RURAL,084210002000000010151000000000,08421000200010151000,,0,2.71378511646e-06,08421000000000000,08,421,00
RURAL,084210002000000010152000000000,08421000200010152000,,0,4.53419029302e-06,08421000000000000,08,421,00
RURAL,084210002000000010140000000000,08421000200010140000,,0,5.86818056165e-06,08421000000000000,08,421,00
RURAL,084210002000000010214000000000,08421000200010214000,,0,6.1064020284e-06,08421000000000000,08,421,00
RURAL,084210002000000010138000000000,08421000200010138000,,0,7.01496657365e-06,08421000000000000,08,421,00
RURAL,084210002000000010142000000000,08421000200010142000,,0,7.52857203007e-06,08421000000000000,08,421,00
RURAL,084210002000000010141000000000,08421000200010141000,,0,7.53936994922e-06,08421000000000000,08,421,00
RURAL,084210002000000010251000000000,08421000200010251000,,0,3.31906151276e-07,08421000000000000,08,421,00
RURAL,084210002000000010072000000000,08421000200010072000,,0,4.87963956284e-07,08421000000000000,08,421,00
RURAL,084210002000000010071000000000,08421000200010071000,,0,8.78680469358e-07,08421000000000000,08,421,00
RURAL,084210002000000010066000000000,08421000200010066000,,0,1.2011184794e-06,08421000000000000,08,421,00
RURAL,084210001000000010550000000000,08421000100010550000,,0,1.21836710532e-05,08421000000000000,08,421,00
RURAL,084210001000000010551000000000,08421000100010551000,,0,4.85998857324e-06,08421000000000000,08,421,00
RURAL,084210001000000010560000000000,08421000100010560000,,0,1.34246273621e-06,08421000000000000,08,421,00
RURAL,084210003000000010081000000000,08421000300010081000,,0,3.89860761277e-06,08421000000000000,08,421,00
RURAL,084210003000000010082000000000,08421000300010082000,,0,1.827103882e-05,08421000000000000,08,421,00
RURAL,084210003000000010017000000000,08421000300010017000,,0,7.61519221556e-06,08421000000000000,08,421,00
RURAL,084210003000000010077000000000,08421000300010077000,,0,1.37325332271e-05,08421000000000000,08,421,00
RURAL,084210003000000010026000000000,08421000300010026000,,0,7.43013362911e-06,08421000000000000,08,421,00
RURAL,084210003000000010079000000000,08421000300010079000,,0,2.00810874162e-05,08421000000000000,08,421,00
RURAL,084210003000000010078000000000,08421000300010078000,,0,2.80543413368e-05,08421000000000000,08,421,00
RURAL,084210003000000010018000000000,08421000300010018000,,0,2.86732509729e-05,08421000000000000,08,421,00
RURAL,084210003000000010076000000000,08421000300010076000,,0,3.61294311667e-05,08421000000000000,08,421,00
RURAL,084210003000000010020000000000,08421000300010020000,,0,1.52799341384e-05,08421000000000000,08,421,00
RURAL,084210003000000010022000000000,08421000300010022000,,0,2.53988014002e-05,08421000000000000,08,421,00
RURAL,084210003000000010023000000000,08421000300010023000,,0,8.82863643846e-05,08421000000000000,08,421,00
RURAL,084210003000000010032000000000,08421000300010032000,,0,0.000106578494451,08421000000000000,08,421,00
RURAL,084210002000000010213000000000,08421000200010213000,,0,7.57053552908e-06,08421000000000000,08,421,00
RURAL,084210002000000010260000000000,08421000200010260000,,0,5.33411357737e-06,08421000000000000,08,421,00
RURAL,084210002000000010217000000000,08421000200010217000,,0,8.92911822897e-06,08421000000000000,08,421,00
RURAL,084210002000000010216000000000,08421000200010216000,,0,1.07612548469e-05,08421000000000000,08,421,00
RURAL,084210002000000010144000000000,08421000200010144000,,0,1.12513867498e-05,08421000000000000,08,421,00
RURAL,084210002000000010135000000000,08421000200010135000,,0,2.36417889994e-05,08421000000000000,08,421,00
RURAL,084210002000000010154000000000,08421000200010154000,,0,4.66144022167e-06,08421000000000000,08,421,00
RURAL,084210001000000010157000000000,08421000100010157000,,0,1.70697835042e-05,08421000000000000,08,421,00
RURAL,084210001000000010549000000000,08421000100010549000,,0,1.15667277222e-05,08421000000000000,08,421,00
RURAL,084210001000000010147000000000,08421000100010147000,,0,2.64514486584e-06,08421000000000000,08,421,00
RURAL,084210001000000010332000000000,08421000100010332000,,0,4.1438666013e-06,08421000000000000,08,421,00
RURAL,084210001000000010149000000000,08421000100010149000,,0,4.23685454765e-06,08421000000000000,08,421,00
RURAL,084210001000000010124000000000,08421000100010124000,,0,4.244061372e-06,08421000000000000,08,421,00
RURAL,084210001000000010470000000000,08421000100010470000,,0,4.47101084372e-06,08421000000000000,08,421,00
RURAL,084210001000000010148000000000,08421000100010148000,,0,5.49757809199e-06,08421000000000000,08,421,00
RURAL,084210001000000010461000000000,08421000100010461000,,0,1.51211708456e-05,08421000000000000,08,421,00
RURAL,084210001000000010151000000000,08421000100010151000,,0,6.43869214202e-06,08421000000000000,08,421,00
RURAL,084210001000000010139000000000,08421000100010139000,,0,6.44845425102e-06,08421000000000000,08,421,00
RURAL,084210001000000010150000000000,08421000100010150000,,0,7.60894531391e-06,08421000000000000,08,421,00
RURAL,084210001000000010155000000000,08421000100010155000,,0,7.88236938644e-06,08421000000000000,08,421,00
RURAL,084210001000000010154000000000,08421000100010154000,,0,8.81850090178e-06,08421000000000000,08,421,00
RURAL,084210001000000010338000000000,08421000100010338000,,0,9.31488883895e-06,08421000000000000,08,421,00
RURAL,084210001000000010146000000000,08421000100010146000,,0,1.99974776396e-05,08421000000000000,08,421,00
RURAL,084210001000000010548000000000,08421000100010548000,,0,2.80232197238e-05,08421000000000000,08,421,00
RURAL,084210001000000010334000000000,08421000100010334000,,0,1.06514607414e-05,08421000000000000,08,421,00
RURAL,084210001000000010212000000000,08421000100010212000,,0,1.33779566305e-05,08421000000000000,08,421,00
RURAL,084210001000000010331000000000,08421000100010331000,,0,1.190559302e-05,08421000000000000,08,421,00
RURAL,084210002000000010094000000000,08421000200010094000,,0,5.17741954292e-07,08421000000000000,08,421,00
RURAL,084210002000000010100000000000,08421000200010100000,,0,9.15391233025e-07,08421000000000000,08,421,00
RURAL,084210002000000010101000000000,08421000200010101000,,0,2.74161027719e-06,08421000000000000,08,421,00
RURAL,084210001000000010153000000000,08421000100010153000,,0,1.28350562107e-05,08421000000000000,08,421,00
RURAL,084210001000000010507000000000,08421000100010507000,,0,1.4851193323e-05,08421000000000000,08,421,00
RURAL,084210001000000010152000000000,08421000100010152000,,0,2.13218644003e-05,08421000000000000,08,421,00
RURAL,084210001000000010135000000000,08421000100010135000,,0,2.23996239593e-05,08421000000000000,08,421,00
RURAL,084210001000000010082000000000,08421000100010082000,,0,3.13652438605e-05,08421000000000000,08,421,00
RURAL,084210001000000010166000000000,08421000100010166000,,0,3.39511636184e-05,08421000000000000,08,421,00
RURAL,084210001000000010138000000000,08421000100010138000,,0,4.53193076065e-05,08421000000000000,08,421,00
RURAL,084210001000000010110000000000,08421000100010110000,,0,5.20077721089e-05,08421000000000000,08,421,00
RURAL,084210001000000010105000000000,08421000100010105000,,0,9.38900040938e-05,08421000000000000,08,421,00
RURAL,084210001000000010004000000000,08421000100010004000,,0,3.7842067919e-05,08421000000000000,08,421,00
RURAL,084210001000000010326000000000,08421000100010326000,,0,1.05696319999e-05,08421000000000000,08,421,00
RURAL,084210001000000010330000000000,08421000100010330000,,0,3.2414297046e-06,08421000000000000,08,421,00
RURAL,084210001000000010136000000000,08421000100010136000,,0,6.02144143484e-06,08421000000000000,08,421,00
RURAL,084210001000000010333000000000,08421000100010333000,,0,1.65594973889e-06,08421000000000000,08,421,00
RURAL,084210001000000010134000000000,08421000100010134000,,0,3.65035121045e-06,08421000000000000,08,421,00
RURAL,084210001000000010115000000000,08421000100010115000,,0,3.53607698867e-06,08421000000000000,08,421,00
RURAL,084210001000000010459000000000,08421000100010459000,,0,4.21262616642e-06,08421000000000000,08,421,00
RURAL,084210001000000010114000000000,08421000100010114000,,0,6.45569428049e-06,08421000000000000,08,421,00
RURAL,084210001000000010325000000000,08421000100010325000,,0,1.03840424553e-05,08421000000000000,08,421,00
RURAL,084210001000000010460000000000,08421000100010460000,,0,1.34335643015e-05,08421000000000000,08,421,00
RURAL,084210001000000010120000000000,08421000100010120000,,0,1.46110690645e-05,08421000000000000,08,421,00
RURAL,084210001000000010130000000000,08421000100010130000,,0,7.88231907947e-05,08421000000000000,08,421,00
RURAL,084210001000000010113000000000,08421000100010113000,,0,1.67569172466e-05,08421000000000000,08,421,00
RURAL,084210001000000010116000000000,08421000100010116000,,0,2.98753700993e-05,08421000000000000,08,421,00
RURAL,084210001000000010122000000000,08421000100010122000,,0,2.97544208053e-05,08421000000000000,08,421,00
RURAL,084210001000000010118000000000,08421000100010118000,,0,3.97621347372e-05,08421000000000000,08,421,00
RURAL,084210001000000010121000000000,08421000100010121000,,0,4.12487173875e-05,08421000000000000,08,421,00
RURAL,084210001000000010117000000000,08421000100010117000,,0,4.30798513098e-05,08421000000000000,08,421,00
RURAL,084210001000000010119000000000,08421000100010119000,,0,5.53640079487e-05,08421000000000000,08,421,00
RURAL,084210002000000010224000000000,08421000200010224000,,0,2.44942757144e-07,08421000000000000,08,421,00
RURAL,084210002000000010068000000000,08421000200010068000,,0,1.2132133838e-06,08421000000000000,08,421,00
RURAL,084210001000000010453000000000,08421000100010453000,,0,2.4739531288e-07,08421000000000000,08,421,00
RURAL,084210001000000010156000000000,08421000100010156000,,0,1.0363248213e-05,08421000000000000,08,421,00
RURAL,084210002000000010056000000000,08421000200010056000,,0,2.00953341586e-06,08421000000000000,08,421,00
RURAL,084210002000000010057000000000,08421000200010057000,,0,2.92349352803e-06,08421000000000000,08,421,00
RURAL,084210002000000010026000000000,08421000200010026000,,0,2.27046340831e-05,08421000000000000,08,421,00
RURAL,084210002000000010001000000000,08421000200010001000,,0,5.78309230813e-07,08421000000000000,08,421,00
RURAL,084210002000000010002000000000,08421000200010002000,,0,3.29270358842e-06,08421000000000000,08,421,00
RURAL,084210002000000010252000000000,08421000200010252000,,0,4.44055608589e-06,08421000000000000,08,421,00
RURAL,084210002000000010020000000000,08421000200010020000,,0,1.6185643834e-06,08421000000000000,08,421,00
RURAL,084210002000000010208000000000,08421000200010208000,,0,2.48817939124e-06,08421000000000000,08,421,00
RURAL,084210002000000010003000000000,08421000200010003000,,0,3.0818476425e-06,08421000000000000,08,421,00
RURAL,084210002000000010016000000000,08421000200010016000,,0,3.56218504435e-06,08421000000000000,08,421,00
RURAL,084210002000000010017000000000,08421000200010017000,,0,3.84730389688e-06,08421000000000000,08,421,00
RURAL,084210002000000010012000000000,08421000200010012000,,0,4.27067760187e-06,08421000000000000,08,421,00
RURAL,084210002000000010010000000000,08421000200010010000,,0,5.44383145472e-06,08421000000000000,08,421,00
RURAL,084210002000000010009000000000,08421000200010009000,,0,6.28440110054e-06,08421000000000000,08,421,00
RURAL,084210002000000010011000000000,08421000200010011000,,0,7.95522441661e-06,08421000000000000,08,421,00
RURAL,084210002000000010200000000000,08421000200010200000,,0,0.000181995334854,08421000000000000,08,421,00
RURAL,084210002000000010206000000000,08421000200010206000,,0,1.24303572768e-06,08421000000000000,08,421,00
RURAL,084210002000000010179000000000,08421000200010179000,,0,2.42674428845e-06,08421000000000000,08,421,00
RURAL,084210002000000010226000000000,08421000200010226000,,0,3.11019180619e-06,08421000000000000,08,421,00
RURAL,084210002000000010207000000000,08421000200010207000,,0,9.38665936381e-06,08421000000000000,08,421,00
RURAL,084210002000000010182000000000,08421000200010182000,,0,4.18235149079e-05,08421000000000000,08,421,00
RURAL,084210002000000010177000000000,08421000200010177000,,0,2.15740377549e-05,08421000000000000,08,421,00
RURAL,084210002000000010228000000000,08421000200010228000,,0,1.49747975399e-05,08421000000000000,08,421,00
RURAL,084210002000000010234000000000,08421000200010234000,,0,5.28352359789e-06,08421000000000000,08,421,00
RURAL,084210002000000010232000000000,08421000200010232000,,0,6.10995580354e-06,08421000000000000,08,421,00
RURAL,084210002000000010229000000000,08421000200010229000,,0,9.37349318995e-06,08421000000000000,08,421,00
RURAL,084210002000000010233000000000,08421000200010233000,,0,7.67628744728e-06,08421000000000000,08,421,00
RURAL,084210002000000010235000000000,08421000200010235000,,0,1.08221251312e-05,08421000000000000,08,421,00
RURAL,084210002000000010219000000000,08421000200010219000,,0,1.74147694084e-05,08421000000000000,08,421,00
RURAL,084210003000000010004000000000,08421000300010004000,,0,6.22155977919e-06,08421000000000000,08,421,00
RURAL,084210003000000010097000000000,08421000300010097000,,0,9.2206697931e-06,08421000000000000,08,421,00
RURAL,084210003000000010095000000000,08421000300010095000,,0,1.5712445388e-05,08421000000000000,08,421,00
RURAL,084210003000000010099000000000,08421000300010099000,,0,2.11142412286e-05,08421000000000000,08,421,00
RURAL,084210003000000010096000000000,08421000300010096000,,0,3.11613155561e-05,08421000000000000,08,421,00
RURAL,084210003000000010098000000000,08421000300010098000,,0,4.15273255463e-05,08421000000000000,08,421,00
RURAL,084210003000000010105000000000,08421000300010105000,,0,1.1809840551e-06,08421000000000000,08,421,00
RURAL,084210003000000010005000000000,08421000300010005000,,0,3.15079846126e-06,08421000000000000,08,421,00
RURAL,084210002000000010077000000000,08421000200010077000,,0,6.40168423781e-07,08421000000000000,08,421,00
RURAL,084210002000000010073000000000,08421000200010073000,,0,1.27792067182e-06,08421000000000000,08,421,00
RURAL,084210002000000010076000000000,08421000200010076000,,0,1.31876198263e-06,08421000000000000,08,421,00
RURAL,084210002000000010075000000000,08421000200010075000,,0,3.11335651406e-06,08421000000000000,08,421,00
RURAL,084210002000000010067000000000,08421000200010067000,,0,1.89920272993e-06,08421000000000000,08,421,00
RURAL,084210002000000010074000000000,08421000200010074000,,0,2.14333401003e-06,08421000000000000,08,421,00
RURAL,084210002000000010065000000000,08421000200010065000,,0,2.26001795546e-06,08421000000000000,08,421,00
RURAL,084210002000000010070000000000,08421000200010070000,,0,3.74329048448e-06,08421000000000000,08,421,00
RURAL,084210001000000010003000000000,08421000100010003000,,0,3.93199297214e-06,08421000000000000,08,421,00
RURAL,084210002000000010204000000000,08421000200010204000,,0,4.73777154652e-06,08421000000000000,08,421,00
RURAL,084210002000000010064000000000,08421000200010064000,,0,8.46261780175e-05,08421000000000000,08,421,00
RURAL,084210001000000010336000000000,08421000100010336000,,0,4.31288098789e-05,08421000000000000,08,421,00
RURAL,084210001000000010472000000000,08421000100010472000,,0,1.72998607518e-06,08421000000000000,08,421,00
RURAL,084210001000000010009000000000,08421000100010009000,,0,1.91253987352e-06,08421000000000000,08,421,00
RURAL,084210001000000010012000000000,08421000100010012000,,0,2.84362596761e-06,08421000000000000,08,421,00
RURAL,084210001000000010084000000000,08421000100010084000,,0,3.14559807958e-06,08421000000000000,08,421,00
RURAL,084210001000000010471000000000,08421000100010471000,,0,3.387682259e-06,08421000000000000,08,421,00
RURAL,084210001000000010067000000000,08421000100010067000,,0,4.21239393246e-06,08421000000000000,08,421,00
RURAL,084210001000000010013000000000,08421000100010013000,,0,4.92504387434e-06,08421000000000000,08,421,00
RURAL,084210001000000010008000000000,08421000100010008000,,0,5.62253987398e-06,08421000000000000,08,421,00
RURAL,084210001000000010015000000000,08421000100010015000,,0,5.85791428673e-06,08421000000000000,08,421,00
RURAL,084210001000000010006000000000,08421000100010006000,,0,6.54477437842e-06,08421000000000000,08,421,00
RURAL,084210001000000010552000000000,08421000100010552000,,0,9.56552567955e-06,08421000000000000,08,421,00
RURAL,084210001000000010007000000000,08421000100010007000,,0,9.89866432989e-06,08421000000000000,08,421,00
RURAL,084210001000000010069000000000,08421000100010069000,,0,1.09907572415e-05,08421000000000000,08,421,00
RURAL,084210001000000010123000000000,08421000100010123000,,0,1.58562027454e-05,08421000000000000,08,421,00
RURAL,084210001000000010023000000000,08421000100010023000,,0,1.62136557178e-05,08421000000000000,08,421,00
RURAL,084210001000000010014000000000,08421000100010014000,,0,1.65357236997e-05,08421000000000000,08,421,00
RURAL,084210001000000010068000000000,08421000100010068000,,0,1.91432369456e-05,08421000000000000,08,421,00
RURAL,084210001000000010083000000000,08421000100010083000,,0,2.01683922574e-05,08421000000000000,08,421,00
RURAL,084210001000000010010000000000,08421000100010010000,,0,2.30388518219e-05,08421000000000000,08,421,00
RURAL,084210001000000010016000000000,08421000100010016000,,0,2.67487751242e-05,08421000000000000,08,421,00
RURAL,084210001000000010021000000000,08421000100010021000,,0,3.3871157769e-05,08421000000000000,08,421,00
RURAL,084210001000000010019000000000,08421000100010019000,,0,2.42900890554e-05,08421000000000000,08,421,00
RURAL,084210001000000010018000000000,08421000100010018000,,0,3.96933447137e-05,08421000000000000,08,421,00
RURAL,084210001000000010020000000000,08421000100010020000,,0,5.19522963561e-05,08421000000000000,08,421,00
RURAL,084210001000000010022000000000,08421000100010022000,,0,5.41591082795e-05,08421000000000000,08,421,00
RURAL,084210001000000010017000000000,08421000100010017000,,0,0.000169651190655,08421000000000000,08,421,00
RURAL,084210001000000010005000000000,08421000100010005000,,0,1.65650130226e-06,08421000000000000,08,421,00
RURAL,084210001000000010071000000000,08421000100010071000,,0,2.92074976262e-06,08421000000000000,08,421,00
RURAL,084210001000000010079000000000,08421000100010079000,,0,3.30794296486e-06,08421000000000000,08,421,00
RURAL,084210001000000010078000000000,08421000100010078000,,0,3.89356168194e-06,08421000000000000,08,421,00
RURAL,084210001000000010081000000000,08421000100010081000,,0,4.49741457111e-06,08421000000000000,08,421,00
RURAL,084210001000000010086000000000,08421000100010086000,,0,4.85387934536e-06,08421000000000000,08,421,00
RURAL,084210001000000010076000000000,08421000100010076000,,0,6.75437934565e-06,08421000000000000,08,421,00
RURAL,084210001000000010072000000000,08421000100010072000,,0,9.91188406174e-06,08421000000000000,08,421,00
RURAL,084210001000000010077000000000,08421000100010077000,,0,1.01997209291e-05,08421000000000000,08,421,00
RURAL,084210001000000010094000000000,08421000100010094000,,0,1.56266069435e-05,08421000000000000,08,421,00
RURAL,084210001000000010070000000000,08421000100010070000,,0,1.7733208415e-05,08421000000000000,08,421,00
RURAL,084210001000000010080000000000,08421000100010080000,,0,1.88533831576e-05,08421000000000000,08,421,00
RURAL,084210001000000010085000000000,08421000100010085000,,0,1.98955682449e-05,08421000000000000,08,421,00
RURAL,084210001000000010087000000000,08421000100010087000,,0,2.1157555357e-05,08421000000000000,08,421,00
RURAL,084210001000000010093000000000,08421000100010093000,,0,2.26090870256e-05,08421000000000000,08,421,00
RURAL,084210001000000010073000000000,08421000100010073000,,0,2.31653497311e-05,08421000000000000,08,421,00
RURAL,084210001000000010091000000000,08421000100010091000,,0,3.20259098135e-06,08421000000000000,08,421,00
RURAL,084210001000000010469000000000,08421000100010469000,,0,7.05570322838e-06,08421000000000000,08,421,00
RURAL,084210001000000010089000000000,08421000100010089000,,0,7.5174003012e-06,08421000000000000,08,421,00
RURAL,084210001000000010090000000000,08421000100010090000,,0,7.80032398586e-06,08421000000000000,08,421,00
RURAL,084210001000000010092000000000,08421000100010092000,,0,7.96409624826e-06,08421000000000000,08,421,00
RURAL,084210001000000010128000000000,08421000100010128000,,0,5.69788466017e-05,08421000000000000,08,421,00
RURAL,084210001000000010129000000000,08421000100010129000,,0,6.97093422613e-05,08421000000000000,08,421,00
RURAL,084210002000000010052000000000,08421000200010052000,,0,1.87534408333e-06,08421000000000000,08,421,00
RURAL,084210002000000010136000000000,08421000200010136000,,0,5.26606313554e-07,08421000000000000,08,421,00
RURAL,084210001000000010075000000000,08421000100010075000,,0,1.07742828637e-05,08421000000000000,08,421,00
RURAL,084210001000000010468000000000,08421000100010468000,,0,1.13754439497e-05,08421000000000000,08,421,00
RURAL,084210001000000010074000000000,08421000100010074000,,0,1.23528201553e-05,08421000000000000,08,421,00
RURAL,084210001000000010107000000000,08421000100010107000,,0,8.14469189761e-06,08421000000000000,08,421,00
RURAL,084210001000000010099000000000,08421000100010099000,,0,5.72142961722e-06,08421000000000000,08,421,00
RURAL,084210001000000010095000000000,08421000100010095000,,0,5.78621616956e-06,08421000000000000,08,421,00
RURAL,084210001000000010104000000000,08421000100010104000,,0,7.87877382232e-06,08421000000000000,08,421,00
RURAL,084210001000000010337000000000,08421000100010337000,,0,6.54966709438e-06,08421000000000000,08,421,00
RURAL,084210001000000010096000000000,08421000100010096000,,0,7.08647006354e-06,08421000000000000,08,421,00
RURAL,084210001000000010097000000000,08421000100010097000,,0,8.42135742213e-06,08421000000000000,08,421,00
RURAL,084210001000000010100000000000,08421000100010100000,,0,9.80443144199e-06,08421000000000000,08,421,00
RURAL,084210001000000010101000000000,08421000100010101000,,0,1.11262361997e-05,08421000000000000,08,421,00
RURAL,084210001000000010102000000000,08421000100010102000,,0,1.54885639429e-05,08421000000000000,08,421,00
RURAL,084210001000000010211000000000,08421000100010211000,,0,2.55300429768e-05,08421000000000000,08,421,00
RURAL,084210001000000010098000000000,08421000100010098000,,0,2.49068275774e-05,08421000000000000,08,421,00
RURAL,084210001000000010106000000000,08421000100010106000,,0,3.02132278166e-05,08421000000000000,08,421,00
RURAL,084210001000000010002000000000,08421000100010002000,,0,4.05751301348e-05,08421000000000000,08,421,00
RURAL,084210001000000010108000000000,08421000100010108000,,0,6.73136899926e-05,08421000000000000,08,421,00
RURAL,084210001000000010159000000000,08421000100010159000,,0,2.67449851246e-06,08421000000000000,08,421,00
RURAL,084210001000000010161000000000,08421000100010161000,,0,4.27930259187e-06,08421000000000000,08,421,00
RURAL,084210001000000010162000000000,08421000100010162000,,0,5.75997622966e-06,08421000000000000,08,421,00
RURAL,084210001000000010163000000000,08421000100010163000,,0,8.21256794939e-06,08421000000000000,08,421,00
RURAL,084210001000000010160000000000,08421000100010160000,,0,1.23053161104e-05,08421000000000000,08,421,00
RURAL,084210001000000010158000000000,08421000100010158000,,0,1.36807983002e-05,08421000000000000,08,421,00
RURAL,084210001000000010329000000000,08421000100010329000,,0,2.98263082655e-06,08421000000000000,08,421,00
RURAL,084210001000000010132000000000,08421000100010132000,,0,4.32519983965e-06,08421000000000000,08,421,00
RURAL,084210001000000010140000000000,08421000100010140000,,0,6.88369382986e-06,08421000000000000,08,421,00
RURAL,084210001000000010133000000000,08421000100010133000,,0,2.05069661082e-05,08421000000000000,08,421,00
RURAL,084210001000000010455000000000,08421000100010455000,,0,5.27240380845e-05,08421000000000000,08,421,00
RURAL,084210001000000010508000000000,08421000100010508000,,0,3.37103227045e-06,08421000000000000,08,421,00
RURAL,084210001000000010143000000000,08421000100010143000,,0,5.17862220124e-06,08421000000000000,08,421,00
RURAL,084210001000000010145000000000,08421000100010145000,,0,8.70131342954e-06,08421000000000000,08,421,00
RURAL,084210001000000010141000000000,08421000100010141000,,0,0.000111567938154,08421000000000000,08,421,00
RURAL,084210001000000010126000000000,08421000100010126000,,0,6.02623501775e-05,08421000000000000,08,421,00
RURAL,084210001000000010473000000000,08421000100010473000,,0,4.24116434095e-05,08421000000000000,08,421,00
RURAL,084210001000000010125000000000,08421000100010125000,,0,5.87264005693e-05,08421000000000000,08,421,00
RURAL,084210001000000010103000000000,08421000100010103000,,0,8.47228168952e-06,08421000000000000,08,421,00
RURAL,084210001000000010454000000000,08421000100010454000,,0,3.91098513453e-07,08421000000000000,08,421,00
RURAL,084210001000000010112000000000,08421000100010112000,,0,7.9028392367e-06,08421000000000000,08,421,00
RURAL,084210001000000010127000000000,08421000100010127000,,0,5.98350471242e-05,08421000000000000,08,421,00
RURAL,084210001000000010111000000000,08421000100010111000,,0,1.94999087958e-05,08421000000000000,08,421,00
RURAL,084210002000000010054000000000,08421000200010054000,,0,2.168119845e-06,08421000000000000,08,421,00
RURAL,084210002000000010053000000000,08421000200010053000,,0,2.25185435562e-06,08421000000000000,08,421,00
RURAL,084210002000000010047000000000,08421000200010047000,,0,5.2783721592e-06,08421000000000000,08,421,00
RURAL,084210002000000010051000000000,08421000200010051000,,0,3.27375721985e-06,08421000000000000,08,421,00
RURAL,084210002000000010055000000000,08421000200010055000,,0,3.68195897068e-06,08421000000000000,08,421,00
RURAL,084210002000000010250000000000,08421000200010250000,,0,4.79756117233e-06,08421000000000000,08,421,00
RURAL,084210002000000010041000000000,08421000200010041000,,0,1.71098945982e-05,08421000000000000,08,421,00
RURAL,084210002000000010048000000000,08421000200010048000,,0,1.21885265492e-05,08421000000000000,08,421,00
RURAL,084210002000000010210000000000,08421000200010210000,,0,1.16238838579e-05,08421000000000000,08,421,00
RURAL,084210002000000010046000000000,08421000200010046000,,0,1.38061618919e-05,08421000000000000,08,421,00
RURAL,084210002000000010045000000000,08421000200010045000,,0,1.60275606176e-05,08421000000000000,08,421,00
RURAL,084210002000000010049000000000,08421000200010049000,,0,2.43115128303e-05,08421000000000000,08,421,00
RURAL,084210002000000010044000000000,08421000200010044000,,0,2.96360750522e-05,08421000000000000,08,421,00
RURAL,084210002000000010249000000000,08421000200010249000,,0,4.58401712344e-05,08421000000000000,08,421,00
RURAL,084210002000000010238000000000,08421000200010238000,,0,1.69982460206e-06,08421000000000000,08,421,00
RURAL,084210002000000010197000000000,08421000200010197000,,0,1.44487232816e-05,08421000000000000,08,421,00
RURAL,084210002000000010239000000000,08421000200010239000,,0,2.44302083702e-06,08421000000000000,08,421,00
RURAL,084210002000000010237000000000,08421000200010237000,,0,2.62759366529e-06,08421000000000000,08,421,00
RURAL,084210002000000010025000000000,08421000200010025000,,0,2.8947992049e-06,08421000000000000,08,421,00
RURAL,084210002000000010023000000000,08421000200010023000,,0,3.82274270273e-06,08421000000000000,08,421,00
RURAL,084210002000000010042000000000,08421000200010042000,,0,4.48588128166e-06,08421000000000000,08,421,00
RURAL,084210002000000010024000000000,08421000200010024000,,0,4.79457389169e-06,08421000000000000,08,421,00
RURAL,084210002000000010043000000000,08421000200010043000,,0,1.71939898477e-05,08421000000000000,08,421,00
RURAL,084210002000000010225000000000,08421000200010225000,,0,5.1301976929e-08,08421000000000000,08,421,00
RURAL,084210002000000010102000000000,08421000200010102000,,0,2.19546483003e-06,08421000000000000,08,421,00
RURAL,084210002000000010105000000000,08421000200010105000,,0,7.18326646527e-07,08421000000000000,08,421,00
RURAL,084210002000000010106000000000,08421000200010106000,,0,5.40645110942e-07,08421000000000000,08,421,00
RURAL,084210002000000010104000000000,08421000200010104000,,0,1.87493981995e-06,08421000000000000,08,421,00
RURAL,084210002000000010103000000000,08421000200010103000,,0,2.72314944045e-06,08421000000000000,08,421,00
RURAL,084210002000000010107000000000,08421000200010107000,,0,1.88645824533e-06,08421000000000000,08,421,00
RURAL,084210002000000010129000000000,08421000200010129000,,0,4.13774607039e-05,08421000000000000,08,421,00
RURAL,084210002000000010128000000000,08421000200010128000,,0,2.84916791779e-05,08421000000000000,08,421,00
RURAL,084210002000000010157000000000,08421000200010157000,,0,9.30934139712e-06,08421000000000000,08,421,00
RURAL,084210002000000010130000000000,08421000200010130000,,0,1.43889160984e-05,08421000000000000,08,421,00
RURAL,084210002000000010258000000000,08421000200010258000,,0,4.46407015027e-06,08421000000000000,08,421,00
RURAL,084210001000000010511000000000,08421000100010511000,,0,2.3121384436e-08,08421000000000000,08,421,00
RURAL,084210001000000010522000000000,08421000100010522000,,0,3.33417864283e-08,08421000000000000,08,421,00
RURAL,084210001000000010521000000000,08421000100010521000,,0,4.16686722305e-08,08421000000000000,08,421,00
RURAL,084210001000000010520000000000,08421000100010520000,,0,1.14524385714e-07,08421000000000000,08,421,00
RURAL,084210001000000010519000000000,08421000100010519000,,0,8.89365533533e-08,08421000000000000,08,421,00
RURAL,084210001000000010517000000000,08421000100010517000,,0,6.15057397452e-08,08421000000000000,08,421,00
RURAL,084210001000000010516000000000,08421000100010516000,,0,2.97759256024e-08,08421000000000000,08,421,00
RURAL,084210001000000010515000000000,08421000100010515000,,0,1.96680895632e-08,08421000000000000,08,421,00
RURAL,084210001000000010514000000000,08421000100010514000,,0,2.56072340349e-08,08421000000000000,08,421,00
RURAL,084210001000000010513000000000,08421000100010513000,,0,1.93302472481e-08,08421000000000000,08,421,00
RURAL,084210001000000010512000000000,08421000100010512000,,0,1.84523942586e-08,08421000000000000,08,421,00
RURAL,084210001000000010527000000000,08421000100010527000,,0,3.96170679802e-08,08421000000000000,08,421,00
RURAL,084210001000000010523000000000,08421000100010523000,,0,1.59637012114e-08,08421000000000000,08,421,00
RURAL,084210001000000010526000000000,08421000100010526000,,0,3.59151534704e-08,08421000000000000,08,421,00
RURAL,084210001000000010524000000000,08421000100010524000,,0,1.04602637592e-07,08421000000000000,08,421,00
RURAL,084210001000000010525000000000,08421000100010525000,,0,1.31183238837e-07,08421000000000000,08,421,00
RURAL,084210001000000010528000000000,08421000100010528000,,0,2.46573534844e-07,08421000000000000,08,421,00
RURAL,084210001000000010529000000000,08421000100010529000,,0,1.55525405961e-07,08421000000000000,08,421,00
RURAL,084210001000000010533000000000,08421000100010533000,,0,2.5412537779e-08,08421000000000000,08,421,00
RURAL,084210001000000010532000000000,08421000100010532000,,0,6.8330074887e-09,08421000000000000,08,421,00
RURAL,084210001000000010531000000000,08421000100010531000,,0,6.106763053e-09,08421000000000000,08,421,00
RURAL,084210001000000010530000000000,08421000100010530000,,0,6.93909857888e-09,08421000000000000,08,421,00
RURAL,084210001000000010541000000000,08421000100010541000,,0,3.67069934253e-08,08421000000000000,08,421,00
RURAL,084210001000000010540000000000,08421000100010540000,,0,1.07861940809e-07,08421000000000000,08,421,00
RURAL,084210001000000010539000000000,08421000100010539000,,0,2.069763598e-08,08421000000000000,08,421,00
RURAL,084210001000000010538000000000,08421000100010538000,,0,3.6336492227e-08,08421000000000000,08,421,00
RURAL,084210001000000010537000000000,08421000100010537000,,0,3.71479552305e-08,08421000000000000,08,421,00
RURAL,084210001000000010536000000000,08421000100010536000,,0,2.21398039792e-08,08421000000000000,08,421,00
RURAL,084210001000000010535000000000,08421000100010535000,,0,7.61729570591e-09,08421000000000000,08,421,00
RURAL,084210001000000010534000000000,08421000100010534000,,0,5.05830607868e-09,08421000000000000,08,421,00
RURAL,084210001000000010542000000000,08421000100010542000,,0,3.17552394636e-08,08421000000000000,08,421,00
RURAL,084210001000000010543000000000,08421000100010543000,,0,7.18789321483e-08,08421000000000000,08,421,00
RURAL,084210001000000010547000000000,08421000100010547000,,0,4.11753664996e-08,08421000000000000,08,421,00
RURAL,084210001000000010544000000000,08421000100010544000,,0,4.73848717691e-08,08421000000000000,08,421,00
RURAL,084210001000000010546000000000,08421000100010546000,,0,3.40913284833e-08,08421000000000000,08,421,00
RURAL,084210001000000010545000000000,08421000100010545000,,0,5.60421400741e-08,08421000000000000,08,421,00
RURAL,084210001000000010553000000000,08421000100010553000,,0,9.88746711835e-06,08421000000000000,08,421,00
RURAL,084210002000000010211000000000,08421000200010211000,,0,1.00385799565e-07,08421000000000000,08,421,00
RURAL,084210002000000010261000000000,08421000200010261000,,0,8.75051663258e-07,08421000000000000,08,421,00
RURAL,084210002000000010215000000000,08421000200010215000,,0,1.53908083617e-06,08421000000000000,08,421,00
RURAL,084210002000000010259000000000,08421000200010259000,,0,1.08446907147e-06,08421000000000000,08,421,00
RURAL,084210003000000010151000000000,08421000300010151000,,0,1.60938369102e-08,08421000000000000,08,421,00
RURAL,084210003000000010152000000000,08421000300010152000,,0,2.86185831992e-08,08421000000000000,08,421,00
RURAL,084210003000000010153000000000,08421000300010153000,,0,1.474914121e-08,08421000000000000,08,421,00
RURAL,084210003000000010154000000000,08421000300010154000,,0,9.9745817733e-09,08421000000000000,08,421,00
RURAL,084210003000000010155000000000,08421000300010155000,,0,1.4161529427e-08,08421000000000000,08,421,00
RURAL,084210003000000010156000000000,08421000300010156000,,0,4.831394044e-09,08421000000000000,08,421,00
RURAL,084210003000000010157000000000,08421000300010157000,,0,5.68996182599e-09,08421000000000000,08,421,00
RURAL,084210003000000010158000000000,08421000300010158000,,0,6.46404709816e-09,08421000000000000,08,421,00
RURAL,084210003000000010159000000000,08421000300010159000,,0,7.28437630547e-09,08421000000000000,08,421,00
RURAL,084210003000000010160000000000,08421000300010160000,,0,1.54337209879e-08,08421000000000000,08,421,00
RURAL,084210003000000010161000000000,08421000300010161000,,0,6.25814946201e-09,08421000000000000,08,421,00
RURAL,084210003000000010162000000000,08421000300010162000,,0,2.33408816953e-08,08421000000000000,08,421,00
RURAL,084210003000000010163000000000,08421000300010163000,,0,1.66168431416e-08,08421000000000000,08,421,00
RURAL,084210003000000010164000000000,08421000300010164000,,0,2.00177210548e-08,08421000000000000,08,421,00
RURAL,084210003000000010165000000000,08421000300010165000,,0,1.90162658882e-08,08421000000000000,08,421,00
RURAL,084210003000000010166000000000,08421000300010166000,,0,1.85788720859e-08,08421000000000000,08,421,00
RURAL,084210003000000010167000000000,08421000300010167000,,0,1.92934988027e-08,08421000000000000,08,421,00
RURAL,084210003000000010168000000000,08421000300010168000,,0,2.06722309222e-08,08421000000000000,08,421,00
RURAL,084210003000000010169000000000,08421000300010169000,,0,1.93698241386e-08,08421000000000000,08,421,00
RURAL,084210003000000010170000000000,08421000300010170000,,0,1.49568078472e-08,08421000000000000,08,421,00
RURAL,084210003000000010171000000000,08421000300010171000,,0,1.44513364041e-08,08421000000000000,08,421,00
RURAL,084210003000000010172000000000,08421000300010172000,,0,1.62695540536e-08,08421000000000000,08,421,00
RURAL,084210003000000010173000000000,08421000300010173000,,0,1.11101188522e-08,08421000000000000,08,421,00
RURAL,084210003000000010174000000000,08421000300010174000,,0,8.69277164516e-09,08421000000000000,08,421,00
RURAL,084210003000000010028000000000,08421000300010028000,,0,1.33521187651e-06,08421000000000000,08,421,00
RURAL,084210003000000010353000000000,08421000300010353000,,0,6.84963341711e-07,08421000000000000,08,421,00
RURAL,084210003000000010354000000000,08421000300010354000,,0,5.3390668516e-07,08421000000000000,08,421,00
RURAL,084210003000000010363000000000,08421000300010363000,,0,3.60222754556e-06,08421000000000000,08,421,00
RURAL,084210003000000010012000000000,08421000300010012000,,0,1.33662275853e-05,08421000000000000,08,421,00
RURAL,084210003000000010365000000000,08421000300010365000,,0,2.21625317272e-06,08421000000000000,08,421,00
RURAL,084210002000000010265000000000,08421000200010265000,,0,2.8556000893e-06,08421000000000000,08,421,00
RURAL,084210002000000010264000000000,08421000200010264000,,0,5.14676640525e-06,08421000000000000,08,421,00
RURAL,084210002000000010266000000000,08421000200010266000,,0,9.23739092203e-06,08421000000000000,08,421,00
RURAL,084210002000000010271000000000,08421000200010271000,,0,5.1352343025e-06,08421000000000000,08,421,00
RURAL,084210002000000010274000000000,08421000200010274000,,0,5.18450784172e-06,08421000000000000,08,421,00
RURAL,084210002000000010269000000000,08421000200010269000,,0,1.4159429896e-06,08421000000000000,08,421,00
RURAL,084210002000000010278000000000,08421000200010278000,,0,1.0849298243e-06,08421000000000000,08,421,00
RURAL,084210002000000010272000000000,08421000200010272000,,0,3.78453757214e-06,08421000000000000,08,421,00
RURAL,084210002000000010267000000000,08421000200010267000,,0,3.82418663148e-06,08421000000000000,08,421,00
RURAL,084210002000000010277000000000,08421000200010277000,,0,1.51421106999e-06,08421000000000000,08,421,00
RURAL,084210002000000010273000000000,08421000200010273000,,0,5.1709802908e-07,08421000000000000,08,421,00
RURAL,084210002000000010268000000000,08421000200010268000,,0,4.97174532143e-07,08421000000000000,08,421,00
RURAL,084210002000000010270000000000,08421000200010270000,,0,5.73542105448e-07,08421000000000000,08,421,00
RURAL,084210002000000010275000000000,08421000200010275000,,0,4.40116142196e-06,08421000000000000,08,421,00
RURAL,084210002000000010276000000000,08421000200010276000,,0,3.39723508519e-07,08421000000000000,08,421,00
RURAL,084210002000000010254000000000,08421000200010254000,,0,7.35139520399e-06,08421000000000000,08,421,00
RURAL,084210002000000010198000000000,08421000200010198000,,0,1.99263526887e-05,08421000000000000,08,421,00
RURAL,084210003000000010362000000000,08421000300010362000,,0,7.88739520246e-06,08421000000000000,08,421,00
RURAL,084210001000000010510000000000,08421000100010510000,,0,6.37537197434e-08,08421000000000000,08,421,00
RURAL,084210001000000010518000000000,08421000100010518000,,0,7.45722258203e-08,08421000000000000,08,421,00
RURAL,084210001000000010564000000000,08421000100010564000,,0,1.16762073671e-06,08421000000000000,08,421,00
RURAL,084210001000000000001000000000,08421000100000001000,,0,8.58374020557e-05,08421000100000000,08,421,00
RURAL,084210002000000010279000000000,08421000200010279000,,0,2.84557966055e-06,08421000000000000,08,421,00
RURAL,084210002000000010246000000000,08421000200010246000,,0,1.58408478544e-06,08421000000000000,08,421,00
RURAL,084210002000000010257000000000,08421000200010257000,,0,1.22881636811e-05,08421000000000000,08,421,00
RURAL,084210002000000010262000000000,08421000200010262000,,0,1.30378591797e-05,08421000000000000,08,421,00
RURAL,084210002000000010263000000000,08421000200010263000,,0,2.56375452172e-05,08421000000000000,08,421,00
RURAL,084210002000000010301000000000,08421000200010301000,,0,1.72940119032e-05,08421000000000000,08,421,00
RURAL,084210002000000010302000000000,08421000200010302000,,0,1.16199394505e-05,08421000000000000,08,421,00
RURAL,084210003000000010366000000000,08421000300010366000,,0,4.335921654e-05,08421000000000000,08,421,00
RURAL,084210003000000010367000000000,08421000300010367000,,0,1.50246956268e-08,08421000000000000,08,421,00
RURAL,084210002000000010149000000000,08421000200010149000,,0,2.1148125791e-05,08421000000000000,08,421,00
RURAL,084210002000000010028000000000,08421000200010028000,,0,6.83909319299e-06,08421000000000000,08,421,00
RURAL,084210002000000010022000000000,08421000200010022000,,0,5.32138636898e-05,08421000000000000,08,421,00
RURAL,084210002000000010031000000000,08421000200010031000,,0,6.10639845759e-05,08421000000000000,08,421,00
RURAL,084210002000000010453000000000,08421000200010453000,,0,2.65497881458e-05,08421000000000000,08,421,00
RURAL,084210002000000010030000000000,08421000200010030000,,0,4.55077321162e-06,08421000000000000,08,421,00
RURAL,084210002000000010153000000000,08421000200010153000,,0,1.00517619076e-05,08421000000000000,08,421,00
RURAL,084210002000000010027000000000,08421000200010027000,,0,6.45203407073e-06,08421000000000000,08,421,00
RURAL,084210002000000010240000000000,08421000200010240000,,0,6.14012986225e-06,08421000000000000,08,421,00
RURAL,084210002000000010004000000000,08421000200010004000,,0,1.15504655021e-05,08421000000000000,08,421,00
RURAL,084210001000000010008000000000,08421000100010008000,,0,2.00610160464e-06,08421000000000000,08,421,00
RURAL,084210001000000010600000000000,08421000100010600000,,0,5.32956424097e-07,08421000000000000,08,421,00
RURAL,084210001000000010472000000000,08421000100010472000,,0,4.63287197652e-06,08421000000000000,08,421,00
RURAL,084210002000000010979000000000,08421000200010979000,,0,1.29697023e-05,08421000000000000,08,421,00
RURAL,084210002000000010176000000000,08421000200010176000,,0,5.11831449794e-05,08421000000000000,08,421,00
RURAL,084210002000000010976000000000,08421000200010976000,,0,4.38195272483e-06,08421000000000000,08,421,00
RURAL,084210002000000010125000000000,08421000200010125000,,0,3.46575800775e-05,08421000000000000,08,421,00
RURAL,084210002000000010178000000000,08421000200010178000,,0,3.10971102263e-05,08421000000000000,08,421,00
RURAL,084210002000000010977000000000,08421000200010977000,,0,2.34223984053e-05,08421000000000000,08,421,00
RURAL,084210002000000010174000000000,08421000200010174000,,0,1.32799180908e-05,08421000000000000,08,421,00
RURAL,084210002000000010021000000000,08421000200010021000,,0,0.000245627633655,08421000000000000,08,421,00
RURAL,084210002000000010978000000000,08421000200010978000,,0,9.50394737724e-06,08421000000000000,08,421,00
RURAL,084210002000000010143000000000,08421000200010143000,,0,2.49328681121e-06,08421000000000000,08,421,00
RURAL,084210002000000010980000000000,08421000200010980000,,0,2.76558360914e-05,08421000000000000,08,421,00
RURAL,084210002000000010132000000000,08421000200010132000,,0,3.55108779069e-05,08421000000000000,08,421,00
RURAL,084210002000000010175000000000,08421000200010175000,,0,0.000191953739771,08421000000000000,08,421,00
RURAL,084210002000000010155000000000,08421000200010155000,,0,2.40574444415e-05,08421000000000000,08,421,00
RURAL,084210002000000010985000000000,08421000200010985000,,0,9.9102035501e-06,08421000000000000,08,421,00
RURAL,084210002000000010984000000000,08421000200010984000,,0,7.43394213726e-06,08421000000000000,08,421,00
RURAL,084210002000000010982000000000,08421000200010982000,,0,2.23918681529e-05,08421000000000000,08,421,00
RURAL,084210002000000010983000000000,08421000200010983000,,0,8.24388748767e-06,08421000000000000,08,421,00
RURAL,084210002000000010981000000000,08421000200010981000,,0,5.42753134978e-06,08421000000000000,08,421,00
RURAL,084210002000000010244000000000,08421000200010244000,,0,4.74310207353e-06,08421000000000000,08,421,00
RURAL,084210002000000010245000000000,08421000200010245000,,0,0.000205918970583,08421000000000000,08,421,00
RURAL,084210002000000010169000000000,08421000200010169000,,0,6.84181365525e-06,08421000000000000,08,421,00
RURAL,084210002000000010172000000000,08421000200010172000,,0,4.51296766553e-05,08421000000000000,08,421,00
RURAL,084210002000000010167000000000,08421000200010167000,,0,3.96881254311e-06,08421000000000000,08,421,00
RURAL,084210002000000010131000000000,08421000200010131000,,0,9.31130425257e-05,08421000000000000,08,421,00
RURAL,084210002000000010159000000000,08421000200010159000,,0,2.56384037641e-05,08421000000000000,08,421,00
RURAL,084210002000000010280000000000,08421000200010280000,,0,1.15442333393e-05,08421000000000000,08,421,00
RURAL,084210002000000010162000000000,08421000200010162000,,0,2.86201212928e-05,08421000000000000,08,421,00
RURAL,084210002000000010161000000000,08421000200010161000,,0,1.22741647808e-05,08421000000000000,08,421,00
RURAL,084210002000000010164000000000,08421000200010164000,,0,0.000192346865463,08421000000000000,08,421,00
RURAL,084210002000000010005000000000,08421000200010005000,,0,4.95830664464e-05,08421000000000000,08,421,00
RURAL,084210002000000010019000000000,08421000200010019000,,0,3.2301455324e-06,08421000000000000,08,421,00
RURAL,084210002000000010015000000000,08421000200010015000,,0,5.39758598341e-05,08421000000000000,08,421,00
RURAL,084210002000000010006000000000,08421000200010006000,,0,2.14703962573e-05,08421000000000000,08,421,00
RURAL,084210002000000010007000000000,08421000200010007000,,0,3.50954021591e-06,08421000000000000,08,421,00
RURAL,084210002000000010018000000000,08421000200010018000,,0,2.70612134638e-06,08421000000000000,08,421,00
RURAL,084210002000000010029000000000,08421000200010029000,,0,8.00438622849e-05,08421000000000000,08,421,00
RURAL,084210002000000010008000000000,08421000200010008000,,0,3.33341887404e-06,08421000000000000,08,421,00
RURAL,084210002000000010013000000000,08421000200010013000,,0,1.36214194433e-05,08421000000000000,08,421,00
RURAL,084210002000000010236000000000,08421000200010236000,,0,2.2997627193e-05,08421000200000001,08,421,00
RURAL,084210002000000010255000000000,08421000200010255000,,0,1.62712749712e-05,08421000200000001,08,421,00
RURAL,084210002000000010986000000000,08421000200010986000,,0,5.60986721917e-06,08421000200000001,08,421,00
RURAL,084210002000000010245000000000,08421000200010245000,,0,0.0002012999125,08421000200000001,08,421,00
RURAL,084210002000000010014000000000,08421000200010014000,,0,8.44272173561e-05,08421000200000001,08,421,00
RURAL,084210003000000010059000000000,08421000300010059000,,0,1.75186564784e-05,08421000000000000,08,421,00
RURAL,084210001000000010040000000000,08421000100010040000,,0,5.44414878693e-05,08421000000000000,08,421,00
RURAL,084210001000000010557000000000,08421000100010557000,,0,2.38985303867e-05,08421000000000000,08,421,00
RURAL,084210001000000010039000000000,08421000100010039000,,0,1.58293067311e-05,08421000000000000,08,421,00
RURAL,084210001000000010558000000000,08421000100010558000,,0,1.45470455507e-06,08421000000000000,08,421,00
RURAL,084210001000000010045000000000,08421000100010045000,,0,1.28081898669e-05,08421000000000000,08,421,00
RURAL,084210001000000010197000000000,08421000100010197000,,0,7.4590720793e-06,08421000000000000,08,421,00
RURAL,084210001000000010205000000000,08421000100010205000,,0,1.60781000666e-05,08421000000000000,08,421,00
RURAL,084210001000000010210000000000,08421000100010210000,,0,1.95811460212e-05,08421000000000000,08,421,00
RURAL,084210001000000010201000000000,08421000100010201000,,0,2.01758937538e-05,08421000000000000,08,421,00
RURAL,084210001000000010031000000000,08421000100010031000,,0,2.12064224315e-05,08421000000000000,08,421,00
RURAL,084210001000000010038000000000,08421000100010038000,,0,2.3309219275e-05,08421000000000000,08,421,00
RURAL,084210001000000010033000000000,08421000100010033000,,0,2.34165704413e-05,08421000000000000,08,421,00
RURAL,084210001000000010466000000000,08421000100010466000,,0,2.68888194568e-05,08421000000000000,08,421,00
RURAL,084210001000000010200000000000,08421000100010200000,,0,3.87824283199e-05,08421000000000000,08,421,00
RURAL,084210001000000010206000000000,08421000100010206000,,0,3.33759760013e-05,08421000000000000,08,421,00
RURAL,084210001000000010050000000000,08421000100010050000,,0,1.09237519144e-05,08421000000000000,08,421,00
RURAL,084210001000000010029000000000,08421000100010029000,,0,4.11104898805e-06,08421000000000000,08,421,00
RURAL,084210001000000010509000000000,08421000100010509000,,0,4.91380199603e-06,08421000000000000,08,421,00
RURAL,084210001000000010064000000000,08421000100010064000,,0,5.9879037314e-06,08421000000000000,08,421,00
RURAL,084210001000000010054000000000,08421000100010054000,,0,1.22640804459e-05,08421000000000000,08,421,00
RURAL,084210001000000010457000000000,08421000100010457000,,0,1.54543734192e-05,08421000000000000,08,421,00
RURAL,084210001000000010026000000000,08421000100010026000,,0,1.50867894299e-05,08421000000000000,08,421,00
RURAL,084210001000000010027000000000,08421000100010027000,,0,2.34208196263e-05,08421000000000000,08,421,00
RURAL,084210003000000010361000000000,08421000300010361000,,0,3.24736361714e-05,08421000000000000,08,421,00
RURAL,084210003000000010040000000000,08421000300010040000,,0,1.71921806526e-05,08421000000000000,08,421,00
RURAL,084210003000000010138000000000,08421000300010138000,,0,0.000237519032482,08421000000000000,08,421,00
RURAL,084210003000000010035000000000,08421000300010035000,,0,0.0004659804931,08421000000000000,08,421,00
RURAL,084210003000000010047000000000,08421000300010047000,,0,5.143057629e-06,08421000000000000,08,421,00
RURAL,084210003000000010064000000000,08421000300010064000,,0,6.63001140213e-06,08421000000000000,08,421,00
RURAL,084210003000000010049000000000,08421000300010049000,,0,1.06283946113e-05,08421000000000000,08,421,00
RURAL,084210003000000010091000000000,08421000300010091000,,0,1.5229270331e-06,08421000000000000,08,421,00
RURAL,084210003000000010092000000000,08421000300010092000,,0,1.74035944709e-06,08421000000000000,08,421,00
RURAL,084210003000000010359000000000,08421000300010359000,,0,2.6177407721e-06,08421000000000000,08,421,00
RURAL,084210003000000010062000000000,08421000300010062000,,0,5.62883370343e-06,08421000000000000,08,421,00
RURAL,084210003000000010089000000000,08421000300010089000,,0,6.30501897186e-06,08421000000000000,08,421,00
RURAL,084210003000000010094000000000,08421000300010094000,,0,6.9084946592e-06,08421000000000000,08,421,00
RURAL,084210003000000010360000000000,08421000300010360000,,0,7.18570439333e-06,08421000000000000,08,421,00
RURAL,084210003000000010093000000000,08421000300010093000,,0,7.27931347138e-06,08421000000000000,08,421,00
RURAL,084210003000000010144000000000,08421000300010144000,,0,1.2344315516e-05,08421000000000000,08,421,00
RURAL,084210003000000010087000000000,08421000300010087000,,0,9.94555047348e-06,08421000000000000,08,421,00
RURAL,084210003000000010068000000000,08421000300010068000,,0,1.53176844605e-05,08421000000000000,08,421,00
RURAL,084210003000000010070000000000,08421000300010070000,,0,1.81243742829e-05,08421000000000000,08,421,00
RURAL,084210003000000010086000000000,08421000300010086000,,0,1.04760173106e-05,08421000000000000,08,421,00
RURAL,084210003000000010069000000000,08421000300010069000,,0,1.98057005235e-05,08421000000000000,08,421,00
RURAL,084210003000000010088000000000,08421000300010088000,,0,2.09720414854e-05,08421000000000000,08,421,00
RURAL,084210003000000010067000000000,08421000300010067000,,0,2.28846025608e-05,08421000000000000,08,421,00
RURAL,084210003000000010066000000000,08421000300010066000,,0,5.35340702806e-05,08421000000000000,08,421,00
RURAL,084210003000000010065000000000,08421000300010065000,,0,4.43611080092e-05,08421000000000000,08,421,00
RURAL,084210003000000010063000000000,08421000300010063000,,0,3.19278055253e-05,08421000000000000,08,421,00
RURAL,084210003000000010071000000000,08421000300010071000,,0,2.99307980306e-05,08421000000000000,08,421,00
RURAL,084210001000000010035000000000,08421000100010035000,,0,1.03809965724e-06,08421000000000000,08,421,00
RURAL,084210001000000010034000000000,08421000100010034000,,0,1.69703936399e-06,08421000000000000,08,421,00
RURAL,084210001000000010047000000000,08421000100010047000,,0,3.05297558331e-06,08421000000000000,08,421,00
RURAL,084210001000000010196000000000,08421000100010196000,,0,2.19852740284e-05,08421000000000000,08,421,00
RURAL,084210001000000010209000000000,08421000100010209000,,0,3.59340148579e-06,08421000000000000,08,421,00
RURAL,084210001000000010208000000000,08421000100010208000,,0,3.74927840221e-06,08421000000000000,08,421,00
RURAL,084210001000000010032000000000,08421000100010032000,,0,3.94850938188e-06,08421000000000000,08,421,00
RURAL,084210001000000010464000000000,08421000100010464000,,0,4.07120365313e-06,08421000000000000,08,421,00
RURAL,084210001000000010036000000000,08421000100010036000,,0,4.38878121826e-06,08421000000000000,08,421,00
RURAL,084210001000000010046000000000,08421000100010046000,,0,4.43669243802e-06,08421000000000000,08,421,00
RURAL,084210001000000010207000000000,08421000100010207000,,0,4.81102927056e-06,08421000000000000,08,421,00
RURAL,084210001000000010463000000000,08421000100010463000,,0,4.83209336896e-06,08421000000000000,08,421,00
RURAL,084210001000000010495000000000,08421000100010495000,,0,5.48890142738e-06,08421000000000000,08,421,00
RURAL,084210001000000010496000000000,08421000100010496000,,0,5.72699443063e-06,08421000000000000,08,421,00
RURAL,084210001000000010489000000000,08421000100010489000,,0,5.78817271831e-06,08421000000000000,08,421,00
RURAL,084210001000000010503000000000,08421000100010503000,,0,5.9216579476e-06,08421000000000000,08,421,00
RURAL,084210001000000010488000000000,08421000100010488000,,0,5.94067396063e-06,08421000000000000,08,421,00
RURAL,084210001000000010494000000000,08421000100010494000,,0,5.96671087877e-06,08421000000000000,08,421,00
RURAL,084210001000000010458000000000,08421000100010458000,,0,5.9868365306e-06,08421000000000000,08,421,00
RURAL,084210001000000010497000000000,08421000100010497000,,0,5.98930321612e-06,08421000000000000,08,421,00
RURAL,084210001000000010492000000000,08421000100010492000,,0,6.01948307682e-06,08421000000000000,08,421,00
RURAL,084210001000000010490000000000,08421000100010490000,,0,6.02110217214e-06,08421000000000000,08,421,00
RURAL,084210001000000010491000000000,08421000100010491000,,0,6.03594016478e-06,08421000000000000,08,421,00
RURAL,084210001000000010498000000000,08421000100010498000,,0,6.04946217689e-06,08421000000000000,08,421,00
RURAL,084210001000000010500000000000,08421000100010500000,,0,6.05193541208e-06,08421000000000000,08,421,00
RURAL,084210001000000010481000000000,08421000100010481000,,0,6.10972975346e-06,08421000000000000,08,421,00
RURAL,084210001000000010501000000000,08421000100010501000,,0,6.11326055476e-06,08421000000000000,08,421,00
RURAL,084210001000000010499000000000,08421000100010499000,,0,6.12768815926e-06,08421000000000000,08,421,00
RURAL,084210001000000010484000000000,08421000100010484000,,0,6.14839904053e-06,08421000000000000,08,421,00
RURAL,084210001000000010485000000000,08421000100010485000,,0,6.16931429123e-06,08421000000000000,08,421,00
RURAL,084210001000000010487000000000,08421000100010487000,,0,6.20820935101e-06,08421000000000000,08,421,00
RURAL,084210001000000010480000000000,08421000100010480000,,0,6.21479917207e-06,08421000000000000,08,421,00
RURAL,084210001000000010479000000000,08421000100010479000,,0,6.28084866358e-06,08421000000000000,08,421,00
RURAL,084210001000000010505000000000,08421000100010505000,,0,6.28422433681e-06,08421000000000000,08,421,00
RURAL,084210001000000010486000000000,08421000100010486000,,0,6.29943130385e-06,08421000000000000,08,421,00
RURAL,084210001000000010483000000000,08421000100010483000,,0,6.17043814976e-06,08421000000000000,08,421,00
RURAL,084210001000000010493000000000,08421000100010493000,,0,6.73781474193e-06,08421000000000000,08,421,00
RURAL,084210001000000010476000000000,08421000100010476000,,0,7.76968807422e-06,08421000000000000,08,421,00
RURAL,084210001000000010474000000000,08421000100010474000,,0,7.58602443952e-06,08421000000000000,08,421,00
RURAL,084210001000000010478000000000,08421000100010478000,,0,8.08118211758e-06,08421000000000000,08,421,00
RURAL,084210001000000010506000000000,08421000100010506000,,0,8.22871976975e-06,08421000000000000,08,421,00
RURAL,084210001000000010477000000000,08421000100010477000,,0,8.29325582616e-06,08421000000000000,08,421,00
RURAL,084210001000000010482000000000,08421000100010482000,,0,7.41598003711e-06,08421000000000000,08,421,00
RURAL,084210001000000010475000000000,08421000100010475000,,0,7.77524805381e-06,08421000000000000,08,421,00
RURAL,084210001000000010202000000000,08421000100010202000,,0,7.59116840114e-06,08421000000000000,08,421,00
RURAL,084210001000000010037000000000,08421000100010037000,,0,7.84313947519e-06,08421000000000000,08,421,00
RURAL,084210001000000010195000000000,08421000100010195000,,0,6.21577366158e-05,08421000000000000,08,421,00
RURAL,084210001000000010203000000000,08421000100010203000,,0,8.28587060255e-06,08421000000000000,08,421,00
RURAL,084210001000000010192000000000,08421000100010192000,,0,9.30063409354e-05,08421000000000000,08,421,00
RURAL,084210001000000010041000000000,08421000100010041000,,0,1.12709734927e-05,08421000000000000,08,421,00
RURAL,084210001000000010204000000000,08421000100010204000,,0,6.55461488498e-06,08421000000000000,08,421,00
RURAL,084210001000000010504000000000,08421000100010504000,,0,6.35568065659e-06,08421000000000000,08,421,00
RURAL,084210001000000010056000000000,08421000100010056000,,0,8.81088997605e-06,08421000000000000,08,421,00
RURAL,084210001000000010030000000000,08421000100010030000,,0,5.10672625067e-05,08421000000000000,08,421,00
RURAL,084210001000000010168000000000,08421000100010168000,,0,3.75146263059e-06,08421000000000000,08,421,00
RURAL,084210001000000010188000000000,08421000100010188000,,0,2.64640770782e-05,08421000000000000,08,421,00
RURAL,084210001000000010049000000000,08421000100010049000,,0,5.90043662211e-06,08421000000000000,08,421,00
RURAL,084210001000000010172000000000,08421000100010172000,,0,1.40195893056e-05,08421000000000000,08,421,00
RURAL,084210001000000010059000000000,08421000100010059000,,0,1.00934287534e-05,08421000000000000,08,421,00
RURAL,084210001000000010554000000000,08421000100010554000,,0,1.11189833943e-05,08421000000000000,08,421,00
RURAL,084210001000000010173000000000,08421000100010173000,,0,1.44102871011e-05,08421000000000000,08,421,00
RURAL,084210001000000010055000000000,08421000100010055000,,0,1.38833200759e-05,08421000000000000,08,421,00
RURAL,084210001000000010462000000000,08421000100010462000,,0,1.52658738002e-05,08421000000000000,08,421,00
RURAL,084210001000000010465000000000,08421000100010465000,,0,1.54553108874e-05,08421000000000000,08,421,00
RURAL,084210001000000010063000000000,08421000100010063000,,0,1.60777353832e-05,08421000000000000,08,421,00
RURAL,084210001000000010169000000000,08421000100010169000,,0,1.618770716e-05,08421000000000000,08,421,00
RURAL,084210001000000010058000000000,08421000100010058000,,0,1.66202132254e-05,08421000000000000,08,421,00
RURAL,084210001000000010057000000000,08421000100010057000,,0,1.78167637215e-05,08421000000000000,08,421,00
RURAL,084210001000000010028000000000,08421000100010028000,,0,1.89216869618e-05,08421000000000000,08,421,00
RURAL,084210001000000010051000000000,08421000100010051000,,0,2.57585677151e-05,08421000000000000,08,421,00
RURAL,084210001000000010170000000000,08421000100010170000,,0,2.6232204069e-05,08421000000000000,08,421,00
RURAL,084210001000000010198000000000,08421000100010198000,,0,2.85177714218e-05,08421000000000000,08,421,00
RURAL,084210001000000010052000000000,08421000100010052000,,0,3.12969813766e-05,08421000000000000,08,421,00
RURAL,084210001000000010053000000000,08421000100010053000,,0,3.40189099375e-05,08421000000000000,08,421,00
RURAL,084210001000000010048000000000,08421000100010048000,,0,3.59062215086e-05,08421000000000000,08,421,00
RURAL,084210001000000010199000000000,08421000100010199000,,0,9.80136108698e-05,08421000000000000,08,421,00
RURAL,084210001000000010191000000000,08421000100010191000,,0,1.11320488079e-06,08421000000000000,08,421,00
RURAL,084210001000000010193000000000,08421000100010193000,,0,1.26526278837e-05,08421000000000000,08,421,00
RURAL,084210001000000010194000000000,08421000100010194000,,0,4.49570603845e-05,08421000000000000,08,421,00
RURAL,084210001000000010180000000000,08421000100010180000,,0,1.72628855371e-05,08421000000000000,08,421,00
RURAL,084210001000000010184000000000,08421000100010184000,,0,1.67184683295e-05,08421000000000000,08,421,00
RURAL,084210001000000010187000000000,08421000100010187000,,0,1.73275373142e-05,08421000000000000,08,421,00
RURAL,084210001000000010175000000000,08421000100010175000,,0,2.39593148115e-05,08421000000000000,08,421,00
RURAL,084210001000000010183000000000,08421000100010183000,,0,2.04350291635e-05,08421000000000000,08,421,00
RURAL,084210001000000010181000000000,08421000100010181000,,0,2.20875999779e-05,08421000000000000,08,421,00
RURAL,084210001000000010186000000000,08421000100010186000,,0,2.33347629009e-05,08421000000000000,08,421,00
RURAL,084210001000000010185000000000,08421000100010185000,,0,2.38091455023e-05,08421000000000000,08,421,00
RURAL,084210001000000010182000000000,08421000100010182000,,0,2.71132374389e-05,08421000000000000,08,421,00
RURAL,084210001000000010178000000000,08421000100010178000,,0,5.57579761163e-05,08421000000000000,08,421,00
RURAL,084210003000000010357000000000,08421000300010357000,,0,1.19167719467e-05,08421000000000000,08,421,00
RURAL,084210003000000010358000000000,08421000300010358000,,0,1.07116279371e-05,08421000000000000,08,421,00
RURAL,084210001000000010467000000000,08421000100010467000,,0,6.0233257128e-06,08421000000000000,08,421,00
RURAL,084210001000000010502000000000,08421000100010502000,,0,5.82100617939e-06,08421000000000000,08,421,00
RURAL,084210001000000010061000000000,08421000100010061000,,0,2.23638260536e-06,08421000000000000,08,421,00
RURAL,084210001000000010060000000000,08421000100010060000,,0,4.20233599032e-06,08421000000000000,08,421,00
RURAL,084210001000000010062000000000,08421000100010062000,,0,8.29756953417e-06,08421000000000000,08,421,00
RURAL,084210001000000010562000000000,08421000100010562000,,0,3.71226764283e-06,08421000000000000,08,421,00
RURAL,084210001000000010555000000000,08421000100010555000,,0,5.76622142554e-06,08421000000000000,08,421,00
RURAL,084210001000000010556000000000,08421000100010556000,,0,1.19652750583e-05,08421000000000000,08,421,00
RURAL,084210003000000010351000000000,08421000300010351000,,0,5.2737256827e-06,08421000000000000,08,421,00
RURAL,084210001000000010575000000000,08421000100010575000,,0,1.57440307589e-05,08421000000000000,08,421,00
RURAL,084210001000000010569000000000,08421000100010569000,,0,9.15876737918e-06,08421000000000000,08,421,00
RURAL,084210001000000010567000000000,08421000100010567000,,0,3.97055887396e-06,08421000000000000,08,421,00
RURAL,084210001000000010568000000000,08421000100010568000,,0,2.16259568318e-05,08421000000000000,08,421,00
RURAL,084210001000000010573000000000,08421000100010573000,,0,6.12009660729e-05,08421000000000000,08,421,00
RURAL,084210001000000010574000000000,08421000100010574000,,0,1.57973164293e-05,08421000000000000,08,421,00
RURAL,084210001000000010593000000000,08421000100010593000,,0,3.16226107564e-05,08421000000000000,08,421,00
RURAL,084210001000000010578000000000,08421000100010578000,,0,1.24329147158e-05,08421000000000000,08,421,00
RURAL,084210001000000010580000000000,08421000100010580000,,0,9.60265375824e-06,08421000000000000,08,421,00
RURAL,084210001000000010577000000000,08421000100010577000,,0,7.78160897295e-06,08421000000000000,08,421,00
RURAL,084210001000000010582000000000,08421000100010582000,,0,3.79479707925e-06,08421000000000000,08,421,00
RURAL,084210001000000010579000000000,08421000100010579000,,0,5.16900087254e-06,08421000000000000,08,421,00
RURAL,084210001000000010583000000000,08421000100010583000,,0,1.57992002553e-05,08421000000000000,08,421,00
RURAL,084210001000000010581000000000,08421000100010581000,,0,3.86337370852e-06,08421000000000000,08,421,00
RURAL,084210001000000010576000000000,08421000100010576000,,0,1.14636605186e-05,08421000000000000,08,421,00
RURAL,084210001000000010586000000000,08421000100010586000,,0,1.66215996613e-05,08421000000000000,08,421,00
RURAL,084210001000000010584000000000,08421000100010584000,,0,6.74737322092e-05,08421000000000000,08,421,00
RURAL,084210001000000010585000000000,08421000100010585000,,0,1.79802663658e-05,08421000000000000,08,421,00
RURAL,084210001000000010587000000000,08421000100010587000,,0,2.05805713958e-05,08421000000000000,08,421,00
RURAL,084210001000000010588000000000,08421000100010588000,,0,4.0559645217e-06,08421000000000000,08,421,00
RURAL,084210001000000010589000000000,08421000100010589000,,0,5.94368860064e-05,08421000000000000,08,421,00
RURAL,084210001000000010590000000000,08421000100010590000,,0,3.38401083358e-05,08421000000000000,08,421,00
RURAL,084210001000000010592000000000,08421000100010592000,,0,3.39484270773e-06,08421000000000000,08,421,00
RURAL,084210001000000010591000000000,08421000100010591000,,0,3.66152355626e-05,08421000000000000,08,421,00
RURAL,084210001000000010595000000000,08421000100010595000,,0,3.35945436707e-05,08421000000000000,08,421,00
RURAL,084210001000000010594000000000,08421000100010594000,,0,1.02281296508e-05,08421000000000000,08,421,00
RURAL,084210001000000010563000000000,08421000100010563000,,0,5.62531395461e-06,08421000000000000,08,421,00
RURAL,084210003000000010352000000000,08421000300010352000,,0,8.20980981893e-06,08421000000000000,08,421,00
RURAL,084210003000000010350000000000,08421000300010350000,,0,1.5711136902e-05,08421000000000000,08,421,00
RURAL,084210003000000010348000000000,08421000300010348000,,0,1.14857386342e-05,08421000000000000,08,421,00
RURAL,084210003000000010106000000000,08421000300010106000,,0,0.000225993600606,08421000000000000,08,421,00
RURAL,084210003000000010143000000000,08421000300010143000,,0,1.24878468961e-05,08421000000000000,08,421,00
RURAL,084210003000000010369000000000,08421000300010369000,,0,5.26588443839e-06,08421000000000000,08,421,00
RURAL,084210003000000010036000000000,08421000300010036000,,0,6.85603920811e-05,08421000000000000,08,421,00
RURAL,084210003000000010140000000000,08421000300010140000,,0,5.58139151697e-06,08421000300000001,08,421,00
RURAL,084210003000000010050000000000,08421000300010050000,,0,2.42464782831e-05,08421000300000001,08,421,00
RURAL,084210003000000010057000000000,08421000300010057000,,0,7.43510758568e-07,08421000300000001,08,421,00
RURAL,084210003000000010052000000000,08421000300010052000,,0,1.44080162203e-05,08421000300000001,08,421,00
RURAL,084210003000000010142000000000,08421000300010142000,,0,3.57911246663e-06,08421000300000001,08,421,00
RURAL,084210003000000010061000000000,08421000300010061000,,0,4.28902544588e-06,08421000300000001,08,421,00
RURAL,084210003000000010056000000000,08421000300010056000,,0,2.17980651195e-05,08421000300000001,08,421,00
RURAL,084210003000000010054000000000,08421000300010054000,,0,5.97985521552e-06,08421000300000001,08,421,00
RURAL,084210003000000010058000000000,08421000300010058000,,0,2.12358062648e-05,08421000300000001,08,421,00
RURAL,084210003000000010060000000000,08421000300010060000,,0,2.972788185e-05,08421000300000001,08,421,00
RURAL,084210003000000010053000000000,08421000300010053000,,0,0.000200258787735,08421000300000001,08,421,00
RURAL,084210003000000010372000000000,08421000300010372000,,0,1.07525377268e-05,08421000300000001,08,421,00
RURAL,084210003000000010038000000000,08421000300010038000,,0,4.80054969156e-05,08421000300000001,08,421,00
RURAL,084210003000000010139000000000,08421000300010139000,,0,0.000205994124256,08421000300000001,08,421,00
RURAL,084210003000000010370000000000,08421000300010370000,,0,1.01807813152e-05,08421000300000001,08,421,00
RURAL,084210003000000010048000000000,08421000300010048000,,0,4.34819852414e-06,08421000300000001,08,421,00
RURAL,084210003000000010371000000000,08421000300010371000,,0,1.07564973959e-05,08421000300000001,08,421,00
RURAL,084210003000000010051000000000,08421000300010051000,,0,1.73449790079e-05,08421000300000001,08,421,00
RURAL,084210003000000010373000000000,08421000300010373000,,0,3.75235040484e-05,08421000300000001,08,421,00
RURAL,084210001000000010066000000000,08421000100010066000,,0,6.46574809671e-06,08421000000000000,08,421,00
RURAL,084210001000000010065000000000,08421000100010065000,,0,1.09907278879e-05,08421000000000000,08,421,00
RURAL,084210001000000010024000000000,08421000100010024000,,0,3.22039014473e-05,08421000000000000,08,421,00
RURAL,084210003000000010145000000000,08421000300010145000,,0,0.000449590317297,08421000000000000,08,421,00
RURAL,084210003000000010075000000000,08421000300010075000,,0,9.72206886183e-05,08421000000000000,08,421,00
RURAL,084210003000000010073000000000,08421000300010073000,,0,3.82878371657e-05,08421000000000000,08,421,00
RURAL,084210003000000010074000000000,08421000300010074000,,0,6.21266406413e-05,08421000000000000,08,421,00
RURAL,084210003000000010356000000000,08421000300010356000,,0,2.43221593996e-06,08421000000000000,08,421,00
RURAL,084210003000000010085000000000,08421000300010085000,,0,4.94207145147e-05,08421000000000000,08,421,00
RURAL,084210003000000010148000000000,08421000300010148000,,0,1.32583780784e-05,08421000000000000,08,421,00
RURAL,084210003000000010072000000000,08421000300010072000,,0,4.19226173651e-05,08421000000000000,08,421,00
RURAL,084210003000000010147000000000,08421000300010147000,,0,1.59858850422e-05,08421000000000000,08,421,00
RURAL,084210003000000010146000000000,08421000300010146000,,0,3.37933967835e-06,08421000000000000,08,421,00
RURAL,084210001000000010025000000000,08421000100010025000,,0,4.4627382465e-05,08421000000000000,08,421,00
RURAL,084210001000000010171000000000,08421000100010171000,,0,1.56998980904e-05,08421000000000000,08,421,00
RURAL,084210001000000010167000000000,08421000100010167000,,0,5.44653459372e-05,08421000000000000,08,421,00
RURAL,084210001000000010174000000000,08421000100010174000,,0,8.98545919285e-05,08421000000000000,08,421,00
RURAL,084210001000000010179000000000,08421000100010179000,,0,0.000210524497527,08421000000000000,08,421,00
RURAL,084210001000000010164000000000,08421000100010164000,,0,0.000196420329344,08421000000000000,08,421,00
RURAL,084210003000000010084000000000,08421000300010084000,,0,1.25544059064e-05,08421000000000000,08,421,00
RURAL,084210001000000010177000000000,08421000100010177000,,0,3.43929776342e-05,08421000000000000,08,421,00
RURAL,084210001000000010213000000000,08421000100010213000,,0,0.000323659296186,08421000000000000,08,421,00
RURAL,084210003000000010034000000000,08421000300010034000,,0,0.00033406378827,08421000000000000,08,421,00
RURAL,084210003000000010349000000000,08421000300010349000,,0,0.000611853994171,08421000000000000,08,421,00
