{"type":"FeatureCollection","features":[{"type":"Feature","properties":{"codigo":"15001","municipio":"Tunja","provincia":"Centro","predios_urbanos_igac":27858,"predios_rurales_igac":4365,"area_km2":119.76,"area_urbana_ha":1242.83,"pct_urbano":10.378,"pct_rural":89.622,"pct_de_boyaca":0.518,"jerarquia_urbana":2,"categoria_urbana":"Ciudad principal","valor_agregado":5163.71,"empresas_matriculadas":2419,"empresas_renovadas":9184,"empresas_canceladas":2483,"comfaboy_empresas":5001,"comfaboy_empleos":65805,"pob_0_6":15738,"pob_7_14":21335,"pob_15_17":9257,"pob_18_26":30856,"pob_27_59":85441,"pob_60_mas":24659,"hombres":88641,"mujeres":98645,"poblacion":187286,"captaciones":277708.88,"colocaciones":2643042.41,"finagro":82321.27,"bancoldex":9876.03,"icm_puesto":7,"produccion_agricola_ton":106100.35,"bovinos":10538,"icfes":290.45,"matricula_escolar":35538,"establecimientos_educativos":125,"ips":648,"camas":855,"regimen_contributivo":136796,"regimen_especial":12650,"regimen_subsidiado":68998,"acueductos":19,"riesgo_agua":"Sin riesgo","eventos_riesgo":27,"densidad_hab_km2":1563.84,"valor_agregado_por_hab_millones":27.571,"pred_urbanos":27858,"pred_vivienda_rural":163,"pred_agropecuarios":4199,"pred_atipicos":3,"ha_urbana_predios":1082.66,"ha_vivienda_rural":2.85,"ha_agropecuaria":9449.28},"geometry":{"type":"Polygon","coordinates":[[[-73.34114,5.58398],[-73.34253,5.58303],[-73.34496,5.57896],[-73.3456,5.57679],[-73.3495,5.57725],[-73.35123,5.57459],[-73.35281,5.57512],[-73.35433,5.57259],[-73.35615,5.57259],[-73.35708,5.56762],[-73.35839,5.56586],[-73.3588,5.56405],[-73.36153,5.55897],[-73.36204,5.55567],[-73.36366,5.55824],[-73.36518,5.5581],[-73.36565,5.55911],[-73.36952,5.559],[-73.37102,5.55805],[-73.37153,5.5586],[-73.3725,5.55832],[-73.37372,5.55914],[-73.37887,5.55831],[-73.37914,5.55891],[-73.37961,5.55869],[-73.38175,5.55957],[-73.38198,5.56045],[-73.38492,5.56156],[-73.38626,5.56026],[-73.38679,5.56069],[-73.38823,5.55954],[-73.38838,5.55891],[-73.38908,5.55896],[-73.3909,5.55734],[-73.39281,5.55796],[-73.39418,5.55981],[-73.39486,5.55972],[-73.39606,5.56086],[-73.39831,5.56042],[-73.39964,5.55953],[-73.40039,5.55964],[-73.40225,5.56187],[-73.40391,5.56259],[-73.40556,5.56236],[-73.40573,5.56284],[-73.40776,5.56372],[-73.40836,5.56507],[-73.40943,5.56533],[-73.41006,5.56651],[-73.41198,5.5669],[-73.41416,5.56454],[-73.41521,5.5641],[-73.41606,5.56445],[-73.41773,5.56359],[-73.41905,5.56215],[-73.42205,5.56104],[-73.42595,5.55726],[-73.42666,5.55447],[-73.42487,5.54628],[-73.42342,5.5444],[-73.42256,5.5401],[-73.42345,5.5383],[-73.42341,5.53521],[-73.4239,5.53387],[-73.42339,5.53355],[-73.42515,5.52981],[-73.41521,5.52249],[-73.4135,5.51976],[-73.41274,5.51544],[-73.41036,5.51177],[-73.40998,5.51232],[-73.4076,5.51041],[-73.41177,5.50647],[-73.41217,5.50546],[-73.41617,5.50382],[-73.41665,5.50059],[-73.41765,5.50026],[-73.42051,5.49388],[-73.42435,5.49239],[-73.43021,5.48668],[-73.43232,5.48587],[-73.4364,5.48173],[-73.43752,5.47831],[-73.44727,5.46908],[-73.44694,5.46696],[-73.44307,5.46416],[-73.44369,5.46361],[-73.44322,5.4624],[-73.44108,5.46277],[-73.44082,5.46155],[-73.43927,5.46151],[-73.4391,5.46034],[-73.438,5.46006],[-73.43878,5.45822],[-73.43796,5.4577],[-73.43757,5.45609],[-73.43664,5.45654],[-73.43589,5.45464],[-73.43462,5.45364],[-73.43449,5.45242],[-73.43322,5.45211],[-73.433,5.45308],[-73.43149,5.45284],[-73.43132,5.45108],[-73.43093,5.45082],[-73.42761,5.45],[-73.42593,5.45068],[-73.42454,5.44899],[-73.42244,5.44932],[-73.42156,5.44898],[-73.42113,5.44637],[-73.41913,5.44774],[-73.41686,5.44795],[-73.41471,5.44902],[-73.41437,5.45038],[-73.41058,5.45275],[-73.40763,5.45137],[-73.40659,5.4514],[-73.40597,5.45057],[-73.40415,5.4497],[-73.40307,5.45083],[-73.40262,5.45472],[-73.40005,5.45622],[-73.39891,5.4576],[-73.39889,5.45839],[-73.39614,5.4582],[-73.39439,5.45664],[-73.38799,5.45904],[-73.37352,5.46679],[-73.36589,5.47346],[-73.36119,5.47411],[-73.35928,5.47709],[-73.35375,5.48171],[-73.3528,5.48507],[-73.34992,5.48848],[-73.34848,5.49235],[-73.35064,5.49246],[-73.35202,5.49466],[-73.35761,5.49822],[-73.35443,5.50149],[-73.35289,5.50579],[-73.35098,5.50862],[-73.34951,5.50992],[-73.34724,5.51436],[-73.34343,5.51851],[-73.34027,5.52656],[-73.33981,5.52668],[-73.33894,5.5257],[-73.33629,5.52491],[-73.33509,5.52405],[-73.3237,5.52596],[-73.32266,5.52675],[-73.32291,5.52772],[-73.32111,5.52895],[-73.32049,5.53018],[-73.32032,5.53452],[-73.3212,5.53478],[-73.31955,5.54084],[-73.31964,5.54343],[-73.30808,5.54324],[-73.30657,5.54909],[-73.30475,5.55182],[-73.30468,5.55343],[-73.30567,5.55478],[-73.30395,5.56135],[-73.30454,5.56201],[-73.30444,5.56351],[-73.30598,5.56716],[-73.30608,5.5687],[-73.30692,5.56923],[-73.30709,5.571],[-73.30892,5.57325],[-73.30947,5.57306],[-73.3105,5.57433],[-73.31242,5.57426],[-73.31408,5.57589],[-73.31486,5.57606],[-73.31495,5.57659],[-73.31625,5.57726],[-73.31599,5.57805],[-73.31648,5.57957],[-73.31748,5.58026],[-73.31804,5.57951],[-73.31878,5.58036],[-73.31992,5.58036],[-73.32152,5.58323],[-73.32436,5.58149],[-73.3249,5.58042],[-73.32599,5.58022],[-73.32667,5.57919],[-73.32733,5.58024],[-73.32923,5.57836],[-73.32973,5.57668],[-73.3312,5.57682],[-73.33143,5.57538],[-73.33555,5.57873],[-73.33697,5.57923],[-73.33591,5.58096],[-73.33894,5.58388],[-73.34011,5.58308],[-73.34114,5.58398]]]}},{"type":"Feature","properties":{"codigo":"15022","municipio":"Almeida","provincia":"Oriente","predios_urbanos_igac":248,"predios_rurales_igac":1850,"area_km2":57.7,"area_urbana_ha":20.2,"pct_urbano":0.35,"pct_rural":99.65,"pct_de_boyaca":0.249,"jerarquia_urbana":94,"categoria_urbana":"Núcleo urbano básico","valor_agregado":31.67,"empresas_matriculadas":20,"empresas_renovadas":47,"empresas_canceladas":6,"comfaboy_empresas":7,"comfaboy_empleos":22,"pob_0_6":136,"pob_7_14":175,"pob_15_17":72,"pob_18_26":187,"pob_27_59":801,"pob_60_mas":677,"hombres":1079,"mujeres":969,"poblacion":2048,"captaciones":33305.34,"colocaciones":154.04,"finagro":1601.94,"bancoldex":61.77,"icm_puesto":null,"produccion_agricola_ton":4337.15,"bovinos":2436,"icfes":260,"matricula_escolar":199,"establecimientos_educativos":1,"ips":1,"camas":0,"regimen_contributivo":170,"regimen_especial":2,"regimen_subsidiado":1131,"acueductos":3,"riesgo_agua":"Medio","eventos_riesgo":6,"densidad_hab_km2":35.49,"valor_agregado_por_hab_millones":15.464,"pred_urbanos":248,"pred_vivienda_rural":6,"pred_agropecuarios":1844,"pred_atipicos":0,"ha_urbana_predios":17.6,"ha_vivienda_rural":0.13,"ha_agropecuaria":5718.25},"geometry":{"type":"Polygon","coordinates":[[[-73.37421,5.01612],[-73.37693,5.01591],[-73.37776,5.0122],[-73.3775,5.00861],[-73.37846,5.00723],[-73.3799,5.00724],[-73.38113,5.00615],[-73.38257,5.00307],[-73.38259,5.00117],[-73.38198,5.00004],[-73.38221,4.99914],[-73.38577,4.99776],[-73.38655,4.99643],[-73.38623,4.99403],[-73.38698,4.99276],[-73.38796,4.99228],[-73.38871,4.99073],[-73.38843,4.98787],[-73.38998,4.98561],[-73.39089,4.98078],[-73.39156,4.98035],[-73.39208,4.98112],[-73.39304,4.98043],[-73.39359,4.97776],[-73.39409,4.97733],[-73.39367,4.97607],[-73.39525,4.97513],[-73.39605,4.97396],[-73.39596,4.97333],[-73.39677,4.97208],[-73.39671,4.97033],[-73.39839,4.96932],[-73.39879,4.96801],[-73.39943,4.96758],[-73.40175,4.96166],[-73.40223,4.96189],[-73.40308,4.96144],[-73.4037,4.95906],[-73.40462,4.95789],[-73.40645,4.95737],[-73.40724,4.95618],[-73.40845,4.95614],[-73.41194,4.95342],[-73.41305,4.9521],[-73.41314,4.95031],[-73.41437,4.9497],[-73.41426,4.94894],[-73.41524,4.94939],[-73.41631,4.94902],[-73.41718,4.9493],[-73.41836,4.94815],[-73.41846,4.9475],[-73.42164,4.9461],[-73.42273,4.94506],[-73.42541,4.93974],[-73.42658,4.93859],[-73.42651,4.93765],[-73.42814,4.93469],[-73.43152,4.93063],[-73.43314,4.92935],[-73.43324,4.92798],[-73.43462,4.92477],[-73.43633,4.92345],[-73.43667,4.92082],[-73.43822,4.91867],[-73.43831,4.90888],[-73.4392,4.90724],[-73.43793,4.90648],[-73.43248,4.90537],[-73.42895,4.90404],[-73.42208,4.90507],[-73.41906,4.90501],[-73.41586,4.90623],[-73.40913,4.90578],[-73.40724,4.90692],[-73.40499,4.91017],[-73.40358,4.91559],[-73.40237,4.91808],[-73.40127,4.91906],[-73.3957,4.9221],[-73.39254,4.92228],[-73.39085,4.92052],[-73.38722,4.92085],[-73.38581,4.9233],[-73.38411,4.92495],[-73.37999,4.92702],[-73.37695,4.92777],[-73.37461,4.92944],[-73.3715,4.93409],[-73.37097,4.93588],[-73.36871,4.93963],[-73.36815,4.94007],[-73.36453,4.93955],[-73.36209,4.94081],[-73.35844,4.94405],[-73.35549,4.94864],[-73.35447,4.95085],[-73.35434,4.95567],[-73.35337,4.95926],[-73.35383,4.96145],[-73.35268,4.96422],[-73.35211,4.96801],[-73.35087,4.9704],[-73.34305,4.97681],[-73.35007,4.98197],[-73.35227,4.98489],[-73.35293,4.98918],[-73.35613,4.9941],[-73.35544,4.99868],[-73.35554,5.00238],[-73.35602,5.00342],[-73.36023,5.00672],[-73.36137,5.00817],[-73.36161,5.00956],[-73.36445,5.01426],[-73.36672,5.01346],[-73.37143,5.01376],[-73.37421,5.01612]]]}},{"type":"Feature","properties":{"codigo":"15047","municipio":"Aquitania","provincia":"Sugamuxi","predios_urbanos_igac":1887,"predios_rurales_igac":19833,"area_km2":941.77,"area_urbana_ha":93.15,"pct_urbano":0.099,"pct_rural":99.901,"pct_de_boyaca":4.072,"jerarquia_urbana":22,"categoria_urbana":"Centro urbano local","valor_agregado":582.07,"empresas_matriculadas":98,"empresas_renovadas":389,"empresas_canceladas":11,"comfaboy_empresas":45,"comfaboy_empleos":355,"pob_0_6":1843,"pob_7_14":2197,"pob_15_17":784,"pob_18_26":2097,"pob_27_59":6915,"pob_60_mas":2644,"hombres":8444,"mujeres":8036,"poblacion":16480,"captaciones":21602.76,"colocaciones":47614.09,"finagro":35963.1,"bancoldex":217.17,"icm_puesto":53,"produccion_agricola_ton":87274.09,"bovinos":17330,"icfes":242.33,"matricula_escolar":2669,"establecimientos_educativos":5,"ips":3,"camas":7,"regimen_contributivo":927,"regimen_especial":29,"regimen_subsidiado":12552,"acueductos":7,"riesgo_agua":"Medio","eventos_riesgo":19,"densidad_hab_km2":17.5,"valor_agregado_por_hab_millones":35.32,"pred_urbanos":1887,"pred_vivienda_rural":1659,"pred_agropecuarios":18173,"pred_atipicos":1,"ha_urbana_predios":80.64,"ha_vivienda_rural":31.68,"ha_agropecuaria":91031.68},"geometry":{"type":"Polygon","coordinates":[[[-72.7638,5.64513],[-72.76836,5.64459],[-72.77008,5.64389],[-72.7709,5.64292],[-72.77195,5.6429],[-72.77341,5.64174],[-72.77507,5.64142],[-72.77739,5.63955],[-72.77785,5.63964],[-72.77777,5.63818],[-72.77827,5.63758],[-72.78056,5.6363],[-72.78154,5.635],[-72.78248,5.63491],[-72.78261,5.63421],[-72.78327,5.63404],[-72.78298,5.63314],[-72.78356,5.63216],[-72.78502,5.63109],[-72.78541,5.63138],[-72.78805,5.62904],[-72.78909,5.62714],[-72.78915,5.62612],[-72.79032,5.62495],[-72.79005,5.62364],[-72.79162,5.62198],[-72.79127,5.62199],[-72.79142,5.62014],[-72.79206,5.61993],[-72.795,5.61622],[-72.79598,5.61361],[-72.79624,5.61112],[-72.79719,5.6102],[-72.79699,5.60888],[-72.79851,5.60808],[-72.79826,5.6072],[-72.79866,5.60605],[-72.7999,5.60542],[-72.80064,5.60351],[-72.80156,5.60317],[-72.80167,5.60204],[-72.80298,5.60023],[-72.80294,5.59951],[-72.80354,5.59917],[-72.80382,5.59795],[-72.80542,5.59678],[-72.80721,5.59312],[-72.80784,5.59267],[-72.80902,5.58788],[-72.81049,5.58566],[-72.81041,5.58415],[-72.81106,5.5837],[-72.81198,5.5853],[-72.81501,5.58621],[-72.81665,5.58734],[-72.81878,5.5866],[-72.81964,5.58698],[-72.82029,5.58849],[-72.82145,5.5896],[-72.82325,5.58977],[-72.82504,5.59129],[-72.8282,5.59203],[-72.83019,5.59305],[-72.83057,5.59375],[-72.83319,5.59324],[-72.83645,5.59616],[-72.83817,5.59578],[-72.84074,5.59661],[-72.84191,5.59602],[-72.8426,5.5966],[-72.84375,5.59616],[-72.84649,5.59777],[-72.84623,5.59937],[-72.84744,5.60012],[-72.84941,5.59993],[-72.84965,5.60032],[-72.85305,5.59984],[-72.85572,5.60001],[-72.85692,5.60065],[-72.85891,5.6004],[-72.85984,5.60069],[-72.86081,5.60193],[-72.86413,5.60145],[-72.86726,5.60223],[-72.87385,5.60513],[-72.87866,5.60572],[-72.88013,5.60682],[-72.88254,5.60636],[-72.88378,5.60878],[-72.88828,5.6108],[-72.88869,5.61155],[-72.89304,5.61444],[-72.89629,5.61401],[-72.89534,5.61301],[-72.89545,5.61064],[-72.8962,5.60926],[-72.89835,5.60772],[-72.89818,5.6067],[-72.89963,5.60251],[-72.89963,5.59964],[-72.90031,5.59814],[-72.89983,5.59652],[-72.90008,5.59068],[-72.89912,5.58658],[-72.89841,5.58584],[-72.89861,5.58523],[-72.90083,5.58399],[-72.90188,5.58253],[-72.90228,5.58146],[-72.90172,5.58008],[-72.92576,5.56724],[-72.922,5.55925],[-72.92074,5.55372],[-72.92104,5.5465],[-72.92374,5.53759],[-72.9297,5.52839],[-72.9423,5.51228],[-72.95563,5.49864],[-72.9563,5.49674],[-72.95982,5.49231],[-72.96192,5.48753],[-72.96171,5.48507],[-72.96273,5.48168],[-72.96327,5.48073],[-72.96492,5.47983],[-72.96739,5.47277],[-72.96882,5.47037],[-72.9709,5.46919],[-72.97321,5.46984],[-72.97596,5.46878],[-72.98518,5.46688],[-72.98818,5.4641],[-72.99145,5.45983],[-72.99192,5.45792],[-72.9882,5.44903],[-72.98663,5.44189],[-72.98792,5.43861],[-72.9926,5.43377],[-72.99299,5.43142],[-72.99199,5.42881],[-72.99213,5.42699],[-72.99316,5.42564],[-72.99584,5.4192],[-72.9968,5.41816],[-73.00083,5.41614],[-73.00266,5.41448],[-73.00743,5.40496],[-73.00909,5.39934],[-73.01195,5.39712],[-73.01282,5.39582],[-73.01218,5.39484],[-73.01015,5.3945],[-73.00861,5.39352],[-73.0086,5.39031],[-73.00966,5.38688],[-73.01043,5.3862],[-73.01397,5.38564],[-73.01625,5.38462],[-73.02073,5.38071],[-73.02472,5.37582],[-73.02974,5.37119],[-73.0336,5.37093],[-73.03454,5.37044],[-73.03802,5.36536],[-73.04311,5.36016],[-73.04642,5.35382],[-73.04659,5.35013],[-73.04471,5.34518],[-73.04488,5.34093],[-73.04402,5.33811],[-73.04272,5.33612],[-73.0424,5.33153],[-73.04073,5.32969],[-73.04013,5.32788],[-73.04079,5.32546],[-73.04441,5.32378],[-73.04653,5.32138],[-73.04165,5.31419],[-73.04202,5.31075],[-73.03997,5.30857],[-73.02805,5.29992],[-73.02887,5.29302],[-73.02841,5.28758],[-73.0231,5.27838],[-73.01709,5.27102],[-73.01584,5.26779],[-73.01438,5.26575],[-73.01122,5.26223],[-73.00899,5.26074],[-73.0054,5.25977],[-72.99977,5.25951],[-72.99807,5.25901],[-72.99643,5.25713],[-72.99524,5.25443],[-72.99503,5.24857],[-72.99541,5.24463],[-73.00023,5.23786],[-73.00428,5.22843],[-73.00567,5.22684],[-73.00739,5.22123],[-73.01009,5.21581],[-73.01006,5.21452],[-73.00363,5.21145],[-72.9993,5.21174],[-72.99629,5.20965],[-72.99332,5.20871],[-72.98813,5.20408],[-72.98581,5.19863],[-72.98283,5.19627],[-72.98207,5.19606],[-72.97916,5.19689],[-72.97661,5.19655],[-72.97503,5.19687],[-72.97354,5.19793],[-72.97211,5.20036],[-72.97036,5.20186],[-72.965,5.20444],[-72.958,5.2099],[-72.95546,5.21077],[-72.95112,5.21329],[-72.95014,5.21326],[-72.94496,5.21025],[-72.94287,5.21035],[-72.94119,5.21167],[-72.93526,5.21327],[-72.93484,5.21177],[-72.93645,5.21112],[-72.93672,5.21054],[-72.93491,5.20924],[-72.93491,5.20763],[-72.93706,5.20699],[-72.93751,5.20553],[-72.93733,5.20412],[-72.93521,5.20553],[-72.93318,5.20575],[-72.93142,5.20681],[-72.92888,5.20746],[-72.92806,5.2093],[-72.92622,5.21041],[-72.92522,5.21301],[-72.92326,5.21534],[-72.92325,5.22131],[-72.92276,5.22316],[-72.91808,5.22823],[-72.91467,5.23756],[-72.91127,5.24414],[-72.89805,5.2589],[-72.89621,5.26208],[-72.89502,5.26531],[-72.89482,5.26849],[-72.89537,5.27309],[-72.89176,5.28132],[-72.89184,5.28637],[-72.89373,5.2889],[-72.89977,5.29256],[-72.90073,5.29409],[-72.90068,5.29534],[-72.8997,5.29939],[-72.89569,5.30692],[-72.89292,5.31089],[-72.89165,5.31159],[-72.88968,5.31366],[-72.88914,5.31523],[-72.88778,5.31613],[-72.88929,5.32047],[-72.88931,5.3235],[-72.88831,5.32577],[-72.88943,5.32955],[-72.88953,5.33154],[-72.88867,5.33411],[-72.88621,5.33678],[-72.88464,5.34225],[-72.88297,5.34376],[-72.88194,5.34742],[-72.87841,5.34992],[-72.8807,5.35065],[-72.88461,5.34988],[-72.88575,5.35165],[-72.88651,5.35452],[-72.88569,5.3588],[-72.88271,5.36323],[-72.88162,5.36188],[-72.8757,5.35743],[-72.87347,5.35693],[-72.86861,5.35287],[-72.86643,5.35258],[-72.8665,5.35022],[-72.86565,5.34759],[-72.86706,5.34386],[-72.86687,5.34065],[-72.85984,5.34035],[-72.8554,5.34191],[-72.85455,5.34322],[-72.85345,5.34391],[-72.85281,5.34654],[-72.85072,5.35001],[-72.84969,5.35122],[-72.84564,5.35402],[-72.84452,5.35831],[-72.84176,5.36359],[-72.84031,5.36358],[-72.8382,5.36557],[-72.83614,5.36589],[-72.83421,5.36683],[-72.82907,5.3664],[-72.82536,5.36896],[-72.82071,5.37013],[-72.81712,5.3739],[-72.81211,5.378],[-72.81338,5.38043],[-72.81498,5.3808],[-72.81393,5.38515],[-72.81096,5.38669],[-72.80842,5.39076],[-72.80643,5.39235],[-72.8051,5.39425],[-72.80209,5.39524],[-72.79842,5.39541],[-72.7978,5.39581],[-72.79677,5.39924],[-72.7983,5.40241],[-72.79748,5.40716],[-72.79834,5.41051],[-72.7971,5.41605],[-72.79494,5.41826],[-72.79165,5.42355],[-72.78962,5.42868],[-72.78495,5.43706],[-72.7822,5.43917],[-72.78011,5.43945],[-72.77916,5.44219],[-72.77151,5.44946],[-72.76256,5.45515],[-72.75852,5.45662],[-72.75673,5.45875],[-72.7539,5.46362],[-72.74994,5.46743],[-72.74411,5.47034],[-72.73778,5.47045],[-72.73658,5.47089],[-72.73537,5.47249],[-72.73248,5.47481],[-72.73088,5.4776],[-72.72845,5.48014],[-72.72797,5.48452],[-72.72717,5.48674],[-72.72674,5.48706],[-72.72298,5.48549],[-72.71985,5.48618],[-72.71618,5.48384],[-72.7131,5.48421],[-72.7113,5.48241],[-72.71093,5.48032],[-72.70879,5.48],[-72.70754,5.47901],[-72.70738,5.47749],[-72.7085,5.47468],[-72.70737,5.47214],[-72.70819,5.46977],[-72.70776,5.4685],[-72.70861,5.46722],[-72.70838,5.46335],[-72.70617,5.46],[-72.70633,5.45937],[-72.70872,5.45718],[-72.70777,5.45396],[-72.70783,5.45275],[-72.70597,5.45205],[-72.70546,5.44936],[-72.70409,5.44694],[-72.70395,5.44523],[-72.70218,5.44479],[-72.70136,5.44305],[-72.70003,5.44221],[-72.69661,5.44199],[-72.6953,5.44005],[-72.69525,5.43928],[-72.69331,5.44114],[-72.68649,5.44427],[-72.68516,5.44652],[-72.68515,5.44764],[-72.68339,5.44799],[-72.68117,5.45008],[-72.6785,5.45121],[-72.67784,5.45089],[-72.67749,5.44955],[-72.67436,5.4484],[-72.66876,5.44403],[-72.66677,5.4416],[-72.66622,5.4403],[-72.66746,5.43754],[-72.66713,5.43607],[-72.65243,5.44931],[-72.65909,5.45271],[-72.66678,5.46002],[-72.66942,5.46606],[-72.67172,5.46887],[-72.67359,5.47283],[-72.67827,5.4789],[-72.67946,5.48114],[-72.6827,5.49069],[-72.68216,5.49224],[-72.68014,5.49402],[-72.67179,5.49543],[-72.66453,5.49756],[-72.65992,5.49961],[-72.65821,5.4996],[-72.65633,5.50075],[-72.65535,5.50738],[-72.65628,5.51175],[-72.65603,5.52068],[-72.65852,5.52952],[-72.66253,5.53878],[-72.66894,5.53653],[-72.6712,5.53886],[-72.67687,5.54251],[-72.68235,5.54414],[-72.68396,5.54622],[-72.68724,5.55513],[-72.68953,5.55967],[-72.69165,5.5596],[-72.69298,5.55762],[-72.69914,5.55646],[-72.70291,5.55883],[-72.70423,5.55903],[-72.70657,5.5603],[-72.71207,5.55923],[-72.71424,5.5577],[-72.71548,5.55765],[-72.71647,5.5582],[-72.71889,5.55765],[-72.72063,5.55831],[-72.72528,5.55853],[-72.73811,5.56222],[-72.745,5.56474],[-72.74386,5.56706],[-72.74489,5.56909],[-72.74462,5.57024],[-72.74206,5.57115],[-72.74111,5.5727],[-72.73862,5.57449],[-72.73382,5.58084],[-72.73162,5.58465],[-72.72966,5.59186],[-72.7306,5.59314],[-72.73036,5.59356],[-72.7261,5.5989],[-72.7237,5.60068],[-72.71984,5.60561],[-72.71291,5.60937],[-72.71019,5.61432],[-72.70811,5.61624],[-72.70866,5.61628],[-72.70982,5.61791],[-72.71203,5.61938],[-72.7133,5.62498],[-72.71656,5.62499],[-72.72233,5.62151],[-72.72431,5.6187],[-72.72896,5.6172],[-72.73172,5.61732],[-72.73247,5.61601],[-72.73459,5.61419],[-72.73563,5.61448],[-72.73647,5.6137],[-72.74005,5.60895],[-72.74322,5.6096],[-72.7448,5.61081],[-72.74532,5.61389],[-72.74724,5.6173],[-72.74654,5.61996],[-72.74652,5.62415],[-72.74598,5.62667],[-72.74678,5.62899],[-72.74899,5.63063],[-72.75192,5.6308],[-72.75252,5.63238],[-72.75307,5.63781],[-72.75399,5.63865],[-72.75665,5.63914],[-72.76181,5.63837],[-72.76286,5.63893],[-72.76343,5.64022],[-72.7631,5.64466],[-72.7638,5.64513]]]}},{"type":"Feature","properties":{"codigo":"15051","municipio":"Arcabuco","provincia":"Ricaurte","predios_urbanos_igac":754,"predios_rurales_igac":2897,"area_km2":137.91,"area_urbana_ha":51.65,"pct_urbano":0.375,"pct_rural":99.625,"pct_de_boyaca":0.596,"jerarquia_urbana":38,"categoria_urbana":"Centro urbano local","valor_agregado":197.19,"empresas_matriculadas":55,"empresas_renovadas":256,"empresas_canceladas":48,"comfaboy_empresas":52,"comfaboy_empleos":293,"pob_0_6":661,"pob_7_14":808,"pob_15_17":306,"pob_18_26":889,"pob_27_59":2666,"pob_60_mas":1011,"hombres":3171,"mujeres":3170,"poblacion":6341,"captaciones":276411.87,"colocaciones":26679.39,"finagro":8464.56,"bancoldex":124.57,"icm_puesto":null,"produccion_agricola_ton":66302.74,"bovinos":9506,"icfes":256,"matricula_escolar":1011,"establecimientos_educativos":1,"ips":4,"camas":0,"regimen_contributivo":967,"regimen_especial":5,"regimen_subsidiado":3668,"acueductos":5,"riesgo_agua":"Medio","eventos_riesgo":2,"densidad_hab_km2":45.98,"valor_agregado_por_hab_millones":31.098,"pred_urbanos":754,"pred_vivienda_rural":163,"pred_agropecuarios":2734,"pred_atipicos":0,"ha_urbana_predios":44.74,"ha_vivienda_rural":2.12,"ha_agropecuaria":13611.45},"geometry":{"type":"Polygon","coordinates":[[[-73.51248,5.84701],[-73.5131,5.84695],[-73.51293,5.84492],[-73.51132,5.84318],[-73.5104,5.8432],[-73.50993,5.84152],[-73.50843,5.83996],[-73.50651,5.83677],[-73.50625,5.83474],[-73.50676,5.83325],[-73.50774,5.83218],[-73.51093,5.83358],[-73.51402,5.83158],[-73.51205,5.82987],[-73.51071,5.82725],[-73.5096,5.82694],[-73.50825,5.8253],[-73.5057,5.82374],[-73.50288,5.82008],[-73.50015,5.81842],[-73.49833,5.81648],[-73.49707,5.81205],[-73.49401,5.80979],[-73.49134,5.8086],[-73.48651,5.80328],[-73.49565,5.79028],[-73.49864,5.78703],[-73.50008,5.78644],[-73.4974,5.78274],[-73.49812,5.78122],[-73.50001,5.77944],[-73.50055,5.77798],[-73.49926,5.77389],[-73.50081,5.77268],[-73.5031,5.76708],[-73.50326,5.76533],[-73.50661,5.76174],[-73.50879,5.75731],[-73.50848,5.75462],[-73.50773,5.75328],[-73.50584,5.75271],[-73.50246,5.74927],[-73.49854,5.74938],[-73.49686,5.74684],[-73.49424,5.7459],[-73.49388,5.74539],[-73.49601,5.74388],[-73.49637,5.74263],[-73.49879,5.73951],[-73.50039,5.73522],[-73.50099,5.73176],[-73.50415,5.72797],[-73.50438,5.72695],[-73.50617,5.72501],[-73.50728,5.72477],[-73.50507,5.71846],[-73.50407,5.71688],[-73.50343,5.71636],[-73.50077,5.71761],[-73.49989,5.71749],[-73.49961,5.71798],[-73.49081,5.72086],[-73.48661,5.72305],[-73.47728,5.72241],[-73.47746,5.72063],[-73.47653,5.71685],[-73.4752,5.71679],[-73.47362,5.71798],[-73.47028,5.71888],[-73.4681,5.72065],[-73.46672,5.7211],[-73.46611,5.72217],[-73.46614,5.72349],[-73.464,5.72558],[-73.45942,5.72692],[-73.45579,5.72545],[-73.45176,5.72561],[-73.44997,5.72051],[-73.4484,5.71833],[-73.4444,5.71586],[-73.4421,5.71336],[-73.43731,5.71134],[-73.43243,5.70827],[-73.43219,5.70732],[-73.42934,5.70448],[-73.42809,5.70457],[-73.42535,5.70712],[-73.42402,5.7077],[-73.42345,5.70773],[-73.42299,5.70651],[-73.42174,5.70565],[-73.41861,5.7071],[-73.41612,5.70697],[-73.41396,5.70826],[-73.41311,5.7108],[-73.4111,5.71228],[-73.40841,5.71192],[-73.40695,5.71253],[-73.40581,5.71234],[-73.4034,5.71384],[-73.40077,5.71445],[-73.39929,5.70911],[-73.3992,5.70665],[-73.39764,5.70255],[-73.39427,5.69862],[-73.39028,5.69706],[-73.38786,5.69515],[-73.38741,5.69317],[-73.38583,5.6933],[-73.38519,5.6903],[-73.38353,5.68767],[-73.38306,5.68555],[-73.38362,5.68294],[-73.38359,5.67855],[-73.38329,5.6776],[-73.38224,5.67664],[-73.38241,5.67585],[-73.3815,5.67548],[-73.3818,5.67256],[-73.36955,5.66854],[-73.36349,5.66505],[-73.36238,5.66384],[-73.36021,5.66476],[-73.35911,5.66608],[-73.35556,5.66835],[-73.35039,5.66873],[-73.34731,5.6704],[-73.34594,5.67371],[-73.34396,5.67575],[-73.34434,5.67881],[-73.34184,5.67973],[-73.34574,5.68191],[-73.34793,5.68501],[-73.34841,5.69111],[-73.34957,5.69327],[-73.34946,5.69491],[-73.35037,5.69724],[-73.35312,5.70117],[-73.3549,5.70208],[-73.35588,5.70361],[-73.35575,5.70463],[-73.35723,5.70449],[-73.35889,5.70534],[-73.36058,5.70529],[-73.36235,5.7047],[-73.36259,5.70406],[-73.3652,5.70378],[-73.36611,5.70668],[-73.36568,5.7074],[-73.36602,5.7091],[-73.36658,5.70968],[-73.36671,5.71152],[-73.36786,5.71376],[-73.36781,5.715],[-73.37037,5.71712],[-73.37206,5.7172],[-73.3724,5.71765],[-73.3722,5.71994],[-73.37301,5.72081],[-73.37545,5.72034],[-73.37592,5.72074],[-73.37611,5.72036],[-73.3761,5.72082],[-73.37645,5.72062],[-73.3767,5.72108],[-73.37621,5.72227],[-73.37693,5.72282],[-73.37811,5.72281],[-73.37863,5.7237],[-73.37909,5.72363],[-73.37695,5.73043],[-73.37702,5.73463],[-73.37592,5.73714],[-73.37429,5.73853],[-73.37406,5.74166],[-73.37446,5.74317],[-73.37782,5.744],[-73.37962,5.74565],[-73.3796,5.74677],[-73.37882,5.74813],[-73.37688,5.74914],[-73.37984,5.75189],[-73.37973,5.75643],[-73.38098,5.75819],[-73.38173,5.76053],[-73.38597,5.75418],[-73.38932,5.75119],[-73.39048,5.75107],[-73.39371,5.75393],[-73.39569,5.75712],[-73.39729,5.75838],[-73.3982,5.75891],[-73.39985,5.75876],[-73.40284,5.76037],[-73.40995,5.76234],[-73.41225,5.76398],[-73.41509,5.76732],[-73.41712,5.76864],[-73.41877,5.76853],[-73.42442,5.76621],[-73.42645,5.76581],[-73.43003,5.7665],[-73.43187,5.76873],[-73.43206,5.77081],[-73.43182,5.77141],[-73.42902,5.77292],[-73.42787,5.7741],[-73.42713,5.77637],[-73.42831,5.77891],[-73.43186,5.78191],[-73.43193,5.78348],[-73.43067,5.78488],[-73.43005,5.78688],[-73.43019,5.78993],[-73.43146,5.793],[-73.43589,5.7982],[-73.43929,5.80036],[-73.44891,5.80335],[-73.45243,5.80734],[-73.45966,5.81324],[-73.46538,5.81397],[-73.47348,5.81683],[-73.47156,5.8216],[-73.47688,5.82785],[-73.48248,5.82899],[-73.48438,5.82809],[-73.48803,5.83012],[-73.4923,5.83058],[-73.49295,5.83109],[-73.49318,5.83318],[-73.49265,5.83501],[-73.49118,5.8367],[-73.49154,5.83887],[-73.4925,5.83815],[-73.49321,5.83859],[-73.49413,5.8384],[-73.49422,5.84019],[-73.4959,5.84004],[-73.49975,5.84349],[-73.50058,5.84351],[-73.50139,5.84229],[-73.50314,5.84438],[-73.50411,5.84357],[-73.50554,5.84355],[-73.50733,5.84408],[-73.51248,5.84701]]]}},{"type":"Feature","properties":{"codigo":"15087","municipio":"Belén","provincia":"Tundama","predios_urbanos_igac":2203,"predios_rurales_igac":5877,"area_km2":163.01,"area_urbana_ha":100.12,"pct_urbano":0.614,"pct_rural":99.386,"pct_de_boyaca":0.705,"jerarquia_urbana":19,"categoria_urbana":"Centro urbano menor","valor_agregado":143.42,"empresas_matriculadas":64,"empresas_renovadas":408,"empresas_canceladas":40,"comfaboy_empresas":85,"comfaboy_empleos":493,"pob_0_6":709,"pob_7_14":970,"pob_15_17":377,"pob_18_26":1025,"pob_27_59":3263,"pob_60_mas":1643,"hombres":3826,"mujeres":4161,"poblacion":7987,"captaciones":61876.08,"colocaciones":43310.13,"finagro":11682.2,"bancoldex":685.02,"icm_puesto":null,"produccion_agricola_ton":13083.74,"bovinos":15814,"icfes":267.5,"matricula_escolar":1500,"establecimientos_educativos":4,"ips":7,"camas":0,"regimen_contributivo":1789,"regimen_especial":19,"regimen_subsidiado":4777,"acueductos":4,"riesgo_agua":"Medio","eventos_riesgo":1,"densidad_hab_km2":49.0,"valor_agregado_por_hab_millones":17.957,"pred_urbanos":2203,"pred_vivienda_rural":24,"pred_agropecuarios":5853,"pred_atipicos":0,"ha_urbana_predios":84.88,"ha_vivienda_rural":0.46,"ha_agropecuaria":27517.91},"geometry":{"type":"Polygon","coordinates":[[[-72.92175,6.09759],[-72.92337,6.09835],[-72.92368,6.09724],[-72.92279,6.09587],[-72.92277,6.08793],[-72.92487,6.08594],[-72.92772,6.08605],[-72.93261,6.08493],[-72.93574,6.07911],[-72.93515,6.07692],[-72.93711,6.07669],[-72.94,6.07716],[-72.94345,6.077],[-72.94455,6.07651],[-72.94738,6.0708],[-72.9519,6.06851],[-72.95337,6.06635],[-72.95387,6.06459],[-72.95301,6.0629],[-72.95245,6.05967],[-72.95496,6.05392],[-72.95376,6.05236],[-72.95327,6.0508],[-72.95364,6.04751],[-72.95497,6.04581],[-72.9582,6.04386],[-72.96012,6.0434],[-72.96066,6.04277],[-72.96087,6.04072],[-72.95888,6.03839],[-72.96131,6.0341],[-72.96149,6.03101],[-72.96266,6.02743],[-72.9704,6.02212],[-72.96945,6.01681],[-72.96695,6.01408],[-72.96764,6.01028],[-72.96614,6.0079],[-72.96294,6.00479],[-72.96062,6.00368],[-72.95869,6.00181],[-72.95798,6.00064],[-72.95797,5.99653],[-72.95681,5.99582],[-72.95442,5.99581],[-72.95217,5.99364],[-72.95062,5.9905],[-72.94985,5.98684],[-72.94927,5.98633],[-72.94913,5.98536],[-72.94788,5.98435],[-72.9474,5.98192],[-72.94659,5.98219],[-72.94592,5.98109],[-72.94491,5.98126],[-72.94461,5.98068],[-72.94333,5.9804],[-72.94284,5.97918],[-72.93969,5.97665],[-72.93889,5.97698],[-72.93801,5.97634],[-72.93675,5.97657],[-72.93591,5.97535],[-72.93488,5.97497],[-72.93435,5.97349],[-72.93268,5.97203],[-72.93098,5.97136],[-72.93341,5.96914],[-72.92745,5.9643],[-72.92582,5.96375],[-72.9195,5.9573],[-72.91698,5.9565],[-72.9164,5.95543],[-72.91711,5.95246],[-72.91691,5.9494],[-72.91451,5.94565],[-72.91411,5.94411],[-72.91093,5.9426],[-72.90851,5.94264],[-72.90644,5.942],[-72.90324,5.9427],[-72.89941,5.94163],[-72.89875,5.94124],[-72.89845,5.94024],[-72.8972,5.93961],[-72.8953,5.93963],[-72.89408,5.93906],[-72.89389,5.938],[-72.89183,5.93587],[-72.89086,5.93592],[-72.88988,5.9353],[-72.8886,5.93819],[-72.8869,5.93878],[-72.88544,5.94051],[-72.88451,5.93957],[-72.88269,5.93993],[-72.8822,5.94119],[-72.88037,5.94268],[-72.87967,5.94546],[-72.87848,5.94609],[-72.87743,5.94803],[-72.87316,5.9422],[-72.86828,5.94025],[-72.85832,5.94708],[-72.85389,5.94848],[-72.85351,5.95129],[-72.85301,5.95129],[-72.85319,5.95314],[-72.85233,5.95454],[-72.85054,5.95579],[-72.84562,5.95608],[-72.84232,5.95711],[-72.84082,5.95785],[-72.83882,5.96023],[-72.83656,5.96186],[-72.83492,5.96174],[-72.83376,5.96381],[-72.83392,5.96667],[-72.8326,5.96988],[-72.83112,5.97204],[-72.82859,5.97434],[-72.82722,5.97459],[-72.825,5.97372],[-72.82348,5.97393],[-72.82095,5.97536],[-72.81831,5.97802],[-72.81701,5.97774],[-72.81511,5.97932],[-72.81341,5.97965],[-72.81266,5.98232],[-72.80955,5.98669],[-72.80285,5.99097],[-72.8013,5.9909],[-72.80021,5.99223],[-72.79878,5.99275],[-72.7964,5.99484],[-72.79373,5.99999],[-72.79299,6.00337],[-72.79141,6.00655],[-72.79313,6.00824],[-72.79518,6.0125],[-72.79608,6.01549],[-72.79577,6.01903],[-72.79707,6.01916],[-72.79846,6.01673],[-72.79881,6.0171],[-72.80389,6.01673],[-72.8059,6.01811],[-72.80676,6.01786],[-72.80798,6.01922],[-72.80865,6.02255],[-72.81028,6.02173],[-72.81093,6.022],[-72.8109,6.0239],[-72.81241,6.02322],[-72.81445,6.02122],[-72.81681,6.0163],[-72.81853,6.01527],[-72.81934,6.01557],[-72.82217,6.01301],[-72.82425,6.01243],[-72.82413,6.01027],[-72.82636,6.01231],[-72.82855,6.0131],[-72.83233,6.01188],[-72.83332,6.01084],[-72.83843,6.01488],[-72.83936,6.0131],[-72.84105,6.01213],[-72.84091,6.01082],[-72.84526,6.00876],[-72.84647,6.00713],[-72.84738,6.00742],[-72.84797,6.00885],[-72.85107,6.00916],[-72.85291,6.01105],[-72.85468,6.01103],[-72.85511,6.01181],[-72.85687,6.0116],[-72.85954,6.0125],[-72.86084,6.01232],[-72.86206,6.01304],[-72.86367,6.01567],[-72.8654,6.01657],[-72.86675,6.01984],[-72.86927,6.02155],[-72.87045,6.02322],[-72.86898,6.03109],[-72.87087,6.03544],[-72.87037,6.03675],[-72.8709,6.03928],[-72.87403,6.04171],[-72.8768,6.04298],[-72.87994,6.0439],[-72.8834,6.04379],[-72.88528,6.04435],[-72.88602,6.0453],[-72.88661,6.04746],[-72.88871,6.04833],[-72.88955,6.04923],[-72.89073,6.04946],[-72.89288,6.05153],[-72.89462,6.05212],[-72.89539,6.05353],[-72.89602,6.05655],[-72.89867,6.05777],[-72.90085,6.06111],[-72.90455,6.06354],[-72.90619,6.06567],[-72.90719,6.0685],[-72.9078,6.06869],[-72.90813,6.06977],[-72.9092,6.07021],[-72.91054,6.0724],[-72.91221,6.0739],[-72.91444,6.0744],[-72.91493,6.0754],[-72.91597,6.07598],[-72.91756,6.08016],[-72.91678,6.08161],[-72.91772,6.08447],[-72.91685,6.08633],[-72.91698,6.08757],[-72.91765,6.08824],[-72.92064,6.09648],[-72.92175,6.09759]]]}},{"type":"Feature","properties":{"codigo":"15090","municipio":"Berbeo","provincia":"Lengupá","predios_urbanos_igac":225,"predios_rurales_igac":999,"area_km2":58.02,"area_urbana_ha":12.01,"pct_urbano":0.207,"pct_rural":99.793,"pct_de_boyaca":0.251,"jerarquia_urbana":110,"categoria_urbana":"Núcleo urbano básico","valor_agregado":39.6,"empresas_matriculadas":12,"empresas_renovadas":32,"empresas_canceladas":0,"comfaboy_empresas":7,"comfaboy_empleos":24,"pob_0_6":139,"pob_7_14":181,"pob_15_17":70,"pob_18_26":158,"pob_27_59":659,"pob_60_mas":493,"hombres":852,"mujeres":848,"poblacion":1700,"captaciones":12599.65,"colocaciones":69.58,"finagro":1983.99,"bancoldex":11.4,"icm_puesto":null,"produccion_agricola_ton":2983.6,"bovinos":4164,"icfes":277,"matricula_escolar":201,"establecimientos_educativos":1,"ips":1,"camas":0,"regimen_contributivo":181,"regimen_especial":null,"regimen_subsidiado":1106,"acueductos":3,"riesgo_agua":"Alto","eventos_riesgo":null,"densidad_hab_km2":29.3,"valor_agregado_por_hab_millones":23.294,"pred_urbanos":225,"pred_vivienda_rural":1,"pred_agropecuarios":998,"pred_atipicos":0,"ha_urbana_predios":9.83,"ha_vivienda_rural":0.03,"ha_agropecuaria":5829.18},"geometry":{"type":"Polygon","coordinates":[[[-73.06448,5.29208],[-73.06388,5.30057],[-73.07273,5.2955],[-73.07445,5.29493],[-73.08575,5.28786],[-73.0905,5.28587],[-73.09477,5.28492],[-73.10068,5.28182],[-73.10473,5.27872],[-73.10792,5.27721],[-73.10994,5.27429],[-73.11126,5.27102],[-73.11201,5.27037],[-73.11654,5.27053],[-73.11841,5.26878],[-73.12398,5.26121],[-73.1267,5.254],[-73.1309,5.25088],[-73.13277,5.24859],[-73.13408,5.24833],[-73.13613,5.24677],[-73.13707,5.24311],[-73.1382,5.2421],[-73.13966,5.24178],[-73.14118,5.24001],[-73.14317,5.23868],[-73.14478,5.23595],[-73.14572,5.23552],[-73.14685,5.23201],[-73.14845,5.2302],[-73.14821,5.22902],[-73.14602,5.22727],[-73.14452,5.22404],[-73.14197,5.22382],[-73.13925,5.21931],[-73.13655,5.21832],[-73.13484,5.21472],[-73.13282,5.21278],[-73.13134,5.21202],[-73.12926,5.20881],[-73.12624,5.20768],[-73.12309,5.20769],[-73.1216,5.20608],[-73.11924,5.20468],[-73.11867,5.20292],[-73.11495,5.20254],[-73.10896,5.19804],[-73.10391,5.19297],[-73.10285,5.19146],[-73.10285,5.19072],[-73.10489,5.18677],[-73.10483,5.18519],[-73.10241,5.18176],[-73.10196,5.17897],[-73.09859,5.17245],[-73.0979,5.17204],[-73.09818,5.17013],[-73.09378,5.16805],[-73.08905,5.16072],[-73.08715,5.16089],[-73.08285,5.16012],[-73.07761,5.16242],[-73.07626,5.1641],[-73.07266,5.16657],[-73.07204,5.16759],[-73.0725,5.16894],[-73.06647,5.18582],[-73.06971,5.18739],[-73.07111,5.18957],[-73.07161,5.19089],[-73.07145,5.19311],[-73.07274,5.19557],[-73.07267,5.19639],[-73.07354,5.19736],[-73.07434,5.19777],[-73.0768,5.19745],[-73.07771,5.19686],[-73.0778,5.19589],[-73.08007,5.19982],[-73.08038,5.20148],[-73.08422,5.20057],[-73.0839,5.20202],[-73.08923,5.20235],[-73.08912,5.20328],[-73.09177,5.20438],[-73.09237,5.2036],[-73.09475,5.20502],[-73.09744,5.20761],[-73.10004,5.20868],[-73.10071,5.20974],[-73.10165,5.20977],[-73.10357,5.21805],[-73.1032,5.21842],[-73.10495,5.22082],[-73.10448,5.22178],[-73.10594,5.22224],[-73.10407,5.22404],[-73.10393,5.22761],[-73.1016,5.23124],[-73.10102,5.23316],[-73.10165,5.23846],[-73.10143,5.24064],[-73.09725,5.24326],[-73.09663,5.24421],[-73.09446,5.24513],[-73.09261,5.24746],[-73.08872,5.24891],[-73.08641,5.25064],[-73.08594,5.25179],[-73.08394,5.25361],[-73.0833,5.25518],[-73.0804,5.25581],[-73.0784,5.25781],[-73.07587,5.25834],[-73.07347,5.25974],[-73.07101,5.26357],[-73.07036,5.26725],[-73.06812,5.26978],[-73.06633,5.27402],[-73.06622,5.27506],[-73.06707,5.27753],[-73.06698,5.28013],[-73.06535,5.28515],[-73.06448,5.29208]]]}},{"type":"Feature","properties":{"codigo":"15092","municipio":"Betéitiva","provincia":"Valderrama","predios_urbanos_igac":87,"predios_rurales_igac":3846,"area_km2":101.84,"area_urbana_ha":6.55,"pct_urbano":0.064,"pct_rural":99.936,"pct_de_boyaca":0.44,"jerarquia_urbana":123,"categoria_urbana":"Núcleo urbano básico","valor_agregado":42.39,"empresas_matriculadas":6,"empresas_renovadas":41,"empresas_canceladas":3,"comfaboy_empresas":5,"comfaboy_empleos":25,"pob_0_6":170,"pob_7_14":202,"pob_15_17":80,"pob_18_26":280,"pob_27_59":769,"pob_60_mas":568,"hombres":1015,"mujeres":1054,"poblacion":2069,"captaciones":32857.07,"colocaciones":27.33,"finagro":1720.28,"bancoldex":0,"icm_puesto":null,"produccion_agricola_ton":2023.3,"bovinos":3115,"icfes":271,"matricula_escolar":210,"establecimientos_educativos":2,"ips":1,"camas":0,"regimen_contributivo":302,"regimen_especial":3,"regimen_subsidiado":930,"acueductos":3,"riesgo_agua":"Medio","eventos_riesgo":6,"densidad_hab_km2":20.32,"valor_agregado_por_hab_millones":20.488,"pred_urbanos":87,"pred_vivienda_rural":8,"pred_agropecuarios":3838,"pred_atipicos":0,"ha_urbana_predios":5.86,"ha_vivienda_rural":0.18,"ha_agropecuaria":10182.9},"geometry":{"type":"Polygon","coordinates":[[[-72.81827,5.97801],[-72.82095,5.97536],[-72.82348,5.97393],[-72.825,5.97372],[-72.82722,5.97459],[-72.82859,5.97434],[-72.83112,5.97204],[-72.8326,5.96988],[-72.83392,5.96667],[-72.83376,5.96381],[-72.83492,5.96174],[-72.83656,5.96186],[-72.83882,5.96023],[-72.84082,5.95785],[-72.84232,5.95711],[-72.84562,5.95608],[-72.85054,5.95579],[-72.85233,5.95454],[-72.85319,5.95314],[-72.85301,5.95129],[-72.85351,5.95129],[-72.85389,5.94848],[-72.85832,5.94708],[-72.86828,5.94025],[-72.87316,5.9422],[-72.87743,5.94803],[-72.87848,5.94609],[-72.87967,5.94546],[-72.88037,5.94268],[-72.8822,5.94119],[-72.88269,5.93993],[-72.88451,5.93957],[-72.88544,5.94051],[-72.8869,5.93878],[-72.8886,5.93819],[-72.88943,5.9359],[-72.89015,5.9353],[-72.89086,5.93592],[-72.89183,5.93587],[-72.89389,5.938],[-72.89408,5.93906],[-72.8953,5.93963],[-72.8972,5.93961],[-72.89845,5.94024],[-72.89901,5.94147],[-72.90324,5.9427],[-72.90644,5.942],[-72.90851,5.94264],[-72.91093,5.9426],[-72.91411,5.94411],[-72.91413,5.94488],[-72.9244,5.93106],[-72.92527,5.92858],[-72.92009,5.92156],[-72.9185,5.91841],[-72.91718,5.91789],[-72.91369,5.91803],[-72.90917,5.91654],[-72.90681,5.914],[-72.90609,5.91264],[-72.90729,5.91056],[-72.90712,5.90612],[-72.90499,5.90288],[-72.90376,5.89921],[-72.89781,5.89409],[-72.89393,5.88713],[-72.89289,5.88677],[-72.89261,5.88586],[-72.88988,5.88495],[-72.88719,5.88605],[-72.8813,5.88603],[-72.88038,5.88641],[-72.8769,5.88599],[-72.87559,5.88456],[-72.87239,5.884],[-72.87203,5.88361],[-72.87265,5.88103],[-72.87216,5.87284],[-72.86855,5.87109],[-72.86541,5.86818],[-72.86258,5.86843],[-72.8602,5.86788],[-72.8591,5.86657],[-72.85758,5.86618],[-72.85637,5.86733],[-72.85563,5.87022],[-72.85447,5.87037],[-72.85236,5.87175],[-72.85104,5.87648],[-72.85007,5.8769],[-72.85006,5.87766],[-72.84814,5.87843],[-72.84766,5.87848],[-72.84674,5.87747],[-72.8455,5.87729],[-72.84335,5.8786],[-72.84219,5.87867],[-72.83676,5.87514],[-72.83181,5.87523],[-72.83088,5.87564],[-72.82934,5.87659],[-72.82832,5.8782],[-72.8266,5.87897],[-72.82607,5.88129],[-72.82477,5.88249],[-72.8239,5.88415],[-72.81616,5.89243],[-72.81443,5.89275],[-72.81194,5.89435],[-72.80896,5.89476],[-72.80743,5.89593],[-72.80688,5.89722],[-72.80478,5.8974],[-72.80449,5.89808],[-72.80498,5.8992],[-72.80457,5.90007],[-72.80345,5.90008],[-72.80264,5.89897],[-72.80191,5.89924],[-72.79972,5.90285],[-72.79892,5.90584],[-72.79766,5.90676],[-72.79716,5.91084],[-72.79788,5.91225],[-72.79757,5.9142],[-72.79814,5.91771],[-72.7963,5.91889],[-72.79611,5.91978],[-72.79768,5.92234],[-72.79818,5.92505],[-72.80074,5.9269],[-72.80185,5.92949],[-72.79586,5.93027],[-72.79269,5.93135],[-72.79284,5.93309],[-72.7904,5.93707],[-72.78973,5.94201],[-72.78541,5.94999],[-72.78276,5.95343],[-72.78052,5.95416],[-72.77965,5.95395],[-72.77921,5.95449],[-72.77994,5.95504],[-72.78179,5.95514],[-72.78487,5.95758],[-72.78613,5.96033],[-72.78911,5.96063],[-72.79456,5.96426],[-72.79715,5.96474],[-72.79849,5.96429],[-72.79959,5.96501],[-72.80094,5.96473],[-72.80357,5.96517],[-72.80722,5.96442],[-72.81087,5.96481],[-72.81187,5.96426],[-72.81539,5.96536],[-72.81801,5.97296],[-72.81827,5.97801]]]}},{"type":"Feature","properties":{"codigo":"15097","municipio":"Boavita","provincia":"Norte","predios_urbanos_igac":907,"predios_rurales_igac":4407,"area_km2":145.2,"area_urbana_ha":49.19,"pct_urbano":0.339,"pct_rural":99.661,"pct_de_boyaca":0.628,"jerarquia_urbana":42,"categoria_urbana":"Centro urbano local","valor_agregado":126.9,"empresas_matriculadas":34,"empresas_renovadas":229,"empresas_canceladas":26,"comfaboy_empresas":27,"comfaboy_empleos":374,"pob_0_6":436,"pob_7_14":635,"pob_15_17":239,"pob_18_26":592,"pob_27_59":2030,"pob_60_mas":1490,"hombres":2718,"mujeres":2704,"poblacion":5422,"captaciones":25020.06,"colocaciones":9312.13,"finagro":3387.58,"bancoldex":97.57,"icm_puesto":null,"produccion_agricola_ton":11729.39,"bovinos":8176,"icfes":276,"matricula_escolar":869,"establecimientos_educativos":3,"ips":2,"camas":0,"regimen_contributivo":604,"regimen_especial":51,"regimen_subsidiado":3515,"acueductos":3,"riesgo_agua":"Medio","eventos_riesgo":3,"densidad_hab_km2":37.34,"valor_agregado_por_hab_millones":23.405,"pred_urbanos":907,"pred_vivienda_rural":40,"pred_agropecuarios":4367,"pred_atipicos":0,"ha_urbana_predios":43.04,"ha_vivienda_rural":0.56,"ha_agropecuaria":14359.35},"geometry":{"type":"Polygon","coordinates":[[[-72.65854,6.44323],[-72.66062,6.4432],[-72.66147,6.43977],[-72.66492,6.43684],[-72.66581,6.43263],[-72.66311,6.42992],[-72.66451,6.42555],[-72.66324,6.42154],[-72.66219,6.41976],[-72.65984,6.41833],[-72.65999,6.41604],[-72.65815,6.41357],[-72.65818,6.41267],[-72.65948,6.41117],[-72.65949,6.41016],[-72.65632,6.40618],[-72.65658,6.40469],[-72.65813,6.40348],[-72.65833,6.40272],[-72.65674,6.3995],[-72.6561,6.3948],[-72.65539,6.39349],[-72.65639,6.38858],[-72.65433,6.38552],[-72.65565,6.38119],[-72.65502,6.37691],[-72.6567,6.3745],[-72.65534,6.37163],[-72.6573,6.3653],[-72.65669,6.3602],[-72.65719,6.35898],[-72.65579,6.35647],[-72.65547,6.35156],[-72.65209,6.34206],[-72.65321,6.33958],[-72.65322,6.33834],[-72.65294,6.33749],[-72.65116,6.33689],[-72.65178,6.32888],[-72.64851,6.32587],[-72.64809,6.32428],[-72.64921,6.32134],[-72.64915,6.32014],[-72.64706,6.31849],[-72.64681,6.31654],[-72.64546,6.31575],[-72.64467,6.31389],[-72.64469,6.31227],[-72.64565,6.30897],[-72.64397,6.30469],[-72.64543,6.30002],[-72.64688,6.29198],[-72.64562,6.28932],[-72.64343,6.28841],[-72.64278,6.28739],[-72.64193,6.28285],[-72.64093,6.28169],[-72.64126,6.27915],[-72.64021,6.27733],[-72.63997,6.2759],[-72.64001,6.27358],[-72.64232,6.26863],[-72.64211,6.2675],[-72.64047,6.26585],[-72.64034,6.26514],[-72.64133,6.26373],[-72.64112,6.262],[-72.64183,6.26113],[-72.64152,6.25972],[-72.64184,6.25867],[-72.64098,6.25706],[-72.64105,6.25554],[-72.64278,6.25077],[-72.64247,6.24789],[-72.64058,6.24631],[-72.64023,6.24537],[-72.6415,6.23987],[-72.64126,6.23883],[-72.63997,6.2375],[-72.64056,6.23402],[-72.63882,6.23226],[-72.63872,6.2292],[-72.63621,6.22788],[-72.63519,6.22613],[-72.63504,6.22252],[-72.63558,6.21992],[-72.63431,6.22086],[-72.63229,6.22084],[-72.63146,6.22212],[-72.62924,6.22305],[-72.62707,6.22279],[-72.62455,6.22426],[-72.62333,6.22389],[-72.6215,6.22437],[-72.61932,6.22546],[-72.61857,6.22642],[-72.6178,6.22816],[-72.61849,6.23011],[-72.61818,6.23326],[-72.61645,6.23519],[-72.61417,6.24199],[-72.61071,6.24724],[-72.61116,6.24896],[-72.60943,6.2515],[-72.60815,6.25504],[-72.60744,6.26022],[-72.60518,6.26349],[-72.60572,6.26476],[-72.60487,6.26563],[-72.60467,6.26702],[-72.6024,6.27146],[-72.6021,6.27394],[-72.60267,6.2762],[-72.60217,6.27881],[-72.59826,6.27292],[-72.59239,6.2689],[-72.59063,6.26456],[-72.58736,6.26615],[-72.58303,6.2741],[-72.58212,6.27437],[-72.57968,6.27881],[-72.58117,6.28039],[-72.58107,6.28191],[-72.58428,6.28251],[-72.58275,6.28511],[-72.5828,6.28763],[-72.58386,6.28826],[-72.5854,6.29148],[-72.58396,6.29278],[-72.58389,6.2932],[-72.58457,6.29351],[-72.58456,6.29479],[-72.58419,6.29484],[-72.58412,6.29613],[-72.58299,6.29818],[-72.58319,6.29978],[-72.58586,6.3001],[-72.588,6.2992],[-72.58719,6.30109],[-72.58763,6.30536],[-72.58625,6.30774],[-72.5861,6.30962],[-72.58262,6.3076],[-72.58113,6.30756],[-72.58036,6.30769],[-72.57922,6.30968],[-72.57817,6.31027],[-72.57549,6.31027],[-72.57366,6.30914],[-72.57089,6.30993],[-72.57002,6.31315],[-72.57054,6.31418],[-72.56991,6.31472],[-72.56997,6.31626],[-72.56669,6.32078],[-72.5658,6.32418],[-72.56459,6.32523],[-72.56434,6.32688],[-72.56495,6.32788],[-72.56479,6.3295],[-72.56607,6.32984],[-72.56661,6.32876],[-72.56692,6.32896],[-72.56664,6.33063],[-72.56893,6.33561],[-72.56905,6.33704],[-72.57017,6.338],[-72.57261,6.339],[-72.57375,6.3427],[-72.57446,6.34216],[-72.57547,6.34407],[-72.57656,6.34749],[-72.57569,6.35019],[-72.57657,6.35362],[-72.57877,6.35506],[-72.58085,6.35552],[-72.5827,6.3571],[-72.58487,6.35754],[-72.58672,6.35916],[-72.58796,6.36072],[-72.58902,6.36516],[-72.59056,6.36788],[-72.59186,6.37321],[-72.59284,6.37406],[-72.59436,6.37707],[-72.59599,6.37797],[-72.59706,6.37926],[-72.59717,6.38175],[-72.59771,6.3829],[-72.59735,6.38402],[-72.59762,6.38532],[-72.59657,6.38796],[-72.5967,6.38902],[-72.59594,6.38986],[-72.59719,6.39244],[-72.59487,6.39479],[-72.59775,6.39762],[-72.59764,6.39884],[-72.59858,6.40053],[-72.59956,6.40098],[-72.60098,6.40733],[-72.60165,6.40788],[-72.60254,6.40769],[-72.60206,6.40918],[-72.60262,6.41079],[-72.60676,6.40911],[-72.60911,6.40866],[-72.61207,6.40957],[-72.61476,6.4119],[-72.615,6.41278],[-72.61736,6.41281],[-72.61919,6.41221],[-72.61942,6.41127],[-72.6206,6.41168],[-72.62235,6.41391],[-72.62479,6.41888],[-72.6247,6.42128],[-72.62575,6.42313],[-72.6242,6.42862],[-72.62445,6.43006],[-72.62355,6.43127],[-72.6242,6.43275],[-72.62451,6.43701],[-72.62338,6.43863],[-72.62343,6.4407],[-72.6265,6.44004],[-72.62896,6.44048],[-72.62989,6.43895],[-72.63303,6.43777],[-72.63866,6.43812],[-72.64171,6.43665],[-72.64281,6.43689],[-72.64622,6.43619],[-72.64947,6.43662],[-72.64995,6.43738],[-72.65157,6.4381],[-72.65215,6.43968],[-72.65365,6.44084],[-72.65541,6.44204],[-72.65854,6.44323]]]}},{"type":"Feature","properties":{"codigo":"15104","municipio":"Boyacá","provincia":"Márquez","predios_urbanos_igac":337,"predios_rurales_igac":5174,"area_km2":47.96,"area_urbana_ha":27.22,"pct_urbano":0.568,"pct_rural":99.432,"pct_de_boyaca":0.207,"jerarquia_urbana":80,"categoria_urbana":"Núcleo urbano básico","valor_agregado":192.94,"empresas_matriculadas":28,"empresas_renovadas":74,"empresas_canceladas":13,"comfaboy_empresas":36,"comfaboy_empleos":118,"pob_0_6":502,"pob_7_14":671,"pob_15_17":254,"pob_18_26":640,"pob_27_59":2134,"pob_60_mas":1247,"hombres":2841,"mujeres":2607,"poblacion":5448,"captaciones":12096.6,"colocaciones":218.12,"finagro":5617.2,"bancoldex":18.64,"icm_puesto":null,"produccion_agricola_ton":15959.63,"bovinos":5367,"icfes":261.5,"matricula_escolar":711,"establecimientos_educativos":2,"ips":1,"camas":0,"regimen_contributivo":664,"regimen_especial":6,"regimen_subsidiado":3879,"acueductos":8,"riesgo_agua":"Medio","eventos_riesgo":6,"densidad_hab_km2":113.59,"valor_agregado_por_hab_millones":35.415,"pred_urbanos":337,"pred_vivienda_rural":22,"pred_agropecuarios":5152,"pred_atipicos":0,"ha_urbana_predios":23.59,"ha_vivienda_rural":0.39,"ha_agropecuaria":4704.72},"geometry":{"type":"Polygon","coordinates":[[[-73.35091,5.47581],[-73.35257,5.4758],[-73.35845,5.4736],[-73.36119,5.47411],[-73.36589,5.47346],[-73.37352,5.46679],[-73.37814,5.46398],[-73.38799,5.45904],[-73.39235,5.45736],[-73.39439,5.45664],[-73.39614,5.4582],[-73.39889,5.45839],[-73.39891,5.4576],[-73.40005,5.45622],[-73.40262,5.45472],[-73.40307,5.45083],[-73.40415,5.4497],[-73.40597,5.45057],[-73.40659,5.4514],[-73.40763,5.45137],[-73.41058,5.45275],[-73.41377,5.45086],[-73.41453,5.45014],[-73.41471,5.44902],[-73.41576,5.44845],[-73.41628,5.44609],[-73.4161,5.44392],[-73.41756,5.44146],[-73.4212,5.44052],[-73.42532,5.43749],[-73.42748,5.43302],[-73.42895,5.43164],[-73.4311,5.42799],[-73.43239,5.42695],[-73.43368,5.42396],[-73.4404,5.41749],[-73.44092,5.41515],[-73.43622,5.4156],[-73.43569,5.41321],[-73.4344,5.41218],[-73.43362,5.41059],[-73.43236,5.40975],[-73.43012,5.40957],[-73.42836,5.41006],[-73.42634,5.40842],[-73.42289,5.41239],[-73.41898,5.41355],[-73.41726,5.4159],[-73.41548,5.41735],[-73.41228,5.41722],[-73.41096,5.41669],[-73.40709,5.41846],[-73.40654,5.41746],[-73.4041,5.41888],[-73.39833,5.42077],[-73.39699,5.42079],[-73.39661,5.42039],[-73.39288,5.4217],[-73.39131,5.42155],[-73.39051,5.42109],[-73.3895,5.41899],[-73.38835,5.41899],[-73.38642,5.41301],[-73.38596,5.40783],[-73.38471,5.40457],[-73.36812,5.41437],[-73.36527,5.41703],[-73.3646,5.41947],[-73.36157,5.4211],[-73.35504,5.42703],[-73.35249,5.43179],[-73.35202,5.43212],[-73.35186,5.43142],[-73.34888,5.43066],[-73.34155,5.43594],[-73.33844,5.43513],[-73.33462,5.44136],[-73.33451,5.44453],[-73.33604,5.4467],[-73.34264,5.4485],[-73.34165,5.4512],[-73.33853,5.45367],[-73.339,5.45626],[-73.33804,5.45953],[-73.33812,5.46543],[-73.33764,5.46705],[-73.33885,5.46866],[-73.33984,5.46876],[-73.34026,5.46972],[-73.34396,5.46993],[-73.34609,5.47174],[-73.34738,5.47355],[-73.35091,5.47581]]]}},{"type":"Feature","properties":{"codigo":"15106","municipio":"Briceño","provincia":"Occidente","predios_urbanos_igac":206,"predios_rurales_igac":1647,"area_km2":64.67,"area_urbana_ha":17.53,"pct_urbano":0.271,"pct_rural":99.729,"pct_de_boyaca":0.28,"jerarquia_urbana":102,"categoria_urbana":"Núcleo urbano básico","valor_agregado":115.68,"empresas_matriculadas":17,"empresas_renovadas":53,"empresas_canceladas":8,"comfaboy_empresas":6,"comfaboy_empleos":27,"pob_0_6":193,"pob_7_14":283,"pob_15_17":107,"pob_18_26":254,"pob_27_59":932,"pob_60_mas":548,"hombres":1261,"mujeres":1056,"poblacion":2317,"captaciones":122.46,"colocaciones":27.55,"finagro":2347.36,"bancoldex":30,"icm_puesto":null,"produccion_agricola_ton":16188.98,"bovinos":2547,"icfes":264,"matricula_escolar":366,"establecimientos_educativos":1,"ips":1,"camas":0,"regimen_contributivo":195,"regimen_especial":8,"regimen_subsidiado":1714,"acueductos":4,"riesgo_agua":"Medio","eventos_riesgo":null,"densidad_hab_km2":35.83,"valor_agregado_por_hab_millones":49.927,"pred_urbanos":206,"pred_vivienda_rural":1,"pred_agropecuarios":1646,"pred_atipicos":0,"ha_urbana_predios":14.58,"ha_vivienda_rural":0.0,"ha_agropecuaria":6665.86},"geometry":{"type":"Polygon","coordinates":[[[-73.89407,5.73788],[-73.8967,5.73745],[-73.89961,5.7377],[-73.90137,5.7354],[-73.90464,5.73424],[-73.90822,5.72994],[-73.90855,5.7273],[-73.90804,5.72678],[-73.90824,5.72423],[-73.90791,5.72345],[-73.90962,5.7197],[-73.9127,5.71651],[-73.91339,5.71291],[-73.91608,5.71043],[-73.91873,5.70959],[-73.92381,5.71202],[-73.92602,5.71213],[-73.92779,5.70991],[-73.92875,5.70732],[-73.93082,5.70672],[-73.93241,5.70704],[-73.93407,5.70634],[-73.93359,5.70468],[-73.93361,5.70172],[-73.93457,5.70015],[-73.93494,5.69816],[-73.93786,5.69359],[-73.93994,5.68896],[-73.94044,5.68882],[-73.94211,5.69102],[-73.94289,5.69022],[-73.94339,5.69138],[-73.9456,5.6908],[-73.94598,5.69135],[-73.94525,5.69198],[-73.94571,5.69366],[-73.94809,5.69205],[-73.94958,5.68939],[-73.94988,5.68792],[-73.94866,5.68449],[-73.9464,5.68038],[-73.94619,5.67842],[-73.94543,5.67751],[-73.9441,5.67306],[-73.94548,5.67147],[-73.94606,5.66881],[-73.94447,5.66617],[-73.9436,5.66554],[-73.94139,5.65953],[-73.94159,5.65784],[-73.94346,5.6568],[-73.944,5.65465],[-73.94361,5.65187],[-73.94427,5.6492],[-73.9439,5.64606],[-73.93685,5.6328],[-73.93311,5.6321],[-73.9325,5.63051],[-73.93206,5.63039],[-73.93282,5.62871],[-73.93141,5.62813],[-73.9267,5.63258],[-73.92712,5.63373],[-73.92685,5.63462],[-73.92495,5.63603],[-73.92517,5.63668],[-73.92251,5.63905],[-73.92081,5.63764],[-73.91976,5.63566],[-73.91827,5.63482],[-73.91743,5.63447],[-73.91618,5.63512],[-73.91368,5.63453],[-73.91325,5.6338],[-73.91127,5.63325],[-73.91107,5.63241],[-73.90775,5.63147],[-73.90732,5.6296],[-73.90386,5.62937],[-73.90415,5.62795],[-73.90301,5.62762],[-73.90397,5.62607],[-73.90269,5.62371],[-73.90163,5.62303],[-73.90139,5.62135],[-73.89774,5.61961],[-73.89607,5.62301],[-73.89477,5.62211],[-73.89338,5.62224],[-73.89256,5.62285],[-73.89142,5.62493],[-73.89051,5.6251],[-73.88969,5.62605],[-73.8874,5.62531],[-73.8864,5.62849],[-73.88073,5.63248],[-73.8777,5.63612],[-73.87533,5.63612],[-73.87175,5.63727],[-73.87011,5.63887],[-73.86808,5.63763],[-73.86451,5.63775],[-73.86286,5.64206],[-73.85905,5.64624],[-73.85748,5.64899],[-73.8568,5.65147],[-73.86085,5.65175],[-73.86215,5.65269],[-73.86357,5.65283],[-73.86479,5.65225],[-73.86617,5.65027],[-73.86712,5.64982],[-73.86848,5.64982],[-73.86957,5.65099],[-73.8717,5.65069],[-73.87254,5.64994],[-73.87419,5.64625],[-73.87557,5.64491],[-73.87769,5.64439],[-73.88074,5.6454],[-73.88341,5.645],[-73.88787,5.6487],[-73.88912,5.65125],[-73.88922,5.65278],[-73.89075,5.65234],[-73.89233,5.65266],[-73.8926,5.65657],[-73.8937,5.65661],[-73.89519,5.65857],[-73.89529,5.66502],[-73.89796,5.66439],[-73.8992,5.66339],[-73.8998,5.66426],[-73.89898,5.66863],[-73.89682,5.67163],[-73.90139,5.67126],[-73.9003,5.6746],[-73.90041,5.67662],[-73.89928,5.67718],[-73.89696,5.67698],[-73.89537,5.67609],[-73.8935,5.67642],[-73.8909,5.67833],[-73.89009,5.68125],[-73.88818,5.68298],[-73.88754,5.68301],[-73.88715,5.6855],[-73.88756,5.68703],[-73.88623,5.69012],[-73.88334,5.6946],[-73.88266,5.7004],[-73.88101,5.70349],[-73.88031,5.70647],[-73.88022,5.70756],[-73.88305,5.70757],[-73.88306,5.7094],[-73.88244,5.71111],[-73.87787,5.71777],[-73.87519,5.71701],[-73.87307,5.72446],[-73.87347,5.72659],[-73.87534,5.72816],[-73.87722,5.72299],[-73.88414,5.72277],[-73.88473,5.72322],[-73.88488,5.72473],[-73.88667,5.72668],[-73.88786,5.72915],[-73.88569,5.73514],[-73.8859,5.73556],[-73.89018,5.73732],[-73.89407,5.73788]]]}},{"type":"Feature","properties":{"codigo":"15109","municipio":"Buenavista","provincia":"Occidente","predios_urbanos_igac":243,"predios_rurales_igac":2831,"area_km2":110.15,"area_urbana_ha":15.12,"pct_urbano":0.137,"pct_rural":99.863,"pct_de_boyaca":0.476,"jerarquia_urbana":105,"categoria_urbana":"Núcleo urbano básico","valor_agregado":131.73,"empresas_matriculadas":29,"empresas_renovadas":131,"empresas_canceladas":19,"comfaboy_empresas":10,"comfaboy_empleos":36,"pob_0_6":377,"pob_7_14":562,"pob_15_17":205,"pob_18_26":444,"pob_27_59":1990,"pob_60_mas":1110,"hombres":2440,"mujeres":2248,"poblacion":4688,"captaciones":11704.15,"colocaciones":181.34,"finagro":4440.69,"bancoldex":53.62,"icm_puesto":null,"produccion_agricola_ton":21839.95,"bovinos":6496,"icfes":251,"matricula_escolar":678,"establecimientos_educativos":2,"ips":1,"camas":0,"regimen_contributivo":337,"regimen_especial":8,"regimen_subsidiado":3640,"acueductos":6,"riesgo_agua":"Alto","eventos_riesgo":2,"densidad_hab_km2":42.56,"valor_agregado_por_hab_millones":28.099,"pred_urbanos":243,"pred_vivienda_rural":11,"pred_agropecuarios":2820,"pred_atipicos":0,"ha_urbana_predios":12.74,"ha_vivienda_rural":0.2,"ha_agropecuaria":10687.04},"geometry":{"type":"Polygon","coordinates":[[[-73.91134,5.54986],[-73.9114,5.54923],[-73.91422,5.54973],[-73.91678,5.54875],[-73.91842,5.5465],[-73.9189,5.54459],[-73.92027,5.54334],[-73.93045,5.5461],[-73.93544,5.54429],[-73.93746,5.54296],[-73.93985,5.54283],[-73.94142,5.54044],[-73.94317,5.54122],[-73.94419,5.54035],[-73.94641,5.54007],[-73.94991,5.54112],[-73.95059,5.54097],[-73.95131,5.54001],[-73.95217,5.53996],[-73.95718,5.54083],[-73.95814,5.54283],[-73.95899,5.54308],[-73.96279,5.5403],[-73.96398,5.53754],[-73.9672,5.5334],[-73.96887,5.52965],[-73.96843,5.52857],[-73.96953,5.52802],[-73.97007,5.52654],[-73.97087,5.52676],[-73.97318,5.52989],[-73.9738,5.53005],[-73.97395,5.52968],[-73.97505,5.53044],[-73.97708,5.5282],[-73.97816,5.52768],[-73.98,5.52742],[-73.98426,5.52794],[-73.98751,5.5256],[-73.99005,5.52538],[-73.99216,5.52078],[-73.99424,5.51251],[-73.99922,5.50962],[-74.00027,5.50787],[-74.0011,5.50399],[-74.00472,5.5005],[-74.00682,5.49954],[-74.00803,5.49767],[-74.01094,5.48785],[-74.01392,5.48177],[-74.01507,5.47675],[-74.01691,5.47399],[-74.01944,5.47213],[-74.01813,5.46994],[-74.01499,5.46784],[-74.0132,5.46875],[-74.0097,5.46519],[-74.00656,5.46535],[-74.00075,5.4637],[-73.99069,5.4587],[-73.9888,5.45818],[-73.98668,5.45838],[-73.98457,5.45403],[-73.98061,5.45138],[-73.97411,5.45431],[-73.97144,5.45468],[-73.96959,5.45551],[-73.9662,5.45574],[-73.96165,5.45495],[-73.95754,5.45231],[-73.95095,5.44997],[-73.95006,5.44924],[-73.94987,5.44783],[-73.95233,5.44547],[-73.95343,5.44239],[-73.95549,5.43909],[-73.95521,5.43581],[-73.95466,5.43545],[-73.95502,5.43422],[-73.95274,5.4291],[-73.95161,5.42844],[-73.94908,5.42822],[-73.94804,5.42626],[-73.94792,5.42503],[-73.94708,5.42408],[-73.94539,5.42877],[-73.94218,5.43408],[-73.94064,5.43432],[-73.93668,5.43685],[-73.93237,5.43783],[-73.92999,5.43954],[-73.92843,5.43998],[-73.92545,5.44],[-73.92045,5.43808],[-73.9194,5.43652],[-73.9177,5.4359],[-73.91646,5.43474],[-73.91556,5.43475],[-73.91387,5.43269],[-73.91252,5.43223],[-73.91167,5.43561],[-73.90873,5.43731],[-73.90878,5.43942],[-73.90669,5.44337],[-73.90643,5.44486],[-73.90535,5.44604],[-73.9012,5.44774],[-73.90109,5.4482],[-73.90249,5.44999],[-73.90376,5.45307],[-73.90257,5.45484],[-73.90357,5.4559],[-73.90293,5.45784],[-73.90352,5.45878],[-73.90348,5.4601],[-73.90292,5.46531],[-73.90201,5.46714],[-73.90237,5.47062],[-73.90116,5.47552],[-73.90234,5.47575],[-73.90433,5.4823],[-73.90405,5.48495],[-73.9029,5.48684],[-73.90294,5.48942],[-73.9048,5.49265],[-73.90887,5.49431],[-73.90927,5.49542],[-73.90807,5.49813],[-73.90826,5.4991],[-73.90964,5.50046],[-73.90704,5.50229],[-73.90614,5.50646],[-73.90685,5.50831],[-73.90976,5.51111],[-73.90993,5.51318],[-73.91096,5.51476],[-73.91117,5.51602],[-73.91169,5.52143],[-73.91064,5.52374],[-73.91049,5.52682],[-73.90745,5.53108],[-73.90833,5.53264],[-73.90838,5.5337],[-73.91052,5.53483],[-73.91121,5.536],[-73.91069,5.54038],[-73.90928,5.54545],[-73.90953,5.54853],[-73.91134,5.54986]]]}},{"type":"Feature","properties":{"codigo":"15114","municipio":"Busbanzá","provincia":"Tundama","predios_urbanos_igac":125,"predios_rurales_igac":772,"area_km2":25.34,"area_urbana_ha":7.27,"pct_urbano":0.287,"pct_rural":99.713,"pct_de_boyaca":0.11,"jerarquia_urbana":121,"categoria_urbana":"Núcleo urbano básico","valor_agregado":18.59,"empresas_matriculadas":5,"empresas_renovadas":24,"empresas_canceladas":1,"comfaboy_empresas":2,"comfaboy_empleos":12,"pob_0_6":152,"pob_7_14":119,"pob_15_17":42,"pob_18_26":149,"pob_27_59":472,"pob_60_mas":266,"hombres":600,"mujeres":600,"poblacion":1200,"captaciones":272.77,"colocaciones":15.24,"finagro":569.3,"bancoldex":1,"icm_puesto":null,"produccion_agricola_ton":118.7,"bovinos":738,"icfes":250,"matricula_escolar":132,"establecimientos_educativos":1,"ips":1,"camas":0,"regimen_contributivo":375,"regimen_especial":2,"regimen_subsidiado":514,"acueductos":2,"riesgo_agua":"Bajo","eventos_riesgo":1,"densidad_hab_km2":47.36,"valor_agregado_por_hab_millones":15.492,"pred_urbanos":125,"pred_vivienda_rural":4,"pred_agropecuarios":768,"pred_atipicos":0,"ha_urbana_predios":6.04,"ha_vivienda_rural":0.07,"ha_agropecuaria":2533.51},"geometry":{"type":"Polygon","coordinates":[[[-72.87245,5.87473],[-72.87347,5.87342],[-72.87944,5.87091],[-72.88077,5.86968],[-72.88386,5.86869],[-72.88747,5.86864],[-72.89184,5.86576],[-72.89135,5.86468],[-72.89217,5.86232],[-72.89187,5.85974],[-72.89365,5.85691],[-72.89386,5.8552],[-72.8949,5.85399],[-72.89452,5.85119],[-72.89303,5.84649],[-72.89489,5.84331],[-72.89561,5.84109],[-72.89917,5.83672],[-72.89668,5.82721],[-72.89662,5.82521],[-72.89584,5.82361],[-72.89661,5.82045],[-72.89582,5.82034],[-72.89782,5.81659],[-72.89754,5.81337],[-72.89629,5.81209],[-72.89486,5.81254],[-72.89483,5.81345],[-72.89419,5.81396],[-72.88667,5.81754],[-72.88498,5.81624],[-72.88319,5.81727],[-72.8807,5.81634],[-72.87667,5.8158],[-72.87454,5.81625],[-72.8731,5.81756],[-72.87249,5.81714],[-72.87242,5.81771],[-72.8706,5.81759],[-72.86998,5.81816],[-72.86738,5.81666],[-72.86549,5.81855],[-72.86326,5.82251],[-72.85872,5.82629],[-72.85855,5.82977],[-72.85787,5.83034],[-72.85816,5.83197],[-72.85717,5.83371],[-72.85495,5.83391],[-72.85759,5.83551],[-72.85809,5.83696],[-72.85537,5.84241],[-72.85439,5.84588],[-72.85311,5.84744],[-72.85218,5.84972],[-72.85161,5.85001],[-72.8506,5.85546],[-72.85079,5.85704],[-72.85139,5.85732],[-72.84813,5.85955],[-72.85225,5.86254],[-72.8551,5.86231],[-72.85662,5.86465],[-72.85764,5.86542],[-72.85752,5.86622],[-72.8591,5.86657],[-72.8602,5.86788],[-72.86258,5.86843],[-72.86541,5.86818],[-72.86855,5.87109],[-72.87182,5.87247],[-72.87245,5.87473]]]}},{"type":"Feature","properties":{"codigo":"15131","municipio":"Caldas","provincia":"Occidente","predios_urbanos_igac":244,"predios_rurales_igac":3031,"area_km2":78.91,"area_urbana_ha":24.68,"pct_urbano":0.313,"pct_rural":99.687,"pct_de_boyaca":0.341,"jerarquia_urbana":86,"categoria_urbana":"Núcleo urbano básico","valor_agregado":64.99,"empresas_matriculadas":20,"empresas_renovadas":70,"empresas_canceladas":8,"comfaboy_empresas":10,"comfaboy_empleos":36,"pob_0_6":272,"pob_7_14":389,"pob_15_17":152,"pob_18_26":368,"pob_27_59":1345,"pob_60_mas":809,"hombres":1653,"mujeres":1682,"poblacion":3335,"captaciones":11510.37,"colocaciones":220.75,"finagro":5429.54,"bancoldex":11.93,"icm_puesto":null,"produccion_agricola_ton":9365.81,"bovinos":10790,"icfes":248,"matricula_escolar":382,"establecimientos_educativos":2,"ips":1,"camas":0,"regimen_contributivo":238,"regimen_especial":2,"regimen_subsidiado":2094,"acueductos":7,"riesgo_agua":"Alto","eventos_riesgo":1,"densidad_hab_km2":42.26,"valor_agregado_por_hab_millones":19.487,"pred_urbanos":244,"pred_vivienda_rural":3,"pred_agropecuarios":3028,"pred_atipicos":0,"ha_urbana_predios":21.45,"ha_vivienda_rural":0.05,"ha_agropecuaria":7859.53},"geometry":{"type":"Polygon","coordinates":[[[-73.86997,5.63886],[-73.87175,5.63727],[-73.87533,5.63612],[-73.8777,5.63612],[-73.88073,5.63248],[-73.8864,5.62849],[-73.8874,5.62531],[-73.88969,5.62605],[-73.89051,5.6251],[-73.89142,5.62493],[-73.89256,5.62285],[-73.89338,5.62224],[-73.89477,5.62211],[-73.8954,5.62285],[-73.89621,5.62291],[-73.89866,5.61771],[-73.90113,5.61407],[-73.90254,5.60967],[-73.90252,5.60811],[-73.90747,5.59877],[-73.90857,5.59749],[-73.90985,5.59373],[-73.9115,5.59258],[-73.91236,5.59041],[-73.91777,5.58499],[-73.918,5.58272],[-73.91885,5.58092],[-73.92023,5.58004],[-73.92163,5.57805],[-73.92391,5.57634],[-73.92475,5.57464],[-73.92589,5.57395],[-73.92536,5.57357],[-73.92513,5.56568],[-73.92442,5.56371],[-73.92259,5.56217],[-73.91942,5.56093],[-73.91608,5.55693],[-73.91309,5.5559],[-73.91005,5.5526],[-73.9104,5.55045],[-73.91134,5.54986],[-73.90953,5.54853],[-73.90928,5.54545],[-73.91069,5.54038],[-73.91121,5.536],[-73.91052,5.53483],[-73.90838,5.5337],[-73.90833,5.53264],[-73.90745,5.53108],[-73.91049,5.52682],[-73.91064,5.52374],[-73.9068,5.52818],[-73.90491,5.52931],[-73.90038,5.52868],[-73.89897,5.52895],[-73.8977,5.52836],[-73.89781,5.527],[-73.89735,5.52666],[-73.89725,5.52554],[-73.89833,5.52486],[-73.89764,5.52448],[-73.89831,5.52381],[-73.89425,5.52262],[-73.89497,5.52101],[-73.89476,5.52006],[-73.89058,5.51272],[-73.88987,5.51242],[-73.88905,5.51333],[-73.88939,5.51491],[-73.88773,5.5158],[-73.88781,5.51661],[-73.88493,5.51889],[-73.88612,5.51897],[-73.88718,5.52017],[-73.88575,5.52086],[-73.88467,5.52249],[-73.88325,5.52224],[-73.88069,5.52543],[-73.87704,5.52223],[-73.87454,5.52665],[-73.8698,5.53058],[-73.86958,5.5316],[-73.87047,5.53287],[-73.86297,5.53232],[-73.86056,5.53169],[-73.85903,5.53193],[-73.85727,5.53092],[-73.85515,5.53437],[-73.85366,5.53838],[-73.85117,5.54153],[-73.84883,5.54338],[-73.84786,5.54565],[-73.8485,5.54736],[-73.84844,5.54958],[-73.84766,5.55154],[-73.84759,5.55568],[-73.8453,5.56058],[-73.84468,5.56398],[-73.84276,5.56653],[-73.84264,5.56934],[-73.84418,5.57075],[-73.84462,5.57201],[-73.8439,5.57307],[-73.84317,5.57593],[-73.84319,5.58147],[-73.84428,5.58341],[-73.84585,5.58426],[-73.84804,5.58737],[-73.84881,5.58952],[-73.84507,5.59505],[-73.8446,5.59669],[-73.84478,5.59977],[-73.84374,5.60134],[-73.84494,5.60227],[-73.84609,5.60051],[-73.84726,5.60018],[-73.84858,5.60079],[-73.84958,5.59981],[-73.85099,5.60185],[-73.85394,5.60251],[-73.85538,5.60406],[-73.85532,5.60586],[-73.85483,5.60667],[-73.85504,5.60934],[-73.85388,5.61184],[-73.85404,5.61289],[-73.85339,5.61328],[-73.85288,5.61595],[-73.85227,5.61664],[-73.85249,5.61833],[-73.85158,5.62153],[-73.85154,5.62321],[-73.85219,5.6243],[-73.85251,5.6265],[-73.85596,5.62508],[-73.8565,5.62694],[-73.85825,5.62921],[-73.86418,5.63249],[-73.86613,5.63513],[-73.86451,5.63775],[-73.86808,5.63763],[-73.86997,5.63886]]]}},{"type":"Feature","properties":{"codigo":"15135","municipio":"Campohermoso","provincia":"Lengupá","predios_urbanos_igac":474,"predios_rurales_igac":3007,"area_km2":298.63,"area_urbana_ha":34.21,"pct_urbano":0.115,"pct_rural":99.885,"pct_de_boyaca":1.291,"jerarquia_urbana":64,"categoria_urbana":"Centro urbano local","valor_agregado":59.58,"empresas_matriculadas":17,"empresas_renovadas":63,"empresas_canceladas":13,"comfaboy_empresas":8,"comfaboy_empleos":41,"pob_0_6":370,"pob_7_14":423,"pob_15_17":146,"pob_18_26":380,"pob_27_59":1240,"pob_60_mas":740,"hombres":1682,"mujeres":1617,"poblacion":3299,"captaciones":201280.84,"colocaciones":9959.08,"finagro":4769.4,"bancoldex":0,"icm_puesto":null,"produccion_agricola_ton":2548.53,"bovinos":18714,"icfes":265,"matricula_escolar":434,"establecimientos_educativos":2,"ips":1,"camas":0,"regimen_contributivo":275,"regimen_especial":25,"regimen_subsidiado":2036,"acueductos":2,"riesgo_agua":"Medio","eventos_riesgo":null,"densidad_hab_km2":11.05,"valor_agregado_por_hab_millones":18.06,"pred_urbanos":474,"pred_vivienda_rural":37,"pred_agropecuarios":2970,"pred_atipicos":0,"ha_urbana_predios":28.68,"ha_vivienda_rural":0.67,"ha_agropecuaria":29531.78},"geometry":{"type":"Polygon","coordinates":[[[-73.11107,5.1101],[-73.11275,5.11191],[-73.11554,5.10821],[-73.11829,5.10231],[-73.12336,5.10008],[-73.12768,5.09445],[-73.13032,5.09316],[-73.13616,5.08683],[-73.14097,5.08314],[-73.14177,5.08271],[-73.1438,5.08302],[-73.14855,5.07769],[-73.15055,5.07646],[-73.1515,5.07409],[-73.15333,5.0747],[-73.15669,5.07417],[-73.16175,5.07505],[-73.16567,5.07478],[-73.1688,5.0732],[-73.1741,5.06745],[-73.17554,5.06671],[-73.18431,5.06514],[-73.18873,5.06308],[-73.19214,5.06322],[-73.19514,5.06482],[-73.19823,5.06569],[-73.20091,5.06775],[-73.20551,5.0697],[-73.21461,5.07064],[-73.22164,5.07263],[-73.22602,5.07518],[-73.22701,5.07714],[-73.22882,5.07757],[-73.23498,5.0762],[-73.2363,5.0746],[-73.24196,5.0724],[-73.24431,5.07206],[-73.24849,5.06898],[-73.24635,5.06888],[-73.24369,5.06782],[-73.2424,5.06598],[-73.24152,5.06348],[-73.2383,5.06329],[-73.23727,5.06267],[-73.23622,5.06311],[-73.23486,5.06288],[-73.23338,5.06171],[-73.23287,5.06023],[-73.23152,5.05945],[-73.23226,5.05721],[-73.23109,5.05511],[-73.23004,5.05458],[-73.2303,5.05392],[-73.22941,5.05169],[-73.22974,5.05026],[-73.22813,5.04956],[-73.22781,5.04782],[-73.22929,5.04586],[-73.22788,5.04401],[-73.22906,5.04305],[-73.22985,5.04164],[-73.22645,5.038],[-73.228,5.03561],[-73.22827,5.03337],[-73.22955,5.03125],[-73.22756,5.03074],[-73.22571,5.02876],[-73.22498,5.02654],[-73.22325,5.02469],[-73.22241,5.02275],[-73.22195,5.0212],[-73.22206,5.01901],[-73.22114,5.01888],[-73.22018,5.01947],[-73.21979,5.0188],[-73.21743,5.0176],[-73.2156,5.01793],[-73.21524,5.01641],[-73.21422,5.01511],[-73.21599,5.00946],[-73.21543,5.00863],[-73.21392,5.00812],[-73.21289,5.00539],[-73.21333,5.00417],[-73.21315,5.00287],[-73.21388,5.00113],[-73.21202,5.00055],[-73.21357,4.99784],[-73.21229,4.99533],[-73.21416,4.99528],[-73.21469,4.99336],[-73.21598,4.99381],[-73.21919,4.98837],[-73.21964,4.98524],[-73.22029,4.98428],[-73.21936,4.98377],[-73.21947,4.98263],[-73.22205,4.98125],[-73.22087,4.9807],[-73.22053,4.98004],[-73.22212,4.97735],[-73.22188,4.97572],[-73.22291,4.97266],[-73.2221,4.97071],[-73.22205,4.96832],[-73.21998,4.96391],[-73.21998,4.96307],[-73.21748,4.96236],[-73.21748,4.96143],[-73.21663,4.96067],[-73.2176,4.95949],[-73.21816,4.9572],[-73.2174,4.95264],[-73.21443,4.94992],[-73.21154,4.94911],[-73.21075,4.94756],[-73.21129,4.94398],[-73.21275,4.9422],[-73.21329,4.93856],[-73.21303,4.93787],[-73.21136,4.93671],[-73.21061,4.93132],[-73.21206,4.93028],[-73.21331,4.92799],[-73.21541,4.92769],[-73.21656,4.92698],[-73.21772,4.92345],[-73.21815,4.92012],[-73.2199,4.91887],[-73.21966,4.91742],[-73.21839,4.91645],[-73.21868,4.91487],[-73.21521,4.91503],[-73.21554,4.91074],[-73.21521,4.90987],[-73.21433,4.90956],[-73.21284,4.91045],[-73.21309,4.90565],[-73.21176,4.90668],[-73.20785,4.90812],[-73.20294,4.90906],[-73.20155,4.91099],[-73.19947,4.91182],[-73.19837,4.91315],[-73.19739,4.91301],[-73.19206,4.91001],[-73.19154,4.90937],[-73.19164,4.90839],[-73.18983,4.90763],[-73.18898,4.90558],[-73.18629,4.90259],[-73.18025,4.90061],[-73.17645,4.89578],[-73.17541,4.89617],[-73.17205,4.89559],[-73.17055,4.89616],[-73.16953,4.89814],[-73.16775,4.89926],[-73.16244,4.90743],[-73.15955,4.90976],[-73.15506,4.91185],[-73.15098,4.91442],[-73.14762,4.9154],[-73.14314,4.91562],[-73.14213,4.91613],[-73.1412,4.91838],[-73.1412,4.92254],[-73.13804,4.92577],[-73.13588,4.93036],[-73.13346,4.93225],[-73.13184,4.93431],[-73.12428,4.93791],[-73.12185,4.93986],[-73.12087,4.94118],[-73.12053,4.94274],[-73.11582,4.94659],[-73.11529,4.94796],[-73.11533,4.95156],[-73.1123,4.95488],[-73.10992,4.95609],[-73.10889,4.95631],[-73.10671,4.95582],[-73.10463,4.95668],[-73.09121,4.9667],[-73.08845,4.96786],[-73.08525,4.97019],[-73.08082,4.97153],[-73.07912,4.97368],[-73.0778,4.97785],[-73.07657,4.97894],[-73.07085,4.98007],[-73.06615,4.98413],[-73.0639,4.98536],[-73.06157,4.98791],[-73.05991,4.99126],[-73.05808,4.99343],[-73.05656,4.99753],[-73.05363,4.99525],[-73.05283,4.99356],[-73.05001,4.99068],[-73.04709,4.98967],[-73.04521,4.98977],[-73.04197,4.98824],[-73.04039,4.98864],[-73.03995,4.9893],[-73.03833,4.98947],[-73.03705,4.98783],[-73.03486,4.98851],[-73.03099,4.99045],[-73.02988,4.99196],[-73.02887,4.99211],[-73.02883,4.99331],[-73.02737,4.99474],[-73.0261,4.99781],[-73.0278,5.00425],[-73.02663,5.00795],[-73.02793,5.01275],[-73.02751,5.01659],[-73.02798,5.01831],[-73.02725,5.02016],[-73.02731,5.02498],[-73.02833,5.02559],[-73.03039,5.02381],[-73.0336,5.02457],[-73.03515,5.02443],[-73.03685,5.02308],[-73.0401,5.02236],[-73.04233,5.02001],[-73.04717,5.02015],[-73.04835,5.01893],[-73.05116,5.01751],[-73.05405,5.0173],[-73.05551,5.01501],[-73.05801,5.01471],[-73.06188,5.01295],[-73.06371,5.0107],[-73.06533,5.01077],[-73.06636,5.01176],[-73.06403,5.01549],[-73.06307,5.01814],[-73.06306,5.02404],[-73.06464,5.02637],[-73.06964,5.03148],[-73.07432,5.03361],[-73.0792,5.03407],[-73.07966,5.03506],[-73.08128,5.0364],[-73.0826,5.03667],[-73.08196,5.03715],[-73.08348,5.03799],[-73.08369,5.039],[-73.08478,5.03886],[-73.08618,5.03965],[-73.08462,5.04067],[-73.08699,5.04251],[-73.08703,5.04322],[-73.08445,5.04545],[-73.08436,5.04688],[-73.08366,5.04803],[-73.08213,5.04774],[-73.08199,5.0487],[-73.08061,5.04895],[-73.07986,5.04971],[-73.07871,5.05344],[-73.07698,5.05593],[-73.07641,5.05893],[-73.07528,5.06094],[-73.07342,5.06251],[-73.07349,5.06426],[-73.07241,5.06621],[-73.07381,5.06755],[-73.07491,5.06952],[-73.07309,5.07361],[-73.07235,5.07724],[-73.07131,5.07866],[-73.06761,5.08063],[-73.0675,5.08249],[-73.06898,5.08455],[-73.07076,5.08899],[-73.07099,5.09073],[-73.07047,5.09317],[-73.07124,5.09619],[-73.07861,5.09808],[-73.08053,5.09786],[-73.08541,5.10066],[-73.08812,5.10015],[-73.09114,5.10063],[-73.09391,5.09974],[-73.0952,5.10072],[-73.10096,5.10111],[-73.10397,5.10339],[-73.11107,5.1101]]]}},{"type":"Feature","properties":{"codigo":"15162","municipio":"Cerinza","provincia":"Tundama","predios_urbanos_igac":582,"predios_rurales_igac":4435,"area_km2":63.6,"area_urbana_ha":39.82,"pct_urbano":0.626,"pct_rural":99.374,"pct_de_boyaca":0.275,"jerarquia_urbana":56,"categoria_urbana":"Centro urbano local","valor_agregado":55.24,"empresas_matriculadas":23,"empresas_renovadas":134,"empresas_canceladas":9,"comfaboy_empresas":21,"comfaboy_empleos":195,"pob_0_6":276,"pob_7_14":403,"pob_15_17":175,"pob_18_26":535,"pob_27_59":1597,"pob_60_mas":959,"hombres":1930,"mujeres":2015,"poblacion":3945,"captaciones":17965.59,"colocaciones":148.52,"finagro":4175.54,"bancoldex":62.36,"icm_puesto":null,"produccion_agricola_ton":1531.87,"bovinos":5306,"icfes":280,"matricula_escolar":491,"establecimientos_educativos":1,"ips":1,"camas":0,"regimen_contributivo":748,"regimen_especial":4,"regimen_subsidiado":2112,"acueductos":5,"riesgo_agua":"Medio","eventos_riesgo":2,"densidad_hab_km2":62.03,"valor_agregado_por_hab_millones":14.003,"pred_urbanos":582,"pred_vivienda_rural":177,"pred_agropecuarios":4258,"pred_atipicos":0,"ha_urbana_predios":34.29,"ha_vivienda_rural":2.22,"ha_agropecuaria":6052.08},"geometry":{"type":"Polygon","coordinates":[[[-72.96993,6.01885],[-72.96996,6.01949],[-72.97019,6.0187],[-72.9719,6.01736],[-72.97606,6.01693],[-72.97719,6.01455],[-72.97772,6.01089],[-72.98024,6.01173],[-72.98297,6.01002],[-72.98447,6.0074],[-72.98459,6.00525],[-72.98952,5.99541],[-72.98951,5.99176],[-72.99024,5.98935],[-72.99194,5.98758],[-72.99467,5.98594],[-72.99654,5.98544],[-72.99795,5.98153],[-72.99943,5.97978],[-73.00036,5.97756],[-73.00235,5.9762],[-73.00396,5.97134],[-73.0054,5.97022],[-73.00913,5.96471],[-73.01124,5.96311],[-73.00806,5.96134],[-73.00551,5.95908],[-73.00501,5.95705],[-73.00102,5.95065],[-73.00034,5.94843],[-73.00405,5.94576],[-73.00462,5.94497],[-73.00451,5.94413],[-73.00124,5.93839],[-72.9955,5.93579],[-72.9938,5.93341],[-72.99087,5.93212],[-72.98656,5.93143],[-72.98558,5.92994],[-72.9849,5.93002],[-72.98205,5.92827],[-72.98165,5.92873],[-72.97121,5.9263],[-72.96699,5.92663],[-72.9662,5.92828],[-72.96331,5.92994],[-72.96085,5.9288],[-72.95981,5.92744],[-72.95729,5.92875],[-72.9549,5.92847],[-72.95377,5.9274],[-72.95156,5.92678],[-72.95006,5.92899],[-72.9465,5.92681],[-72.94599,5.92764],[-72.94319,5.92785],[-72.94192,5.92888],[-72.93861,5.92899],[-72.93779,5.92865],[-72.93573,5.92571],[-72.93499,5.92448],[-72.93489,5.9231],[-72.93268,5.92264],[-72.92976,5.92415],[-72.9277,5.92442],[-72.92642,5.9259],[-72.9244,5.93106],[-72.91413,5.94488],[-72.91691,5.9494],[-72.91711,5.95246],[-72.91645,5.95429],[-72.91651,5.95569],[-72.91698,5.9565],[-72.9195,5.9573],[-72.92582,5.96375],[-72.92745,5.9643],[-72.93341,5.96914],[-72.93098,5.97136],[-72.93268,5.97203],[-72.93435,5.97349],[-72.93488,5.97497],[-72.93591,5.97535],[-72.93675,5.97657],[-72.93801,5.97634],[-72.93889,5.97698],[-72.93969,5.97665],[-72.94284,5.97918],[-72.94333,5.9804],[-72.94461,5.98068],[-72.94491,5.98126],[-72.94592,5.98109],[-72.94659,5.98219],[-72.9474,5.98192],[-72.94788,5.98435],[-72.94913,5.98536],[-72.94927,5.98633],[-72.94985,5.98684],[-72.95062,5.9905],[-72.95217,5.99364],[-72.95442,5.99581],[-72.95681,5.99582],[-72.95797,5.99653],[-72.95798,6.00064],[-72.95869,6.00181],[-72.96062,6.00368],[-72.96294,6.00479],[-72.96614,6.0079],[-72.96752,6.00991],[-72.96695,6.01408],[-72.96945,6.01681],[-72.96993,6.01885]]]}},{"type":"Feature","properties":{"codigo":"15172","municipio":"Chinavita","provincia":"Neira","predios_urbanos_igac":718,"predios_rurales_igac":4524,"area_km2":136.23,"area_urbana_ha":39.17,"pct_urbano":0.288,"pct_rural":99.712,"pct_de_boyaca":0.589,"jerarquia_urbana":58,"categoria_urbana":"Centro urbano local","valor_agregado":56.84,"empresas_matriculadas":8,"empresas_renovadas":57,"empresas_canceladas":15,"comfaboy_empresas":15,"comfaboy_empleos":48,"pob_0_6":258,"pob_7_14":333,"pob_15_17":125,"pob_18_26":323,"pob_27_59":1318,"pob_60_mas":1055,"hombres":1678,"mujeres":1734,"poblacion":3412,"captaciones":363.97,"colocaciones":18529.52,"finagro":3402.47,"bancoldex":0,"icm_puesto":null,"produccion_agricola_ton":2917.21,"bovinos":7014,"icfes":245,"matricula_escolar":431,"establecimientos_educativos":2,"ips":2,"camas":0,"regimen_contributivo":294,"regimen_especial":7,"regimen_subsidiado":2017,"acueductos":4,"riesgo_agua":"Alto","eventos_riesgo":5,"densidad_hab_km2":25.05,"valor_agregado_por_hab_millones":16.659,"pred_urbanos":718,"pred_vivienda_rural":19,"pred_agropecuarios":4505,"pred_atipicos":0,"ha_urbana_predios":32.34,"ha_vivienda_rural":0.38,"ha_agropecuaria":13457.25},"geometry":{"type":"Polygon","coordinates":[[[-73.34637,5.28238],[-73.34735,5.2825],[-73.34895,5.28115],[-73.35814,5.27744],[-73.35916,5.27429],[-73.35905,5.27064],[-73.36417,5.26586],[-73.3658,5.26588],[-73.36773,5.26518],[-73.36942,5.26574],[-73.37328,5.26282],[-73.37499,5.26233],[-73.37904,5.26221],[-73.38102,5.25941],[-73.38474,5.2573],[-73.38739,5.25416],[-73.39181,5.25138],[-73.39243,5.24987],[-73.39508,5.24791],[-73.39642,5.24582],[-73.40172,5.24248],[-73.40269,5.24029],[-73.40229,5.23926],[-73.40287,5.23721],[-73.40276,5.23554],[-73.40371,5.23401],[-73.4041,5.23111],[-73.40181,5.22953],[-73.40094,5.22717],[-73.39824,5.22654],[-73.396,5.22371],[-73.39517,5.22336],[-73.39458,5.22132],[-73.39248,5.21905],[-73.39238,5.21685],[-73.39039,5.21653],[-73.38699,5.21461],[-73.38712,5.21165],[-73.3881,5.21011],[-73.38718,5.20835],[-73.38686,5.20582],[-73.38543,5.20204],[-73.38484,5.20151],[-73.38337,5.2015],[-73.38303,5.1993],[-73.38081,5.197],[-73.3809,5.18957],[-73.38287,5.18709],[-73.38319,5.1845],[-73.38538,5.18332],[-73.38405,5.18085],[-73.38522,5.17761],[-73.38478,5.17562],[-73.3849,5.17295],[-73.38415,5.17092],[-73.38482,5.1677],[-73.38405,5.1663],[-73.38524,5.1646],[-73.3857,5.16302],[-73.38351,5.16243],[-73.38204,5.15999],[-73.38007,5.1604],[-73.37604,5.1549],[-73.37207,5.15514],[-73.3723,5.15294],[-73.36974,5.14943],[-73.36987,5.1476],[-73.36923,5.14658],[-73.36953,5.14453],[-73.36776,5.14284],[-73.36659,5.13965],[-73.36404,5.13676],[-73.36212,5.13766],[-73.36151,5.13886],[-73.35939,5.14063],[-73.35618,5.14066],[-73.35305,5.13968],[-73.349,5.13995],[-73.3395,5.14328],[-73.33648,5.14558],[-73.33355,5.14677],[-73.32982,5.14713],[-73.32609,5.14929],[-73.31874,5.1504],[-73.31459,5.15245],[-73.30797,5.15427],[-73.29806,5.15495],[-73.29185,5.15747],[-73.28532,5.16197],[-73.27856,5.16026],[-73.27761,5.15942],[-73.27288,5.15726],[-73.26777,5.1554],[-73.26417,5.15557],[-73.26058,5.15677],[-73.25766,5.16065],[-73.25649,5.16433],[-73.25686,5.16914],[-73.25806,5.17252],[-73.26466,5.17489],[-73.26772,5.1752],[-73.27052,5.1767],[-73.2802,5.18617],[-73.28457,5.1882],[-73.29185,5.19593],[-73.29477,5.19737],[-73.2958,5.19842],[-73.2959,5.19981],[-73.29141,5.20047],[-73.28393,5.20593],[-73.28346,5.20671],[-73.28432,5.2073],[-73.28913,5.20762],[-73.29035,5.20889],[-73.29436,5.21044],[-73.2963,5.21291],[-73.29787,5.21349],[-73.30028,5.21639],[-73.30158,5.21711],[-73.30348,5.21736],[-73.30466,5.2192],[-73.30477,5.22045],[-73.30554,5.22072],[-73.30601,5.22285],[-73.30807,5.22487],[-73.3096,5.22755],[-73.31226,5.22767],[-73.31638,5.2305],[-73.32007,5.23143],[-73.32074,5.23318],[-73.32044,5.23617],[-73.32291,5.23718],[-73.32475,5.23877],[-73.32439,5.23977],[-73.3232,5.23958],[-73.32282,5.24042],[-73.32167,5.2407],[-73.31999,5.24208],[-73.31941,5.24413],[-73.32054,5.248],[-73.32032,5.24922],[-73.3218,5.2499],[-73.3227,5.25139],[-73.3236,5.25147],[-73.32482,5.25479],[-73.32759,5.25777],[-73.32801,5.26106],[-73.32932,5.26142],[-73.32996,5.26213],[-73.3313,5.26528],[-73.33244,5.26674],[-73.33352,5.27123],[-73.33555,5.27416],[-73.33707,5.27832],[-73.34217,5.28181],[-73.34637,5.28238]]]}},{"type":"Feature","properties":{"codigo":"15176","municipio":"Chiquinquirá","provincia":"Occidente","predios_urbanos_igac":12485,"predios_rurales_igac":8606,"area_km2":165.07,"area_urbana_ha":473.4,"pct_urbano":2.868,"pct_rural":97.132,"pct_de_boyaca":0.714,"jerarquia_urbana":5,"categoria_urbana":"Ciudad intermedia","valor_agregado":1329.04,"empresas_matriculadas":555,"empresas_renovadas":2338,"empresas_canceladas":590,"comfaboy_empresas":743,"comfaboy_empleos":4384,"pob_0_6":5459,"pob_7_14":7886,"pob_15_17":3285,"pob_18_26":9257,"pob_27_59":26282,"pob_60_mas":8568,"hombres":29096,"mujeres":31641,"poblacion":60737,"captaciones":603787.94,"colocaciones":417496.4,"finagro":27730.15,"bancoldex":90.13,"icm_puesto":16,"produccion_agricola_ton":15343.13,"bovinos":32826,"icfes":275.38,"matricula_escolar":11564,"establecimientos_educativos":26,"ips":97,"camas":89,"regimen_contributivo":28044,"regimen_especial":2460,"regimen_subsidiado":31397,"acueductos":9,"riesgo_agua":"Bajo","eventos_riesgo":6,"densidad_hab_km2":367.95,"valor_agregado_por_hab_millones":21.882,"pred_urbanos":12485,"pred_vivienda_rural":1578,"pred_agropecuarios":7026,"pred_atipicos":2,"ha_urbana_predios":397.12,"ha_vivienda_rural":16.01,"ha_agropecuaria":15891.41},"geometry":{"type":"Polygon","coordinates":[[[-73.84856,5.70898],[-73.85442,5.70831],[-73.85774,5.70742],[-73.85852,5.70547],[-73.86028,5.70324],[-73.86039,5.70235],[-73.86163,5.70156],[-73.86238,5.70031],[-73.86172,5.69772],[-73.86222,5.69606],[-73.8654,5.69349],[-73.86816,5.69318],[-73.8702,5.69236],[-73.87317,5.69263],[-73.87363,5.69182],[-73.87964,5.69015],[-73.88133,5.69057],[-73.88427,5.68972],[-73.88626,5.69002],[-73.88756,5.68703],[-73.88715,5.6855],[-73.88754,5.68301],[-73.88818,5.68298],[-73.89009,5.68125],[-73.8909,5.67833],[-73.89341,5.67647],[-73.89452,5.67617],[-73.89537,5.67609],[-73.89707,5.67701],[-73.90007,5.67704],[-73.90045,5.67643],[-73.9003,5.6746],[-73.90139,5.67126],[-73.89683,5.67165],[-73.89898,5.66863],[-73.8998,5.66426],[-73.8992,5.66339],[-73.89796,5.66439],[-73.89529,5.66502],[-73.89519,5.65857],[-73.8937,5.65661],[-73.8926,5.65657],[-73.89233,5.65266],[-73.89075,5.65234],[-73.88922,5.65278],[-73.88912,5.65125],[-73.88811,5.64902],[-73.88369,5.64508],[-73.88074,5.6454],[-73.87769,5.64439],[-73.87557,5.64491],[-73.87419,5.64625],[-73.87254,5.64994],[-73.8717,5.65069],[-73.86957,5.65099],[-73.86848,5.64982],[-73.86712,5.64982],[-73.86617,5.65027],[-73.86479,5.65225],[-73.86357,5.65283],[-73.86215,5.65269],[-73.86085,5.65175],[-73.8568,5.65161],[-73.85792,5.64816],[-73.85905,5.64624],[-73.86286,5.64206],[-73.86451,5.63775],[-73.86616,5.63529],[-73.86418,5.63249],[-73.85825,5.62921],[-73.8565,5.62694],[-73.85596,5.62508],[-73.85251,5.6265],[-73.85219,5.6243],[-73.85154,5.62321],[-73.85158,5.62153],[-73.85249,5.61833],[-73.85227,5.61664],[-73.85288,5.61595],[-73.85339,5.61328],[-73.85404,5.61289],[-73.85388,5.61184],[-73.85504,5.60934],[-73.85522,5.60356],[-73.85394,5.60251],[-73.85099,5.60185],[-73.84958,5.59981],[-73.84858,5.60079],[-73.84726,5.60018],[-73.84609,5.60051],[-73.84494,5.60227],[-73.84374,5.60134],[-73.84478,5.59977],[-73.8446,5.59669],[-73.84507,5.59505],[-73.84693,5.59185],[-73.8488,5.58988],[-73.84804,5.58737],[-73.84585,5.58426],[-73.84428,5.58341],[-73.84319,5.58147],[-73.84317,5.57593],[-73.84461,5.57174],[-73.84256,5.56885],[-73.84281,5.56633],[-73.84468,5.56398],[-73.8453,5.56058],[-73.84759,5.55568],[-73.84766,5.55154],[-73.84844,5.54958],[-73.8485,5.54736],[-73.84786,5.54565],[-73.84538,5.54539],[-73.83953,5.54672],[-73.83736,5.54832],[-73.83591,5.55008],[-73.83275,5.55147],[-73.83115,5.553],[-73.8285,5.55271],[-73.82728,5.55324],[-73.82472,5.55334],[-73.82356,5.55428],[-73.82306,5.55343],[-73.82154,5.55264],[-73.81979,5.55288],[-73.81807,5.55422],[-73.81723,5.55788],[-73.81248,5.56108],[-73.80822,5.5679],[-73.80467,5.5714],[-73.8,5.56343],[-73.78947,5.55299],[-73.78764,5.55868],[-73.78637,5.56756],[-73.78626,5.57297],[-73.78698,5.57444],[-73.78517,5.57601],[-73.78604,5.57753],[-73.78592,5.57822],[-73.78249,5.57891],[-73.78428,5.58169],[-73.78183,5.58443],[-73.78379,5.58608],[-73.78319,5.58699],[-73.78104,5.58748],[-73.78187,5.58911],[-73.77845,5.59088],[-73.77987,5.59327],[-73.77969,5.59512],[-73.76868,5.59264],[-73.75313,5.5767],[-73.7517,5.5764],[-73.75053,5.57555],[-73.75018,5.57733],[-73.74794,5.57829],[-73.73563,5.57933],[-73.72972,5.58128],[-73.72866,5.58034],[-73.72477,5.58051],[-73.7241,5.57942],[-73.72425,5.57293],[-73.7233,5.57111],[-73.72351,5.5749],[-73.72312,5.5766],[-73.72082,5.57698],[-73.71716,5.58096],[-73.71637,5.58127],[-73.71611,5.58405],[-73.71644,5.58496],[-73.71607,5.58536],[-73.71676,5.58705],[-73.71574,5.5913],[-73.71822,5.5931],[-73.71908,5.59603],[-73.71735,5.59518],[-73.71685,5.59606],[-73.71614,5.59566],[-73.71561,5.59695],[-73.71112,5.60017],[-73.71046,5.60212],[-73.70551,5.60551],[-73.70318,5.60951],[-73.69976,5.61248],[-73.69443,5.61845],[-73.69165,5.62419],[-73.68739,5.62754],[-73.68605,5.62958],[-73.68882,5.62735],[-73.69181,5.62967],[-73.69568,5.62886],[-73.69877,5.63601],[-73.70185,5.63657],[-73.7042,5.6337],[-73.70636,5.63197],[-73.71105,5.63274],[-73.71662,5.63221],[-73.71855,5.63366],[-73.72131,5.63371],[-73.72232,5.63416],[-73.72517,5.63347],[-73.72575,5.63371],[-73.72635,5.63512],[-73.72847,5.63596],[-73.72934,5.63581],[-73.73095,5.63672],[-73.7327,5.63916],[-73.73683,5.64245],[-73.73857,5.64272],[-73.73985,5.64212],[-73.74081,5.64258],[-73.74137,5.64209],[-73.74291,5.64225],[-73.74425,5.64313],[-73.74505,5.64254],[-73.74593,5.64306],[-73.74882,5.64265],[-73.75118,5.64377],[-73.75128,5.64573],[-73.75208,5.64649],[-73.75494,5.64464],[-73.75813,5.64359],[-73.75942,5.6417],[-73.76373,5.64008],[-73.7656,5.63802],[-73.77076,5.63689],[-73.7721,5.63725],[-73.77309,5.63674],[-73.77483,5.63681],[-73.77411,5.63556],[-73.77499,5.63444],[-73.77571,5.63482],[-73.77508,5.63594],[-73.77569,5.63659],[-73.77666,5.63692],[-73.77632,5.63587],[-73.77727,5.63511],[-73.77925,5.637],[-73.77903,5.63502],[-73.77986,5.63371],[-73.78129,5.63431],[-73.78169,5.6355],[-73.7823,5.63421],[-73.78323,5.63572],[-73.78568,5.63586],[-73.78514,5.63679],[-73.78651,5.6383],[-73.79378,5.64176],[-73.80009,5.64272],[-73.8012,5.64251],[-73.80364,5.64087],[-73.80591,5.64111],[-73.80677,5.6421],[-73.80841,5.64276],[-73.80872,5.6434],[-73.81178,5.6446],[-73.81233,5.64551],[-73.81202,5.64611],[-73.81486,5.64681],[-73.81616,5.64766],[-73.81693,5.6506],[-73.81895,5.65319],[-73.82324,5.65588],[-73.82429,5.65593],[-73.82583,5.6595],[-73.82779,5.66219],[-73.82992,5.66322],[-73.83102,5.66451],[-73.83305,5.66511],[-73.83488,5.66691],[-73.83608,5.67226],[-73.83511,5.6771],[-73.83593,5.67859],[-73.83584,5.67952],[-73.83504,5.68407],[-73.83179,5.69356],[-73.83263,5.69592],[-73.83395,5.69711],[-73.83239,5.70028],[-73.8299,5.70263],[-73.83351,5.70461],[-73.83547,5.70354],[-73.83924,5.70288],[-73.84012,5.70339],[-73.83998,5.70492],[-73.84042,5.7055],[-73.84412,5.70769],[-73.84663,5.7081],[-73.84856,5.70898]]]}},{"type":"Feature","properties":{"codigo":"15180","municipio":"Chiscas","provincia":"Gutiérrez","predios_urbanos_igac":360,"predios_rurales_igac":4787,"area_km2":658.24,"area_urbana_ha":12.84,"pct_urbano":0.02,"pct_rural":99.98,"pct_de_boyaca":2.846,"jerarquia_urbana":109,"categoria_urbana":"Núcleo urbano básico","valor_agregado":82.33,"empresas_matriculadas":10,"empresas_renovadas":96,"empresas_canceladas":4,"comfaboy_empresas":2,"comfaboy_empleos":24,"pob_0_6":351,"pob_7_14":477,"pob_15_17":191,"pob_18_26":507,"pob_27_59":1565,"pob_60_mas":1104,"hombres":2129,"mujeres":2066,"poblacion":4195,"captaciones":7.43,"colocaciones":13905.62,"finagro":3684.83,"bancoldex":8.41,"icm_puesto":null,"produccion_agricola_ton":4857.23,"bovinos":13793,"icfes":247,"matricula_escolar":558,"establecimientos_educativos":4,"ips":1,"camas":0,"regimen_contributivo":201,"regimen_especial":61,"regimen_subsidiado":2463,"acueductos":5,"riesgo_agua":"Medio","eventos_riesgo":2,"densidad_hab_km2":6.37,"valor_agregado_por_hab_millones":19.626,"pred_urbanos":360,"pred_vivienda_rural":31,"pred_agropecuarios":4756,"pred_atipicos":0,"ha_urbana_predios":10.15,"ha_vivienda_rural":0.41,"ha_agropecuaria":65347.51},"geometry":{"type":"Polygon","coordinates":[[[-72.44887,6.85123],[-72.45364,6.85125],[-72.45759,6.84998],[-72.45887,6.84902],[-72.4606,6.84693],[-72.46098,6.84561],[-72.46283,6.84395],[-72.46507,6.84382],[-72.46879,6.84601],[-72.4708,6.84595],[-72.47248,6.84566],[-72.47647,6.8432],[-72.47802,6.83974],[-72.47799,6.8343],[-72.48065,6.82927],[-72.4819,6.82462],[-72.48266,6.82401],[-72.48435,6.81852],[-72.48251,6.81227],[-72.48384,6.80997],[-72.48404,6.80815],[-72.48653,6.80789],[-72.48883,6.80701],[-72.49074,6.80537],[-72.49203,6.80243],[-72.49851,6.7984],[-72.49889,6.79524],[-72.49824,6.7938],[-72.49829,6.79266],[-72.49576,6.79038],[-72.49653,6.78875],[-72.49671,6.7862],[-72.49548,6.78288],[-72.49576,6.77894],[-72.49707,6.77509],[-72.49664,6.77287],[-72.49749,6.767],[-72.49858,6.76438],[-72.49731,6.76375],[-72.49515,6.7636],[-72.49085,6.75964],[-72.48968,6.75398],[-72.48981,6.75143],[-72.4887,6.74881],[-72.48877,6.74733],[-72.48755,6.74365],[-72.49222,6.73702],[-72.49385,6.73623],[-72.4971,6.73616],[-72.49837,6.73527],[-72.49895,6.73385],[-72.49889,6.72826],[-72.49849,6.72618],[-72.49728,6.72426],[-72.49331,6.72144],[-72.49256,6.71956],[-72.48803,6.71615],[-72.48687,6.71153],[-72.48738,6.70661],[-72.48471,6.70257],[-72.48546,6.6988],[-72.48486,6.69528],[-72.48691,6.68939],[-72.49111,6.68183],[-72.48965,6.67908],[-72.48756,6.67662],[-72.48548,6.67216],[-72.48662,6.6695],[-72.48554,6.6571],[-72.48621,6.65448],[-72.48716,6.65332],[-72.49245,6.65056],[-72.49149,6.64696],[-72.49196,6.64498],[-72.49433,6.64358],[-72.49843,6.6396],[-72.49843,6.63776],[-72.49689,6.63545],[-72.49702,6.63389],[-72.50287,6.63214],[-72.50653,6.63162],[-72.50983,6.63015],[-72.51352,6.62739],[-72.51565,6.62371],[-72.51884,6.6201],[-72.51999,6.61731],[-72.51997,6.61269],[-72.52071,6.60986],[-72.52046,6.60426],[-72.52195,6.60164],[-72.5255,6.59741],[-72.52563,6.59507],[-72.52705,6.59163],[-72.53106,6.59097],[-72.53231,6.59019],[-72.53768,6.58875],[-72.53822,6.58735],[-72.53984,6.58639],[-72.54267,6.58281],[-72.54284,6.581],[-72.54227,6.57886],[-72.54254,6.57603],[-72.54328,6.57358],[-72.54528,6.56986],[-72.54591,6.56715],[-72.54465,6.56369],[-72.54232,6.56107],[-72.54053,6.55998],[-72.53948,6.55705],[-72.53725,6.5541],[-72.53668,6.54913],[-72.53707,6.54455],[-72.53632,6.54042],[-72.53841,6.53835],[-72.54077,6.53712],[-72.54247,6.53512],[-72.54311,6.534],[-72.54315,6.53127],[-72.54732,6.52718],[-72.54947,6.52147],[-72.54906,6.5206],[-72.54668,6.51906],[-72.54481,6.51486],[-72.54465,6.51302],[-72.54548,6.50909],[-72.54462,6.50298],[-72.5434,6.50163],[-72.53839,6.49905],[-72.53627,6.49691],[-72.53439,6.49605],[-72.5331,6.50142],[-72.53429,6.50281],[-72.53348,6.50295],[-72.5327,6.50425],[-72.53063,6.50571],[-72.52918,6.50594],[-72.52621,6.50748],[-72.52591,6.50942],[-72.52331,6.51078],[-72.5227,6.51233],[-72.5211,6.51379],[-72.51889,6.51484],[-72.51711,6.51852],[-72.51399,6.52288],[-72.51196,6.5246],[-72.51094,6.52491],[-72.50929,6.52713],[-72.50799,6.52698],[-72.50634,6.52969],[-72.50554,6.53509],[-72.50447,6.53665],[-72.50356,6.53619],[-72.50186,6.53908],[-72.49803,6.5397],[-72.49026,6.54347],[-72.48881,6.54484],[-72.48785,6.5451],[-72.48788,6.5459],[-72.48709,6.54592],[-72.48425,6.54808],[-72.48417,6.54918],[-72.48234,6.54967],[-72.48168,6.54937],[-72.48065,6.54968],[-72.4787,6.54894],[-72.47637,6.54968],[-72.47302,6.54752],[-72.46824,6.54752],[-72.4672,6.54781],[-72.46683,6.54888],[-72.46459,6.54877],[-72.46295,6.54937],[-72.45957,6.5485],[-72.45804,6.54639],[-72.45667,6.54243],[-72.45459,6.53958],[-72.45175,6.53865],[-72.45037,6.53905],[-72.44631,6.53879],[-72.44418,6.53401],[-72.44209,6.53136],[-72.43991,6.52929],[-72.43705,6.528],[-72.43376,6.5252],[-72.43162,6.52474],[-72.42924,6.52323],[-72.42653,6.52373],[-72.42503,6.52341],[-72.42126,6.51948],[-72.41697,6.51781],[-72.41443,6.51829],[-72.41158,6.51566],[-72.41073,6.51576],[-72.40961,6.51776],[-72.40823,6.51769],[-72.4062,6.5162],[-72.4045,6.51363],[-72.40384,6.51357],[-72.40291,6.51473],[-72.39701,6.52446],[-72.39604,6.52752],[-72.39415,6.53014],[-72.39201,6.53067],[-72.38858,6.52685],[-72.38741,6.52624],[-72.38526,6.52679],[-72.38423,6.52759],[-72.38369,6.52852],[-72.38348,6.53689],[-72.38125,6.54396],[-72.38156,6.54773],[-72.38309,6.55161],[-72.38273,6.55225],[-72.38092,6.55308],[-72.37613,6.55233],[-72.37304,6.55118],[-72.36501,6.5514],[-72.35748,6.55294],[-72.35587,6.55399],[-72.35816,6.56588],[-72.35968,6.57002],[-72.36251,6.57339],[-72.36596,6.57943],[-72.37385,6.58672],[-72.37669,6.59052],[-72.37772,6.59317],[-72.37916,6.60071],[-72.38561,6.608],[-72.38663,6.61081],[-72.38655,6.61391],[-72.38602,6.61462],[-72.38497,6.61495],[-72.37967,6.6149],[-72.37481,6.61549],[-72.36909,6.61766],[-72.3659,6.61969],[-72.36319,6.62079],[-72.35202,6.6304],[-72.34642,6.63392],[-72.34491,6.63651],[-72.34195,6.64833],[-72.3421,6.65599],[-72.34138,6.66189],[-72.34024,6.66482],[-72.33794,6.66868],[-72.3351,6.67169],[-72.32454,6.67864],[-72.31984,6.68264],[-72.31354,6.68552],[-72.309,6.68561],[-72.30751,6.68619],[-72.30599,6.6882],[-72.30199,6.69879],[-72.30134,6.71058],[-72.29884,6.71765],[-72.29911,6.71946],[-72.29767,6.72123],[-72.29728,6.724],[-72.29653,6.72458],[-72.29577,6.72735],[-72.29745,6.73113],[-72.29736,6.73302],[-72.29652,6.73408],[-72.29666,6.73719],[-72.29764,6.74027],[-72.29902,6.74187],[-72.29937,6.74306],[-72.29924,6.74623],[-72.30007,6.74745],[-72.2999,6.74846],[-72.29927,6.74892],[-72.29956,6.74996],[-72.30198,6.7541],[-72.30698,6.75885],[-72.30608,6.75977],[-72.30186,6.76146],[-72.29676,6.76165],[-72.29439,6.76117],[-72.29239,6.7621],[-72.29298,6.76481],[-72.29228,6.76495],[-72.29362,6.76831],[-72.29456,6.77261],[-72.29551,6.78112],[-72.29655,6.78506],[-72.30059,6.7883],[-72.30673,6.79067],[-72.30837,6.7925],[-72.30875,6.79476],[-72.3097,6.79548],[-72.31144,6.7982],[-72.31214,6.80291],[-72.3133,6.8061],[-72.31639,6.81134],[-72.31708,6.81454],[-72.3184,6.81575],[-72.32817,6.81781],[-72.33001,6.82005],[-72.33027,6.82145],[-72.33331,6.82379],[-72.33818,6.82449],[-72.34087,6.82998],[-72.34024,6.83157],[-72.34078,6.83256],[-72.34096,6.8349],[-72.34051,6.83651],[-72.34123,6.8384],[-72.34065,6.84],[-72.34091,6.84342],[-72.3401,6.84523],[-72.34077,6.84655],[-72.34462,6.84881],[-72.34836,6.84908],[-72.35104,6.84991],[-72.35354,6.8487],[-72.3584,6.84867],[-72.36034,6.84423],[-72.36314,6.84336],[-72.36389,6.84162],[-72.36698,6.8415],[-72.36853,6.84193],[-72.37124,6.83977],[-72.37427,6.83918],[-72.37664,6.83987],[-72.37812,6.84126],[-72.3806,6.8415],[-72.38724,6.84016],[-72.39014,6.83904],[-72.39294,6.84011],[-72.39621,6.8404],[-72.39908,6.8425],[-72.40093,6.84175],[-72.40518,6.84153],[-72.40755,6.84001],[-72.40988,6.84037],[-72.41377,6.84391],[-72.41684,6.8452],[-72.41988,6.84584],[-72.42347,6.84895],[-72.42566,6.84803],[-72.42851,6.84578],[-72.43,6.8454],[-72.43517,6.84672],[-72.43785,6.8487],[-72.4406,6.84862],[-72.44512,6.85084],[-72.44887,6.85123]]]}},{"type":"Feature","properties":{"codigo":"15183","municipio":"Chita","provincia":"Valderrama","predios_urbanos_igac":974,"predios_rurales_igac":9256,"area_km2":676.77,"area_urbana_ha":51.23,"pct_urbano":0.076,"pct_rural":99.924,"pct_de_boyaca":2.926,"jerarquia_urbana":39,"categoria_urbana":"Centro urbano local","valor_agregado":101.58,"empresas_matriculadas":22,"empresas_renovadas":132,"empresas_canceladas":8,"comfaboy_empresas":8,"comfaboy_empleos":78,"pob_0_6":985,"pob_7_14":1313,"pob_15_17":453,"pob_18_26":947,"pob_27_59":2878,"pob_60_mas":1829,"hombres":4322,"mujeres":4083,"poblacion":8405,"captaciones":194.96,"colocaciones":16925.09,"finagro":5778.55,"bancoldex":63.57,"icm_puesto":null,"produccion_agricola_ton":2926.84,"bovinos":12386,"icfes":227.75,"matricula_escolar":1555,"establecimientos_educativos":4,"ips":1,"camas":1,"regimen_contributivo":707,"regimen_especial":114,"regimen_subsidiado":6350,"acueductos":4,"riesgo_agua":"Medio","eventos_riesgo":4,"densidad_hab_km2":12.42,"valor_agregado_por_hab_millones":12.086,"pred_urbanos":974,"pred_vivienda_rural":50,"pred_agropecuarios":9206,"pred_atipicos":0,"ha_urbana_predios":46.04,"ha_vivienda_rural":1.11,"ha_agropecuaria":63671.48},"geometry":{"type":"Polygon","coordinates":[[[-72.47125,6.30584],[-72.4735,6.30571],[-72.48306,6.30304],[-72.48541,6.29982],[-72.48778,6.29838],[-72.48817,6.29545],[-72.48891,6.29546],[-72.48905,6.29481],[-72.48981,6.2951],[-72.49062,6.29378],[-72.49372,6.29268],[-72.49573,6.291],[-72.49623,6.28845],[-72.49596,6.28682],[-72.49674,6.28457],[-72.49552,6.28264],[-72.49539,6.28093],[-72.49642,6.27878],[-72.4967,6.27557],[-72.49802,6.27265],[-72.49721,6.27153],[-72.49743,6.26843],[-72.49662,6.26508],[-72.49702,6.26368],[-72.49915,6.26149],[-72.49837,6.25331],[-72.49946,6.25219],[-72.50152,6.25265],[-72.50308,6.2524],[-72.50491,6.2507],[-72.50788,6.24952],[-72.50958,6.24825],[-72.51074,6.24821],[-72.51299,6.24426],[-72.51612,6.24147],[-72.51647,6.2406],[-72.51619,6.23774],[-72.51992,6.23561],[-72.51915,6.23401],[-72.51951,6.23069],[-72.52128,6.22883],[-72.52391,6.22866],[-72.52548,6.227],[-72.52902,6.219],[-72.5293,6.21593],[-72.53092,6.2122],[-72.53097,6.21037],[-72.53212,6.20941],[-72.53471,6.20547],[-72.53709,6.20403],[-72.53806,6.2021],[-72.54117,6.19941],[-72.54203,6.19614],[-72.54306,6.1952],[-72.54397,6.19311],[-72.54522,6.1922],[-72.54663,6.18834],[-72.54874,6.18516],[-72.54918,6.18285],[-72.55103,6.18075],[-72.55096,6.17944],[-72.55253,6.17699],[-72.54842,6.17227],[-72.54269,6.16835],[-72.53757,6.16605],[-72.53583,6.16619],[-72.53341,6.16517],[-72.53007,6.16543],[-72.52916,6.16334],[-72.52725,6.16178],[-72.52565,6.15759],[-72.52392,6.15598],[-72.52303,6.15241],[-72.5186,6.14973],[-72.5171,6.1501],[-72.5161,6.14836],[-72.51633,6.1459],[-72.51583,6.14185],[-72.51655,6.13916],[-72.51432,6.13339],[-72.51437,6.1302],[-72.51576,6.12911],[-72.51678,6.12653],[-72.52039,6.1245],[-72.52393,6.12444],[-72.52799,6.12247],[-72.52891,6.11805],[-72.52868,6.11646],[-72.52971,6.11494],[-72.52972,6.11311],[-72.53093,6.1114],[-72.53062,6.10913],[-72.52918,6.10644],[-72.52879,6.10413],[-72.53013,6.10119],[-72.53025,6.09587],[-72.52982,6.09334],[-72.53093,6.09105],[-72.53047,6.08986],[-72.53083,6.08892],[-72.53146,6.0889],[-72.5313,6.08818],[-72.53227,6.08705],[-72.53216,6.08565],[-72.5346,6.08127],[-72.53531,6.07888],[-72.53656,6.0776],[-72.53875,6.07699],[-72.54031,6.07279],[-72.54029,6.07143],[-72.54231,6.06984],[-72.53895,6.05918],[-72.53504,6.05725],[-72.53162,6.05357],[-72.53053,6.05174],[-72.53201,6.048],[-72.53519,6.04433],[-72.53571,6.03941],[-72.53909,6.03206],[-72.53236,6.01976],[-72.52998,6.01369],[-72.52684,6.00876],[-72.52502,6.008],[-72.52076,6.00833],[-72.51496,6.00652],[-72.51262,6.00629],[-72.51056,6.0053],[-72.50852,6.00144],[-72.50661,5.99918],[-72.50702,5.99599],[-72.49831,5.99597],[-72.49797,5.99367],[-72.49684,5.99129],[-72.48877,5.98348],[-72.48724,5.97972],[-72.48422,5.9751],[-72.47813,5.97152],[-72.47557,5.96875],[-72.47366,5.96782],[-72.47273,5.96527],[-72.46856,5.96435],[-72.46678,5.96191],[-72.46406,5.962],[-72.46312,5.96141],[-72.46184,5.96168],[-72.45747,5.95984],[-72.45533,5.9599],[-72.45304,5.95919],[-72.4505,5.95808],[-72.44845,5.95615],[-72.44824,5.95527],[-72.44904,5.95173],[-72.44842,5.95011],[-72.44766,5.94465],[-72.44684,5.94384],[-72.44341,5.94258],[-72.44302,5.94175],[-72.44208,5.94152],[-72.44165,5.93925],[-72.4408,5.93859],[-72.43598,5.93801],[-72.43448,5.93463],[-72.43317,5.93424],[-72.43289,5.93325],[-72.43107,5.93151],[-72.43046,5.92979],[-72.42802,5.92896],[-72.42663,5.92757],[-72.42616,5.92406],[-72.4232,5.92193],[-72.42323,5.92057],[-72.42237,5.9196],[-72.42233,5.91733],[-72.42136,5.91607],[-72.42131,5.91409],[-72.42011,5.9121],[-72.41758,5.9106],[-72.41742,5.90914],[-72.41632,5.9072],[-72.41662,5.90405],[-72.41492,5.90381],[-72.4138,5.90261],[-72.40955,5.90111],[-72.40921,5.90033],[-72.40832,5.90003],[-72.4067,5.90022],[-72.40533,5.90104],[-72.40263,5.90123],[-72.40055,5.90047],[-72.39828,5.90069],[-72.39717,5.90139],[-72.39599,5.90119],[-72.39475,5.90186],[-72.39197,5.90221],[-72.38993,5.90123],[-72.38894,5.90145],[-72.38765,5.90051],[-72.38609,5.90079],[-72.38362,5.9003],[-72.38273,5.89948],[-72.3805,5.89872],[-72.37905,5.89688],[-72.37476,5.89499],[-72.37252,5.8952],[-72.36859,5.8973],[-72.36538,5.89707],[-72.36259,5.89567],[-72.36011,5.89562],[-72.35895,5.89427],[-72.35647,5.89446],[-72.35497,5.89339],[-72.34727,5.89283],[-72.3447,5.89153],[-72.33981,5.89142],[-72.33873,5.89049],[-72.33626,5.8896],[-72.33501,5.88964],[-72.33483,5.89042],[-72.33278,5.89211],[-72.3318,5.89443],[-72.33028,5.89623],[-72.32909,5.89977],[-72.32766,5.90171],[-72.32649,5.90895],[-72.32836,5.91095],[-72.32895,5.91539],[-72.32868,5.91774],[-72.32723,5.91927],[-72.32682,5.92343],[-72.32531,5.92509],[-72.32612,5.92828],[-72.32602,5.92913],[-72.3254,5.92959],[-72.32506,5.93504],[-72.32569,5.93622],[-72.3272,5.93713],[-72.32807,5.93844],[-72.3297,5.93896],[-72.3304,5.94116],[-72.33175,5.94301],[-72.33429,5.94368],[-72.33533,5.94348],[-72.33582,5.94392],[-72.33619,5.94594],[-72.33867,5.94867],[-72.34061,5.95322],[-72.34067,5.95409],[-72.33841,5.95993],[-72.34255,5.96558],[-72.34264,5.96683],[-72.34195,5.9684],[-72.34282,5.97168],[-72.34194,5.97557],[-72.34205,5.97849],[-72.34115,5.9803],[-72.3397,5.9802],[-72.33928,5.98115],[-72.33964,5.98688],[-72.34173,5.99005],[-72.33966,5.9974],[-72.34016,5.99947],[-72.34088,6.00028],[-72.34327,6.00137],[-72.34518,6.00402],[-72.34663,6.00462],[-72.34732,6.00833],[-72.34935,6.01294],[-72.35371,6.0187],[-72.35551,6.02244],[-72.35717,6.0238],[-72.36178,6.02564],[-72.3648,6.03032],[-72.36551,6.03288],[-72.36551,6.0367],[-72.36367,6.04201],[-72.36217,6.04371],[-72.36107,6.0442],[-72.35868,6.04422],[-72.35527,6.04267],[-72.35335,6.0434],[-72.35041,6.04622],[-72.34657,6.04788],[-72.34556,6.04987],[-72.34415,6.05126],[-72.33739,6.05652],[-72.33503,6.05735],[-72.33025,6.06201],[-72.32532,6.06393],[-72.32374,6.06553],[-72.32335,6.0667],[-72.32154,6.06784],[-72.32093,6.06922],[-72.32054,6.07419],[-72.32014,6.07509],[-72.3182,6.07679],[-72.31803,6.07756],[-72.31848,6.07869],[-72.32075,6.08036],[-72.32161,6.08159],[-72.32188,6.08283],[-72.3212,6.0882],[-72.32752,6.08558],[-72.34328,6.0807],[-72.34641,6.07915],[-72.35201,6.07817],[-72.35525,6.07671],[-72.36027,6.07535],[-72.36251,6.0752],[-72.36608,6.07633],[-72.36815,6.07988],[-72.3707,6.0822],[-72.37307,6.08636],[-72.37435,6.0911],[-72.37538,6.0925],[-72.37493,6.09382],[-72.37347,6.0957],[-72.36948,6.09855],[-72.3676,6.09861],[-72.36657,6.09947],[-72.36408,6.09933],[-72.36911,6.10393],[-72.37005,6.10407],[-72.37113,6.10498],[-72.37129,6.10586],[-72.37274,6.10744],[-72.37463,6.10832],[-72.37573,6.10985],[-72.381,6.11295],[-72.38391,6.1136],[-72.38567,6.11776],[-72.38918,6.12374],[-72.38835,6.12786],[-72.38686,6.13005],[-72.3858,6.13069],[-72.38468,6.13266],[-72.38017,6.13234],[-72.37686,6.13422],[-72.37629,6.13637],[-72.37769,6.13823],[-72.37608,6.14148],[-72.37415,6.14233],[-72.3739,6.14739],[-72.37435,6.14973],[-72.37751,6.15293],[-72.38191,6.15555],[-72.38278,6.15833],[-72.38666,6.16176],[-72.38923,6.16243],[-72.39196,6.16116],[-72.3931,6.16157],[-72.39353,6.16464],[-72.39255,6.16751],[-72.39191,6.17272],[-72.39329,6.18292],[-72.39234,6.18695],[-72.39253,6.18833],[-72.39427,6.18766],[-72.39711,6.18774],[-72.39926,6.18862],[-72.40023,6.18851],[-72.40172,6.19009],[-72.40562,6.18987],[-72.40801,6.18797],[-72.40939,6.18753],[-72.41326,6.18756],[-72.41601,6.18553],[-72.41716,6.18408],[-72.41826,6.18486],[-72.41895,6.18669],[-72.41873,6.18811],[-72.41755,6.18958],[-72.41229,6.19153],[-72.40879,6.19619],[-72.40818,6.19835],[-72.40678,6.20014],[-72.40639,6.20338],[-72.40254,6.2076],[-72.40037,6.21517],[-72.3987,6.21865],[-72.39784,6.22945],[-72.3986,6.23351],[-72.3979,6.2373],[-72.39369,6.24376],[-72.39341,6.2467],[-72.39097,6.25107],[-72.39054,6.25462],[-72.3891,6.25835],[-72.38722,6.26128],[-72.3885,6.26317],[-72.3918,6.26395],[-72.3938,6.2683],[-72.3965,6.27227],[-72.39943,6.27049],[-72.40087,6.27046],[-72.4043,6.27305],[-72.40851,6.27314],[-72.41242,6.27437],[-72.41493,6.27611],[-72.41879,6.27722],[-72.42034,6.27871],[-72.42297,6.27829],[-72.42478,6.27867],[-72.42902,6.28123],[-72.43282,6.28494],[-72.43476,6.28607],[-72.43702,6.28567],[-72.43971,6.28274],[-72.44017,6.28297],[-72.44434,6.28674],[-72.4472,6.29062],[-72.44932,6.29502],[-72.45364,6.29965],[-72.45242,6.30397],[-72.4554,6.3036],[-72.46443,6.30404],[-72.46785,6.30542],[-72.47125,6.30584]]]}},{"type":"Feature","properties":{"codigo":"15185","municipio":"Chitaraque","provincia":"Ricaurte","predios_urbanos_igac":414,"predios_rurales_igac":2517,"area_km2":158.51,"area_urbana_ha":19.94,"pct_urbano":0.126,"pct_rural":99.874,"pct_de_boyaca":0.685,"jerarquia_urbana":97,"categoria_urbana":"Núcleo urbano básico","valor_agregado":166.72,"empresas_matriculadas":30,"empresas_renovadas":107,"empresas_canceladas":15,"comfaboy_empresas":14,"comfaboy_empleos":76,"pob_0_6":680,"pob_7_14":792,"pob_15_17":265,"pob_18_26":649,"pob_27_59":2644,"pob_60_mas":1196,"hombres":3225,"mujeres":3001,"poblacion":6226,"captaciones":175858.73,"colocaciones":14156.41,"finagro":4195.98,"bancoldex":36.2,"icm_puesto":null,"produccion_agricola_ton":601751.57,"bovinos":4000,"icfes":236,"matricula_escolar":863,"establecimientos_educativos":1,"ips":1,"camas":0,"regimen_contributivo":370,"regimen_especial":41,"regimen_subsidiado":4856,"acueductos":3,"riesgo_agua":"Medio","eventos_riesgo":null,"densidad_hab_km2":39.28,"valor_agregado_por_hab_millones":26.778,"pred_urbanos":414,"pred_vivienda_rural":6,"pred_agropecuarios":2511,"pred_atipicos":0,"ha_urbana_predios":17.09,"ha_vivienda_rural":0.12,"ha_agropecuaria":15744.93},"geometry":{"type":"Polygon","coordinates":[[[-73.45387,6.07895],[-73.449,6.07275],[-73.44723,6.06485],[-73.44764,6.06348],[-73.4481,6.0639],[-73.44916,6.0567],[-73.44874,6.05537],[-73.44972,6.05272],[-73.45013,6.04831],[-73.45078,6.04644],[-73.45447,6.04174],[-73.45564,6.03935],[-73.46298,6.03406],[-73.4655,6.02998],[-73.46674,6.02696],[-73.47152,6.02329],[-73.47462,6.01748],[-73.47688,6.01435],[-73.4785,6.01031],[-73.48325,6.00381],[-73.48598,6.00165],[-73.48825,5.99703],[-73.49206,5.99185],[-73.49482,5.98904],[-73.49604,5.98692],[-73.4908,5.9849],[-73.48918,5.98373],[-73.48602,5.98286],[-73.48184,5.98025],[-73.47852,5.98024],[-73.47489,5.97829],[-73.47329,5.97647],[-73.46908,5.97433],[-73.46821,5.97246],[-73.46592,5.97031],[-73.46531,5.9688],[-73.46561,5.96556],[-73.46505,5.9651],[-73.46541,5.96293],[-73.46404,5.96212],[-73.46385,5.96009],[-73.4619,5.96004],[-73.46057,5.95827],[-73.45918,5.95767],[-73.45828,5.95616],[-73.45524,5.9538],[-73.45482,5.9508],[-73.45343,5.94793],[-73.45449,5.94306],[-73.45529,5.94248],[-73.46089,5.93254],[-73.43352,5.89997],[-73.43291,5.89881],[-73.43381,5.89834],[-73.43276,5.89703],[-73.4242,5.89181],[-73.42335,5.89064],[-73.42051,5.88936],[-73.41132,5.8912],[-73.41034,5.89102],[-73.40808,5.8891],[-73.40661,5.89087],[-73.40659,5.89163],[-73.4082,5.8936],[-73.40658,5.89681],[-73.40687,5.89844],[-73.40283,5.90125],[-73.40164,5.90134],[-73.40121,5.90358],[-73.39847,5.90837],[-73.3985,5.91278],[-73.39607,5.91552],[-73.39584,5.9168],[-73.3965,5.91908],[-73.39779,5.91947],[-73.39743,5.92085],[-73.39496,5.92476],[-73.39511,5.92589],[-73.39418,5.92734],[-73.38856,5.93108],[-73.38726,5.93276],[-73.38634,5.93613],[-73.38686,5.93611],[-73.3866,5.93715],[-73.38782,5.94024],[-73.38938,5.94162],[-73.38812,5.94516],[-73.38642,5.94523],[-73.38685,5.94712],[-73.38422,5.9487],[-73.38462,5.94983],[-73.38427,5.95082],[-73.38249,5.95062],[-73.3827,5.95148],[-73.38112,5.95229],[-73.38049,5.95677],[-73.37924,5.95786],[-73.38074,5.95919],[-73.3809,5.96024],[-73.37954,5.962],[-73.37634,5.96264],[-73.37547,5.96438],[-73.37463,5.96818],[-73.37387,5.96941],[-73.37585,5.97019],[-73.37416,5.97469],[-73.37565,5.97467],[-73.37611,5.9765],[-73.37414,5.98007],[-73.37442,5.98123],[-73.37543,5.98206],[-73.3753,5.98275],[-73.37334,5.98527],[-73.37434,5.98838],[-73.37138,5.99168],[-73.37216,5.99436],[-73.37201,5.99617],[-73.37072,5.99548],[-73.36946,5.99607],[-73.36998,5.99686],[-73.37231,5.99779],[-73.37274,5.99874],[-73.37234,5.99969],[-73.37099,6.00075],[-73.37063,6.00285],[-73.3711,6.00417],[-73.37071,6.00523],[-73.37137,6.0062],[-73.37302,6.00699],[-73.37409,6.00542],[-73.37563,6.00608],[-73.37541,6.00799],[-73.37774,6.01036],[-73.37808,6.01326],[-73.3802,6.01529],[-73.38101,6.01704],[-73.3826,6.01769],[-73.38292,6.01926],[-73.38235,6.02102],[-73.38298,6.0215],[-73.38496,6.02125],[-73.38617,6.02163],[-73.38764,6.02308],[-73.38876,6.02995],[-73.39055,6.03309],[-73.39492,6.03774],[-73.39918,6.04554],[-73.4011,6.04699],[-73.40267,6.04657],[-73.40295,6.04785],[-73.40432,6.04976],[-73.40635,6.05051],[-73.40518,6.05299],[-73.4031,6.05399],[-73.40377,6.05603],[-73.40674,6.05914],[-73.40787,6.05903],[-73.41176,6.06014],[-73.41277,6.06179],[-73.41534,6.06332],[-73.41908,6.06837],[-73.41893,6.0704],[-73.41706,6.07002],[-73.41496,6.07049],[-73.41483,6.07309],[-73.41609,6.0736],[-73.4174,6.07207],[-73.41932,6.07136],[-73.42175,6.07188],[-73.42385,6.0712],[-73.4253,6.06982],[-73.42708,6.06948],[-73.42901,6.06839],[-73.43552,6.07118],[-73.43838,6.07152],[-73.43845,6.0724],[-73.44035,6.07266],[-73.44242,6.07441],[-73.44345,6.07456],[-73.44492,6.07589],[-73.44577,6.07601],[-73.44736,6.07781],[-73.44902,6.07826],[-73.45136,6.07775],[-73.45387,6.07895]]]}},{"type":"Feature","properties":{"codigo":"15187","municipio":"Chivatá","provincia":"Centro","predios_urbanos_igac":235,"predios_rurales_igac":2343,"area_km2":49.49,"area_urbana_ha":19.71,"pct_urbano":0.398,"pct_rural":99.602,"pct_de_boyaca":0.214,"jerarquia_urbana":98,"categoria_urbana":"Núcleo urbano básico","valor_agregado":61.74,"empresas_matriculadas":33,"empresas_renovadas":87,"empresas_canceladas":23,"comfaboy_empresas":19,"comfaboy_empleos":110,"pob_0_6":414,"pob_7_14":408,"pob_15_17":131,"pob_18_26":383,"pob_27_59":1113,"pob_60_mas":546,"hombres":1504,"mujeres":1491,"poblacion":2995,"captaciones":176570.75,"colocaciones":118.33,"finagro":2488.45,"bancoldex":118.16,"icm_puesto":null,"produccion_agricola_ton":4395.55,"bovinos":3351,"icfes":272,"matricula_escolar":494,"establecimientos_educativos":1,"ips":1,"camas":0,"regimen_contributivo":488,"regimen_especial":2,"regimen_subsidiado":1810,"acueductos":4,"riesgo_agua":"Bajo","eventos_riesgo":5,"densidad_hab_km2":60.52,"valor_agregado_por_hab_millones":20.614,"pred_urbanos":235,"pred_vivienda_rural":10,"pred_agropecuarios":2333,"pred_atipicos":0,"ha_urbana_predios":16.95,"ha_vivienda_rural":0.15,"ha_agropecuaria":4900.05},"geometry":{"type":"Polygon","coordinates":[[[-73.2286,5.63661],[-73.22927,5.6361],[-73.22906,5.63506],[-73.23034,5.63454],[-73.23033,5.63379],[-73.2318,5.63202],[-73.23179,5.62651],[-73.23333,5.62317],[-73.23304,5.62106],[-73.23608,5.61367],[-73.23782,5.61286],[-73.2397,5.61102],[-73.24137,5.61163],[-73.24318,5.61114],[-73.24496,5.60674],[-73.24694,5.60494],[-73.24687,5.60224],[-73.24788,5.60106],[-73.24825,5.59923],[-73.25005,5.59765],[-73.25056,5.59427],[-73.24892,5.5871],[-73.2498,5.58575],[-73.25122,5.58482],[-73.2513,5.58294],[-73.25259,5.58185],[-73.2529,5.58033],[-73.25664,5.57963],[-73.26158,5.57623],[-73.26443,5.57541],[-73.26572,5.57602],[-73.26647,5.57575],[-73.27073,5.57677],[-73.28196,5.58015],[-73.2854,5.57797],[-73.28807,5.57717],[-73.28965,5.57552],[-73.29613,5.57432],[-73.29906,5.57274],[-73.30238,5.57254],[-73.30576,5.57108],[-73.30691,5.56966],[-73.30608,5.5687],[-73.30598,5.56716],[-73.30444,5.56351],[-73.30454,5.56201],[-73.30395,5.56135],[-73.30567,5.55478],[-73.30468,5.55343],[-73.30475,5.55182],[-73.30657,5.54909],[-73.3081,5.54315],[-73.30727,5.5392],[-73.30314,5.53757],[-73.30192,5.53612],[-73.29999,5.53517],[-73.29795,5.53473],[-73.29518,5.52683],[-73.29629,5.52616],[-73.29543,5.52508],[-73.29099,5.52477],[-73.28775,5.52383],[-73.28476,5.52417],[-73.283,5.5234],[-73.28103,5.52321],[-73.28093,5.52356],[-73.27723,5.52391],[-73.27308,5.52927],[-73.27169,5.53215],[-73.27069,5.53208],[-73.26831,5.53038],[-73.26529,5.53133],[-73.26419,5.53208],[-73.26172,5.53608],[-73.26039,5.53701],[-73.25959,5.5389],[-73.25507,5.54023],[-73.25327,5.53986],[-73.25057,5.53543],[-73.24884,5.53483],[-73.24793,5.53334],[-73.24607,5.53307],[-73.24499,5.53227],[-73.24292,5.53261],[-73.24262,5.53309],[-73.24097,5.53301],[-73.23947,5.53379],[-73.2378,5.53389],[-73.2376,5.53714],[-73.23661,5.53769],[-73.23569,5.53952],[-73.23358,5.53994],[-73.23336,5.54068],[-73.23144,5.54185],[-73.2313,5.54244],[-73.23264,5.54362],[-73.23111,5.54569],[-73.23147,5.54694],[-73.23077,5.54922],[-73.22932,5.55045],[-73.23005,5.55133],[-73.22776,5.55258],[-73.22714,5.55343],[-73.22864,5.5545],[-73.22942,5.55582],[-73.2297,5.56051],[-73.23071,5.5613],[-73.23102,5.56374],[-73.24324,5.56715],[-73.24862,5.5697],[-73.24494,5.57208],[-73.24397,5.57331],[-73.23869,5.58365],[-73.23832,5.58522],[-73.23466,5.59158],[-73.23297,5.59677],[-73.22959,5.60159],[-73.22642,5.60512],[-73.22512,5.60519],[-73.22184,5.61033],[-73.21901,5.6131],[-73.21437,5.62214],[-73.2131,5.62644],[-73.21634,5.62616],[-73.2164,5.62503],[-73.22007,5.62486],[-73.22142,5.62595],[-73.22298,5.62585],[-73.22259,5.62795],[-73.22302,5.62841],[-73.22384,5.62788],[-73.22351,5.62624],[-73.22429,5.6263],[-73.2258,5.62761],[-73.22686,5.62631],[-73.22813,5.62662],[-73.2294,5.62618],[-73.22915,5.62779],[-73.22947,5.6297],[-73.23009,5.63039],[-73.22911,5.63156],[-73.22895,5.63253],[-73.22799,5.63339],[-73.2286,5.63661]]]}},{"type":"Feature","properties":{"codigo":"15189","municipio":"Ciénega","provincia":"Márquez","predios_urbanos_igac":730,"predios_rurales_igac":5221,"area_km2":54.03,"area_urbana_ha":33.11,"pct_urbano":0.613,"pct_rural":99.387,"pct_de_boyaca":0.234,"jerarquia_urbana":66,"categoria_urbana":"Centro urbano local","valor_agregado":110.88,"empresas_matriculadas":30,"empresas_renovadas":94,"empresas_canceladas":16,"comfaboy_empresas":21,"comfaboy_empleos":194,"pob_0_6":557,"pob_7_14":638,"pob_15_17":220,"pob_18_26":576,"pob_27_59":1926,"pob_60_mas":1046,"hombres":2462,"mujeres":2501,"poblacion":4963,"captaciones":18587.61,"colocaciones":161.5,"finagro":7156.1,"bancoldex":93.56,"icm_puesto":null,"produccion_agricola_ton":14148.47,"bovinos":6686,"icfes":270.5,"matricula_escolar":798,"establecimientos_educativos":2,"ips":1,"camas":0,"regimen_contributivo":338,"regimen_especial":9,"regimen_subsidiado":3332,"acueductos":8,"riesgo_agua":"Alto","eventos_riesgo":1,"densidad_hab_km2":91.86,"valor_agregado_por_hab_millones":22.341,"pred_urbanos":730,"pred_vivienda_rural":86,"pred_agropecuarios":5135,"pred_atipicos":0,"ha_urbana_predios":29.08,"ha_vivienda_rural":0.81,"ha_agropecuaria":5311.51},"geometry":{"type":"Polygon","coordinates":[[[-73.31421,5.44994],[-73.31515,5.44691],[-73.31444,5.44556],[-73.31476,5.44356],[-73.31519,5.44334],[-73.31639,5.43973],[-73.31591,5.43955],[-73.31763,5.43657],[-73.31965,5.43521],[-73.31986,5.43339],[-73.32146,5.43142],[-73.32133,5.4299],[-73.32223,5.42806],[-73.32259,5.42584],[-73.32399,5.4235],[-73.3265,5.42171],[-73.33007,5.41441],[-73.32677,5.41427],[-73.32462,5.41328],[-73.32307,5.41344],[-73.31897,5.40681],[-73.32074,5.40303],[-73.32182,5.39903],[-73.32258,5.39204],[-73.32083,5.39127],[-73.32041,5.38931],[-73.31692,5.38729],[-73.31387,5.38119],[-73.31043,5.37753],[-73.3093,5.37431],[-73.30793,5.37225],[-73.30766,5.3729],[-73.30498,5.37065],[-73.30196,5.36954],[-73.30233,5.36843],[-73.30036,5.36745],[-73.29923,5.36617],[-73.29839,5.36224],[-73.2937,5.36023],[-73.29287,5.3594],[-73.29181,5.35923],[-73.29222,5.35962],[-73.29175,5.35964],[-73.29082,5.35914],[-73.28867,5.35619],[-73.28764,5.35293],[-73.28561,5.3497],[-73.28492,5.35067],[-73.28382,5.35064],[-73.27961,5.35379],[-73.27694,5.35504],[-73.27476,5.35525],[-73.27378,5.35654],[-73.26895,5.35977],[-73.26037,5.36678],[-73.25729,5.36809],[-73.25629,5.36913],[-73.25375,5.36813],[-73.25265,5.36821],[-73.25137,5.36935],[-73.25097,5.37058],[-73.24735,5.37216],[-73.243,5.37667],[-73.24174,5.38157],[-73.23924,5.38271],[-73.23746,5.3851],[-73.23696,5.38652],[-73.23793,5.38983],[-73.23403,5.38994],[-73.23202,5.39283],[-73.23173,5.3943],[-73.23409,5.39641],[-73.23411,5.39781],[-73.23135,5.39939],[-73.22686,5.39995],[-73.22555,5.40387],[-73.22199,5.40691],[-73.22443,5.40677],[-73.22906,5.40793],[-73.23091,5.40697],[-73.23258,5.40757],[-73.23601,5.40709],[-73.23857,5.40763],[-73.23993,5.4086],[-73.24324,5.40889],[-73.24743,5.4087],[-73.24982,5.40803],[-73.25081,5.40858],[-73.25369,5.40697],[-73.25745,5.40685],[-73.25965,5.40739],[-73.26008,5.40814],[-73.26249,5.4085],[-73.2682,5.41266],[-73.2701,5.4117],[-73.27186,5.41224],[-73.27359,5.41208],[-73.2753,5.41378],[-73.27634,5.41689],[-73.28092,5.41812],[-73.2829,5.41917],[-73.28524,5.41862],[-73.28562,5.41756],[-73.28719,5.41708],[-73.29052,5.41863],[-73.29193,5.41814],[-73.29312,5.41835],[-73.2937,5.41779],[-73.29495,5.41797],[-73.29586,5.41865],[-73.29722,5.41875],[-73.29934,5.42065],[-73.30151,5.42121],[-73.30222,5.42222],[-73.30566,5.42238],[-73.30709,5.42325],[-73.31223,5.42366],[-73.31488,5.42223],[-73.31564,5.42349],[-73.31821,5.42523],[-73.3186,5.42623],[-73.31727,5.42786],[-73.31459,5.42918],[-73.3135,5.43111],[-73.31261,5.43099],[-73.3126,5.43181],[-73.31113,5.43274],[-73.3109,5.43477],[-73.30991,5.43594],[-73.30911,5.43846],[-73.30743,5.43929],[-73.30605,5.44102],[-73.30752,5.44437],[-73.30875,5.4459],[-73.31109,5.44656],[-73.31421,5.44994]]]}},{"type":"Feature","properties":{"codigo":"15204","municipio":"Cómbita","provincia":"Centro","predios_urbanos_igac":632,"predios_rurales_igac":7842,"area_km2":145.17,"area_urbana_ha":42.98,"pct_urbano":0.296,"pct_rural":99.704,"pct_de_boyaca":0.628,"jerarquia_urbana":49,"categoria_urbana":"Centro urbano local","valor_agregado":232.1,"empresas_matriculadas":70,"empresas_renovadas":293,"empresas_canceladas":50,"comfaboy_empresas":67,"comfaboy_empleos":598,"pob_0_6":1036,"pob_7_14":1243,"pob_15_17":472,"pob_18_26":1831,"pob_27_59":7291,"pob_60_mas":2167,"hombres":8743,"mujeres":5297,"poblacion":14040,"captaciones":1.44,"colocaciones":541.19,"finagro":18729.98,"bancoldex":96.1,"icm_puesto":null,"produccion_agricola_ton":25931.81,"bovinos":14888,"icfes":287.6,"matricula_escolar":3042,"establecimientos_educativos":7,"ips":3,"camas":0,"regimen_contributivo":1104,"regimen_especial":9,"regimen_subsidiado":6204,"acueductos":8,"riesgo_agua":"Bajo","eventos_riesgo":10,"densidad_hab_km2":96.71,"valor_agregado_por_hab_millones":16.531,"pred_urbanos":632,"pred_vivienda_rural":236,"pred_agropecuarios":7606,"pred_atipicos":0,"ha_urbana_predios":37.64,"ha_vivienda_rural":4.39,"ha_agropecuaria":14587.23},"geometry":{"type":"Polygon","coordinates":[[[-73.35682,5.80474],[-73.35699,5.80621],[-73.35857,5.80238],[-73.3593,5.79834],[-73.36143,5.79529],[-73.36471,5.79319],[-73.3658,5.79069],[-73.3658,5.7896],[-73.36731,5.78838],[-73.36965,5.788],[-73.37232,5.78521],[-73.3735,5.78276],[-73.37374,5.77976],[-73.37516,5.77522],[-73.37703,5.773],[-73.3788,5.76878],[-73.37911,5.76764],[-73.37864,5.76459],[-73.37903,5.7634],[-73.38161,5.76115],[-73.38118,5.75867],[-73.37973,5.75643],[-73.37984,5.75189],[-73.37688,5.74914],[-73.37882,5.74813],[-73.3796,5.74677],[-73.37962,5.74565],[-73.37782,5.744],[-73.37446,5.74317],[-73.37406,5.74166],[-73.37429,5.73853],[-73.37592,5.73714],[-73.37702,5.73463],[-73.37695,5.73043],[-73.37824,5.72547],[-73.37916,5.72403],[-73.37811,5.72281],[-73.37693,5.72282],[-73.37621,5.72227],[-73.3767,5.72108],[-73.37645,5.72062],[-73.3761,5.72082],[-73.37611,5.72036],[-73.37592,5.72074],[-73.37545,5.72034],[-73.37301,5.72081],[-73.3722,5.71994],[-73.3724,5.71765],[-73.37206,5.7172],[-73.37037,5.71712],[-73.36781,5.715],[-73.36786,5.71376],[-73.36671,5.71152],[-73.36658,5.70968],[-73.36602,5.7091],[-73.36568,5.7074],[-73.36611,5.70668],[-73.3652,5.70378],[-73.36259,5.70406],[-73.36235,5.7047],[-73.36058,5.70529],[-73.35889,5.70534],[-73.35723,5.70449],[-73.35575,5.70463],[-73.356,5.70406],[-73.35553,5.70295],[-73.3546,5.70186],[-73.35312,5.70117],[-73.34989,5.69634],[-73.34957,5.69327],[-73.34841,5.69111],[-73.34793,5.68501],[-73.34574,5.68191],[-73.34184,5.67973],[-73.34434,5.67881],[-73.34396,5.67575],[-73.3456,5.67425],[-73.3475,5.67023],[-73.35039,5.66873],[-73.35556,5.66835],[-73.35911,5.66608],[-73.36021,5.66476],[-73.36238,5.66384],[-73.36313,5.66453],[-73.36283,5.66324],[-73.36074,5.66044],[-73.36069,5.65314],[-73.36239,5.64767],[-73.36249,5.64483],[-73.36502,5.64317],[-73.36379,5.64012],[-73.36483,5.63741],[-73.36311,5.62927],[-73.35944,5.63053],[-73.35856,5.62874],[-73.35762,5.62502],[-73.36062,5.62181],[-73.35968,5.61944],[-73.35844,5.61776],[-73.35756,5.61825],[-73.35763,5.61779],[-73.35684,5.61717],[-73.35723,5.61648],[-73.35552,5.61387],[-73.35255,5.61155],[-73.35163,5.61196],[-73.34453,5.60489],[-73.34499,5.60329],[-73.34333,5.59931],[-73.34295,5.59361],[-73.33984,5.58787],[-73.33901,5.58707],[-73.33975,5.587],[-73.34009,5.58566],[-73.34126,5.58409],[-73.34011,5.58308],[-73.33894,5.58388],[-73.33591,5.58096],[-73.33697,5.57923],[-73.33555,5.57873],[-73.33143,5.57538],[-73.3312,5.57682],[-73.32973,5.57668],[-73.32923,5.57836],[-73.32617,5.58162],[-73.32554,5.58453],[-73.32472,5.58566],[-73.32613,5.58948],[-73.32177,5.59781],[-73.31989,5.60697],[-73.31865,5.61128],[-73.31699,5.61476],[-73.31794,5.61541],[-73.3146,5.61744],[-73.30549,5.62718],[-73.30028,5.62995],[-73.29554,5.63613],[-73.29216,5.63874],[-73.28965,5.64179],[-73.28819,5.64469],[-73.2867,5.64575],[-73.28653,5.6472],[-73.28555,5.64748],[-73.28505,5.6494],[-73.28326,5.64908],[-73.28256,5.65087],[-73.28165,5.65164],[-73.27849,5.65222],[-73.27882,5.65314],[-73.27808,5.65592],[-73.27706,5.6552],[-73.27658,5.656],[-73.27416,5.65649],[-73.27333,5.65748],[-73.272,5.65749],[-73.27022,5.65854],[-73.27003,5.66038],[-73.26908,5.66018],[-73.26816,5.66148],[-73.26705,5.6658],[-73.26753,5.66691],[-73.26731,5.66754],[-73.26547,5.66762],[-73.26305,5.67114],[-73.26356,5.67227],[-73.26303,5.67331],[-73.26378,5.67341],[-73.26101,5.68486],[-73.26298,5.68552],[-73.26615,5.68394],[-73.26735,5.68529],[-73.27081,5.68594],[-73.2703,5.68996],[-73.26909,5.69351],[-73.26642,5.69684],[-73.26579,5.70031],[-73.26405,5.7038],[-73.26445,5.70436],[-73.26658,5.70486],[-73.26847,5.70423],[-73.26902,5.70598],[-73.27008,5.70661],[-73.27022,5.70758],[-73.27221,5.70899],[-73.27368,5.7084],[-73.27467,5.70856],[-73.2744,5.7069],[-73.27512,5.70742],[-73.27558,5.70674],[-73.27519,5.70677],[-73.27534,5.70613],[-73.27634,5.70651],[-73.27658,5.70708],[-73.27735,5.70657],[-73.2775,5.7053],[-73.27796,5.70559],[-73.27779,5.7068],[-73.27886,5.70662],[-73.27942,5.70565],[-73.28104,5.70453],[-73.28143,5.70299],[-73.28435,5.70295],[-73.28521,5.70182],[-73.28566,5.70224],[-73.28631,5.70179],[-73.28675,5.70019],[-73.28731,5.70049],[-73.28774,5.69973],[-73.28887,5.69953],[-73.29046,5.70005],[-73.29019,5.69951],[-73.29114,5.69928],[-73.29194,5.69831],[-73.2913,5.69836],[-73.29107,5.6976],[-73.29232,5.69742],[-73.29258,5.69803],[-73.29295,5.69745],[-73.29222,5.69711],[-73.29278,5.69665],[-73.294,5.69707],[-73.29416,5.6966],[-73.29471,5.69762],[-73.2939,5.69876],[-73.2943,5.70006],[-73.29368,5.70168],[-73.29365,5.70237],[-73.29399,5.70238],[-73.29359,5.70288],[-73.29312,5.70258],[-73.29298,5.70306],[-73.29503,5.70444],[-73.29621,5.7043],[-73.29608,5.70523],[-73.29768,5.70547],[-73.29904,5.70735],[-73.29895,5.70806],[-73.30002,5.70822],[-73.30004,5.70866],[-73.29937,5.70899],[-73.30102,5.70925],[-73.30147,5.71088],[-73.30042,5.71223],[-73.30039,5.71319],[-73.30128,5.71375],[-73.30114,5.71431],[-73.30195,5.71414],[-73.30208,5.71516],[-73.30279,5.71441],[-73.3041,5.71431],[-73.30431,5.71587],[-73.30539,5.71602],[-73.30571,5.71552],[-73.30765,5.71719],[-73.30819,5.7171],[-73.30842,5.7181],[-73.3095,5.71801],[-73.30964,5.71963],[-73.31163,5.72379],[-73.31175,5.72501],[-73.31327,5.72521],[-73.31439,5.72601],[-73.31509,5.72783],[-73.3165,5.72839],[-73.31763,5.73257],[-73.31993,5.73558],[-73.32099,5.7353],[-73.32178,5.73794],[-73.3226,5.73883],[-73.32322,5.73879],[-73.32495,5.74138],[-73.32511,5.74281],[-73.32714,5.74609],[-73.32838,5.75083],[-73.33039,5.75529],[-73.33368,5.75722],[-73.33567,5.75997],[-73.3362,5.76258],[-73.33453,5.76735],[-73.33948,5.76831],[-73.34338,5.76819],[-73.34409,5.77128],[-73.34352,5.77433],[-73.34508,5.7805],[-73.34559,5.78191],[-73.34752,5.78418],[-73.34809,5.78854],[-73.35029,5.79012],[-73.34871,5.79359],[-73.35012,5.79352],[-73.3538,5.79689],[-73.35515,5.79892],[-73.35682,5.80474]]]}},{"type":"Feature","properties":{"codigo":"15212","municipio":"Coper","provincia":"Occidente","predios_urbanos_igac":349,"predios_rurales_igac":2166,"area_km2":149.85,"area_urbana_ha":21.52,"pct_urbano":0.144,"pct_rural":99.856,"pct_de_boyaca":0.648,"jerarquia_urbana":89,"categoria_urbana":"Núcleo urbano básico","valor_agregado":146.75,"empresas_matriculadas":7,"empresas_renovadas":39,"empresas_canceladas":6,"comfaboy_empresas":5,"comfaboy_empleos":53,"pob_0_6":363,"pob_7_14":450,"pob_15_17":165,"pob_18_26":396,"pob_27_59":1515,"pob_60_mas":943,"hombres":1996,"mujeres":1836,"poblacion":3832,"captaciones":105.49,"colocaciones":4.85,"finagro":1771.53,"bancoldex":129.1,"icm_puesto":null,"produccion_agricola_ton":28174.04,"bovinos":7200,"icfes":242,"matricula_escolar":438,"establecimientos_educativos":2,"ips":1,"camas":0,"regimen_contributivo":250,"regimen_especial":16,"regimen_subsidiado":2061,"acueductos":3,"riesgo_agua":"Medio","eventos_riesgo":null,"densidad_hab_km2":25.57,"valor_agregado_por_hab_millones":38.296,"pred_urbanos":349,"pred_vivienda_rural":21,"pred_agropecuarios":2145,"pred_atipicos":0,"ha_urbana_predios":18.72,"ha_vivienda_rural":0.25,"ha_agropecuaria":15234.16},"geometry":{"type":"Polygon","coordinates":[[[-74.0018,5.52899],[-74.0034,5.52875],[-74.00479,5.52747],[-74.00775,5.52654],[-74.01037,5.52698],[-74.01355,5.5267],[-74.01656,5.52439],[-74.01838,5.52407],[-74.01857,5.52148],[-74.01933,5.5212],[-74.01991,5.52172],[-74.02106,5.51995],[-74.02081,5.51912],[-74.02123,5.51815],[-74.02063,5.51694],[-74.02198,5.51464],[-74.02164,5.51356],[-74.0224,5.5083],[-74.02635,5.50321],[-74.02832,5.50278],[-74.02998,5.50134],[-74.03205,5.5005],[-74.03229,5.49844],[-74.03373,5.49677],[-74.03491,5.49659],[-74.03527,5.4978],[-74.03741,5.49968],[-74.0412,5.49905],[-74.04255,5.498],[-74.04385,5.49897],[-74.04442,5.50107],[-74.04509,5.50163],[-74.04588,5.50087],[-74.04583,5.49938],[-74.04701,5.5003],[-74.04783,5.49854],[-74.04951,5.49928],[-74.04938,5.49803],[-74.05052,5.4976],[-74.05111,5.4961],[-74.0522,5.49538],[-74.05368,5.49611],[-74.05393,5.49937],[-74.05535,5.49899],[-74.05757,5.50101],[-74.05913,5.50156],[-74.05962,5.50056],[-74.06112,5.5003],[-74.06259,5.49833],[-74.06416,5.49916],[-74.06559,5.49856],[-74.06748,5.49445],[-74.06955,5.49478],[-74.07025,5.49437],[-74.07091,5.49333],[-74.07231,5.49253],[-74.07396,5.4897],[-74.07678,5.48779],[-74.07757,5.48556],[-74.08439,5.48222],[-74.08576,5.48196],[-74.08784,5.48249],[-74.08915,5.48135],[-74.09079,5.48098],[-74.09437,5.47915],[-74.09632,5.47731],[-74.09686,5.47518],[-74.09693,5.47064],[-74.09479,5.46602],[-74.09576,5.46357],[-74.09554,5.46183],[-74.09696,5.45936],[-74.09524,5.45666],[-74.09543,5.45489],[-74.09482,5.45122],[-74.09406,5.44989],[-74.0954,5.44705],[-74.09758,5.43986],[-74.09605,5.43815],[-74.09551,5.43675],[-74.09456,5.43638],[-74.09279,5.43721],[-74.09151,5.43637],[-74.09053,5.43465],[-74.09052,5.43273],[-74.09158,5.43181],[-74.09144,5.43056],[-74.09275,5.42895],[-74.09124,5.42796],[-74.08955,5.42885],[-74.08705,5.42819],[-74.0866,5.42618],[-74.08339,5.42153],[-74.08167,5.42001],[-74.08055,5.41695],[-74.07941,5.41669],[-74.07813,5.41538],[-74.07801,5.41351],[-74.07358,5.40817],[-74.07009,5.40738],[-74.06906,5.40554],[-74.068,5.40504],[-74.06192,5.40534],[-74.05993,5.40434],[-74.059,5.40322],[-74.05447,5.40121],[-74.05328,5.40231],[-74.05136,5.40239],[-74.04988,5.40359],[-74.04689,5.40382],[-74.04518,5.40454],[-74.04201,5.40004],[-74.04051,5.39301],[-74.03979,5.39201],[-74.03742,5.39071],[-74.03426,5.39007],[-74.03174,5.38757],[-74.03028,5.3869],[-74.02793,5.38691],[-74.0249,5.38764],[-74.02228,5.38689],[-74.02193,5.38619],[-74.02382,5.38147],[-74.02357,5.37044],[-74.02251,5.36711],[-74.01997,5.36614],[-74.01566,5.36723],[-74.0119,5.36726],[-74.00972,5.36839],[-73.9991,5.36749],[-73.99983,5.36794],[-73.99996,5.36871],[-73.99868,5.37071],[-73.9976,5.3706],[-73.99755,5.37141],[-73.99645,5.37245],[-73.99353,5.37308],[-73.99291,5.37439],[-73.99139,5.37465],[-73.99169,5.37549],[-73.99058,5.37559],[-73.98966,5.37762],[-73.98735,5.37927],[-73.98755,5.38055],[-73.98669,5.38639],[-73.98515,5.38937],[-73.98349,5.38897],[-73.98269,5.39071],[-73.98326,5.39171],[-73.98321,5.39427],[-73.9827,5.39496],[-73.98401,5.3958],[-73.9818,5.39779],[-73.98174,5.40289],[-73.98011,5.40524],[-73.97297,5.41936],[-73.97061,5.42021],[-73.9665,5.42084],[-73.96466,5.4222],[-73.96361,5.42243],[-73.96242,5.42193],[-73.9569,5.42149],[-73.94873,5.41764],[-73.94765,5.41769],[-73.94738,5.41893],[-73.94708,5.42408],[-73.94792,5.42503],[-73.94804,5.42626],[-73.94908,5.42822],[-73.95161,5.42844],[-73.95297,5.42941],[-73.95384,5.43213],[-73.95475,5.43318],[-73.95505,5.43452],[-73.95466,5.43545],[-73.95521,5.43581],[-73.95553,5.4384],[-73.95343,5.44239],[-73.95261,5.44504],[-73.94987,5.44783],[-73.95032,5.44953],[-73.95754,5.45231],[-73.96165,5.45495],[-73.96501,5.45568],[-73.96935,5.45555],[-73.97144,5.45468],[-73.97366,5.45444],[-73.98061,5.45138],[-73.98457,5.45403],[-73.98668,5.45838],[-73.9888,5.45818],[-73.99069,5.4587],[-74.00075,5.4637],[-74.00656,5.46535],[-74.0097,5.46519],[-74.0132,5.46875],[-74.01499,5.46784],[-74.01813,5.46994],[-74.01947,5.472],[-74.01691,5.47399],[-74.01507,5.47675],[-74.01392,5.48177],[-74.01094,5.48785],[-74.00781,5.49807],[-74.00682,5.49954],[-74.00472,5.5005],[-74.0011,5.50399],[-74.00027,5.50787],[-73.99922,5.50962],[-73.99424,5.51251],[-73.99199,5.52127],[-73.99029,5.52425],[-73.99032,5.52517],[-73.99169,5.526],[-73.99378,5.526],[-73.99772,5.52821],[-74.0001,5.52835],[-74.0018,5.52899]]]}},{"type":"Feature","properties":{"codigo":"15215","municipio":"Corrales","provincia":"Tundama","predios_urbanos_igac":525,"predios_rurales_igac":1767,"area_km2":60.8,"area_urbana_ha":41.31,"pct_urbano":0.679,"pct_rural":99.321,"pct_de_boyaca":0.263,"jerarquia_urbana":50,"categoria_urbana":"Centro urbano local","valor_agregado":104.72,"empresas_matriculadas":19,"empresas_renovadas":125,"empresas_canceladas":2,"comfaboy_empresas":37,"comfaboy_empleos":212,"pob_0_6":253,"pob_7_14":270,"pob_15_17":114,"pob_18_26":392,"pob_27_59":1148,"pob_60_mas":497,"hombres":1382,"mujeres":1292,"poblacion":2674,"captaciones":0.04,"colocaciones":52.31,"finagro":2492.68,"bancoldex":0,"icm_puesto":null,"produccion_agricola_ton":2895.72,"bovinos":1162,"icfes":283,"matricula_escolar":395,"establecimientos_educativos":1,"ips":1,"camas":0,"regimen_contributivo":677,"regimen_especial":1,"regimen_subsidiado":1062,"acueductos":5,"riesgo_agua":"Medio","eventos_riesgo":4,"densidad_hab_km2":43.98,"valor_agregado_por_hab_millones":39.162,"pred_urbanos":525,"pred_vivienda_rural":68,"pred_agropecuarios":1699,"pred_atipicos":0,"ha_urbana_predios":35.33,"ha_vivienda_rural":0.81,"ha_agropecuaria":5966.08},"geometry":{"type":"Polygon","coordinates":[[[-72.82661,5.87879],[-72.82832,5.8782],[-72.82934,5.87659],[-72.83148,5.87535],[-72.8363,5.87514],[-72.83788,5.87554],[-72.84025,5.87768],[-72.84219,5.87867],[-72.84335,5.8786],[-72.8455,5.87729],[-72.84674,5.87747],[-72.84766,5.87848],[-72.84814,5.87843],[-72.85006,5.87766],[-72.85007,5.8769],[-72.85121,5.87622],[-72.85236,5.87175],[-72.85583,5.86997],[-72.85637,5.86733],[-72.85743,5.86637],[-72.85764,5.86542],[-72.85492,5.86218],[-72.85225,5.86254],[-72.84813,5.85955],[-72.85139,5.85732],[-72.85079,5.85704],[-72.8506,5.85546],[-72.85161,5.85001],[-72.85218,5.84972],[-72.85311,5.84744],[-72.85439,5.84588],[-72.85537,5.84241],[-72.85809,5.83696],[-72.85759,5.83551],[-72.85495,5.83391],[-72.85717,5.83371],[-72.85816,5.83197],[-72.85787,5.83034],[-72.85855,5.82977],[-72.85872,5.82629],[-72.86326,5.82251],[-72.86549,5.81855],[-72.86688,5.81697],[-72.86738,5.81666],[-72.86998,5.81816],[-72.8706,5.81759],[-72.87242,5.81771],[-72.87249,5.81714],[-72.8731,5.81756],[-72.87454,5.81625],[-72.87667,5.8158],[-72.8807,5.81634],[-72.88319,5.81727],[-72.88498,5.81624],[-72.88667,5.81754],[-72.89419,5.81396],[-72.89483,5.81345],[-72.89486,5.81254],[-72.89629,5.81209],[-72.89708,5.81119],[-72.89763,5.8073],[-72.89609,5.80524],[-72.89594,5.80438],[-72.8964,5.8015],[-72.89594,5.79783],[-72.89623,5.79528],[-72.89226,5.79655],[-72.88635,5.79376],[-72.88575,5.79421],[-72.88398,5.79416],[-72.88083,5.79572],[-72.87883,5.79521],[-72.87676,5.79385],[-72.87808,5.78836],[-72.87776,5.78549],[-72.87396,5.77546],[-72.87566,5.77631],[-72.87689,5.77587],[-72.87278,5.77354],[-72.87512,5.77051],[-72.87055,5.76911],[-72.86666,5.76854],[-72.86348,5.77079],[-72.86412,5.77253],[-72.86051,5.77291],[-72.85808,5.7751],[-72.8573,5.77442],[-72.85612,5.77471],[-72.85469,5.77413],[-72.8536,5.77556],[-72.85124,5.77646],[-72.84631,5.78005],[-72.84366,5.78093],[-72.84144,5.78336],[-72.8398,5.78405],[-72.83681,5.78769],[-72.83456,5.79225],[-72.83183,5.79594],[-72.8327,5.80012],[-72.83481,5.80277],[-72.83458,5.80558],[-72.83575,5.80692],[-72.82965,5.80683],[-72.82548,5.80824],[-72.82482,5.80941],[-72.82417,5.8148],[-72.82166,5.82042],[-72.81555,5.82634],[-72.81494,5.82703],[-72.81486,5.82802],[-72.8116,5.83049],[-72.81059,5.83228],[-72.81093,5.8334],[-72.80849,5.83224],[-72.80375,5.83296],[-72.80155,5.83802],[-72.80286,5.83973],[-72.80251,5.84096],[-72.80163,5.84147],[-72.80204,5.84202],[-72.80123,5.84552],[-72.80141,5.84684],[-72.801,5.84825],[-72.79989,5.84755],[-72.79796,5.85022],[-72.79755,5.85245],[-72.79826,5.8534],[-72.79812,5.85391],[-72.79915,5.85349],[-72.80031,5.85209],[-72.80119,5.85192],[-72.80385,5.85398],[-72.8056,5.85444],[-72.80575,5.85525],[-72.80782,5.85745],[-72.80916,5.8581],[-72.81019,5.85962],[-72.81164,5.86453],[-72.81318,5.86622],[-72.81576,5.86713],[-72.81775,5.86991],[-72.81911,5.86994],[-72.81933,5.87232],[-72.82166,5.87448],[-72.82303,5.8777],[-72.82616,5.87828],[-72.82661,5.87879]]]}},{"type":"Feature","properties":{"codigo":"15218","municipio":"Covarachía","provincia":"Norte","predios_urbanos_igac":215,"predios_rurales_igac":1788,"area_km2":102.32,"area_urbana_ha":11.47,"pct_urbano":0.112,"pct_rural":99.888,"pct_de_boyaca":0.442,"jerarquia_urbana":113,"categoria_urbana":"Núcleo urbano básico","valor_agregado":80.11,"empresas_matriculadas":10,"empresas_renovadas":74,"empresas_canceladas":6,"comfaboy_empresas":3,"comfaboy_empleos":34,"pob_0_6":292,"pob_7_14":359,"pob_15_17":124,"pob_18_26":303,"pob_27_59":1101,"pob_60_mas":762,"hombres":1538,"mujeres":1403,"poblacion":2941,"captaciones":62222.99,"colocaciones":9854.81,"finagro":4692.51,"bancoldex":156.94,"icm_puesto":null,"produccion_agricola_ton":8323.72,"bovinos":2641,"icfes":236,"matricula_escolar":433,"establecimientos_educativos":1,"ips":1,"camas":0,"regimen_contributivo":199,"regimen_especial":5,"regimen_subsidiado":2384,"acueductos":3,"riesgo_agua":"Medio","eventos_riesgo":3,"densidad_hab_km2":28.74,"valor_agregado_por_hab_millones":27.239,"pred_urbanos":215,"pred_vivienda_rural":3,"pred_agropecuarios":1785,"pred_atipicos":0,"ha_urbana_predios":9.81,"ha_vivienda_rural":0.08,"ha_agropecuaria":10058.9},"geometry":{"type":"Polygon","coordinates":[[[-72.76538,6.58286],[-72.76709,6.5826],[-72.76955,6.58016],[-72.77142,6.57975],[-72.77362,6.57996],[-72.77473,6.5786],[-72.77905,6.58037],[-72.78187,6.57975],[-72.78299,6.57823],[-72.7827,6.57468],[-72.78315,6.57402],[-72.78756,6.57227],[-72.79193,6.56855],[-72.79414,6.5691],[-72.79534,6.5688],[-72.79995,6.56459],[-72.80152,6.56373],[-72.80421,6.56055],[-72.80858,6.55953],[-72.80904,6.55863],[-72.80871,6.55687],[-72.8058,6.55398],[-72.80568,6.54863],[-72.80603,6.54624],[-72.80737,6.54358],[-72.80885,6.5426],[-72.81095,6.54238],[-72.80972,6.54111],[-72.80858,6.53881],[-72.80404,6.53697],[-72.79866,6.53218],[-72.79707,6.53005],[-72.79458,6.52995],[-72.79218,6.53059],[-72.79119,6.53002],[-72.78999,6.5311],[-72.78823,6.53179],[-72.78543,6.53123],[-72.77845,6.52869],[-72.77756,6.52593],[-72.7753,6.52358],[-72.77387,6.52066],[-72.77391,6.51606],[-72.77266,6.5118],[-72.77253,6.50848],[-72.77123,6.5074],[-72.7687,6.50313],[-72.76763,6.50248],[-72.76538,6.49914],[-72.76366,6.49846],[-72.76078,6.49816],[-72.75944,6.49697],[-72.75918,6.49575],[-72.75614,6.49386],[-72.7545,6.4938],[-72.75208,6.49476],[-72.7492,6.49481],[-72.74778,6.49451],[-72.74616,6.4932],[-72.74325,6.49252],[-72.74021,6.49242],[-72.73592,6.49069],[-72.73747,6.48782],[-72.73826,6.48348],[-72.737,6.47939],[-72.73682,6.47303],[-72.7346,6.47171],[-72.73307,6.46927],[-72.72885,6.46505],[-72.72488,6.4567],[-72.72743,6.45423],[-72.73095,6.44966],[-72.73181,6.44789],[-72.73201,6.44611],[-72.73352,6.44414],[-72.73755,6.44133],[-72.73798,6.44027],[-72.73555,6.44003],[-72.73305,6.441],[-72.72902,6.44041],[-72.72528,6.44208],[-72.7248,6.44298],[-72.71982,6.44145],[-72.71699,6.44222],[-72.71445,6.44675],[-72.71349,6.45044],[-72.70904,6.4542],[-72.70603,6.45526],[-72.70557,6.45653],[-72.70391,6.45745],[-72.69943,6.46364],[-72.69936,6.46581],[-72.69704,6.46834],[-72.69655,6.46956],[-72.69455,6.47083],[-72.6936,6.4725],[-72.6875,6.47778],[-72.68581,6.4808],[-72.68266,6.48291],[-72.67953,6.48276],[-72.67999,6.48527],[-72.67947,6.49111],[-72.68087,6.49422],[-72.68283,6.49631],[-72.68327,6.50084],[-72.68454,6.50242],[-72.68459,6.50352],[-72.6857,6.50438],[-72.68681,6.50836],[-72.6896,6.51103],[-72.6935,6.5133],[-72.69467,6.51454],[-72.69383,6.51719],[-72.69594,6.51999],[-72.69549,6.52243],[-72.69577,6.52422],[-72.69645,6.52499],[-72.6993,6.52579],[-72.70022,6.52739],[-72.70285,6.5301],[-72.70304,6.53783],[-72.70358,6.53923],[-72.7087,6.54209],[-72.71199,6.54305],[-72.71372,6.54594],[-72.71501,6.54691],[-72.71665,6.5493],[-72.71848,6.55063],[-72.71914,6.5527],[-72.72068,6.55367],[-72.72401,6.5541],[-72.72553,6.55194],[-72.72697,6.55216],[-72.72997,6.55147],[-72.73481,6.55506],[-72.73714,6.55536],[-72.74108,6.55794],[-72.74343,6.55892],[-72.74435,6.55991],[-72.74452,6.56117],[-72.74248,6.56778],[-72.74274,6.56891],[-72.74438,6.56955],[-72.74833,6.57006],[-72.75305,6.57501],[-72.75696,6.57669],[-72.75884,6.57919],[-72.75984,6.58142],[-72.76538,6.58286]]]}},{"type":"Feature","properties":{"codigo":"15223","municipio":"Cubará","provincia":"Gutiérrez","predios_urbanos_igac":765,"predios_rurales_igac":302,"area_km2":1176.38,"area_urbana_ha":104.46,"pct_urbano":0.089,"pct_rural":99.911,"pct_de_boyaca":5.086,"jerarquia_urbana":16,"categoria_urbana":"Centro urbano menor","valor_agregado":229.48,"empresas_matriculadas":null,"empresas_renovadas":null,"empresas_canceladas":null,"comfaboy_empresas":17,"comfaboy_empleos":143,"pob_0_6":2249,"pob_7_14":2078,"pob_15_17":620,"pob_18_26":1677,"pob_27_59":3774,"pob_60_mas":897,"hombres":5662,"mujeres":5633,"poblacion":11295,"captaciones":11572.35,"colocaciones":14464.04,"finagro":2249.17,"bancoldex":15,"icm_puesto":null,"produccion_agricola_ton":789.04,"bovinos":9218,"icfes":251,"matricula_escolar":1481,"establecimientos_educativos":2,"ips":5,"camas":6,"regimen_contributivo":1210,"regimen_especial":165,"regimen_subsidiado":9497,"acueductos":5,"riesgo_agua":"Medio","eventos_riesgo":5,"densidad_hab_km2":9.6,"valor_agregado_por_hab_millones":20.317,"pred_urbanos":765,"pred_vivienda_rural":4,"pred_agropecuarios":298,"pred_atipicos":0,"ha_urbana_predios":94.76,"ha_vivienda_rural":0.04,"ha_agropecuaria":111144.14},"geometry":{"type":"Polygon","coordinates":[[[-72.17634,7.05554],[-72.17801,7.05527],[-72.18108,7.05283],[-72.1826,7.05252],[-72.18399,7.05279],[-72.18498,7.05404],[-72.18597,7.05377],[-72.18845,7.05141],[-72.19085,7.04708],[-72.19223,7.04601],[-72.1948,7.04568],[-72.19633,7.04488],[-72.19725,7.04278],[-72.19966,7.04119],[-72.1998,7.03931],[-72.1987,7.0355],[-72.19895,7.03282],[-72.20288,7.02646],[-72.20532,7.02424],[-72.2058,7.02243],[-72.20549,7.01894],[-72.20463,7.0161],[-72.20439,7.01194],[-72.20375,7.01136],[-72.20226,7.01162],[-72.20117,7.01092],[-72.20049,7.00861],[-72.20097,7.00669],[-72.20487,7.00415],[-72.20905,7.00399],[-72.21291,7.00115],[-72.21541,6.99799],[-72.21646,6.99485],[-72.21813,6.99196],[-72.2204,6.99039],[-72.22033,6.98634],[-72.22084,6.98575],[-72.22418,6.98488],[-72.22795,6.9832],[-72.23181,6.98305],[-72.23297,6.98193],[-72.2341,6.97926],[-72.23956,6.97952],[-72.24246,6.97752],[-72.24472,6.97702],[-72.24857,6.98018],[-72.25176,6.98111],[-72.25446,6.98284],[-72.25542,6.98398],[-72.25501,6.98996],[-72.25366,6.99297],[-72.25272,6.99821],[-72.25289,7.00067],[-72.25091,7.00448],[-72.25117,7.0062],[-72.25251,7.00748],[-72.25745,7.00942],[-72.26084,7.01021],[-72.26781,7.00973],[-72.27016,7.0109],[-72.27151,7.01283],[-72.27328,7.01223],[-72.27512,7.01286],[-72.27652,7.01279],[-72.28143,7.01006],[-72.28285,7.0085],[-72.28515,7.00323],[-72.28635,7.00223],[-72.28684,6.99955],[-72.29143,6.99434],[-72.29371,6.98985],[-72.29459,6.98454],[-72.29682,6.97905],[-72.30183,6.96971],[-72.30145,6.9644],[-72.30292,6.96264],[-72.30422,6.95548],[-72.30608,6.95394],[-72.30593,6.94943],[-72.30752,6.9473],[-72.3079,6.94389],[-72.3087,6.94213],[-72.3098,6.9403],[-72.31126,6.93919],[-72.31343,6.93222],[-72.31584,6.93107],[-72.31696,6.92931],[-72.31889,6.92857],[-72.3214,6.92331],[-72.32383,6.92301],[-72.32628,6.92129],[-72.33008,6.91542],[-72.33234,6.91479],[-72.33535,6.91162],[-72.33764,6.90817],[-72.34172,6.90592],[-72.34463,6.90275],[-72.34685,6.90205],[-72.34916,6.90011],[-72.34985,6.89905],[-72.34903,6.89571],[-72.35005,6.89289],[-72.35324,6.89166],[-72.35475,6.89254],[-72.3564,6.89258],[-72.35854,6.8941],[-72.36032,6.89418],[-72.36215,6.8934],[-72.36527,6.8908],[-72.3672,6.89048],[-72.36908,6.88903],[-72.37055,6.88985],[-72.37225,6.88849],[-72.37238,6.88743],[-72.37319,6.88644],[-72.37596,6.88505],[-72.37734,6.88543],[-72.37848,6.88477],[-72.3794,6.88308],[-72.38072,6.88313],[-72.38053,6.88136],[-72.38117,6.87996],[-72.38499,6.87731],[-72.38498,6.87547],[-72.38728,6.87391],[-72.38952,6.87349],[-72.3908,6.87275],[-72.39155,6.87291],[-72.39233,6.87221],[-72.39498,6.87239],[-72.39837,6.87333],[-72.40091,6.87257],[-72.40403,6.87424],[-72.40599,6.87283],[-72.40835,6.87456],[-72.41601,6.87786],[-72.41961,6.88038],[-72.42055,6.88035],[-72.42248,6.88165],[-72.42496,6.88075],[-72.42622,6.88191],[-72.42901,6.88141],[-72.43058,6.88295],[-72.43229,6.8829],[-72.43323,6.88484],[-72.43448,6.88505],[-72.43631,6.88618],[-72.43853,6.88643],[-72.43989,6.89132],[-72.44051,6.89198],[-72.44367,6.89197],[-72.44607,6.89421],[-72.4467,6.89438],[-72.44797,6.8938],[-72.45236,6.89556],[-72.45281,6.89723],[-72.45342,6.89772],[-72.45733,6.89821],[-72.46003,6.90065],[-72.46206,6.90063],[-72.4646,6.90169],[-72.46607,6.90402],[-72.47349,6.91216],[-72.47541,6.91307],[-72.47653,6.91459],[-72.47862,6.91548],[-72.48005,6.91811],[-72.4817,6.91896],[-72.48266,6.92025],[-72.48376,6.92077],[-72.4878,6.92452],[-72.49026,6.92483],[-72.49226,6.92432],[-72.49661,6.92153],[-72.49752,6.92021],[-72.49782,6.91859],[-72.49709,6.91605],[-72.5006,6.91224],[-72.50066,6.91119],[-72.49986,6.90965],[-72.5004,6.90874],[-72.50294,6.90816],[-72.5018,6.90685],[-72.50088,6.90428],[-72.4977,6.90002],[-72.4964,6.89646],[-72.49734,6.89204],[-72.49651,6.88768],[-72.49659,6.88578],[-72.4978,6.88537],[-72.50254,6.8819],[-72.50159,6.87819],[-72.50177,6.87515],[-72.50062,6.87124],[-72.4983,6.86775],[-72.49297,6.86707],[-72.49062,6.86551],[-72.48957,6.86302],[-72.48834,6.85672],[-72.48858,6.8544],[-72.48714,6.85266],[-72.48347,6.85105],[-72.48354,6.84739],[-72.48198,6.84546],[-72.47838,6.84255],[-72.47706,6.8422],[-72.47586,6.84374],[-72.47248,6.84566],[-72.4708,6.84595],[-72.46879,6.84601],[-72.46507,6.84382],[-72.46283,6.84395],[-72.46098,6.84561],[-72.4606,6.84693],[-72.45887,6.84902],[-72.45759,6.84998],[-72.45591,6.85083],[-72.45193,6.85134],[-72.44512,6.85084],[-72.44106,6.84873],[-72.43785,6.8487],[-72.43517,6.84672],[-72.43,6.8454],[-72.42851,6.84578],[-72.42566,6.84803],[-72.42347,6.84895],[-72.41988,6.84584],[-72.41684,6.8452],[-72.41377,6.84391],[-72.40988,6.84037],[-72.40755,6.84001],[-72.40518,6.84153],[-72.40093,6.84175],[-72.39908,6.8425],[-72.39621,6.8404],[-72.39294,6.84011],[-72.39014,6.83904],[-72.38724,6.84016],[-72.3806,6.8415],[-72.37812,6.84126],[-72.37664,6.83987],[-72.37427,6.83918],[-72.37124,6.83977],[-72.36853,6.84193],[-72.36698,6.8415],[-72.36389,6.84162],[-72.36314,6.84336],[-72.36034,6.84423],[-72.3584,6.84867],[-72.35354,6.8487],[-72.35104,6.84991],[-72.34836,6.84908],[-72.34462,6.84881],[-72.34077,6.84655],[-72.3401,6.84523],[-72.34091,6.84342],[-72.34065,6.84],[-72.34123,6.8384],[-72.34051,6.83651],[-72.34096,6.8349],[-72.34078,6.83256],[-72.34024,6.83157],[-72.34087,6.82998],[-72.33818,6.82449],[-72.33331,6.82379],[-72.33027,6.82145],[-72.33001,6.82005],[-72.32817,6.81781],[-72.3184,6.81575],[-72.31708,6.81454],[-72.31639,6.81134],[-72.3133,6.8061],[-72.31214,6.80291],[-72.31144,6.7982],[-72.3097,6.79548],[-72.30875,6.79476],[-72.30793,6.79186],[-72.30505,6.78972],[-72.30059,6.7883],[-72.29655,6.78506],[-72.29551,6.78112],[-72.29456,6.77261],[-72.29362,6.76831],[-72.29228,6.76495],[-72.29298,6.76481],[-72.29239,6.7621],[-72.29439,6.76117],[-72.29676,6.76165],[-72.30186,6.76146],[-72.30608,6.75977],[-72.30698,6.75885],[-72.30198,6.7541],[-72.29956,6.74996],[-72.29927,6.74892],[-72.2999,6.74846],[-72.30007,6.74745],[-72.29924,6.74623],[-72.29937,6.74306],[-72.29902,6.74187],[-72.29764,6.74027],[-72.29666,6.73719],[-72.29652,6.73408],[-72.29736,6.73302],[-72.29745,6.73113],[-72.29575,6.72668],[-72.29653,6.72458],[-72.29728,6.724],[-72.29767,6.72123],[-72.29911,6.71946],[-72.29875,6.71806],[-72.29949,6.7165],[-72.29455,6.71532],[-72.29165,6.71299],[-72.29088,6.70947],[-72.28843,6.70511],[-72.28778,6.70086],[-72.2882,6.69616],[-72.28773,6.69572],[-72.28464,6.69509],[-72.28179,6.69553],[-72.28051,6.69686],[-72.27594,6.69814],[-72.26878,6.70298],[-72.26306,6.70411],[-72.26115,6.70685],[-72.26001,6.70745],[-72.25857,6.70713],[-72.25697,6.70537],[-72.25414,6.70371],[-72.25085,6.70407],[-72.24877,6.70191],[-72.24784,6.70205],[-72.24513,6.70464],[-72.24125,6.70387],[-72.23855,6.70006],[-72.23317,6.69642],[-72.23193,6.69623],[-72.23145,6.69839],[-72.23164,6.70664],[-72.23127,6.70841],[-72.22957,6.71164],[-72.22921,6.71515],[-72.22708,6.72191],[-72.22689,6.72549],[-72.225,6.72695],[-72.2226,6.72776],[-72.21945,6.72658],[-72.21721,6.72786],[-72.21449,6.72836],[-72.21303,6.7308],[-72.21344,6.73361],[-72.21302,6.73685],[-72.21188,6.73859],[-72.21017,6.73898],[-72.20608,6.73742],[-72.20405,6.73784],[-72.20098,6.74023],[-72.19984,6.74336],[-72.19896,6.74408],[-72.19689,6.74301],[-72.19268,6.7446],[-72.19038,6.74204],[-72.18618,6.7407],[-72.17859,6.74165],[-72.17547,6.74557],[-72.1718,6.74729],[-72.16919,6.74726],[-72.16717,6.74639],[-72.16308,6.74684],[-72.16158,6.74878],[-72.15797,6.7491],[-72.15508,6.75047],[-72.15125,6.75479],[-72.14658,6.75546],[-72.14274,6.75744],[-72.14039,6.7633],[-72.13859,6.76175],[-72.135,6.75605],[-72.13049,6.75188],[-72.12844,6.74737],[-72.12619,6.74457],[-72.12236,6.74293],[-72.12066,6.74153],[-72.11321,6.73945],[-72.10911,6.74607],[-72.10665,6.7473],[-72.10563,6.7485],[-72.10013,6.74647],[-72.09994,6.7476],[-72.09899,6.74833],[-72.09419,6.7493],[-72.09269,6.75378],[-72.09068,6.75313],[-72.08661,6.75302],[-72.08519,6.75381],[-72.07947,6.7511],[-72.07693,6.7509],[-72.07474,6.75306],[-72.07395,6.75501],[-72.07158,6.75839],[-72.06808,6.76149],[-72.0641,6.76339],[-72.0599,6.76752],[-72.05882,6.76785],[-72.05547,6.767],[-72.05372,6.76796],[-72.05079,6.76864],[-72.05038,6.76996],[-72.05079,6.77204],[-72.04947,6.77489],[-72.04749,6.77549],[-72.04726,6.77645],[-72.04796,6.77751],[-72.04768,6.78018],[-72.04708,6.78105],[-72.04559,6.78146],[-72.0448,6.78273],[-72.04429,6.78413],[-72.04457,6.78635],[-72.04388,6.78854],[-72.04285,6.79001],[-72.04141,6.79078],[-72.04107,6.79284],[-72.03908,6.79383],[-72.03774,6.79589],[-72.03764,6.79708],[-72.03857,6.80007],[-72.03703,6.80255],[-72.0377,6.80455],[-72.0375,6.80648],[-72.03892,6.80859],[-72.03725,6.81117],[-72.03875,6.81466],[-72.03738,6.81628],[-72.03802,6.81887],[-72.0358,6.82384],[-72.03455,6.8297],[-72.03164,6.83348],[-72.02744,6.84341],[-72.02323,6.85008],[-72.02162,6.85523],[-72.01807,6.86086],[-72.01698,6.8644],[-72.0175,6.86836],[-72.01588,6.87207],[-72.01433,6.87384],[-72.01245,6.87864],[-72.00943,6.88141],[-72.00809,6.88708],[-72.0046,6.89126],[-72.00301,6.89657],[-71.99934,6.90437],[-71.99657,6.90894],[-71.99551,6.91213],[-71.99373,6.92699],[-71.99294,6.92942],[-71.98775,6.93785],[-71.98791,6.9399],[-71.98444,6.94625],[-71.98394,6.94873],[-71.97981,6.95653],[-71.97777,6.96514],[-71.97482,6.97164],[-71.97104,6.97762],[-71.96905,6.97942],[-71.96578,6.9836],[-71.96527,6.98643],[-71.9627,6.98836],[-71.96187,6.98965],[-71.96079,6.99537],[-71.95957,6.99717],[-71.9595,6.9982],[-71.96054,7.00013],[-71.96015,7.0016],[-71.95726,7.00328],[-71.95546,7.00535],[-71.95221,7.00663],[-71.9499,7.00902],[-71.94885,7.01132],[-71.95044,7.01291],[-71.96562,7.01559],[-71.97786,7.021],[-71.98216,7.02371],[-71.98692,7.02528],[-72.00324,7.02909],[-72.00573,7.0318],[-72.00958,7.03338],[-72.01298,7.03405],[-72.01729,7.03359],[-72.02091,7.03585],[-72.02386,7.03584],[-72.02952,7.0347],[-72.03541,7.03537],[-72.04085,7.03807],[-72.04681,7.03917],[-72.04952,7.03686],[-72.05094,7.03648],[-72.05581,7.03693],[-72.06358,7.04105],[-72.06874,7.04254],[-72.07569,7.04537],[-72.07792,7.04538],[-72.07965,7.04477],[-72.08508,7.04107],[-72.09163,7.0378],[-72.10253,7.03546],[-72.10744,7.03271],[-72.11141,7.03234],[-72.11734,7.03308],[-72.11874,7.03199],[-72.12043,7.02841],[-72.12213,7.02768],[-72.12633,7.03056],[-72.13179,7.03016],[-72.1351,7.03312],[-72.13694,7.03393],[-72.14481,7.03566],[-72.14917,7.03491],[-72.15306,7.03505],[-72.15475,7.03659],[-72.15462,7.03996],[-72.15546,7.04129],[-72.15675,7.04196],[-72.15892,7.04161],[-72.15994,7.04215],[-72.15929,7.04627],[-72.15958,7.04712],[-72.16093,7.04775],[-72.16357,7.04788],[-72.17225,7.05176],[-72.17634,7.05554]]]}},{"type":"Feature","properties":{"codigo":"15224","municipio":"Cucaita","provincia":"Centro","predios_urbanos_igac":475,"predios_rurales_igac":2025,"area_km2":42.07,"area_urbana_ha":28.83,"pct_urbano":0.685,"pct_rural":99.315,"pct_de_boyaca":0.182,"jerarquia_urbana":74,"categoria_urbana":"Núcleo urbano básico","valor_agregado":79.42,"empresas_matriculadas":23,"empresas_renovadas":115,"empresas_canceladas":13,"comfaboy_empresas":23,"comfaboy_empleos":211,"pob_0_6":452,"pob_7_14":502,"pob_15_17":192,"pob_18_26":590,"pob_27_59":1634,"pob_60_mas":650,"hombres":2032,"mujeres":1988,"poblacion":4020,"captaciones":7.98,"colocaciones":175.32,"finagro":3640.44,"bancoldex":40.59,"icm_puesto":null,"produccion_agricola_ton":8741.48,"bovinos":1924,"icfes":256,"matricula_escolar":645,"establecimientos_educativos":2,"ips":2,"camas":0,"regimen_contributivo":428,"regimen_especial":2,"regimen_subsidiado":2702,"acueductos":8,"riesgo_agua":"Medio","eventos_riesgo":3,"densidad_hab_km2":95.56,"valor_agregado_por_hab_millones":19.756,"pred_urbanos":475,"pred_vivienda_rural":89,"pred_agropecuarios":1936,"pred_atipicos":0,"ha_urbana_predios":24.89,"ha_vivienda_rural":0.95,"ha_agropecuaria":4148.05},"geometry":{"type":"Polygon","coordinates":[[[-73.42876,5.56518],[-73.4318,5.56365],[-73.43454,5.56361],[-73.43802,5.55963],[-73.44183,5.55672],[-73.44602,5.55688],[-73.44775,5.55563],[-73.45076,5.55628],[-73.45483,5.55618],[-73.45719,5.55294],[-73.45859,5.55375],[-73.46014,5.5555],[-73.46099,5.55512],[-73.46157,5.55544],[-73.46344,5.55489],[-73.46348,5.55399],[-73.46632,5.55353],[-73.4666,5.55085],[-73.46756,5.5511],[-73.46912,5.54962],[-73.47029,5.55024],[-73.47252,5.55007],[-73.47402,5.55067],[-73.47657,5.55086],[-73.47782,5.54933],[-73.47995,5.54982],[-73.48148,5.54843],[-73.48635,5.54804],[-73.48993,5.54832],[-73.49072,5.54898],[-73.4898,5.54756],[-73.49048,5.54633],[-73.4901,5.54491],[-73.49146,5.53551],[-73.48613,5.53222],[-73.48591,5.53006],[-73.48328,5.53067],[-73.48224,5.53031],[-73.47701,5.52473],[-73.47254,5.52129],[-73.47037,5.52035],[-73.4692,5.5188],[-73.46753,5.51864],[-73.4653,5.51593],[-73.46422,5.51622],[-73.46261,5.51554],[-73.45929,5.51663],[-73.45763,5.51629],[-73.45677,5.51482],[-73.45662,5.50963],[-73.45515,5.50755],[-73.45303,5.50233],[-73.45394,5.50015],[-73.45645,5.49769],[-73.455,5.49682],[-73.45349,5.49696],[-73.45094,5.49595],[-73.44802,5.494],[-73.44554,5.49299],[-73.44461,5.49203],[-73.43232,5.48587],[-73.43021,5.48668],[-73.42435,5.49239],[-73.42051,5.49388],[-73.41765,5.50026],[-73.41665,5.50059],[-73.41617,5.50382],[-73.41217,5.50546],[-73.41177,5.50647],[-73.4076,5.51041],[-73.40998,5.51232],[-73.41036,5.51177],[-73.41274,5.51544],[-73.4135,5.51976],[-73.41521,5.52249],[-73.42515,5.52981],[-73.42339,5.53355],[-73.4239,5.53387],[-73.42341,5.53521],[-73.42345,5.5383],[-73.42256,5.5401],[-73.42342,5.5444],[-73.42487,5.54628],[-73.42666,5.55447],[-73.42595,5.55726],[-73.4225,5.56073],[-73.42465,5.56239],[-73.42755,5.56343],[-73.42876,5.56518]]]}},{"type":"Feature","properties":{"codigo":"15226","municipio":"Cuítiva","provincia":"Sugamuxi","predios_urbanos_igac":107,"predios_rurales_igac":3804,"area_km2":44.14,"area_urbana_ha":7.53,"pct_urbano":0.171,"pct_rural":99.829,"pct_de_boyaca":0.191,"jerarquia_urbana":119,"categoria_urbana":"Núcleo urbano básico","valor_agregado":38.57,"empresas_matriculadas":33,"empresas_renovadas":38,"empresas_canceladas":2,"comfaboy_empresas":8,"comfaboy_empleos":18,"pob_0_6":225,"pob_7_14":252,"pob_15_17":80,"pob_18_26":213,"pob_27_59":720,"pob_60_mas":420,"hombres":938,"mujeres":972,"poblacion":1910,"captaciones":25187.47,"colocaciones":66.97,"finagro":2102.22,"bancoldex":25.51,"icm_puesto":null,"produccion_agricola_ton":3953.62,"bovinos":3153,"icfes":258,"matricula_escolar":309,"establecimientos_educativos":1,"ips":1,"camas":0,"regimen_contributivo":158,"regimen_especial":1,"regimen_subsidiado":1232,"acueductos":6,"riesgo_agua":"Bajo","eventos_riesgo":3,"densidad_hab_km2":43.27,"valor_agregado_por_hab_millones":20.194,"pred_urbanos":107,"pred_vivienda_rural":90,"pred_agropecuarios":3714,"pred_atipicos":0,"ha_urbana_predios":6.41,"ha_vivienda_rural":1.35,"ha_agropecuaria":3517.02},"geometry":{"type":"Polygon","coordinates":[[[-72.92211,5.61998],[-72.92301,5.62016],[-72.92321,5.6182],[-72.92439,5.61667],[-72.92571,5.61268],[-72.92814,5.61473],[-72.93013,5.61495],[-72.93374,5.61367],[-72.9407,5.61218],[-72.94499,5.6119],[-72.9469,5.60928],[-72.94929,5.60748],[-72.94987,5.60356],[-72.94958,5.60227],[-72.95043,5.5984],[-72.95252,5.59924],[-72.95405,5.59931],[-72.95915,5.594],[-72.96106,5.59368],[-72.96281,5.5941],[-72.96539,5.59486],[-72.96637,5.59592],[-72.96819,5.59518],[-72.97127,5.59284],[-72.9738,5.59301],[-72.97612,5.59377],[-72.97702,5.59329],[-72.97929,5.59436],[-72.98644,5.59519],[-72.98686,5.59231],[-72.98804,5.59155],[-72.98864,5.59031],[-72.99212,5.58961],[-72.99621,5.59101],[-72.99945,5.59131],[-73.00364,5.59284],[-73.00247,5.59077],[-73.00008,5.58837],[-72.99893,5.58595],[-72.99795,5.58569],[-72.99524,5.58303],[-72.99151,5.58212],[-72.99068,5.58141],[-72.99052,5.58],[-72.98963,5.57886],[-72.98739,5.57794],[-72.9863,5.58036],[-72.98638,5.58144],[-72.98543,5.58191],[-72.98504,5.58285],[-72.98425,5.58219],[-72.98244,5.57828],[-72.97956,5.57522],[-72.97789,5.57202],[-72.9765,5.57087],[-72.97304,5.56914],[-72.97145,5.56727],[-72.96607,5.56415],[-72.96488,5.5623],[-72.96136,5.55996],[-72.95591,5.55796],[-72.9505,5.55521],[-72.95017,5.55438],[-72.94963,5.55427],[-72.90202,5.57985],[-72.90168,5.58028],[-72.90228,5.58146],[-72.90139,5.58337],[-72.89857,5.58528],[-72.89841,5.58584],[-72.89912,5.58658],[-72.90008,5.59068],[-72.89983,5.59652],[-72.90029,5.59847],[-72.89963,5.59964],[-72.89968,5.60223],[-72.89818,5.6067],[-72.89835,5.60772],[-72.8962,5.60926],[-72.89532,5.61151],[-72.89541,5.61321],[-72.89629,5.61401],[-72.89745,5.61662],[-72.90185,5.61696],[-72.90394,5.61776],[-72.91028,5.61884],[-72.91681,5.61874],[-72.92211,5.61998]]]}},{"type":"Feature","properties":{"codigo":"15232","municipio":"Chíquiza","provincia":"Centro","predios_urbanos_igac":172,"predios_rurales_igac":2667,"area_km2":116.53,"area_urbana_ha":17.74,"pct_urbano":0.152,"pct_rural":99.848,"pct_de_boyaca":0.504,"jerarquia_urbana":101,"categoria_urbana":"Núcleo urbano básico","valor_agregado":103.66,"empresas_matriculadas":8,"empresas_renovadas":27,"empresas_canceladas":9,"comfaboy_empresas":7,"comfaboy_empleos":46,"pob_0_6":549,"pob_7_14":654,"pob_15_17":236,"pob_18_26":600,"pob_27_59":2038,"pob_60_mas":949,"hombres":2576,"mujeres":2450,"poblacion":5026,"captaciones":30.17,"colocaciones":156.27,"finagro":12518.23,"bancoldex":1174.64,"icm_puesto":null,"produccion_agricola_ton":22697.71,"bovinos":8672,"icfes":275,"matricula_escolar":643,"establecimientos_educativos":2,"ips":1,"camas":0,"regimen_contributivo":269,"regimen_especial":4,"regimen_subsidiado":3785,"acueductos":6,"riesgo_agua":"Bajo","eventos_riesgo":10,"densidad_hab_km2":43.13,"valor_agregado_por_hab_millones":20.625,"pred_urbanos":172,"pred_vivienda_rural":23,"pred_agropecuarios":2644,"pred_atipicos":0,"ha_urbana_predios":13.15,"ha_vivienda_rural":0.53,"ha_agropecuaria":12002.92},"geometry":{"type":"Polygon","coordinates":[[[-73.39991,5.71045],[-73.40077,5.71445],[-73.4034,5.71384],[-73.40581,5.71234],[-73.40695,5.71253],[-73.40841,5.71192],[-73.4111,5.71228],[-73.41311,5.7108],[-73.41396,5.70826],[-73.41612,5.70697],[-73.41861,5.7071],[-73.42174,5.70565],[-73.42299,5.70651],[-73.42345,5.70773],[-73.42511,5.70424],[-73.42818,5.69973],[-73.43153,5.69632],[-73.43321,5.69298],[-73.43721,5.69095],[-73.43916,5.68751],[-73.44269,5.68299],[-73.44582,5.68246],[-73.44997,5.6797],[-73.45176,5.67927],[-73.45277,5.67806],[-73.4564,5.67905],[-73.46105,5.68248],[-73.46578,5.68048],[-73.46953,5.67946],[-73.473,5.67918],[-73.47541,5.67742],[-73.47915,5.67777],[-73.48,5.67593],[-73.47974,5.67488],[-73.48153,5.67283],[-73.4821,5.67291],[-73.48238,5.67229],[-73.48317,5.67205],[-73.48371,5.67076],[-73.48199,5.66927],[-73.48236,5.66808],[-73.48198,5.66575],[-73.48244,5.66409],[-73.48179,5.66247],[-73.48244,5.66214],[-73.48209,5.66112],[-73.48246,5.65958],[-73.48447,5.65705],[-73.48431,5.65566],[-73.4853,5.65491],[-73.4863,5.65268],[-73.48871,5.64989],[-73.48979,5.64644],[-73.48954,5.64283],[-73.48846,5.64189],[-73.48753,5.64007],[-73.48402,5.63661],[-73.48342,5.63565],[-73.48378,5.63446],[-73.48801,5.62799],[-73.48829,5.62636],[-73.48908,5.62529],[-73.49056,5.62441],[-73.49605,5.62305],[-73.49983,5.62109],[-73.50944,5.61127],[-73.51208,5.60768],[-73.51526,5.60171],[-73.51625,5.60104],[-73.51268,5.60055],[-73.51108,5.59951],[-73.51076,5.59829],[-73.51125,5.59644],[-73.51006,5.59326],[-73.51114,5.59253],[-73.51198,5.59111],[-73.51301,5.59132],[-73.51323,5.58997],[-73.51193,5.58787],[-73.51253,5.58545],[-73.51191,5.58306],[-73.51058,5.58285],[-73.51029,5.582],[-73.50874,5.5813],[-73.50742,5.57982],[-73.50617,5.57946],[-73.50539,5.57858],[-73.50272,5.57716],[-73.50314,5.5748],[-73.50226,5.57386],[-73.5026,5.57283],[-73.50192,5.57221],[-73.50145,5.56764],[-73.50002,5.56672],[-73.49963,5.56546],[-73.49843,5.56429],[-73.49908,5.56236],[-73.49995,5.56139],[-73.49913,5.56056],[-73.4989,5.5595],[-73.4904,5.57328],[-73.48557,5.57979],[-73.48217,5.58266],[-73.47842,5.5848],[-73.47421,5.58645],[-73.47243,5.58963],[-73.46607,5.59121],[-73.46499,5.59226],[-73.46331,5.59228],[-73.46189,5.59095],[-73.45909,5.59139],[-73.45634,5.59271],[-73.45521,5.59256],[-73.45236,5.59357],[-73.44816,5.59866],[-73.44334,5.60054],[-73.44411,5.60319],[-73.44397,5.60411],[-73.44299,5.60528],[-73.44329,5.60678],[-73.44011,5.60988],[-73.43405,5.61265],[-73.43229,5.61227],[-73.43152,5.6114],[-73.43137,5.61193],[-73.42953,5.61271],[-73.42946,5.61376],[-73.42742,5.61533],[-73.4243,5.61593],[-73.42015,5.61947],[-73.41603,5.61973],[-73.41228,5.61832],[-73.41114,5.617],[-73.41072,5.61705],[-73.40797,5.62201],[-73.40659,5.62327],[-73.40551,5.62354],[-73.40538,5.6249],[-73.40646,5.62715],[-73.40622,5.62844],[-73.40569,5.63004],[-73.4027,5.63452],[-73.39916,5.63822],[-73.39557,5.63984],[-73.39064,5.64472],[-73.39012,5.64581],[-73.39041,5.64972],[-73.38489,5.65562],[-73.38421,5.65536],[-73.38212,5.65984],[-73.38211,5.66282],[-73.38305,5.6654],[-73.38234,5.66739],[-73.3815,5.67548],[-73.38241,5.67585],[-73.38224,5.67664],[-73.38329,5.6776],[-73.38359,5.67855],[-73.38362,5.68294],[-73.38306,5.68555],[-73.38353,5.68767],[-73.38519,5.6903],[-73.38583,5.6933],[-73.38741,5.69317],[-73.38786,5.69515],[-73.39028,5.69706],[-73.39427,5.69862],[-73.39736,5.70218],[-73.3992,5.70665],[-73.39929,5.70911],[-73.39991,5.71045]]]}},{"type":"Feature","properties":{"codigo":"15236","municipio":"Chivor","provincia":"Oriente","predios_urbanos_igac":177,"predios_rurales_igac":1215,"area_km2":108.62,"area_urbana_ha":9.74,"pct_urbano":0.09,"pct_rural":99.91,"pct_de_boyaca":0.47,"jerarquia_urbana":116,"categoria_urbana":"Núcleo urbano básico","valor_agregado":38.08,"empresas_matriculadas":13,"empresas_renovadas":40,"empresas_canceladas":5,"comfaboy_empresas":11,"comfaboy_empleos":42,"pob_0_6":226,"pob_7_14":313,"pob_15_17":114,"pob_18_26":286,"pob_27_59":1095,"pob_60_mas":630,"hombres":1447,"mujeres":1217,"poblacion":2664,"captaciones":2537.18,"colocaciones":7798.41,"finagro":1752.08,"bancoldex":11.19,"icm_puesto":null,"produccion_agricola_ton":4760.23,"bovinos":3148,"icfes":254,"matricula_escolar":295,"establecimientos_educativos":1,"ips":1,"camas":0,"regimen_contributivo":201,"regimen_especial":5,"regimen_subsidiado":1531,"acueductos":3,"riesgo_agua":"Alto","eventos_riesgo":3,"densidad_hab_km2":24.53,"valor_agregado_por_hab_millones":14.294,"pred_urbanos":177,"pred_vivienda_rural":5,"pred_agropecuarios":1210,"pred_atipicos":0,"ha_urbana_predios":7.92,"ha_vivienda_rural":0.05,"ha_agropecuaria":10229.03},"geometry":{"type":"Polygon","coordinates":[[[-73.37517,4.9281],[-73.3755,4.92863],[-73.3835,4.92536],[-73.38581,4.9233],[-73.38722,4.92085],[-73.39085,4.92052],[-73.39254,4.92228],[-73.3957,4.9221],[-73.40127,4.91906],[-73.40237,4.91808],[-73.40358,4.91559],[-73.40499,4.91017],[-73.40724,4.90692],[-73.40913,4.90578],[-73.41586,4.90623],[-73.41906,4.90501],[-73.42208,4.90507],[-73.42895,4.90404],[-73.43248,4.90537],[-73.43754,4.90627],[-73.43954,4.89895],[-73.43982,4.89641],[-73.43941,4.89516],[-73.44292,4.89339],[-73.44559,4.8911],[-73.44642,4.8898],[-73.44499,4.88959],[-73.44168,4.88768],[-73.43727,4.8871],[-73.43532,4.88377],[-73.43358,4.88241],[-73.43141,4.88129],[-73.42833,4.88123],[-73.42578,4.88008],[-73.42486,4.87915],[-73.42252,4.87975],[-73.4211,4.87931],[-73.41868,4.88018],[-73.41719,4.8795],[-73.41439,4.8798],[-73.41414,4.88081],[-73.41161,4.88146],[-73.41085,4.88075],[-73.4077,4.88015],[-73.40528,4.88113],[-73.402,4.87993],[-73.40045,4.87764],[-73.39976,4.87491],[-73.39813,4.87233],[-73.3985,4.87171],[-73.39813,4.87047],[-73.39614,4.86767],[-73.39448,4.86713],[-73.3932,4.86546],[-73.39394,4.86491],[-73.39343,4.86285],[-73.39384,4.86178],[-73.39276,4.86084],[-73.39347,4.85988],[-73.39349,4.85865],[-73.3925,4.85697],[-73.39087,4.85577],[-73.39185,4.85507],[-73.39305,4.85511],[-73.3945,4.85329],[-73.39185,4.85311],[-73.39201,4.85229],[-73.39126,4.85059],[-73.39179,4.84932],[-73.3912,4.84897],[-73.38918,4.8486],[-73.38702,4.84887],[-73.38439,4.84807],[-73.38357,4.84833],[-73.38172,4.84661],[-73.38064,4.84635],[-73.37467,4.83977],[-73.37475,4.83865],[-73.3741,4.83722],[-73.37584,4.83284],[-73.37562,4.83208],[-73.37409,4.83126],[-73.3736,4.83026],[-73.37187,4.82964],[-73.37179,4.8275],[-73.37089,4.82641],[-73.36973,4.82657],[-73.36839,4.82537],[-73.36677,4.82579],[-73.36516,4.82477],[-73.36525,4.8236],[-73.36582,4.82346],[-73.36659,4.82199],[-73.36645,4.82048],[-73.36733,4.82005],[-73.36739,4.81888],[-73.36945,4.81663],[-73.37117,4.81279],[-73.37229,4.81144],[-73.3713,4.80911],[-73.37089,4.80628],[-73.37104,4.80481],[-73.37218,4.80254],[-73.37184,4.80082],[-73.36919,4.79937],[-73.3647,4.79918],[-73.36317,4.7967],[-73.35775,4.79498],[-73.35274,4.79581],[-73.35056,4.79438],[-73.34872,4.7945],[-73.34097,4.79132],[-73.3401,4.79674],[-73.33672,4.79962],[-73.33223,4.80573],[-73.33156,4.80736],[-73.32982,4.80771],[-73.33053,4.80815],[-73.33286,4.81382],[-73.33555,4.81699],[-73.33694,4.81751],[-73.33916,4.82081],[-73.33984,4.82299],[-73.33774,4.82793],[-73.33692,4.83123],[-73.33483,4.83357],[-73.33483,4.83581],[-73.3339,4.83709],[-73.33245,4.84118],[-73.33049,4.84336],[-73.32698,4.84875],[-73.3242,4.85112],[-73.32105,4.85276],[-73.31936,4.85423],[-73.3171,4.85761],[-73.31696,4.85856],[-73.3131,4.8633],[-73.31046,4.86761],[-73.3033,4.87537],[-73.29807,4.88022],[-73.29758,4.88191],[-73.29809,4.88549],[-73.29858,4.8866],[-73.29945,4.88721],[-73.30026,4.89329],[-73.29984,4.89732],[-73.30079,4.89885],[-73.30003,4.90229],[-73.29899,4.90302],[-73.30026,4.90616],[-73.30005,4.9083],[-73.30376,4.91009],[-73.30433,4.91104],[-73.30439,4.91314],[-73.30572,4.91451],[-73.30781,4.9153],[-73.30995,4.91901],[-73.31148,4.91959],[-73.31311,4.9194],[-73.32081,4.91349],[-73.32391,4.9121],[-73.32459,4.91115],[-73.32451,4.91044],[-73.32295,4.90492],[-73.32487,4.90462],[-73.32719,4.90282],[-73.32874,4.90233],[-73.33173,4.89872],[-73.33423,4.89919],[-73.33472,4.8997],[-73.33603,4.89856],[-73.33739,4.89851],[-73.33913,4.89695],[-73.34084,4.89407],[-73.34171,4.89341],[-73.34519,4.8938],[-73.34571,4.89451],[-73.34881,4.89366],[-73.34925,4.89424],[-73.35243,4.89329],[-73.35417,4.89348],[-73.35477,4.89739],[-73.35438,4.89856],[-73.35558,4.90077],[-73.35669,4.90107],[-73.35717,4.90226],[-73.35707,4.90384],[-73.35829,4.90556],[-73.35835,4.90689],[-73.3589,4.90764],[-73.35937,4.91088],[-73.36238,4.91522],[-73.36207,4.91796],[-73.36376,4.91916],[-73.36586,4.9196],[-73.36988,4.92214],[-73.37304,4.92521],[-73.37517,4.9281]]]}},{"type":"Feature","properties":{"codigo":"15238","municipio":"Duitama","provincia":"Tundama","predios_urbanos_igac":27178,"predios_rurales_igac":10133,"area_km2":233.93,"area_urbana_ha":1049.55,"pct_urbano":4.487,"pct_rural":95.513,"pct_de_boyaca":1.011,"jerarquia_urbana":3,"categoria_urbana":"Ciudad principal","valor_agregado":3178.2,"empresas_matriculadas":1279,"empresas_renovadas":8533,"empresas_canceladas":1218,"comfaboy_empresas":3099,"comfaboy_empleos":25006,"pob_0_6":10778,"pob_7_14":14987,"pob_15_17":6242,"pob_18_26":19212,"pob_27_59":60830,"pob_60_mas":20845,"hombres":63376,"mujeres":69518,"poblacion":132894,"captaciones":419317.97,"colocaciones":1116773.55,"finagro":38143.28,"bancoldex":9395.71,"icm_puesto":12,"produccion_agricola_ton":7565.45,"bovinos":13587,"icfes":289.08,"matricula_escolar":15872,"establecimientos_educativos":61,"ips":310,"camas":173,"regimen_contributivo":80424,"regimen_especial":5292,"regimen_subsidiado":51899,"acueductos":16,"riesgo_agua":"Sin riesgo","eventos_riesgo":9,"densidad_hab_km2":568.09,"valor_agregado_por_hab_millones":23.915,"pred_urbanos":27178,"pred_vivienda_rural":2053,"pred_agropecuarios":8074,"pred_atipicos":6,"ha_urbana_predios":878.7,"ha_vivienda_rural":29.86,"ha_agropecuaria":24418.65},"geometry":{"type":"Polygon","coordinates":[[[-73.03406,6.02343],[-73.03653,6.02271],[-73.0384,6.02301],[-73.04017,6.02259],[-73.04294,6.02108],[-73.04335,6.02039],[-73.04709,6.01953],[-73.04875,6.01832],[-73.04984,6.01683],[-73.05169,6.01627],[-73.05429,6.01369],[-73.05909,6.01329],[-73.06051,6.01178],[-73.0622,6.01105],[-73.06174,6.00724],[-73.06483,6.00032],[-73.06467,5.99628],[-73.06557,5.99391],[-73.06522,5.99176],[-73.06569,5.99101],[-73.06773,5.99004],[-73.0688,5.98814],[-73.06782,5.98204],[-73.07742,5.97742],[-73.08219,5.97719],[-73.08256,5.97333],[-73.08114,5.97163],[-73.08114,5.97017],[-73.0822,5.96871],[-73.08699,5.96559],[-73.09131,5.96434],[-73.0933,5.96464],[-73.09496,5.96601],[-73.09609,5.96614],[-73.09878,5.96349],[-73.10078,5.96226],[-73.10167,5.96216],[-73.10589,5.9635],[-73.10921,5.96364],[-73.11077,5.96477],[-73.11256,5.96404],[-73.11516,5.96089],[-73.11831,5.96103],[-73.12067,5.96216],[-73.12359,5.96223],[-73.12797,5.96081],[-73.12924,5.95955],[-73.13026,5.95926],[-73.13647,5.95937],[-73.13945,5.96081],[-73.14264,5.96108],[-73.14546,5.96314],[-73.1511,5.96525],[-73.15418,5.96831],[-73.15514,5.97233],[-73.1552,5.97865],[-73.16638,5.9856],[-73.17022,5.98918],[-73.17191,5.99173],[-73.17551,5.99454],[-73.17171,5.98965],[-73.17144,5.98857],[-73.17223,5.98595],[-73.1719,5.98222],[-73.16853,5.97064],[-73.16761,5.96926],[-73.16304,5.96669],[-73.16151,5.95979],[-73.16019,5.95765],[-73.1599,5.95619],[-73.16126,5.95195],[-73.16029,5.9496],[-73.15606,5.94665],[-73.15254,5.9449],[-73.14765,5.94293],[-73.14498,5.9425],[-73.14398,5.94178],[-73.14295,5.94006],[-73.14264,5.93741],[-73.14153,5.93648],[-73.13447,5.93509],[-73.12916,5.93254],[-73.13035,5.92969],[-73.13149,5.92868],[-73.1315,5.92709],[-73.12925,5.92508],[-73.12925,5.92204],[-73.12669,5.91878],[-73.12646,5.91773],[-73.12681,5.91643],[-73.12884,5.91453],[-73.12912,5.91371],[-73.1328,5.91205],[-73.13508,5.90804],[-73.13574,5.90763],[-73.13418,5.90651],[-73.13058,5.90623],[-73.13062,5.90465],[-73.12984,5.90348],[-73.12787,5.90256],[-73.1264,5.90039],[-73.12559,5.90035],[-73.12429,5.89943],[-73.12342,5.89818],[-73.12233,5.89811],[-73.12144,5.89714],[-73.12067,5.89741],[-73.1197,5.89689],[-73.11933,5.89519],[-73.11816,5.89416],[-73.11172,5.89242],[-73.10912,5.89097],[-73.10911,5.8896],[-73.10742,5.88479],[-73.10932,5.8785],[-73.1095,5.87582],[-73.10882,5.87446],[-73.11013,5.87228],[-73.11579,5.8719],[-73.11933,5.87062],[-73.11808,5.86936],[-73.1172,5.86651],[-73.11183,5.86259],[-73.1089,5.86136],[-73.10591,5.8583],[-73.10393,5.85758],[-73.10262,5.85627],[-73.10122,5.85362],[-73.09902,5.85154],[-73.09873,5.84956],[-73.09413,5.84666],[-73.09281,5.84415],[-73.09026,5.84242],[-73.08965,5.84118],[-73.08729,5.84022],[-73.08369,5.83585],[-73.08231,5.83487],[-73.08215,5.83255],[-73.08145,5.83198],[-73.07988,5.8282],[-73.07854,5.82284],[-73.07817,5.81084],[-73.07734,5.80843],[-73.07891,5.80327],[-73.07855,5.79883],[-73.07914,5.79841],[-73.07902,5.79738],[-73.08001,5.79519],[-73.0787,5.79342],[-73.0783,5.79115],[-73.0788,5.79044],[-73.07966,5.79026],[-73.07977,5.78972],[-73.07874,5.78973],[-73.07793,5.78873],[-73.07783,5.78652],[-73.07841,5.78528],[-73.0782,5.78417],[-73.08069,5.78284],[-73.08192,5.7795],[-73.08106,5.77817],[-73.08133,5.77644],[-73.07933,5.77498],[-73.07914,5.77383],[-73.07781,5.77376],[-73.07697,5.77288],[-73.07645,5.7735],[-73.07585,5.77279],[-73.07266,5.77371],[-73.07121,5.77304],[-73.06929,5.77332],[-73.06877,5.77302],[-73.0683,5.77162],[-73.06613,5.77138],[-73.06504,5.77038],[-73.06379,5.77175],[-73.06255,5.77163],[-73.06221,5.77346],[-73.06306,5.77434],[-73.06299,5.775],[-73.06186,5.77578],[-73.06011,5.77606],[-73.05854,5.77484],[-73.05588,5.77591],[-73.05375,5.77535],[-73.0512,5.77424],[-73.04884,5.77235],[-73.04563,5.77263],[-73.04505,5.77225],[-73.0449,5.77026],[-73.04428,5.77011],[-73.04188,5.77086],[-73.04137,5.77262],[-73.04034,5.77388],[-73.04102,5.77534],[-73.03585,5.77757],[-73.03394,5.78067],[-73.03294,5.78079],[-73.02854,5.77863],[-73.0264,5.77998],[-73.02614,5.78084],[-73.02481,5.78054],[-73.02285,5.7818],[-73.02189,5.78307],[-73.02277,5.78427],[-73.02151,5.78497],[-73.02156,5.78569],[-73.02079,5.78614],[-73.02099,5.7876],[-73.01982,5.78933],[-73.01851,5.79012],[-73.01851,5.79111],[-73.01667,5.79143],[-73.01755,5.79427],[-73.01619,5.79509],[-73.01613,5.79597],[-73.01692,5.79673],[-73.01767,5.79867],[-73.01592,5.79911],[-73.01598,5.80124],[-73.01503,5.80335],[-73.01537,5.80427],[-73.01453,5.80519],[-73.01471,5.80733],[-73.01291,5.80929],[-73.01039,5.80917],[-73.00564,5.8075],[-73.00478,5.80799],[-73.00367,5.80763],[-73.00307,5.80904],[-73.00163,5.80759],[-73.00009,5.80809],[-72.99924,5.80748],[-72.99852,5.80798],[-72.99698,5.80805],[-72.99542,5.80671],[-72.99398,5.80734],[-72.99342,5.80552],[-72.99221,5.8052],[-72.99257,5.80561],[-72.99248,5.80871],[-72.99298,5.8115],[-72.99448,5.81304],[-72.99688,5.8209],[-72.99678,5.82307],[-72.99769,5.82762],[-72.99694,5.82857],[-72.9972,5.82898],[-72.99818,5.82826],[-73.00006,5.83173],[-73.00222,5.82985],[-73.00533,5.82855],[-73.00712,5.82539],[-73.00965,5.82424],[-73.01116,5.82551],[-73.01214,5.82939],[-73.01304,5.82943],[-73.0121,5.83021],[-73.01235,5.83094],[-73.01385,5.8321],[-73.01297,5.8338],[-73.01367,5.83887],[-73.01326,5.83979],[-73.01473,5.83923],[-73.01483,5.83955],[-73.0147,5.84227],[-73.01376,5.84521],[-73.01437,5.84822],[-73.01412,5.84947],[-73.01255,5.84964],[-73.01295,5.85156],[-73.01157,5.8531],[-73.01297,5.85605],[-73.01235,5.86016],[-73.01261,5.86161],[-73.01025,5.86375],[-73.00889,5.86388],[-73.0084,5.86575],[-73.00878,5.86604],[-73.00807,5.86745],[-73.00869,5.8701],[-73.00967,5.8709],[-73.01088,5.87333],[-73.01071,5.87551],[-73.01155,5.87736],[-73.01129,5.87805],[-73.01211,5.87962],[-73.01231,5.8827],[-73.01303,5.88468],[-73.01506,5.88586],[-73.01653,5.88754],[-73.01657,5.88821],[-73.01693,5.88812],[-73.01687,5.88942],[-73.0175,5.89047],[-73.01606,5.89278],[-73.01641,5.89442],[-73.01884,5.89822],[-73.01909,5.89967],[-73.02183,5.9049],[-73.02255,5.90767],[-73.02559,5.91032],[-73.0259,5.91191],[-73.02667,5.91272],[-73.02448,5.91647],[-73.02476,5.918],[-73.0241,5.92099],[-73.02242,5.92327],[-73.02152,5.92592],[-73.0215,5.92805],[-73.02434,5.93306],[-73.02688,5.93484],[-73.02819,5.93652],[-73.03138,5.93854],[-73.03481,5.94264],[-73.03546,5.94675],[-73.03493,5.94832],[-73.03558,5.95267],[-73.0355,5.95988],[-73.04065,5.96444],[-73.04117,5.96687],[-73.04331,5.96956],[-73.04751,5.97254],[-73.04834,5.97268],[-73.04871,5.97352],[-73.04838,5.9788],[-73.04729,5.9799],[-73.04708,5.98143],[-73.04539,5.98296],[-73.04554,5.98437],[-73.04452,5.98689],[-73.04338,5.98791],[-73.04201,5.99053],[-73.04088,5.99111],[-73.04027,5.99427],[-73.04105,5.99638],[-73.04072,5.99771],[-73.04171,5.99947],[-73.04124,6.00335],[-73.04011,6.00485],[-73.03719,6.00586],[-73.03663,6.00713],[-73.03468,6.00876],[-73.03471,6.01066],[-73.03372,6.01323],[-73.03414,6.01416],[-73.033,6.01548],[-73.03347,6.01592],[-73.03331,6.01729],[-73.0327,6.01761],[-73.03246,6.02023],[-73.0311,6.02143],[-73.03158,6.02291],[-73.03406,6.02343]]]}},{"type":"Feature","properties":{"codigo":"15244","municipio":"El Cocuy","provincia":"Gutiérrez","predios_urbanos_igac":1041,"predios_rurales_igac":3542,"area_km2":238.19,"area_urbana_ha":101.7,"pct_urbano":0.427,"pct_rural":99.573,"pct_de_boyaca":1.03,"jerarquia_urbana":17,"categoria_urbana":"Centro urbano menor","valor_agregado":76.36,"empresas_matriculadas":32,"empresas_renovadas":195,"empresas_canceladas":10,"comfaboy_empresas":13,"comfaboy_empleos":110,"pob_0_6":470,"pob_7_14":601,"pob_15_17":214,"pob_18_26":507,"pob_27_59":1795,"pob_60_mas":835,"hombres":2275,"mujeres":2147,"poblacion":4422,"captaciones":38034.28,"colocaciones":16989.66,"finagro":7172.78,"bancoldex":31.14,"icm_puesto":null,"produccion_agricola_ton":3583.8,"bovinos":13710,"icfes":278.5,"matricula_escolar":696,"establecimientos_educativos":3,"ips":3,"camas":8,"regimen_contributivo":420,"regimen_especial":76,"regimen_subsidiado":3090,"acueductos":5,"riesgo_agua":"Medio","eventos_riesgo":null,"densidad_hab_km2":18.57,"valor_agregado_por_hab_millones":17.268,"pred_urbanos":1041,"pred_vivienda_rural":2,"pred_agropecuarios":3540,"pred_atipicos":0,"ha_urbana_predios":93.32,"ha_vivienda_rural":0.04,"ha_agropecuaria":25222.47},"geometry":{"type":"Polygon","coordinates":[[[-72.43031,6.43927],[-72.4309,6.44001],[-72.43205,6.4394],[-72.43332,6.43802],[-72.43646,6.43602],[-72.43943,6.4327],[-72.43968,6.43293],[-72.44078,6.43204],[-72.44183,6.43042],[-72.44303,6.42992],[-72.44403,6.42743],[-72.44446,6.42796],[-72.44553,6.42642],[-72.44716,6.42654],[-72.44799,6.42336],[-72.44992,6.42358],[-72.45471,6.4218],[-72.45877,6.42176],[-72.45867,6.41985],[-72.45752,6.41762],[-72.45673,6.41736],[-72.456,6.41626],[-72.45774,6.41495],[-72.45981,6.41214],[-72.46105,6.41179],[-72.46293,6.40978],[-72.46711,6.40769],[-72.46957,6.40264],[-72.47039,6.39815],[-72.47248,6.39652],[-72.4711,6.39536],[-72.47218,6.39491],[-72.47419,6.39294],[-72.47549,6.39285],[-72.47707,6.39141],[-72.47814,6.39115],[-72.48008,6.39171],[-72.48103,6.39407],[-72.48253,6.39394],[-72.48403,6.39315],[-72.48447,6.39156],[-72.48547,6.39085],[-72.48491,6.38687],[-72.48226,6.38121],[-72.48131,6.37687],[-72.47898,6.37557],[-72.47795,6.37405],[-72.48254,6.37217],[-72.48629,6.37157],[-72.49106,6.36911],[-72.49531,6.36878],[-72.50184,6.36733],[-72.50562,6.36807],[-72.50867,6.36987],[-72.50801,6.36618],[-72.51023,6.35949],[-72.51029,6.3574],[-72.51422,6.35425],[-72.5158,6.35133],[-72.51775,6.34925],[-72.51628,6.34657],[-72.51375,6.33651],[-72.51261,6.33459],[-72.51048,6.33245],[-72.51051,6.33174],[-72.51249,6.32998],[-72.51276,6.32915],[-72.51099,6.32515],[-72.51176,6.32163],[-72.51046,6.32037],[-72.5096,6.31761],[-72.50957,6.31546],[-72.51129,6.31223],[-72.51054,6.31119],[-72.50422,6.30887],[-72.50068,6.30574],[-72.50045,6.30064],[-72.49849,6.29676],[-72.49889,6.29271],[-72.49602,6.28711],[-72.49623,6.28845],[-72.49556,6.29124],[-72.49202,6.29361],[-72.49062,6.29378],[-72.48981,6.2951],[-72.48905,6.29481],[-72.48891,6.29546],[-72.48817,6.29545],[-72.48778,6.29838],[-72.48541,6.29982],[-72.48353,6.30264],[-72.4822,6.3034],[-72.47281,6.30586],[-72.46806,6.30547],[-72.46443,6.30404],[-72.4554,6.3036],[-72.45242,6.30397],[-72.45364,6.29965],[-72.44932,6.29502],[-72.4472,6.29062],[-72.44434,6.28674],[-72.44017,6.28297],[-72.43971,6.28274],[-72.43702,6.28567],[-72.43476,6.28607],[-72.43282,6.28494],[-72.42902,6.28123],[-72.42535,6.2789],[-72.42297,6.27829],[-72.42034,6.27871],[-72.41879,6.27722],[-72.41493,6.27611],[-72.41277,6.27451],[-72.40851,6.27314],[-72.4043,6.27305],[-72.4017,6.2708],[-72.39981,6.27038],[-72.3965,6.27227],[-72.39615,6.27416],[-72.39374,6.27659],[-72.39046,6.28213],[-72.38772,6.28401],[-72.38572,6.28689],[-72.37892,6.29312],[-72.37768,6.29629],[-72.37615,6.30305],[-72.37317,6.30798],[-72.37236,6.31134],[-72.37356,6.31305],[-72.3735,6.31367],[-72.37164,6.3168],[-72.37135,6.31915],[-72.36873,6.32226],[-72.36492,6.32461],[-72.36307,6.32653],[-72.35725,6.33601],[-72.35639,6.34028],[-72.35402,6.34354],[-72.35191,6.34465],[-72.34489,6.34473],[-72.33962,6.34611],[-72.33854,6.34555],[-72.33798,6.34399],[-72.33586,6.34128],[-72.33395,6.3378],[-72.32971,6.33722],[-72.32557,6.33566],[-72.32412,6.33433],[-72.32297,6.33213],[-72.32165,6.33184],[-72.32032,6.33392],[-72.31699,6.33485],[-72.31704,6.33594],[-72.3183,6.33779],[-72.31839,6.33981],[-72.31667,6.34357],[-72.31531,6.34425],[-72.31633,6.34807],[-72.31557,6.35082],[-72.31645,6.35227],[-72.31656,6.35519],[-72.31565,6.35752],[-72.31492,6.35798],[-72.31494,6.36001],[-72.32099,6.36553],[-72.32024,6.3708],[-72.32419,6.37666],[-72.32715,6.3867],[-72.3311,6.39382],[-72.33078,6.39611],[-72.33135,6.39796],[-72.33119,6.40074],[-72.3321,6.40328],[-72.33299,6.4043],[-72.33411,6.40462],[-72.3378,6.40388],[-72.34174,6.40374],[-72.34276,6.40321],[-72.36331,6.40212],[-72.37264,6.40382],[-72.3766,6.40827],[-72.38298,6.40955],[-72.38424,6.41224],[-72.38412,6.41574],[-72.3896,6.41808],[-72.39155,6.41834],[-72.39223,6.41624],[-72.39297,6.41605],[-72.39547,6.41682],[-72.39719,6.41652],[-72.3991,6.4137],[-72.40008,6.41338],[-72.40491,6.41528],[-72.40667,6.41715],[-72.41098,6.41767],[-72.41542,6.42133],[-72.41696,6.4221],[-72.42005,6.42213],[-72.42112,6.42361],[-72.42445,6.42503],[-72.42794,6.43025],[-72.4285,6.43256],[-72.42831,6.43559],[-72.43031,6.43927]]]}},{"type":"Feature","properties":{"codigo":"15248","municipio":"El Espino","provincia":"Gutiérrez","predios_urbanos_igac":567,"predios_rurales_igac":2726,"area_km2":69.31,"area_urbana_ha":28.34,"pct_urbano":0.409,"pct_rural":99.591,"pct_de_boyaca":0.3,"jerarquia_urbana":76,"categoria_urbana":"Núcleo urbano básico","valor_agregado":45.03,"empresas_matriculadas":8,"empresas_renovadas":114,"empresas_canceladas":8,"comfaboy_empresas":8,"comfaboy_empleos":83,"pob_0_6":262,"pob_7_14":334,"pob_15_17":134,"pob_18_26":454,"pob_27_59":1278,"pob_60_mas":786,"hombres":1621,"mujeres":1627,"poblacion":3248,"captaciones":31449.1,"colocaciones":9504.31,"finagro":2812.23,"bancoldex":8.26,"icm_puesto":null,"produccion_agricola_ton":769.74,"bovinos":7417,"icfes":257.5,"matricula_escolar":423,"establecimientos_educativos":2,"ips":1,"camas":0,"regimen_contributivo":221,"regimen_especial":40,"regimen_subsidiado":1727,"acueductos":6,"riesgo_agua":"Medio","eventos_riesgo":7,"densidad_hab_km2":46.86,"valor_agregado_por_hab_millones":13.864,"pred_urbanos":567,"pred_vivienda_rural":7,"pred_agropecuarios":2719,"pred_atipicos":0,"ha_urbana_predios":23.74,"ha_vivienda_rural":0.12,"ha_agropecuaria":6873.71},"geometry":{"type":"Polygon","coordinates":[[[-72.47672,6.54976],[-72.47816,6.54896],[-72.48065,6.54968],[-72.48417,6.54918],[-72.48425,6.54808],[-72.48709,6.54592],[-72.48788,6.5459],[-72.48785,6.5451],[-72.48881,6.54484],[-72.48997,6.54365],[-72.49803,6.5397],[-72.50186,6.53908],[-72.50356,6.53619],[-72.50447,6.53665],[-72.50554,6.53509],[-72.50634,6.52969],[-72.50799,6.52698],[-72.50929,6.52713],[-72.51094,6.52491],[-72.51196,6.5246],[-72.51399,6.52288],[-72.51711,6.51852],[-72.51889,6.51484],[-72.5211,6.51379],[-72.5227,6.51233],[-72.52331,6.51078],[-72.52591,6.50942],[-72.52621,6.50748],[-72.52918,6.50594],[-72.53063,6.50571],[-72.5327,6.50425],[-72.53348,6.50295],[-72.53429,6.50281],[-72.5331,6.50142],[-72.53459,6.49533],[-72.53443,6.49449],[-72.53544,6.49307],[-72.53759,6.49137],[-72.53781,6.49023],[-72.53924,6.48797],[-72.53709,6.48771],[-72.53498,6.48662],[-72.53156,6.48667],[-72.53103,6.48574],[-72.52965,6.48495],[-72.52829,6.48488],[-72.52714,6.48328],[-72.52634,6.48314],[-72.52511,6.48061],[-72.52355,6.4798],[-72.5224,6.48028],[-72.52081,6.48014],[-72.51865,6.4775],[-72.51609,6.4776],[-72.51413,6.47707],[-72.51288,6.4775],[-72.51001,6.47739],[-72.50435,6.47653],[-72.50295,6.47598],[-72.50249,6.47499],[-72.50153,6.47558],[-72.4996,6.47518],[-72.49779,6.47389],[-72.49539,6.47112],[-72.49169,6.46907],[-72.48999,6.46639],[-72.48571,6.46415],[-72.48445,6.46528],[-72.47844,6.46555],[-72.47585,6.46615],[-72.47426,6.46884],[-72.47438,6.47224],[-72.4728,6.47385],[-72.47146,6.4772],[-72.47138,6.47877],[-72.46854,6.47995],[-72.46729,6.48141],[-72.46297,6.48189],[-72.46147,6.48455],[-72.45947,6.48604],[-72.4582,6.48629],[-72.4578,6.48818],[-72.4568,6.48973],[-72.45411,6.49051],[-72.45333,6.49007],[-72.44878,6.49011],[-72.44724,6.48932],[-72.44342,6.49111],[-72.44263,6.49254],[-72.44069,6.49218],[-72.43684,6.4945],[-72.43499,6.50018],[-72.43263,6.50379],[-72.43248,6.50539],[-72.43067,6.50628],[-72.42934,6.50776],[-72.42926,6.50885],[-72.42783,6.51112],[-72.42378,6.51551],[-72.42308,6.51755],[-72.42141,6.51974],[-72.42503,6.52341],[-72.42653,6.52373],[-72.42841,6.52319],[-72.43014,6.52346],[-72.43162,6.52474],[-72.43376,6.5252],[-72.43753,6.52831],[-72.43991,6.52929],[-72.44418,6.53401],[-72.44631,6.53879],[-72.45037,6.53905],[-72.45175,6.53865],[-72.45423,6.53928],[-72.45667,6.54243],[-72.45804,6.54639],[-72.45957,6.5485],[-72.46295,6.54937],[-72.46459,6.54877],[-72.46683,6.54888],[-72.4672,6.54781],[-72.46824,6.54752],[-72.47302,6.54752],[-72.47672,6.54976]]]}},{"type":"Feature","properties":{"codigo":"15272","municipio":"Firavitoba","provincia":"Sugamuxi","predios_urbanos_igac":1088,"predios_rurales_igac":7885,"area_km2":109.34,"area_urbana_ha":58.34,"pct_urbano":0.534,"pct_rural":99.466,"pct_de_boyaca":0.473,"jerarquia_urbana":35,"categoria_urbana":"Centro urbano local","valor_agregado":127.45,"empresas_matriculadas":34,"empresas_renovadas":162,"empresas_canceladas":6,"comfaboy_empresas":47,"comfaboy_empleos":278,"pob_0_6":635,"pob_7_14":762,"pob_15_17":292,"pob_18_26":874,"pob_27_59":2894,"pob_60_mas":1737,"hombres":3548,"mujeres":3646,"poblacion":7194,"captaciones":13107.71,"colocaciones":195.24,"finagro":4067.82,"bancoldex":200.11,"icm_puesto":null,"produccion_agricola_ton":6945.82,"bovinos":12422,"icfes":268.5,"matricula_escolar":725,"establecimientos_educativos":2,"ips":2,"camas":0,"regimen_contributivo":1040,"regimen_especial":4,"regimen_subsidiado":2939,"acueductos":4,"riesgo_agua":"Bajo","eventos_riesgo":8,"densidad_hab_km2":65.79,"valor_agregado_por_hab_millones":17.716,"pred_urbanos":1088,"pred_vivienda_rural":124,"pred_agropecuarios":7761,"pred_atipicos":0,"ha_urbana_predios":50.81,"ha_vivienda_rural":2.55,"ha_agropecuaria":10676.75},"geometry":{"type":"Polygon","coordinates":[[[-73.02313,5.7237],[-73.02425,5.72445],[-73.02987,5.72061],[-73.03168,5.71774],[-73.03243,5.71511],[-73.03548,5.71366],[-73.03851,5.7087],[-73.03739,5.70692],[-73.03895,5.70122],[-73.04546,5.69473],[-73.05136,5.69154],[-73.05516,5.68877],[-73.06891,5.68245],[-73.07338,5.67919],[-73.07545,5.67839],[-73.07722,5.67659],[-73.07845,5.67307],[-73.08166,5.67315],[-73.08604,5.66972],[-73.09308,5.66629],[-73.09473,5.66438],[-73.09884,5.66173],[-73.09972,5.66031],[-73.10196,5.65888],[-73.10246,5.65913],[-73.10409,5.6577],[-73.10411,5.65616],[-73.10304,5.6552],[-73.10342,5.65455],[-73.1009,5.65303],[-73.10062,5.65174],[-73.09884,5.65065],[-73.09789,5.64936],[-73.09682,5.64927],[-73.09637,5.64787],[-73.09257,5.64715],[-73.09066,5.64537],[-73.08643,5.64289],[-73.08463,5.64066],[-73.0827,5.63705],[-73.08171,5.63466],[-73.08182,5.63378],[-73.07972,5.62981],[-73.07605,5.62845],[-73.06957,5.6399],[-73.065,5.64445],[-73.06331,5.64556],[-73.06238,5.6436],[-73.06237,5.64094],[-73.05957,5.63914],[-73.05865,5.63632],[-73.05727,5.63555],[-73.05749,5.63483],[-73.05574,5.6318],[-73.0535,5.63236],[-73.04986,5.63061],[-73.04552,5.63197],[-73.04158,5.63182],[-73.04015,5.63145],[-73.03914,5.63045],[-73.03691,5.63041],[-73.03572,5.62942],[-73.03324,5.62879],[-73.03125,5.6269],[-73.02944,5.6271],[-73.02696,5.62828],[-73.02165,5.63456],[-73.01656,5.6396],[-73.01296,5.64233],[-73.00895,5.64342],[-73.00769,5.64325],[-73.00512,5.64183],[-73.0039,5.6396],[-73.00436,5.63403],[-73.00499,5.63208],[-73.00593,5.63137],[-73.00465,5.63066],[-72.99848,5.62954],[-72.99714,5.63368],[-72.99885,5.63558],[-72.99722,5.63698],[-72.99413,5.63514],[-72.99337,5.63403],[-72.99019,5.63792],[-72.99001,5.63996],[-72.99056,5.64043],[-72.99007,5.64092],[-72.99135,5.64208],[-72.98925,5.64386],[-72.98779,5.64259],[-72.98744,5.64166],[-72.98213,5.63971],[-72.97925,5.63987],[-72.97772,5.64042],[-72.97504,5.64402],[-72.97045,5.64551],[-72.96961,5.6464],[-72.96707,5.64411],[-72.96573,5.64707],[-72.96342,5.64914],[-72.96417,5.65043],[-72.96716,5.65325],[-72.96764,5.65887],[-72.97108,5.66469],[-72.96815,5.66824],[-72.96597,5.67186],[-72.96425,5.67759],[-72.96444,5.67946],[-72.96394,5.68105],[-72.96065,5.68774],[-72.95913,5.68916],[-72.95777,5.69288],[-72.95883,5.69348],[-72.95541,5.69848],[-72.94795,5.71223],[-72.94725,5.71469],[-72.94876,5.71388],[-72.9519,5.7144],[-72.9544,5.71377],[-72.96104,5.71123],[-72.96455,5.70863],[-72.97028,5.7158],[-72.9726,5.72055],[-72.98084,5.71919],[-72.98306,5.72024],[-72.98588,5.72047],[-72.98694,5.72117],[-72.99028,5.72103],[-72.99404,5.72019],[-72.99593,5.72079],[-72.99837,5.72282],[-73.0001,5.72132],[-73.00553,5.71979],[-73.00907,5.71963],[-73.00959,5.72012],[-73.01126,5.72008],[-73.02011,5.72179],[-73.02313,5.7237]]]}},{"type":"Feature","properties":{"codigo":"15276","municipio":"Floresta","provincia":"Tundama","predios_urbanos_igac":527,"predios_rurales_igac":3969,"area_km2":88.11,"area_urbana_ha":39.46,"pct_urbano":0.448,"pct_rural":99.552,"pct_de_boyaca":0.381,"jerarquia_urbana":57,"categoria_urbana":"Centro urbano local","valor_agregado":47.21,"empresas_matriculadas":19,"empresas_renovadas":118,"empresas_canceladas":16,"comfaboy_empresas":10,"comfaboy_empleos":35,"pob_0_6":270,"pob_7_14":354,"pob_15_17":142,"pob_18_26":407,"pob_27_59":1322,"pob_60_mas":966,"hombres":1644,"mujeres":1817,"poblacion":3461,"captaciones":61250.81,"colocaciones":73.17,"finagro":2633.75,"bancoldex":48.12,"icm_puesto":null,"produccion_agricola_ton":831.33,"bovinos":6144,"icfes":271,"matricula_escolar":472,"establecimientos_educativos":1,"ips":2,"camas":0,"regimen_contributivo":439,"regimen_especial":9,"regimen_subsidiado":2431,"acueductos":5,"riesgo_agua":"Medio","eventos_riesgo":2,"densidad_hab_km2":39.28,"valor_agregado_por_hab_millones":13.641,"pred_urbanos":527,"pred_vivienda_rural":80,"pred_agropecuarios":3889,"pred_atipicos":0,"ha_urbana_predios":34.99,"ha_vivienda_rural":1.31,"ha_agropecuaria":8607.78},"geometry":{"type":"Polygon","coordinates":[[[-72.92511,5.92847],[-72.92726,5.92464],[-72.93077,5.92162],[-72.92954,5.91894],[-72.93102,5.91681],[-72.9308,5.91298],[-72.93122,5.91139],[-72.93252,5.91064],[-72.93402,5.9105],[-72.93604,5.91127],[-72.94018,5.9118],[-72.94154,5.91042],[-72.94429,5.90882],[-72.94799,5.90494],[-72.95104,5.89748],[-72.951,5.89411],[-72.94969,5.89244],[-72.94993,5.89197],[-72.95221,5.8885],[-72.95445,5.88876],[-72.95601,5.88774],[-72.95902,5.88269],[-72.9603,5.8773],[-72.96304,5.87442],[-72.96565,5.87044],[-72.96703,5.86934],[-72.97281,5.8618],[-72.97514,5.85981],[-72.97576,5.85849],[-72.97506,5.85586],[-72.97332,5.85365],[-72.97125,5.84874],[-72.96726,5.84655],[-72.9629,5.84089],[-72.95968,5.83949],[-72.95843,5.83621],[-72.95613,5.83511],[-72.95205,5.83039],[-72.94848,5.8278],[-72.94879,5.82401],[-72.94655,5.82076],[-72.94571,5.8126],[-72.94514,5.81095],[-72.94256,5.80827],[-72.94357,5.8052],[-72.94298,5.80423],[-72.93869,5.80377],[-72.93801,5.80315],[-72.93663,5.79997],[-72.93341,5.79885],[-72.92684,5.80102],[-72.92042,5.80008],[-72.91742,5.80031],[-72.91482,5.79921],[-72.91284,5.79767],[-72.90754,5.80086],[-72.90297,5.80148],[-72.90181,5.80101],[-72.89623,5.79528],[-72.89594,5.79783],[-72.89641,5.8009],[-72.89598,5.80476],[-72.89764,5.80768],[-72.89708,5.81119],[-72.89628,5.81221],[-72.89743,5.81311],[-72.89785,5.81519],[-72.89768,5.81736],[-72.89582,5.82034],[-72.89661,5.82045],[-72.89583,5.82346],[-72.89662,5.82521],[-72.89668,5.82721],[-72.89917,5.83672],[-72.89561,5.84109],[-72.89489,5.84331],[-72.89303,5.84649],[-72.89452,5.85119],[-72.8949,5.85399],[-72.89386,5.8552],[-72.89365,5.85691],[-72.89187,5.85974],[-72.89217,5.86232],[-72.89135,5.86468],[-72.89186,5.86569],[-72.88747,5.86864],[-72.88386,5.86869],[-72.88134,5.86943],[-72.87681,5.87226],[-72.87347,5.87342],[-72.87243,5.87483],[-72.87226,5.87838],[-72.87265,5.88103],[-72.87203,5.88361],[-72.87308,5.88442],[-72.87559,5.88456],[-72.87744,5.88613],[-72.88038,5.88641],[-72.8813,5.88603],[-72.88719,5.88605],[-72.88951,5.88492],[-72.89261,5.88586],[-72.89289,5.88677],[-72.89393,5.88713],[-72.89472,5.88814],[-72.89781,5.89409],[-72.90383,5.89932],[-72.90499,5.90288],[-72.90712,5.90612],[-72.90729,5.91056],[-72.90609,5.91264],[-72.90681,5.914],[-72.90917,5.91654],[-72.91369,5.91803],[-72.91718,5.91789],[-72.9185,5.91841],[-72.92009,5.92156],[-72.92511,5.92847]]]}},{"type":"Feature","properties":{"codigo":"15293","municipio":"Gachantivá","provincia":"Ricaurte","predios_urbanos_igac":194,"predios_rurales_igac":2853,"area_km2":88.21,"area_urbana_ha":11.66,"pct_urbano":0.132,"pct_rural":99.868,"pct_de_boyaca":0.381,"jerarquia_urbana":112,"categoria_urbana":"Núcleo urbano básico","valor_agregado":69.98,"empresas_matriculadas":24,"empresas_renovadas":85,"empresas_canceladas":18,"comfaboy_empresas":10,"comfaboy_empleos":55,"pob_0_6":302,"pob_7_14":358,"pob_15_17":127,"pob_18_26":300,"pob_27_59":1199,"pob_60_mas":672,"hombres":1564,"mujeres":1394,"poblacion":2958,"captaciones":26353.78,"colocaciones":9383.39,"finagro":2952.97,"bancoldex":16.6,"icm_puesto":null,"produccion_agricola_ton":17676.12,"bovinos":5007,"icfes":248,"matricula_escolar":529,"establecimientos_educativos":2,"ips":1,"camas":0,"regimen_contributivo":278,"regimen_especial":14,"regimen_subsidiado":2166,"acueductos":5,"riesgo_agua":"Alto","eventos_riesgo":2,"densidad_hab_km2":33.53,"valor_agregado_por_hab_millones":23.658,"pred_urbanos":194,"pred_vivienda_rural":20,"pred_agropecuarios":2833,"pred_atipicos":0,"ha_urbana_predios":9.94,"ha_vivienda_rural":0.43,"ha_agropecuaria":8788.24},"geometry":{"type":"Polygon","coordinates":[[[-73.57601,5.80596],[-73.57655,5.80593],[-73.57617,5.80416],[-73.57693,5.80191],[-73.57827,5.80134],[-73.57945,5.80012],[-73.58004,5.7971],[-73.58289,5.79516],[-73.58097,5.79241],[-73.58238,5.79005],[-73.58171,5.78738],[-73.58304,5.78602],[-73.58206,5.78522],[-73.58022,5.78471],[-73.57787,5.78535],[-73.57781,5.78431],[-73.57596,5.78376],[-73.5709,5.78036],[-73.56917,5.77838],[-73.56723,5.77485],[-73.57007,5.77353],[-73.57309,5.77322],[-73.57462,5.77413],[-73.57591,5.77355],[-73.57645,5.77667],[-73.57823,5.7772],[-73.57883,5.77674],[-73.57851,5.77405],[-73.57897,5.77184],[-73.58137,5.77263],[-73.58188,5.77237],[-73.58204,5.77134],[-73.58142,5.77005],[-73.58077,5.76499],[-73.58162,5.76258],[-73.58081,5.76107],[-73.58059,5.75655],[-73.57981,5.75518],[-73.57959,5.75314],[-73.5798,5.7518],[-73.58083,5.75126],[-73.58118,5.74855],[-73.57842,5.7445],[-73.57281,5.74185],[-73.57195,5.74085],[-73.57193,5.73946],[-73.57371,5.7385],[-73.57376,5.73666],[-73.57548,5.73469],[-73.57368,5.73307],[-73.57201,5.73063],[-73.57349,5.72924],[-73.57373,5.72576],[-73.57198,5.72501],[-73.56986,5.72532],[-73.56811,5.72447],[-73.56881,5.72255],[-73.56842,5.7202],[-73.56758,5.71889],[-73.56634,5.71816],[-73.56782,5.71658],[-73.56671,5.71374],[-73.56784,5.71217],[-73.56772,5.71124],[-73.56704,5.71085],[-73.56542,5.71137],[-73.56472,5.71024],[-73.56484,5.70799],[-73.56617,5.70669],[-73.56762,5.70623],[-73.56915,5.70661],[-73.56968,5.70623],[-73.56949,5.70512],[-73.56845,5.7046],[-73.5682,5.70395],[-73.56992,5.70183],[-73.57083,5.69788],[-73.5719,5.69651],[-73.57335,5.69261],[-73.57445,5.69175],[-73.57406,5.68953],[-73.57245,5.68904],[-73.5722,5.68845],[-73.5706,5.68826],[-73.5691,5.68684],[-73.56951,5.68484],[-73.56866,5.68267],[-73.56751,5.68243],[-73.56686,5.68154],[-73.56655,5.67838],[-73.56581,5.67764],[-73.56332,5.67666],[-73.5623,5.67709],[-73.5612,5.67654],[-73.56067,5.67731],[-73.55816,5.67812],[-73.55733,5.67792],[-73.55665,5.67869],[-73.55505,5.67827],[-73.55206,5.67913],[-73.55117,5.67848],[-73.54936,5.67847],[-73.54695,5.67869],[-73.54499,5.67953],[-73.54337,5.6791],[-73.54274,5.67797],[-73.54232,5.67797],[-73.54004,5.67913],[-73.53886,5.6802],[-73.53856,5.6811],[-73.53743,5.68175],[-73.53544,5.68404],[-73.53556,5.68467],[-73.53279,5.68725],[-73.53047,5.69188],[-73.5292,5.69319],[-73.52918,5.69405],[-73.52663,5.69536],[-73.5262,5.7001],[-73.52514,5.70194],[-73.52165,5.70158],[-73.52177,5.70279],[-73.52123,5.70399],[-73.51861,5.70594],[-73.52006,5.70634],[-73.5196,5.70732],[-73.52123,5.70846],[-73.51944,5.70858],[-73.51912,5.71037],[-73.51926,5.7114],[-73.52054,5.71246],[-73.5197,5.71483],[-73.52116,5.7155],[-73.52177,5.71634],[-73.52133,5.71726],[-73.52281,5.71804],[-73.52162,5.71838],[-73.52245,5.71976],[-73.52209,5.72089],[-73.52282,5.72114],[-73.52267,5.7215],[-73.5216,5.72236],[-73.52095,5.72148],[-73.5189,5.72165],[-73.51828,5.72249],[-73.51707,5.72253],[-73.51727,5.72369],[-73.51574,5.7227],[-73.51432,5.72446],[-73.51262,5.72418],[-73.50988,5.72538],[-73.50736,5.72478],[-73.50604,5.72511],[-73.50083,5.73205],[-73.50039,5.73522],[-73.49822,5.74055],[-73.49678,5.74199],[-73.49601,5.74388],[-73.49388,5.74539],[-73.49424,5.7459],[-73.49686,5.74684],[-73.49854,5.74938],[-73.50264,5.74939],[-73.50584,5.75271],[-73.50773,5.75328],[-73.50858,5.75499],[-73.50879,5.75731],[-73.50729,5.76054],[-73.50326,5.76533],[-73.5031,5.76708],[-73.50081,5.77268],[-73.49926,5.77389],[-73.50052,5.77776],[-73.50026,5.77887],[-73.50345,5.78267],[-73.503,5.78558],[-73.50485,5.78801],[-73.50558,5.78857],[-73.50764,5.78876],[-73.50824,5.79048],[-73.51131,5.79028],[-73.51182,5.79129],[-73.51529,5.79374],[-73.5164,5.79528],[-73.51658,5.7963],[-73.52017,5.79893],[-73.52386,5.79948],[-73.5245,5.7964],[-73.52674,5.79089],[-73.52679,5.78957],[-73.52771,5.78824],[-73.52963,5.7888],[-73.53519,5.78761],[-73.53629,5.78934],[-73.53761,5.78982],[-73.54015,5.78947],[-73.54178,5.78849],[-73.5426,5.78671],[-73.54521,5.78714],[-73.54724,5.78921],[-73.54876,5.78904],[-73.55111,5.79093],[-73.55334,5.79404],[-73.55582,5.79504],[-73.56397,5.79604],[-73.56657,5.7996],[-73.56684,5.80066],[-73.56815,5.80199],[-73.57005,5.80241],[-73.57251,5.80454],[-73.57383,5.80486],[-73.57427,5.80566],[-73.57601,5.80596]]]}},{"type":"Feature","properties":{"codigo":"15296","municipio":"Gámeza","provincia":"Sugamuxi","predios_urbanos_igac":596,"predios_rurales_igac":5250,"area_km2":123.62,"area_urbana_ha":40.45,"pct_urbano":0.327,"pct_rural":99.673,"pct_de_boyaca":0.535,"jerarquia_urbana":54,"categoria_urbana":"Centro urbano local","valor_agregado":81.33,"empresas_matriculadas":50,"empresas_renovadas":113,"empresas_canceladas":0,"comfaboy_empresas":35,"comfaboy_empleos":249,"pob_0_6":632,"pob_7_14":672,"pob_15_17":231,"pob_18_26":629,"pob_27_59":2024,"pob_60_mas":977,"hombres":2652,"mujeres":2513,"poblacion":5165,"captaciones":16142.04,"colocaciones":28448.19,"finagro":6428.48,"bancoldex":55.55,"icm_puesto":null,"produccion_agricola_ton":7319.19,"bovinos":8273,"icfes":228.5,"matricula_escolar":855,"establecimientos_educativos":2,"ips":1,"camas":0,"regimen_contributivo":841,"regimen_especial":6,"regimen_subsidiado":3001,"acueductos":6,"riesgo_agua":"Alto","eventos_riesgo":1,"densidad_hab_km2":41.78,"valor_agregado_por_hab_millones":15.746,"pred_urbanos":596,"pred_vivienda_rural":68,"pred_agropecuarios":5182,"pred_atipicos":0,"ha_urbana_predios":36.07,"ha_vivienda_rural":1.04,"ha_agropecuaria":12025.48},"geometry":{"type":"Polygon","coordinates":[[[-72.79807,5.85389],[-72.79826,5.8534],[-72.79755,5.85231],[-72.7981,5.84992],[-72.79989,5.84755],[-72.801,5.84825],[-72.80141,5.84684],[-72.80123,5.84552],[-72.80204,5.84202],[-72.80163,5.84147],[-72.80251,5.84096],[-72.80286,5.83973],[-72.80155,5.83802],[-72.80375,5.83296],[-72.80849,5.83224],[-72.81093,5.8334],[-72.81059,5.83228],[-72.8116,5.83049],[-72.81486,5.82802],[-72.81494,5.82703],[-72.81555,5.82634],[-72.82166,5.82042],[-72.82417,5.8148],[-72.82482,5.80941],[-72.82548,5.80824],[-72.82965,5.80683],[-72.83575,5.80692],[-72.83451,5.80534],[-72.83491,5.80365],[-72.83469,5.80241],[-72.83289,5.80052],[-72.83212,5.7977],[-72.83017,5.7968],[-72.82469,5.79586],[-72.82375,5.79505],[-72.81947,5.79344],[-72.8171,5.79108],[-72.81284,5.78883],[-72.81082,5.78901],[-72.80983,5.78862],[-72.80901,5.78738],[-72.80598,5.78672],[-72.80566,5.78424],[-72.80341,5.78296],[-72.80136,5.78053],[-72.80028,5.77806],[-72.79999,5.77569],[-72.79845,5.77483],[-72.79553,5.77184],[-72.79424,5.77191],[-72.79263,5.7733],[-72.7909,5.77352],[-72.78992,5.77246],[-72.78704,5.77144],[-72.78537,5.7697],[-72.78438,5.7693],[-72.78396,5.76777],[-72.78247,5.76715],[-72.77873,5.76885],[-72.77672,5.7692],[-72.77534,5.7703],[-72.77354,5.77312],[-72.7724,5.77161],[-72.77257,5.77072],[-72.77161,5.77004],[-72.76962,5.76712],[-72.76581,5.7665],[-72.76261,5.76751],[-72.76061,5.76725],[-72.75907,5.76825],[-72.75529,5.76861],[-72.74904,5.77205],[-72.74742,5.77187],[-72.74268,5.77255],[-72.73954,5.77368],[-72.73849,5.77269],[-72.73573,5.77373],[-72.735,5.77249],[-72.73391,5.77306],[-72.73252,5.77234],[-72.73053,5.77335],[-72.72849,5.77275],[-72.72799,5.77335],[-72.7239,5.77224],[-72.71952,5.77293],[-72.71926,5.77126],[-72.71827,5.77113],[-72.71706,5.77148],[-72.71555,5.77288],[-72.71387,5.77274],[-72.71328,5.77329],[-72.71263,5.77279],[-72.71163,5.77295],[-72.70876,5.77217],[-72.70893,5.77165],[-72.70821,5.7714],[-72.70563,5.77305],[-72.70316,5.77356],[-72.7012,5.77328],[-72.69763,5.77453],[-72.69732,5.77539],[-72.69547,5.77584],[-72.69463,5.77728],[-72.69009,5.77991],[-72.68918,5.78091],[-72.68669,5.78168],[-72.68417,5.78331],[-72.68024,5.78393],[-72.67618,5.7839],[-72.6749,5.78299],[-72.67316,5.7828],[-72.67091,5.78138],[-72.66874,5.78075],[-72.6612,5.7852],[-72.66041,5.78351],[-72.65738,5.78254],[-72.65582,5.78416],[-72.65551,5.78567],[-72.65585,5.78728],[-72.65518,5.78783],[-72.6478,5.78348],[-72.64694,5.78405],[-72.64551,5.78381],[-72.64475,5.78247],[-72.6415,5.78337],[-72.63404,5.78173],[-72.63092,5.77879],[-72.62941,5.77851],[-72.6279,5.77732],[-72.62599,5.77694],[-72.62612,5.77853],[-72.62525,5.78011],[-72.62471,5.78304],[-72.62388,5.78426],[-72.62402,5.78509],[-72.62515,5.78586],[-72.62551,5.78758],[-72.62497,5.79122],[-72.62547,5.79246],[-72.62532,5.79385],[-72.62588,5.79476],[-72.62523,5.79575],[-72.62459,5.79885],[-72.62521,5.80137],[-72.62461,5.80579],[-72.62486,5.81009],[-72.62403,5.81233],[-72.62409,5.81476],[-72.62356,5.81673],[-72.62475,5.81896],[-72.62633,5.82009],[-72.62658,5.82106],[-72.62747,5.82185],[-72.62725,5.82302],[-72.62837,5.8243],[-72.62917,5.82726],[-72.63078,5.82727],[-72.63172,5.8291],[-72.63456,5.82774],[-72.63705,5.82492],[-72.63837,5.82236],[-72.6383,5.82014],[-72.63934,5.81663],[-72.64613,5.81609],[-72.64845,5.81471],[-72.65238,5.81451],[-72.65496,5.8114],[-72.66451,5.80851],[-72.66672,5.80903],[-72.67027,5.809],[-72.67671,5.81175],[-72.68117,5.81439],[-72.68376,5.81465],[-72.6879,5.8167],[-72.68853,5.81726],[-72.68847,5.81838],[-72.68584,5.82218],[-72.68673,5.8273],[-72.68675,5.83208],[-72.68868,5.83214],[-72.6918,5.83341],[-72.6961,5.83428],[-72.69934,5.83402],[-72.70107,5.8346],[-72.70164,5.83578],[-72.70539,5.8347],[-72.70699,5.83375],[-72.70804,5.83248],[-72.71022,5.83174],[-72.71205,5.83013],[-72.71513,5.8285],[-72.71997,5.82733],[-72.72081,5.82598],[-72.72287,5.82662],[-72.72504,5.82528],[-72.72921,5.82516],[-72.73226,5.82369],[-72.73728,5.82251],[-72.74436,5.81939],[-72.74917,5.8151],[-72.7494,5.81833],[-72.75193,5.82081],[-72.75291,5.82578],[-72.75406,5.82688],[-72.75744,5.82772],[-72.75997,5.83255],[-72.76941,5.8398],[-72.77101,5.8436],[-72.77406,5.84549],[-72.7753,5.84771],[-72.77637,5.84784],[-72.77981,5.84551],[-72.78585,5.84486],[-72.78703,5.84677],[-72.78929,5.84741],[-72.79005,5.84925],[-72.78985,5.85003],[-72.79104,5.85124],[-72.79249,5.85175],[-72.7934,5.8528],[-72.79644,5.85315],[-72.79807,5.85389]]]}},{"type":"Feature","properties":{"codigo":"15299","municipio":"Garagoa","provincia":"Neira","predios_urbanos_igac":5316,"predios_rurales_igac":7323,"area_km2":193.5,"area_urbana_ha":190.72,"pct_urbano":0.986,"pct_rural":99.014,"pct_de_boyaca":0.837,"jerarquia_urbana":9,"categoria_urbana":"Centro urbano menor","valor_agregado":283.98,"empresas_matriculadas":121,"empresas_renovadas":705,"empresas_canceladas":191,"comfaboy_empresas":127,"comfaboy_empleos":1115,"pob_0_6":1645,"pob_7_14":2065,"pob_15_17":784,"pob_18_26":2209,"pob_27_59":7940,"pob_60_mas":4772,"hombres":9247,"mujeres":10168,"poblacion":19415,"captaciones":11353.1,"colocaciones":97758.62,"finagro":14691.41,"bancoldex":969.0,"icm_puesto":25,"produccion_agricola_ton":2823.28,"bovinos":15693,"icfes":290.67,"matricula_escolar":2700,"establecimientos_educativos":6,"ips":24,"camas":30,"regimen_contributivo":5672,"regimen_especial":709,"regimen_subsidiado":9435,"acueductos":4,"riesgo_agua":"Medio","eventos_riesgo":6,"densidad_hab_km2":100.34,"valor_agregado_por_hab_millones":14.627,"pred_urbanos":5316,"pred_vivienda_rural":93,"pred_agropecuarios":7230,"pred_atipicos":0,"ha_urbana_predios":158.05,"ha_vivienda_rural":1.54,"ha_agropecuaria":19182.74},"geometry":{"type":"Polygon","coordinates":[[[-73.28482,5.16195],[-73.28666,5.16124],[-73.29185,5.15747],[-73.29837,5.15485],[-73.30797,5.15427],[-73.31459,5.15245],[-73.31874,5.1504],[-73.32609,5.14929],[-73.32982,5.14713],[-73.33355,5.14677],[-73.33648,5.14558],[-73.3395,5.14328],[-73.349,5.13995],[-73.35305,5.13968],[-73.35618,5.14066],[-73.35939,5.14063],[-73.36151,5.13886],[-73.36212,5.13766],[-73.3639,5.13701],[-73.36306,5.13421],[-73.36493,5.13103],[-73.36477,5.12969],[-73.36547,5.1285],[-73.36428,5.12472],[-73.36465,5.12284],[-73.36391,5.12049],[-73.3656,5.11898],[-73.36882,5.11311],[-73.37288,5.10771],[-73.37424,5.10448],[-73.37598,5.10271],[-73.37467,5.10106],[-73.37436,5.09829],[-73.37576,5.09752],[-73.37705,5.09546],[-73.37713,5.09287],[-73.37812,5.09125],[-73.38016,5.08936],[-73.38075,5.08732],[-73.38206,5.08691],[-73.38372,5.08523],[-73.38425,5.08257],[-73.3851,5.08127],[-73.3851,5.0794],[-73.38657,5.07687],[-73.38703,5.07411],[-73.38667,5.07135],[-73.3902,5.06876],[-73.39035,5.06678],[-73.38896,5.06509],[-73.38886,5.06433],[-73.38964,5.05955],[-73.39115,5.05798],[-73.39002,5.05616],[-73.39183,5.05499],[-73.39201,5.05154],[-73.39393,5.05005],[-73.39273,5.04417],[-73.39313,5.04077],[-73.39473,5.03844],[-73.39395,5.03668],[-73.39462,5.03503],[-73.39447,5.03401],[-73.39279,5.03238],[-73.39313,5.0308],[-73.39124,5.02784],[-73.39092,5.02541],[-73.39144,5.02393],[-73.39024,5.02122],[-73.38965,5.01738],[-73.3886,5.01525],[-73.38557,5.01635],[-73.38115,5.01659],[-73.37693,5.01591],[-73.37494,5.01623],[-73.37361,5.01589],[-73.37179,5.01386],[-73.36582,5.01359],[-73.36445,5.01426],[-73.36381,5.01836],[-73.36303,5.02036],[-73.35948,5.02282],[-73.35635,5.02402],[-73.35351,5.02392],[-73.34848,5.02524],[-73.34452,5.02544],[-73.34416,5.02629],[-73.34284,5.02641],[-73.34031,5.0304],[-73.34005,5.03554],[-73.33603,5.03929],[-73.33382,5.03996],[-73.33231,5.03962],[-73.33117,5.04014],[-73.32881,5.03915],[-73.32723,5.03904],[-73.32632,5.03828],[-73.32401,5.03835],[-73.32176,5.03905],[-73.32082,5.03877],[-73.31191,5.04317],[-73.3094,5.04313],[-73.30795,5.04262],[-73.30448,5.04444],[-73.30306,5.04424],[-73.30127,5.04487],[-73.2969,5.0479],[-73.28897,5.04789],[-73.29032,5.04275],[-73.28858,5.03493],[-73.28793,5.0339],[-73.28524,5.0336],[-73.28484,5.03084],[-73.28347,5.02944],[-73.28408,5.02673],[-73.28633,5.02328],[-73.28465,5.02245],[-73.2857,5.01974],[-73.28203,5.01863],[-73.27768,5.02356],[-73.26633,5.03471],[-73.26556,5.0367],[-73.26282,5.0405],[-73.25575,5.04566],[-73.25262,5.05482],[-73.25284,5.05833],[-73.25187,5.06185],[-73.24926,5.06625],[-73.24849,5.06898],[-73.24916,5.07227],[-73.25115,5.07339],[-73.25079,5.07444],[-73.25151,5.07499],[-73.25126,5.07578],[-73.2517,5.07661],[-73.25077,5.07759],[-73.25188,5.08028],[-73.25111,5.08221],[-73.25143,5.08391],[-73.2502,5.08627],[-73.25304,5.08833],[-73.25334,5.08968],[-73.25428,5.09013],[-73.25413,5.09119],[-73.25476,5.09226],[-73.25494,5.09445],[-73.25629,5.0961],[-73.25505,5.0973],[-73.255,5.09807],[-73.25405,5.09817],[-73.2522,5.10022],[-73.25033,5.10114],[-73.2502,5.10391],[-73.24653,5.10525],[-73.24499,5.10684],[-73.24181,5.10862],[-73.24153,5.11029],[-73.23868,5.11381],[-73.23978,5.11622],[-73.23846,5.1216],[-73.23684,5.12567],[-73.23368,5.12883],[-73.2324,5.13115],[-73.23369,5.13363],[-73.2338,5.13524],[-73.23567,5.13627],[-73.23614,5.13831],[-73.23428,5.14059],[-73.23158,5.14223],[-73.23063,5.14332],[-73.23312,5.14462],[-73.23653,5.14554],[-73.23909,5.14427],[-73.24154,5.14426],[-73.24355,5.14606],[-73.24568,5.15],[-73.24904,5.15186],[-73.25544,5.15356],[-73.26632,5.15475],[-73.27288,5.15726],[-73.27761,5.15942],[-73.27856,5.16026],[-73.28482,5.16195]]]}},{"type":"Feature","properties":{"codigo":"15317","municipio":"Guacamayas","provincia":"Gutiérrez","predios_urbanos_igac":297,"predios_rurales_igac":2841,"area_km2":57.65,"area_urbana_ha":23.33,"pct_urbano":0.405,"pct_rural":99.595,"pct_de_boyaca":0.249,"jerarquia_urbana":87,"categoria_urbana":"Núcleo urbano básico","valor_agregado":29.36,"empresas_matriculadas":6,"empresas_renovadas":72,"empresas_canceladas":14,"comfaboy_empresas":2,"comfaboy_empleos":19,"pob_0_6":197,"pob_7_14":232,"pob_15_17":82,"pob_18_26":226,"pob_27_59":697,"pob_60_mas":533,"hombres":963,"mujeres":1004,"poblacion":1967,"captaciones":14656.58,"colocaciones":128.24,"finagro":1040.13,"bancoldex":28.11,"icm_puesto":null,"produccion_agricola_ton":1059.5,"bovinos":4496,"icfes":297,"matricula_escolar":236,"establecimientos_educativos":1,"ips":1,"camas":0,"regimen_contributivo":116,"regimen_especial":12,"regimen_subsidiado":1049,"acueductos":7,"riesgo_agua":"Alto","eventos_riesgo":null,"densidad_hab_km2":34.12,"valor_agregado_por_hab_millones":14.926,"pred_urbanos":297,"pred_vivienda_rural":7,"pred_agropecuarios":2834,"pred_atipicos":0,"ha_urbana_predios":19.76,"ha_vivienda_rural":0.16,"ha_agropecuaria":5719.13},"geometry":{"type":"Polygon","coordinates":[[[-72.54198,6.48881],[-72.54381,6.4877],[-72.54553,6.48804],[-72.54745,6.48686],[-72.54833,6.4871],[-72.54792,6.48033],[-72.54745,6.47936],[-72.54906,6.47721],[-72.54993,6.47305],[-72.55342,6.46995],[-72.55274,6.46624],[-72.55369,6.46311],[-72.55318,6.46061],[-72.55507,6.45647],[-72.55436,6.45652],[-72.55493,6.45526],[-72.5548,6.45346],[-72.5556,6.45176],[-72.55525,6.45072],[-72.55544,6.44828],[-72.55646,6.44518],[-72.55514,6.4429],[-72.55269,6.44076],[-72.55128,6.43851],[-72.54814,6.42914],[-72.54787,6.42563],[-72.54297,6.42529],[-72.54059,6.42401],[-72.53777,6.42322],[-72.53507,6.42068],[-72.53103,6.41993],[-72.52875,6.41794],[-72.52584,6.41283],[-72.52419,6.41103],[-72.5191,6.40977],[-72.51729,6.41032],[-72.51256,6.40534],[-72.51052,6.40231],[-72.50872,6.40181],[-72.50374,6.39805],[-72.50252,6.39772],[-72.501,6.39808],[-72.50038,6.39866],[-72.50055,6.40008],[-72.50151,6.40167],[-72.50097,6.40279],[-72.4967,6.40267],[-72.4968,6.40082],[-72.49425,6.40154],[-72.48858,6.40555],[-72.48645,6.40867],[-72.48622,6.41104],[-72.48737,6.41792],[-72.4861,6.42457],[-72.48612,6.4294],[-72.48544,6.43186],[-72.48413,6.43534],[-72.48263,6.43651],[-72.48151,6.43936],[-72.47897,6.4414],[-72.47743,6.44126],[-72.47611,6.44454],[-72.47482,6.44627],[-72.47205,6.44734],[-72.47149,6.45281],[-72.47463,6.45514],[-72.47716,6.45792],[-72.47997,6.45985],[-72.48022,6.46073],[-72.48298,6.46206],[-72.4838,6.4634],[-72.4875,6.46484],[-72.48887,6.4661],[-72.48999,6.46639],[-72.49169,6.46907],[-72.49539,6.47112],[-72.49943,6.47511],[-72.50153,6.47558],[-72.50249,6.47499],[-72.50295,6.47598],[-72.50435,6.47653],[-72.51001,6.47739],[-72.51288,6.4775],[-72.51413,6.47707],[-72.51609,6.4776],[-72.51865,6.4775],[-72.52081,6.48014],[-72.5224,6.48028],[-72.52355,6.4798],[-72.52511,6.48061],[-72.52634,6.48314],[-72.52714,6.48328],[-72.52829,6.48488],[-72.52965,6.48495],[-72.53103,6.48574],[-72.53166,6.48672],[-72.53498,6.48662],[-72.53709,6.48771],[-72.53829,6.4876],[-72.54198,6.48881]]]}},{"type":"Feature","properties":{"codigo":"15322","municipio":"Guateque","provincia":"Oriente","predios_urbanos_igac":3349,"predios_rurales_igac":4859,"area_km2":36.13,"area_urbana_ha":165.97,"pct_urbano":4.594,"pct_rural":95.406,"pct_de_boyaca":0.156,"jerarquia_urbana":11,"categoria_urbana":"Centro urbano menor","valor_agregado":230.23,"empresas_matriculadas":118,"empresas_renovadas":577,"empresas_canceladas":104,"comfaboy_empresas":124,"comfaboy_empleos":1339,"pob_0_6":816,"pob_7_14":1183,"pob_15_17":469,"pob_18_26":1211,"pob_27_59":4989,"pob_60_mas":2855,"hombres":5453,"mujeres":6070,"poblacion":11523,"captaciones":123084.64,"colocaciones":58489.44,"finagro":2790.24,"bancoldex":114.46,"icm_puesto":40,"produccion_agricola_ton":883.58,"bovinos":4522,"icfes":270,"matricula_escolar":1725,"establecimientos_educativos":4,"ips":17,"camas":33,"regimen_contributivo":2969,"regimen_especial":528,"regimen_subsidiado":5535,"acueductos":3,"riesgo_agua":"Medio","eventos_riesgo":7,"densidad_hab_km2":318.93,"valor_agregado_por_hab_millones":19.98,"pred_urbanos":3349,"pred_vivienda_rural":207,"pred_agropecuarios":4651,"pred_atipicos":1,"ha_urbana_predios":144.18,"ha_vivienda_rural":2.64,"ha_agropecuaria":3255.0},"geometry":{"type":"Polygon","coordinates":[[[-73.48009,5.06234],[-73.48291,5.06036],[-73.48358,5.05934],[-73.48758,5.05889],[-73.48571,5.05424],[-73.48585,5.05165],[-73.4869,5.05018],[-73.48849,5.04947],[-73.4894,5.04792],[-73.49108,5.04666],[-73.4924,5.04402],[-73.49617,5.03993],[-73.49625,5.03931],[-73.49679,5.03987],[-73.4979,5.03962],[-73.49852,5.04002],[-73.49978,5.03962],[-73.50252,5.03972],[-73.50647,5.03831],[-73.50844,5.03687],[-73.51082,5.03651],[-73.51253,5.03701],[-73.51588,5.03548],[-73.51706,5.03327],[-73.5224,5.02922],[-73.52175,5.02829],[-73.52192,5.02474],[-73.52247,5.02373],[-73.52194,5.01755],[-73.52073,5.01671],[-73.52029,5.01509],[-73.51937,5.01466],[-73.51888,5.0136],[-73.51758,5.0136],[-73.51699,5.01299],[-73.51773,5.01117],[-73.51741,5.0076],[-73.51835,5.00602],[-73.51842,5.00457],[-73.51778,5.00383],[-73.51575,5.00382],[-73.51205,4.99984],[-73.51064,4.99961],[-73.50996,4.99762],[-73.50776,4.99712],[-73.50611,4.99526],[-73.50457,4.99486],[-73.50073,4.99249],[-73.50016,4.98939],[-73.49867,4.98798],[-73.49728,4.98749],[-73.49467,4.98851],[-73.49249,4.98816],[-73.49038,4.98644],[-73.48808,4.98543],[-73.4857,4.98672],[-73.4822,4.98711],[-73.48085,4.98663],[-73.47975,4.98545],[-73.47785,4.98672],[-73.47668,4.98612],[-73.4746,4.98318],[-73.47105,4.98306],[-73.46924,4.98351],[-73.46676,4.98265],[-73.46405,4.98356],[-73.46081,4.98598],[-73.45829,4.987],[-73.4556,4.98918],[-73.4549,4.99113],[-73.45419,4.99176],[-73.45117,4.99181],[-73.44998,4.99238],[-73.44862,4.99485],[-73.4471,4.99469],[-73.44697,4.99709],[-73.44716,4.99799],[-73.44968,5.00049],[-73.45169,5.00036],[-73.45471,5.00135],[-73.45537,5.00183],[-73.45572,5.00341],[-73.45917,4.99996],[-73.45989,5.00025],[-73.46282,5.00508],[-73.46333,5.01074],[-73.4664,5.01768],[-73.4664,5.02153],[-73.46687,5.02286],[-73.47164,5.02823],[-73.47411,5.02925],[-73.47809,5.03205],[-73.47834,5.03167],[-73.48316,5.0358],[-73.48224,5.039],[-73.47994,5.04076],[-73.47876,5.04627],[-73.47781,5.0481],[-73.47797,5.04929],[-73.47492,5.04971],[-73.47361,5.05151],[-73.47491,5.05263],[-73.47482,5.05762],[-73.47746,5.05953],[-73.47826,5.06097],[-73.48009,5.06234]]]}},{"type":"Feature","properties":{"codigo":"15325","municipio":"Guayatá","provincia":"Oriente","predios_urbanos_igac":739,"predios_rurales_igac":6456,"area_km2":99.95,"area_urbana_ha":25.1,"pct_urbano":0.251,"pct_rural":99.749,"pct_de_boyaca":0.432,"jerarquia_urbana":85,"categoria_urbana":"Núcleo urbano básico","valor_agregado":90.72,"empresas_matriculadas":16,"empresas_renovadas":103,"empresas_canceladas":16,"comfaboy_empresas":18,"comfaboy_empleos":63,"pob_0_6":213,"pob_7_14":326,"pob_15_17":119,"pob_18_26":257,"pob_27_59":1327,"pob_60_mas":1285,"hombres":1756,"mujeres":1771,"poblacion":3527,"captaciones":28517.09,"colocaciones":8613.34,"finagro":3018.04,"bancoldex":9.83,"icm_puesto":null,"produccion_agricola_ton":6708.1,"bovinos":7690,"icfes":278.5,"matricula_escolar":396,"establecimientos_educativos":2,"ips":1,"camas":0,"regimen_contributivo":296,"regimen_especial":null,"regimen_subsidiado":2174,"acueductos":3,"riesgo_agua":"Medio","eventos_riesgo":5,"densidad_hab_km2":35.29,"valor_agregado_por_hab_millones":25.722,"pred_urbanos":739,"pred_vivienda_rural":26,"pred_agropecuarios":6429,"pred_atipicos":1,"ha_urbana_predios":20.68,"ha_vivienda_rural":0.46,"ha_agropecuaria":11169.29},"geometry":{"type":"Polygon","coordinates":[[[-73.50731,4.99639],[-73.50916,4.99559],[-73.50904,4.99468],[-73.5101,4.9928],[-73.514,4.99099],[-73.51726,4.99032],[-73.51732,4.98694],[-73.51872,4.97942],[-73.51997,4.97854],[-73.52231,4.9749],[-73.52408,4.9735],[-73.52543,4.97125],[-73.52575,4.96948],[-73.52836,4.96791],[-73.52867,4.96679],[-73.52796,4.9646],[-73.53033,4.96188],[-73.53138,4.95771],[-73.53257,4.95621],[-73.53275,4.95486],[-73.53652,4.95196],[-73.5408,4.94984],[-73.54468,4.94419],[-73.54466,4.94081],[-73.54577,4.93767],[-73.54684,4.93048],[-73.54879,4.92515],[-73.54839,4.92425],[-73.54677,4.92359],[-73.54569,4.91954],[-73.54127,4.91202],[-73.54175,4.9073],[-73.54074,4.90189],[-73.53904,4.89724],[-73.53414,4.89209],[-73.53275,4.89123],[-73.5307,4.89125],[-73.52776,4.89347],[-73.52567,4.89308],[-73.52461,4.89231],[-73.52118,4.88133],[-73.52087,4.87896],[-73.51387,4.87934],[-73.51115,4.88],[-73.50988,4.8794],[-73.5083,4.88084],[-73.50257,4.88348],[-73.49983,4.88405],[-73.49644,4.88335],[-73.49499,4.88355],[-73.49202,4.88618],[-73.48958,4.88738],[-73.48743,4.89032],[-73.48432,4.89152],[-73.48203,4.89121],[-73.47995,4.89],[-73.47516,4.88981],[-73.47234,4.89032],[-73.46962,4.89272],[-73.46383,4.89015],[-73.45942,4.88666],[-73.45482,4.88395],[-73.4515,4.88302],[-73.44559,4.8911],[-73.44292,4.89339],[-73.43941,4.89516],[-73.43982,4.89641],[-73.43954,4.89895],[-73.43754,4.90627],[-73.43944,4.90735],[-73.44475,4.90854],[-73.44763,4.90975],[-73.45034,4.90918],[-73.45235,4.91083],[-73.45272,4.91132],[-73.45003,4.91104],[-73.44983,4.91537],[-73.44776,4.92134],[-73.44937,4.9219],[-73.44971,4.92293],[-73.4492,4.92635],[-73.44966,4.92802],[-73.45075,4.92863],[-73.45075,4.93464],[-73.45326,4.93559],[-73.45352,4.9366],[-73.45624,4.93806],[-73.45859,4.94046],[-73.4614,4.94062],[-73.46365,4.94003],[-73.46409,4.94163],[-73.46526,4.94226],[-73.46694,4.94415],[-73.46622,4.94459],[-73.46594,4.94595],[-73.46511,4.94694],[-73.46465,4.94997],[-73.46397,4.95068],[-73.46373,4.95262],[-73.46195,4.95631],[-73.46458,4.9608],[-73.46462,4.96243],[-73.46588,4.96485],[-73.46685,4.9656],[-73.46833,4.96585],[-73.47167,4.96961],[-73.47003,4.97513],[-73.47137,4.97694],[-73.47031,4.97847],[-73.46991,4.9804],[-73.46774,4.98112],[-73.46593,4.98289],[-73.46765,4.98266],[-73.46924,4.98351],[-73.47105,4.98306],[-73.4746,4.98318],[-73.47668,4.98612],[-73.47785,4.98672],[-73.47975,4.98545],[-73.48085,4.98663],[-73.4822,4.98711],[-73.4857,4.98672],[-73.48808,4.98543],[-73.49038,4.98644],[-73.49249,4.98816],[-73.49409,4.98854],[-73.49675,4.98754],[-73.49793,4.98759],[-73.50016,4.98939],[-73.50073,4.99249],[-73.50457,4.99486],[-73.50611,4.99526],[-73.50731,4.99639]]]}},{"type":"Feature","properties":{"codigo":"15332","municipio":"Güicán De La Sierra","provincia":"Gutiérrez","predios_urbanos_igac":571,"predios_rurales_igac":2922,"area_km2":951.41,"area_urbana_ha":27.66,"pct_urbano":0.029,"pct_rural":99.971,"pct_de_boyaca":4.114,"jerarquia_urbana":78,"categoria_urbana":"Núcleo urbano básico","valor_agregado":65.13,"empresas_matriculadas":31,"empresas_renovadas":154,"empresas_canceladas":8,"comfaboy_empresas":9,"comfaboy_empleos":84,"pob_0_6":611,"pob_7_14":650,"pob_15_17":224,"pob_18_26":579,"pob_27_59":1675,"pob_60_mas":806,"hombres":2309,"mujeres":2236,"poblacion":4545,"captaciones":2684.98,"colocaciones":8647.47,"finagro":3486.06,"bancoldex":31.08,"icm_puesto":null,"produccion_agricola_ton":734.81,"bovinos":10851,"icfes":258,"matricula_escolar":667,"establecimientos_educativos":1,"ips":1,"camas":4,"regimen_contributivo":359,"regimen_especial":148,"regimen_subsidiado":3405,"acueductos":4,"riesgo_agua":"Alto","eventos_riesgo":3,"densidad_hab_km2":4.78,"valor_agregado_por_hab_millones":14.33,"pred_urbanos":571,"pred_vivienda_rural":66,"pred_agropecuarios":2856,"pred_atipicos":0,"ha_urbana_predios":23.03,"ha_vivienda_rural":0.72,"ha_agropecuaria":92633.89},"geometry":{"type":"Polygon","coordinates":[[[-72.13985,6.76295],[-72.14039,6.7633],[-72.14274,6.75744],[-72.14658,6.75546],[-72.15125,6.75479],[-72.15508,6.75047],[-72.15797,6.7491],[-72.16158,6.74878],[-72.16308,6.74684],[-72.16717,6.74639],[-72.16919,6.74726],[-72.1718,6.74729],[-72.17547,6.74557],[-72.17859,6.74165],[-72.18618,6.7407],[-72.19038,6.74204],[-72.19268,6.7446],[-72.19689,6.74301],[-72.19896,6.74408],[-72.19984,6.74336],[-72.20098,6.74023],[-72.20405,6.73784],[-72.20608,6.73742],[-72.21017,6.73898],[-72.21188,6.73859],[-72.21302,6.73685],[-72.21344,6.73361],[-72.21303,6.7308],[-72.21449,6.72836],[-72.21721,6.72786],[-72.21945,6.72658],[-72.2226,6.72776],[-72.225,6.72695],[-72.22689,6.72549],[-72.22708,6.72191],[-72.22921,6.71515],[-72.22957,6.71164],[-72.23127,6.70841],[-72.23164,6.70664],[-72.23146,6.69794],[-72.232,6.69621],[-72.23317,6.69642],[-72.23855,6.70006],[-72.24125,6.70387],[-72.24513,6.70464],[-72.24784,6.70205],[-72.24877,6.70191],[-72.25085,6.70407],[-72.25414,6.70371],[-72.25697,6.70537],[-72.25857,6.70713],[-72.26001,6.70745],[-72.26115,6.70685],[-72.26306,6.70411],[-72.26878,6.70298],[-72.27594,6.69814],[-72.28051,6.69686],[-72.28179,6.69553],[-72.28464,6.69509],[-72.28773,6.69572],[-72.2882,6.69616],[-72.28778,6.70086],[-72.28843,6.70511],[-72.29088,6.70947],[-72.29165,6.71299],[-72.29455,6.71532],[-72.29949,6.7165],[-72.30161,6.70934],[-72.30145,6.70358],[-72.30199,6.69879],[-72.30626,6.68765],[-72.30784,6.68596],[-72.31354,6.68552],[-72.31984,6.68264],[-72.32454,6.67864],[-72.3351,6.67169],[-72.33794,6.66868],[-72.33955,6.66618],[-72.34138,6.66189],[-72.34185,6.65902],[-72.34195,6.64833],[-72.34491,6.63651],[-72.34642,6.63392],[-72.35202,6.6304],[-72.36319,6.62079],[-72.3659,6.61969],[-72.36909,6.61766],[-72.37481,6.61549],[-72.37967,6.6149],[-72.38497,6.61495],[-72.38629,6.6143],[-72.38679,6.61201],[-72.38635,6.60953],[-72.38469,6.6067],[-72.37916,6.60071],[-72.37772,6.59317],[-72.37669,6.59052],[-72.37385,6.58672],[-72.36596,6.57943],[-72.36251,6.57339],[-72.35968,6.57002],[-72.35816,6.56588],[-72.35587,6.55399],[-72.35748,6.55294],[-72.36501,6.5514],[-72.36806,6.55157],[-72.37193,6.55109],[-72.37559,6.55182],[-72.37613,6.55233],[-72.38092,6.55308],[-72.38244,6.55251],[-72.38309,6.55161],[-72.38156,6.54773],[-72.38125,6.54396],[-72.38348,6.53689],[-72.38369,6.52852],[-72.38423,6.52759],[-72.38526,6.52679],[-72.38741,6.52624],[-72.38858,6.52685],[-72.39201,6.53067],[-72.39415,6.53014],[-72.39604,6.52752],[-72.39701,6.52446],[-72.40384,6.51357],[-72.40478,6.5138],[-72.4062,6.5162],[-72.40823,6.51769],[-72.40961,6.51776],[-72.41073,6.51576],[-72.41158,6.51566],[-72.41443,6.51829],[-72.41697,6.51781],[-72.4212,6.51953],[-72.42287,6.5179],[-72.42378,6.51551],[-72.42783,6.51112],[-72.42926,6.50885],[-72.42949,6.50757],[-72.43067,6.50628],[-72.43248,6.50539],[-72.43263,6.50379],[-72.43373,6.50253],[-72.43566,6.49855],[-72.43653,6.49486],[-72.43642,6.49285],[-72.437,6.49134],[-72.43661,6.48981],[-72.4369,6.48538],[-72.43637,6.48572],[-72.43649,6.48519],[-72.43734,6.48303],[-72.43988,6.48105],[-72.44083,6.47869],[-72.44068,6.47626],[-72.44151,6.47534],[-72.44143,6.4739],[-72.44292,6.47096],[-72.4419,6.46642],[-72.44356,6.46209],[-72.44173,6.45905],[-72.44179,6.45779],[-72.44031,6.45859],[-72.43764,6.459],[-72.43371,6.45407],[-72.43368,6.45204],[-72.43305,6.45089],[-72.4332,6.44847],[-72.43202,6.4424],[-72.42831,6.43559],[-72.4285,6.43256],[-72.42794,6.43025],[-72.42445,6.42503],[-72.42112,6.42361],[-72.42005,6.42213],[-72.41696,6.4221],[-72.41542,6.42133],[-72.41098,6.41767],[-72.40667,6.41715],[-72.40491,6.41528],[-72.39995,6.41334],[-72.3991,6.4137],[-72.39719,6.41652],[-72.39547,6.41682],[-72.39323,6.416],[-72.39223,6.41624],[-72.39155,6.41834],[-72.38739,6.41728],[-72.38412,6.41574],[-72.38424,6.41224],[-72.38298,6.40955],[-72.3766,6.40827],[-72.37289,6.40392],[-72.3713,6.40345],[-72.36278,6.40208],[-72.34276,6.40321],[-72.34174,6.40374],[-72.3378,6.40388],[-72.33411,6.40462],[-72.33299,6.4043],[-72.3321,6.40328],[-72.33119,6.40074],[-72.33135,6.39796],[-72.33078,6.39611],[-72.3311,6.39382],[-72.32715,6.3867],[-72.32419,6.37666],[-72.32024,6.3708],[-72.32093,6.3654],[-72.31536,6.36067],[-72.31494,6.36001],[-72.31492,6.35798],[-72.31236,6.35776],[-72.30467,6.35902],[-72.30305,6.35883],[-72.30206,6.35945],[-72.30292,6.36172],[-72.29844,6.36474],[-72.29784,6.36729],[-72.29562,6.36977],[-72.29513,6.37459],[-72.2928,6.37565],[-72.29141,6.37715],[-72.2885,6.37802],[-72.28354,6.37869],[-72.28272,6.37939],[-72.28287,6.38042],[-72.28113,6.38292],[-72.28089,6.38626],[-72.28001,6.38808],[-72.28103,6.39093],[-72.28108,6.39346],[-72.28669,6.39608],[-72.28636,6.39692],[-72.28665,6.39881],[-72.28555,6.40061],[-72.28666,6.40341],[-72.28567,6.40444],[-72.28413,6.40509],[-72.28189,6.40936],[-72.28275,6.41138],[-72.28265,6.41564],[-72.28048,6.41777],[-72.28022,6.41986],[-72.27951,6.42104],[-72.27643,6.42252],[-72.27483,6.42079],[-72.27242,6.41926],[-72.26957,6.41866],[-72.26881,6.41917],[-72.26937,6.42304],[-72.27179,6.42783],[-72.2722,6.43212],[-72.2715,6.43658],[-72.27065,6.43825],[-72.26787,6.44158],[-72.26568,6.44304],[-72.26483,6.44309],[-72.25997,6.44183],[-72.2584,6.43845],[-72.25641,6.43669],[-72.25582,6.43518],[-72.25333,6.43337],[-72.25252,6.43197],[-72.24816,6.42983],[-72.24802,6.42838],[-72.24888,6.42578],[-72.24898,6.4232],[-72.24597,6.42049],[-72.24182,6.42199],[-72.23836,6.42132],[-72.23594,6.42163],[-72.2329,6.42333],[-72.22924,6.42818],[-72.22767,6.42872],[-72.22484,6.43263],[-72.22277,6.43376],[-72.22129,6.4363],[-72.2189,6.43863],[-72.21673,6.44436],[-72.2153,6.44634],[-72.21536,6.44728],[-72.21729,6.4492],[-72.21683,6.45168],[-72.21697,6.45511],[-72.21543,6.4579],[-72.21366,6.45846],[-72.21454,6.46379],[-72.21421,6.46496],[-72.21336,6.46577],[-72.21111,6.46586],[-72.21011,6.46671],[-72.20511,6.46777],[-72.2029,6.4689],[-72.20143,6.46889],[-72.19839,6.46799],[-72.19719,6.46611],[-72.19461,6.46594],[-72.19162,6.46439],[-72.19037,6.46359],[-72.18912,6.46188],[-72.18502,6.4613],[-72.18164,6.45942],[-72.17832,6.46171],[-72.17475,6.46301],[-72.17456,6.46356],[-72.17627,6.46609],[-72.17624,6.47063],[-72.17342,6.47504],[-72.17399,6.47666],[-72.17288,6.48024],[-72.1732,6.48191],[-72.17668,6.48625],[-72.1782,6.48727],[-72.17628,6.48877],[-72.17584,6.49169],[-72.17726,6.49386],[-72.17788,6.49676],[-72.17316,6.50085],[-72.16965,6.5001],[-72.16688,6.50074],[-72.16363,6.50438],[-72.16246,6.50658],[-72.16087,6.50694],[-72.1607,6.50759],[-72.16172,6.50897],[-72.16169,6.50981],[-72.15536,6.512],[-72.15468,6.51301],[-72.15279,6.51361],[-72.15121,6.51557],[-72.1489,6.51333],[-72.14464,6.51339],[-72.13865,6.51422],[-72.13383,6.51706],[-72.1309,6.52059],[-72.1289,6.52494],[-72.12636,6.53324],[-72.12578,6.53731],[-72.12398,6.54007],[-72.12371,6.54987],[-72.12307,6.55274],[-72.1215,6.55623],[-72.12108,6.56118],[-72.11959,6.56685],[-72.11888,6.57353],[-72.11957,6.57492],[-72.11889,6.57801],[-72.11826,6.57932],[-72.11529,6.58264],[-72.11391,6.58793],[-72.11271,6.58926],[-72.11199,6.59163],[-72.11171,6.59719],[-72.11326,6.60239],[-72.11282,6.61212],[-72.11156,6.61345],[-72.10995,6.61395],[-72.10852,6.61826],[-72.10408,6.62286],[-72.10151,6.62721],[-72.10126,6.62865],[-72.09513,6.63375],[-72.09143,6.64596],[-72.09129,6.64847],[-72.09281,6.65328],[-72.09238,6.6564],[-72.09353,6.65712],[-72.09541,6.66318],[-72.09484,6.66637],[-72.09802,6.6734],[-72.09723,6.67749],[-72.0985,6.67996],[-72.09757,6.68165],[-72.09506,6.68399],[-72.09499,6.68636],[-72.09762,6.69084],[-72.09709,6.6927],[-72.09724,6.69557],[-72.09932,6.6969],[-72.09875,6.70009],[-72.09908,6.70296],[-72.09877,6.70727],[-72.09992,6.70931],[-72.09996,6.71103],[-72.09921,6.7153],[-72.10073,6.71928],[-72.10002,6.7237],[-72.09636,6.72656],[-72.09496,6.72965],[-72.09557,6.73275],[-72.09681,6.73452],[-72.09697,6.73813],[-72.09834,6.74075],[-72.09933,6.7454],[-72.10013,6.74647],[-72.10563,6.7485],[-72.10665,6.7473],[-72.10945,6.74583],[-72.11321,6.73945],[-72.12066,6.74153],[-72.12236,6.74293],[-72.12527,6.74385],[-72.12715,6.74563],[-72.12844,6.74737],[-72.13049,6.75188],[-72.135,6.75605],[-72.13685,6.7594],[-72.13985,6.76295]]]}},{"type":"Feature","properties":{"codigo":"15362","municipio":"Iza","provincia":"Sugamuxi","predios_urbanos_igac":663,"predios_rurales_igac":1869,"area_km2":34.22,"area_urbana_ha":78.89,"pct_urbano":2.305,"pct_rural":97.695,"pct_de_boyaca":0.148,"jerarquia_urbana":27,"categoria_urbana":"Centro urbano local","valor_agregado":42.54,"empresas_matriculadas":11,"empresas_renovadas":101,"empresas_canceladas":2,"comfaboy_empresas":17,"comfaboy_empleos":72,"pob_0_6":225,"pob_7_14":232,"pob_15_17":87,"pob_18_26":273,"pob_27_59":881,"pob_60_mas":396,"hombres":1046,"mujeres":1048,"poblacion":2094,"captaciones":5540.75,"colocaciones":156.13,"finagro":856.6,"bancoldex":27.23,"icm_puesto":null,"produccion_agricola_ton":725.7,"bovinos":3380,"icfes":271,"matricula_escolar":318,"establecimientos_educativos":1,"ips":1,"camas":0,"regimen_contributivo":467,"regimen_especial":1,"regimen_subsidiado":1119,"acueductos":1,"riesgo_agua":"Sin riesgo","eventos_riesgo":3,"densidad_hab_km2":61.19,"valor_agregado_por_hab_millones":20.315,"pred_urbanos":663,"pred_vivienda_rural":46,"pred_agropecuarios":1823,"pred_atipicos":0,"ha_urbana_predios":71.81,"ha_vivienda_rural":0.57,"ha_agropecuaria":3350.63},"geometry":{"type":"Polygon","coordinates":[[[-72.96339,5.64901],[-72.96573,5.64707],[-72.96707,5.64411],[-72.96961,5.6464],[-72.97045,5.64551],[-72.97504,5.64402],[-72.97772,5.64042],[-72.97925,5.63987],[-72.98213,5.63971],[-72.98744,5.64166],[-72.98779,5.64259],[-72.98925,5.64386],[-72.99135,5.64208],[-72.99007,5.64092],[-72.99056,5.64043],[-72.99001,5.63996],[-72.99019,5.63792],[-72.99337,5.63403],[-72.99413,5.63514],[-72.99722,5.63698],[-72.99885,5.63558],[-72.99714,5.63368],[-72.99839,5.62961],[-72.99512,5.62849],[-72.99782,5.6201],[-73.00376,5.61238],[-73.00305,5.60952],[-73.0038,5.60509],[-73.0035,5.60347],[-73.00149,5.59913],[-73.00163,5.59802],[-73.00264,5.59771],[-73.0037,5.59487],[-73.00364,5.59284],[-72.99945,5.59131],[-72.99621,5.59101],[-72.99212,5.58961],[-72.98864,5.59031],[-72.98804,5.59155],[-72.98686,5.59231],[-72.98644,5.59519],[-72.97929,5.59436],[-72.97702,5.59329],[-72.97612,5.59377],[-72.9738,5.59301],[-72.97127,5.59284],[-72.96819,5.59518],[-72.96637,5.59592],[-72.96539,5.59486],[-72.96281,5.5941],[-72.96106,5.59368],[-72.95927,5.59397],[-72.95808,5.59471],[-72.95405,5.59931],[-72.95252,5.59924],[-72.95043,5.5984],[-72.94958,5.60227],[-72.94987,5.60356],[-72.94929,5.60748],[-72.9469,5.60928],[-72.94481,5.61201],[-72.9407,5.61218],[-72.93374,5.61367],[-72.93013,5.61495],[-72.92814,5.61473],[-72.92571,5.61268],[-72.92439,5.61667],[-72.92321,5.6182],[-72.92301,5.62016],[-72.92805,5.63032],[-72.93229,5.63118],[-72.93405,5.63046],[-72.9344,5.6294],[-72.93382,5.62865],[-72.93505,5.62866],[-72.93874,5.62726],[-72.94147,5.62755],[-72.94209,5.62843],[-72.94381,5.62903],[-72.94543,5.63144],[-72.94708,5.63194],[-72.94771,5.63297],[-72.94856,5.63301],[-72.95037,5.63449],[-72.95328,5.63591],[-72.95523,5.6362],[-72.95618,5.63583],[-72.95736,5.63675],[-72.96178,5.6429],[-72.96196,5.64718],[-72.96316,5.64792],[-72.96339,5.64901]]]}},{"type":"Feature","properties":{"codigo":"15367","municipio":"Jenesano","provincia":"Márquez","predios_urbanos_igac":827,"predios_rurales_igac":6767,"area_km2":59.09,"area_urbana_ha":56.45,"pct_urbano":0.955,"pct_rural":99.045,"pct_de_boyaca":0.255,"jerarquia_urbana":36,"categoria_urbana":"Centro urbano local","valor_agregado":217.28,"empresas_matriculadas":44,"empresas_renovadas":223,"empresas_canceladas":34,"comfaboy_empresas":47,"comfaboy_empleos":243,"pob_0_6":777,"pob_7_14":963,"pob_15_17":340,"pob_18_26":827,"pob_27_59":3078,"pob_60_mas":1770,"hombres":3819,"mujeres":3936,"poblacion":7755,"captaciones":104512.79,"colocaciones":18733.41,"finagro":5341.3,"bancoldex":0,"icm_puesto":null,"produccion_agricola_ton":23740,"bovinos":6347,"icfes":261,"matricula_escolar":1035,"establecimientos_educativos":1,"ips":9,"camas":0,"regimen_contributivo":585,"regimen_especial":3,"regimen_subsidiado":4985,"acueductos":8,"riesgo_agua":"Bajo","eventos_riesgo":6,"densidad_hab_km2":131.24,"valor_agregado_por_hab_millones":28.018,"pred_urbanos":827,"pred_vivienda_rural":111,"pred_agropecuarios":6656,"pred_atipicos":0,"ha_urbana_predios":49.88,"ha_vivienda_rural":1.86,"ha_agropecuaria":5778.75},"geometry":{"type":"Polygon","coordinates":[[[-73.35214,5.43189],[-73.35504,5.42703],[-73.36157,5.4211],[-73.3646,5.41947],[-73.36527,5.41703],[-73.36741,5.41491],[-73.38431,5.40465],[-73.38498,5.40504],[-73.38596,5.40783],[-73.38642,5.41301],[-73.38835,5.41899],[-73.3895,5.41899],[-73.39051,5.42109],[-73.39253,5.42172],[-73.39661,5.42039],[-73.39699,5.42079],[-73.39833,5.42077],[-73.4041,5.41888],[-73.40654,5.41746],[-73.40709,5.41846],[-73.41096,5.41669],[-73.41228,5.41722],[-73.41589,5.41719],[-73.41898,5.41355],[-73.42289,5.41239],[-73.42634,5.40842],[-73.42168,5.40387],[-73.42135,5.39968],[-73.41961,5.39246],[-73.41986,5.39067],[-73.41786,5.38412],[-73.41514,5.3796],[-73.41801,5.37382],[-73.41885,5.37306],[-73.41848,5.37148],[-73.41162,5.3725],[-73.40756,5.37126],[-73.40659,5.36993],[-73.40651,5.36744],[-73.40506,5.36264],[-73.40073,5.35833],[-73.39641,5.3577],[-73.394,5.35672],[-73.39125,5.35822],[-73.3906,5.35964],[-73.3892,5.35954],[-73.38659,5.35838],[-73.38361,5.3581],[-73.38109,5.35589],[-73.37706,5.34758],[-73.3743,5.34629],[-73.37607,5.34508],[-73.37775,5.3414],[-73.37669,5.34087],[-73.376,5.33969],[-73.37341,5.33837],[-73.37113,5.33776],[-73.36939,5.33785],[-73.36688,5.33659],[-73.36548,5.33655],[-73.36159,5.33494],[-73.36002,5.33375],[-73.35656,5.33261],[-73.3553,5.33095],[-73.35369,5.32607],[-73.35222,5.32419],[-73.35114,5.32359],[-73.35015,5.32166],[-73.34827,5.32053],[-73.34681,5.31739],[-73.34326,5.31689],[-73.34191,5.31572],[-73.34018,5.31602],[-73.33641,5.31449],[-73.33481,5.31838],[-73.33175,5.31903],[-73.33124,5.32112],[-73.33002,5.32104],[-73.32868,5.32246],[-73.32447,5.32526],[-73.32855,5.3311],[-73.33302,5.33592],[-73.33494,5.33648],[-73.33644,5.33584],[-73.33795,5.33707],[-73.33602,5.34052],[-73.33637,5.34378],[-73.33479,5.34682],[-73.33306,5.34852],[-73.33105,5.34898],[-73.33302,5.35069],[-73.33471,5.3499],[-73.33603,5.35005],[-73.3378,5.35236],[-73.33958,5.35366],[-73.34326,5.35495],[-73.34495,5.35504],[-73.3464,5.35648],[-73.34999,5.35845],[-73.35484,5.35899],[-73.35624,5.35992],[-73.35848,5.36048],[-73.35992,5.3619],[-73.3605,5.36182],[-73.36139,5.36273],[-73.36338,5.36343],[-73.36458,5.3634],[-73.366,5.36247],[-73.36544,5.36491],[-73.36385,5.36737],[-73.36325,5.37102],[-73.36406,5.37146],[-73.36425,5.37277],[-73.36506,5.37336],[-73.36474,5.37407],[-73.36507,5.37469],[-73.36451,5.37529],[-73.3645,5.3769],[-73.36319,5.37815],[-73.36304,5.38188],[-73.3612,5.38413],[-73.36161,5.38524],[-73.36054,5.38689],[-73.36043,5.38925],[-73.35817,5.39215],[-73.35749,5.39463],[-73.35572,5.39817],[-73.35444,5.39931],[-73.35448,5.40083],[-73.35353,5.402],[-73.35404,5.40245],[-73.35416,5.40375],[-73.35284,5.40416],[-73.35287,5.40517],[-73.35173,5.40605],[-73.3512,5.40784],[-73.34933,5.40959],[-73.34751,5.41442],[-73.34748,5.4173],[-73.34821,5.41834],[-73.34852,5.42385],[-73.34975,5.42791],[-73.35214,5.43189]]]}},{"type":"Feature","properties":{"codigo":"15368","municipio":"Jericó","provincia":"Valderrama","predios_urbanos_igac":304,"predios_rurales_igac":5001,"area_km2":131.67,"area_urbana_ha":19.03,"pct_urbano":0.145,"pct_rural":99.855,"pct_de_boyaca":0.569,"jerarquia_urbana":100,"categoria_urbana":"Núcleo urbano básico","valor_agregado":91.3,"empresas_matriculadas":20,"empresas_renovadas":101,"empresas_canceladas":8,"comfaboy_empresas":21,"comfaboy_empleos":218,"pob_0_6":471,"pob_7_14":520,"pob_15_17":177,"pob_18_26":541,"pob_27_59":1613,"pob_60_mas":846,"hombres":2178,"mujeres":1990,"poblacion":4168,"captaciones":691.55,"colocaciones":4.25,"finagro":3749.32,"bancoldex":104.97,"icm_puesto":null,"produccion_agricola_ton":9312.74,"bovinos":3742,"icfes":230,"matricula_escolar":703,"establecimientos_educativos":1,"ips":1,"camas":0,"regimen_contributivo":622,"regimen_especial":13,"regimen_subsidiado":2828,"acueductos":3,"riesgo_agua":"Alto","eventos_riesgo":2,"densidad_hab_km2":31.65,"valor_agregado_por_hab_millones":21.905,"pred_urbanos":304,"pred_vivienda_rural":24,"pred_agropecuarios":4977,"pred_atipicos":0,"ha_urbana_predios":16.93,"ha_vivienda_rural":0.5,"ha_agropecuaria":12988.34},"geometry":{"type":"Polygon","coordinates":[[[-72.61785,6.20679],[-72.61974,6.2066],[-72.62297,6.20475],[-72.62622,6.20515],[-72.63011,6.20366],[-72.63308,6.20449],[-72.63201,6.20004],[-72.63415,6.19741],[-72.63392,6.19476],[-72.63303,6.1932],[-72.63331,6.19196],[-72.63517,6.18896],[-72.63481,6.18615],[-72.63577,6.18123],[-72.63515,6.17965],[-72.63813,6.17674],[-72.63806,6.17344],[-72.63861,6.17065],[-72.644,6.16698],[-72.6422,6.16297],[-72.64511,6.15923],[-72.64532,6.15578],[-72.64865,6.14996],[-72.64851,6.14325],[-72.65008,6.14095],[-72.65003,6.13897],[-72.65146,6.13389],[-72.65322,6.13156],[-72.65378,6.12456],[-72.65442,6.12284],[-72.65439,6.1196],[-72.65618,6.11652],[-72.65179,6.11547],[-72.64876,6.11534],[-72.6394,6.1122],[-72.63827,6.11092],[-72.63712,6.10778],[-72.63267,6.10845],[-72.62949,6.11032],[-72.62749,6.11048],[-72.62572,6.10924],[-72.6249,6.10731],[-72.62111,6.10418],[-72.61779,6.10246],[-72.61625,6.10244],[-72.61304,6.10342],[-72.6068,6.10278],[-72.60497,6.10437],[-72.6016,6.10957],[-72.59759,6.11107],[-72.59377,6.10902],[-72.59098,6.10812],[-72.59134,6.10947],[-72.58878,6.11158],[-72.58674,6.11233],[-72.58606,6.11203],[-72.58528,6.11288],[-72.58167,6.11448],[-72.58033,6.11686],[-72.57765,6.11738],[-72.5756,6.11864],[-72.57389,6.1186],[-72.57253,6.11917],[-72.57051,6.11822],[-72.56926,6.11815],[-72.56574,6.11889],[-72.56336,6.11617],[-72.56351,6.11333],[-72.56217,6.1114],[-72.56375,6.10487],[-72.56015,6.09608],[-72.56025,6.09359],[-72.56116,6.09044],[-72.56069,6.08845],[-72.55968,6.08697],[-72.55735,6.08524],[-72.55659,6.08286],[-72.55404,6.08481],[-72.55172,6.0846],[-72.54601,6.07804],[-72.54485,6.07499],[-72.54299,6.07256],[-72.54231,6.06984],[-72.54029,6.07143],[-72.54031,6.07279],[-72.53875,6.07699],[-72.53656,6.0776],[-72.53531,6.07888],[-72.5346,6.08127],[-72.53216,6.08565],[-72.53227,6.08705],[-72.5313,6.08818],[-72.53146,6.0889],[-72.53083,6.08892],[-72.53047,6.08986],[-72.53093,6.09105],[-72.52982,6.09334],[-72.53025,6.09587],[-72.53013,6.10119],[-72.52879,6.10413],[-72.52918,6.10644],[-72.53062,6.10913],[-72.53093,6.1114],[-72.52972,6.11311],[-72.52971,6.11494],[-72.52868,6.11646],[-72.52891,6.11805],[-72.52799,6.12247],[-72.52393,6.12444],[-72.52039,6.1245],[-72.51846,6.12532],[-72.51668,6.12663],[-72.51576,6.12911],[-72.51428,6.13046],[-72.51432,6.13339],[-72.51655,6.13916],[-72.51583,6.14185],[-72.51633,6.1459],[-72.51607,6.14824],[-72.51691,6.14994],[-72.5186,6.14973],[-72.52303,6.15241],[-72.52392,6.15598],[-72.52565,6.15759],[-72.52725,6.16178],[-72.52916,6.16334],[-72.53007,6.16543],[-72.53341,6.16517],[-72.53583,6.16619],[-72.53757,6.16605],[-72.54281,6.16842],[-72.54842,6.17227],[-72.55219,6.1768],[-72.55498,6.17837],[-72.55496,6.18084],[-72.55563,6.18333],[-72.55747,6.18577],[-72.55888,6.18672],[-72.55968,6.18851],[-72.56086,6.18813],[-72.56235,6.18872],[-72.5644,6.18799],[-72.56706,6.18981],[-72.57204,6.19161],[-72.57317,6.19276],[-72.57591,6.19334],[-72.57729,6.19438],[-72.57824,6.19449],[-72.57878,6.19534],[-72.58118,6.19604],[-72.58175,6.19713],[-72.58563,6.19849],[-72.58753,6.20019],[-72.59132,6.20027],[-72.59354,6.20274],[-72.59655,6.20453],[-72.59769,6.20386],[-72.5977,6.20287],[-72.60011,6.20202],[-72.60156,6.20245],[-72.60225,6.20186],[-72.60557,6.20098],[-72.60689,6.20215],[-72.60836,6.20194],[-72.60941,6.20235],[-72.61097,6.20373],[-72.6151,6.20442],[-72.61569,6.20633],[-72.61785,6.20679]]]}},{"type":"Feature","properties":{"codigo":"15377","municipio":"Labranzagrande","provincia":"La Libertad","predios_urbanos_igac":503,"predios_rurales_igac":2845,"area_km2":580.84,"area_urbana_ha":25.83,"pct_urbano":0.044,"pct_rural":99.956,"pct_de_boyaca":2.511,"jerarquia_urbana":83,"categoria_urbana":"Núcleo urbano básico","valor_agregado":59.81,"empresas_matriculadas":6,"empresas_renovadas":72,"empresas_canceladas":0,"comfaboy_empresas":8,"comfaboy_empleos":34,"pob_0_6":353,"pob_7_14":332,"pob_15_17":132,"pob_18_26":456,"pob_27_59":1573,"pob_60_mas":884,"hombres":2026,"mujeres":1704,"poblacion":3730,"captaciones":8037.37,"colocaciones":17445.41,"finagro":3991.62,"bancoldex":null,"icm_puesto":null,"produccion_agricola_ton":7706.65,"bovinos":17956,"icfes":255,"matricula_escolar":499,"establecimientos_educativos":1,"ips":1,"camas":6,"regimen_contributivo":415,"regimen_especial":26,"regimen_subsidiado":2412,"acueductos":3,"riesgo_agua":"Alto","eventos_riesgo":6,"densidad_hab_km2":6.42,"valor_agregado_por_hab_millones":16.035,"pred_urbanos":503,"pred_vivienda_rural":0,"pred_agropecuarios":2845,"pred_atipicos":0,"ha_urbana_predios":21.56,"ha_vivienda_rural":0.0,"ha_agropecuaria":57485.6},"geometry":{"type":"Polygon","coordinates":[[[-72.51454,5.60862],[-72.51927,5.60994],[-72.52318,5.61226],[-72.52789,5.61556],[-72.53027,5.61834],[-72.53266,5.61876],[-72.53373,5.61968],[-72.53841,5.62035],[-72.54547,5.62394],[-72.54611,5.628],[-72.54489,5.63262],[-72.54458,5.63602],[-72.54487,5.63722],[-72.5472,5.63831],[-72.54751,5.64198],[-72.54958,5.64499],[-72.54975,5.64721],[-72.54924,5.64895],[-72.54993,5.64982],[-72.55056,5.65549],[-72.54951,5.65851],[-72.54773,5.66012],[-72.54566,5.66368],[-72.54281,5.66663],[-72.54227,5.66771],[-72.54223,5.671],[-72.5398,5.6753],[-72.53949,5.67669],[-72.54111,5.67782],[-72.54513,5.67932],[-72.5461,5.68137],[-72.54984,5.68319],[-72.55249,5.68525],[-72.55455,5.68844],[-72.55503,5.69244],[-72.55639,5.6935],[-72.5591,5.69379],[-72.55945,5.69465],[-72.56274,5.69614],[-72.56351,5.69826],[-72.56394,5.70205],[-72.5653,5.70323],[-72.56827,5.70852],[-72.57026,5.70935],[-72.57122,5.70294],[-72.57266,5.6997],[-72.57271,5.69605],[-72.57432,5.69274],[-72.57295,5.68898],[-72.57394,5.68634],[-72.57559,5.68431],[-72.5779,5.68283],[-72.57901,5.68113],[-72.5804,5.68023],[-72.58092,5.67684],[-72.58306,5.67197],[-72.58354,5.66893],[-72.58471,5.66584],[-72.58314,5.6635],[-72.58401,5.66077],[-72.58618,5.65875],[-72.58827,5.6586],[-72.58914,5.65806],[-72.58918,5.65509],[-72.59432,5.64972],[-72.59828,5.64814],[-72.59788,5.64696],[-72.59826,5.64356],[-72.59694,5.64343],[-72.59517,5.64067],[-72.59686,5.63856],[-72.59732,5.6355],[-72.59909,5.63401],[-72.59872,5.63282],[-72.59922,5.62778],[-72.60194,5.62642],[-72.59994,5.62238],[-72.60133,5.62079],[-72.60264,5.62012],[-72.60519,5.62041],[-72.6048,5.62165],[-72.60392,5.62186],[-72.60304,5.62493],[-72.60401,5.6262],[-72.60425,5.62854],[-72.60536,5.6294],[-72.60563,5.63024],[-72.60731,5.63081],[-72.60882,5.63027],[-72.61131,5.63113],[-72.61313,5.62981],[-72.61585,5.62935],[-72.6171,5.62963],[-72.61799,5.62914],[-72.61953,5.62969],[-72.62215,5.6291],[-72.62374,5.62964],[-72.62417,5.62907],[-72.62621,5.62947],[-72.62715,5.63025],[-72.62983,5.63062],[-72.63001,5.63261],[-72.62927,5.63365],[-72.62893,5.63589],[-72.63395,5.63995],[-72.63441,5.64219],[-72.63576,5.64387],[-72.63539,5.6453],[-72.63812,5.6463],[-72.63965,5.64836],[-72.64241,5.64986],[-72.64368,5.65127],[-72.64402,5.65263],[-72.64667,5.65409],[-72.64958,5.65736],[-72.65491,5.65976],[-72.65827,5.66218],[-72.65943,5.66372],[-72.66052,5.6668],[-72.67326,5.66824],[-72.67596,5.6721],[-72.67958,5.67343],[-72.68514,5.67304],[-72.6892,5.67367],[-72.6955,5.67342],[-72.697,5.67413],[-72.69818,5.67605],[-72.69916,5.67656],[-72.69814,5.66693],[-72.69568,5.66296],[-72.6971,5.65683],[-72.69821,5.65557],[-72.69943,5.65106],[-72.69825,5.64737],[-72.69865,5.64585],[-72.69822,5.64475],[-72.6994,5.64332],[-72.69876,5.64243],[-72.69871,5.64123],[-72.69952,5.6408],[-72.70065,5.63827],[-72.70257,5.63698],[-72.70557,5.63324],[-72.70971,5.62968],[-72.71009,5.62556],[-72.7133,5.62498],[-72.71203,5.61938],[-72.70982,5.61791],[-72.70866,5.61628],[-72.70811,5.61624],[-72.71019,5.61432],[-72.71291,5.60937],[-72.71984,5.60561],[-72.7237,5.60068],[-72.7261,5.5989],[-72.72777,5.59691],[-72.7306,5.59314],[-72.72966,5.59186],[-72.73147,5.58503],[-72.73352,5.58129],[-72.73862,5.57449],[-72.74111,5.5727],[-72.74206,5.57115],[-72.74438,5.57048],[-72.74481,5.56985],[-72.74483,5.56887],[-72.74386,5.56706],[-72.745,5.56474],[-72.73811,5.56222],[-72.72528,5.55853],[-72.72063,5.55831],[-72.71823,5.55762],[-72.71647,5.5582],[-72.71483,5.55761],[-72.71207,5.55923],[-72.70657,5.5603],[-72.70423,5.55903],[-72.70291,5.55883],[-72.69914,5.55646],[-72.69298,5.55762],[-72.69165,5.5596],[-72.68953,5.55967],[-72.68724,5.55513],[-72.68396,5.54622],[-72.68235,5.54414],[-72.67687,5.54251],[-72.6712,5.53886],[-72.66894,5.53653],[-72.66253,5.53878],[-72.65852,5.52952],[-72.65603,5.52068],[-72.65628,5.51175],[-72.65535,5.50738],[-72.65633,5.50075],[-72.65821,5.4996],[-72.65992,5.49961],[-72.66453,5.49756],[-72.67179,5.49543],[-72.68014,5.49402],[-72.68216,5.49224],[-72.6827,5.49069],[-72.67946,5.48114],[-72.67827,5.4789],[-72.67359,5.47283],[-72.67172,5.46887],[-72.66942,5.46606],[-72.66678,5.46002],[-72.65909,5.45271],[-72.65243,5.44931],[-72.66709,5.43596],[-72.65983,5.43344],[-72.65582,5.43275],[-72.65364,5.43172],[-72.64795,5.42769],[-72.64317,5.42541],[-72.63771,5.42426],[-72.63344,5.4227],[-72.62981,5.4233],[-72.6277,5.422],[-72.62168,5.42138],[-72.61916,5.42327],[-72.61828,5.42526],[-72.61664,5.4267],[-72.61017,5.42988],[-72.60733,5.42965],[-72.60609,5.42841],[-72.60357,5.42781],[-72.60191,5.42653],[-72.59875,5.42782],[-72.59751,5.42759],[-72.59589,5.42615],[-72.59488,5.42617],[-72.59479,5.42539],[-72.59345,5.42495],[-72.59289,5.42399],[-72.59121,5.42381],[-72.59086,5.42344],[-72.59124,5.42199],[-72.59049,5.42095],[-72.59112,5.41978],[-72.59011,5.41849],[-72.5919,5.41666],[-72.59367,5.4164],[-72.59406,5.41595],[-72.59478,5.414],[-72.59415,5.4131],[-72.59448,5.41205],[-72.59392,5.40953],[-72.59535,5.40743],[-72.59529,5.4052],[-72.59749,5.40408],[-72.59733,5.4001],[-72.59819,5.40063],[-72.59991,5.39936],[-72.59971,5.39795],[-72.59871,5.3967],[-72.59842,5.39532],[-72.59676,5.39348],[-72.59429,5.3921],[-72.59394,5.39001],[-72.59438,5.38849],[-72.59283,5.38603],[-72.59217,5.38553],[-72.59036,5.38566],[-72.58904,5.38304],[-72.58662,5.38367],[-72.58398,5.38199],[-72.58016,5.38411],[-72.57667,5.38753],[-72.57189,5.39026],[-72.57163,5.39231],[-72.57105,5.39326],[-72.56943,5.3931],[-72.56539,5.39687],[-72.5628,5.39787],[-72.55744,5.40318],[-72.55355,5.4053],[-72.54954,5.40607],[-72.54647,5.40765],[-72.54349,5.41067],[-72.53871,5.41414],[-72.53691,5.41441],[-72.53579,5.4162],[-72.5343,5.42041],[-72.53216,5.42252],[-72.52887,5.4275],[-72.51662,5.43584],[-72.51234,5.43653],[-72.50857,5.43757],[-72.50789,5.43817],[-72.50196,5.44491],[-72.50151,5.44763],[-72.49799,5.45349],[-72.49741,5.45615],[-72.49479,5.46031],[-72.49415,5.46195],[-72.49415,5.46379],[-72.49205,5.46825],[-72.49203,5.47098],[-72.49092,5.47427],[-72.48986,5.48183],[-72.48696,5.48417],[-72.48631,5.48533],[-72.48517,5.48554],[-72.48145,5.48808],[-72.47679,5.49291],[-72.47462,5.49311],[-72.47261,5.49522],[-72.47065,5.49573],[-72.4681,5.50018],[-72.46465,5.50268],[-72.46006,5.50882],[-72.45621,5.51049],[-72.45544,5.51222],[-72.45348,5.51386],[-72.44902,5.51618],[-72.44739,5.51637],[-72.44394,5.51883],[-72.44216,5.51956],[-72.44224,5.52003],[-72.44444,5.52067],[-72.44459,5.52335],[-72.44508,5.5244],[-72.44579,5.52535],[-72.44717,5.52606],[-72.44835,5.52853],[-72.45022,5.52992],[-72.45131,5.5333],[-72.45571,5.53895],[-72.45722,5.53977],[-72.46,5.54029],[-72.46312,5.54298],[-72.46305,5.546],[-72.46391,5.54754],[-72.46381,5.54912],[-72.46134,5.55287],[-72.45853,5.55527],[-72.45751,5.55748],[-72.45856,5.56185],[-72.45919,5.5628],[-72.46271,5.56584],[-72.47085,5.56681],[-72.47308,5.56808],[-72.47688,5.56798],[-72.47756,5.56843],[-72.47852,5.57048],[-72.48103,5.57246],[-72.48447,5.57313],[-72.4897,5.57604],[-72.4919,5.57959],[-72.49292,5.58401],[-72.49912,5.58947],[-72.50066,5.59267],[-72.50513,5.59454],[-72.50784,5.5923],[-72.51022,5.59175],[-72.5121,5.59368],[-72.51644,5.59574],[-72.51792,5.59848],[-72.51812,5.60093],[-72.51598,5.60628],[-72.51454,5.60862]]]}},{"type":"Feature","properties":{"codigo":"15380","municipio":"La Capilla","provincia":"Oriente","predios_urbanos_igac":605,"predios_rurales_igac":4376,"area_km2":56.93,"area_urbana_ha":27.9,"pct_urbano":0.49,"pct_rural":99.51,"pct_de_boyaca":0.246,"jerarquia_urbana":77,"categoria_urbana":"Núcleo urbano básico","valor_agregado":82.78,"empresas_matriculadas":15,"empresas_renovadas":77,"empresas_canceladas":15,"comfaboy_empresas":8,"comfaboy_empleos":56,"pob_0_6":220,"pob_7_14":299,"pob_15_17":105,"pob_18_26":263,"pob_27_59":1064,"pob_60_mas":900,"hombres":1453,"mujeres":1398,"poblacion":2851,"captaciones":34.46,"colocaciones":136.99,"finagro":2944.63,"bancoldex":43.27,"icm_puesto":null,"produccion_agricola_ton":4977.14,"bovinos":4271,"icfes":252,"matricula_escolar":337,"establecimientos_educativos":1,"ips":1,"camas":0,"regimen_contributivo":168,"regimen_especial":3,"regimen_subsidiado":1701,"acueductos":4,"riesgo_agua":"Alto","eventos_riesgo":2,"densidad_hab_km2":50.08,"valor_agregado_por_hab_millones":29.035,"pred_urbanos":605,"pred_vivienda_rural":51,"pred_agropecuarios":4325,"pred_atipicos":0,"ha_urbana_predios":23.49,"ha_vivienda_rural":0.86,"ha_agropecuaria":5689.06},"geometry":{"type":"Polygon","coordinates":[[[-73.43693,5.15913],[-73.44154,5.15763],[-73.44622,5.15828],[-73.44869,5.1579],[-73.45376,5.15604],[-73.45693,5.15403],[-73.45966,5.15341],[-73.46209,5.15222],[-73.46692,5.15321],[-73.47078,5.15106],[-73.47501,5.14955],[-73.47887,5.14696],[-73.4819,5.14556],[-73.48476,5.14287],[-73.48846,5.13751],[-73.48792,5.13506],[-73.48882,5.13122],[-73.49171,5.12893],[-73.49119,5.12628],[-73.491,5.12044],[-73.4919,5.11635],[-73.49188,5.1132],[-73.49358,5.1101],[-73.49454,5.10635],[-73.49062,5.09924],[-73.4894,5.09506],[-73.48963,5.09297],[-73.48919,5.09237],[-73.4885,5.09258],[-73.48424,5.08902],[-73.48353,5.08598],[-73.48179,5.08459],[-73.48223,5.08316],[-73.48197,5.08145],[-73.48235,5.08097],[-73.48207,5.07836],[-73.48157,5.07791],[-73.4818,5.07497],[-73.48122,5.07445],[-73.48137,5.07008],[-73.48055,5.06813],[-73.48044,5.06503],[-73.4798,5.06341],[-73.48012,5.06246],[-73.47964,5.06165],[-73.47799,5.06428],[-73.47708,5.0644],[-73.47484,5.06598],[-73.47174,5.06608],[-73.4691,5.06797],[-73.46524,5.06987],[-73.46382,5.06975],[-73.46109,5.07084],[-73.45733,5.0712],[-73.45573,5.07088],[-73.45342,5.07142],[-73.44766,5.07552],[-73.44582,5.08046],[-73.4447,5.08133],[-73.44247,5.08179],[-73.44258,5.08333],[-73.43979,5.08625],[-73.43803,5.08662],[-73.4361,5.08783],[-73.43414,5.08788],[-73.43285,5.08732],[-73.43322,5.08857],[-73.43183,5.09133],[-73.43161,5.09407],[-73.42959,5.09649],[-73.42968,5.09762],[-73.42772,5.1001],[-73.42773,5.10129],[-73.42656,5.10191],[-73.42725,5.10269],[-73.42722,5.10349],[-73.42506,5.10435],[-73.42317,5.10707],[-73.42281,5.11233],[-73.42359,5.11362],[-73.42412,5.11565],[-73.42389,5.11656],[-73.42452,5.11744],[-73.42291,5.11854],[-73.41973,5.12191],[-73.42074,5.12366],[-73.42429,5.12677],[-73.42639,5.13084],[-73.43156,5.13594],[-73.43382,5.14051],[-73.43569,5.14271],[-73.43604,5.14475],[-73.43921,5.14917],[-73.43983,5.15215],[-73.43956,5.15541],[-73.43896,5.15704],[-73.43693,5.15913]]]}},{"type":"Feature","properties":{"codigo":"15401","municipio":"La Victoria","provincia":"Occidente","predios_urbanos_igac":168,"predios_rurales_igac":0,"area_km2":28.04,"area_urbana_ha":6.57,"pct_urbano":0.234,"pct_rural":99.766,"pct_de_boyaca":0.121,"jerarquia_urbana":122,"categoria_urbana":"Núcleo urbano básico","valor_agregado":21.63,"empresas_matriculadas":3,"empresas_renovadas":18,"empresas_canceladas":2,"comfaboy_empresas":5,"comfaboy_empleos":17,"pob_0_6":91,"pob_7_14":122,"pob_15_17":59,"pob_18_26":138,"pob_27_59":534,"pob_60_mas":253,"hombres":620,"mujeres":577,"poblacion":1197,"captaciones":465.73,"colocaciones":8.97,"finagro":452.29,"bancoldex":0,"icm_puesto":null,"produccion_agricola_ton":1525.52,"bovinos":2400,"icfes":239,"matricula_escolar":159,"establecimientos_educativos":1,"ips":1,"camas":0,"regimen_contributivo":83,"regimen_especial":12,"regimen_subsidiado":831,"acueductos":2,"riesgo_agua":"Bajo","eventos_riesgo":1,"densidad_hab_km2":42.69,"valor_agregado_por_hab_millones":18.07,"pred_urbanos":168,"pred_vivienda_rural":0,"pred_agropecuarios":0,"pred_atipicos":0,"ha_urbana_predios":5.77,"ha_vivienda_rural":0.0,"ha_agropecuaria":0.0},"geometry":{"type":"Polygon","coordinates":[[[-74.21234,5.55518],[-74.21288,5.55528],[-74.21488,5.55257],[-74.21935,5.54534],[-74.22759,5.5445],[-74.23116,5.54205],[-74.23666,5.53921],[-74.23776,5.53876],[-74.24029,5.5392],[-74.24284,5.53446],[-74.24597,5.5322],[-74.24763,5.52424],[-74.24697,5.52316],[-74.24566,5.5225],[-74.24721,5.51922],[-74.24778,5.5141],[-74.24922,5.51234],[-74.24953,5.50887],[-74.25005,5.5076],[-74.25129,5.507],[-74.25076,5.50437],[-74.251,5.50215],[-74.25642,5.49984],[-74.25447,5.49794],[-74.2543,5.49461],[-74.25289,5.49307],[-74.25408,5.48913],[-74.25387,5.48762],[-74.25252,5.48658],[-74.24992,5.48256],[-74.24696,5.48073],[-74.24452,5.4763],[-74.24025,5.47842],[-74.23849,5.47876],[-74.23598,5.4785],[-74.23251,5.48022],[-74.22971,5.4853],[-74.22585,5.49037],[-74.22296,5.49216],[-74.22121,5.49479],[-74.21542,5.49769],[-74.21655,5.5017],[-74.21714,5.5021],[-74.21841,5.50475],[-74.22133,5.50803],[-74.22087,5.50945],[-74.22406,5.51585],[-74.22381,5.5173],[-74.22278,5.51834],[-74.2205,5.51806],[-74.221,5.51895],[-74.2207,5.51997],[-74.21907,5.5193],[-74.21847,5.52082],[-74.21718,5.52075],[-74.2176,5.52169],[-74.21679,5.52265],[-74.21597,5.52206],[-74.21501,5.52236],[-74.2149,5.52193],[-74.21349,5.52216],[-74.21172,5.52331],[-74.20879,5.52197],[-74.20808,5.52295],[-74.20696,5.52251],[-74.2041,5.52271],[-74.20247,5.52023],[-74.20004,5.51965],[-74.19921,5.51845],[-74.19829,5.51888],[-74.19725,5.5185],[-74.20004,5.52739],[-74.20171,5.52902],[-74.19892,5.53418],[-74.19867,5.5361],[-74.20024,5.5365],[-74.20189,5.53847],[-74.20544,5.5407],[-74.20651,5.54317],[-74.20631,5.54566],[-74.20522,5.54738],[-74.20242,5.54876],[-74.20171,5.54963],[-74.20128,5.54907],[-74.20133,5.54709],[-74.2005,5.54615],[-74.19968,5.54587],[-74.19762,5.54649],[-74.19779,5.55112],[-74.19844,5.55271],[-74.19925,5.55311],[-74.2026,5.55307],[-74.20403,5.55378],[-74.20541,5.5538],[-74.20656,5.55309],[-74.20967,5.55334],[-74.2114,5.55408],[-74.21234,5.55518]]]}},{"type":"Feature","properties":{"codigo":"15403","municipio":"La Uvita","provincia":"Norte","predios_urbanos_igac":562,"predios_rurales_igac":3385,"area_km2":161.39,"area_urbana_ha":43.24,"pct_urbano":0.268,"pct_rural":99.732,"pct_de_boyaca":0.698,"jerarquia_urbana":46,"categoria_urbana":"Centro urbano local","valor_agregado":77.84,"empresas_matriculadas":20,"empresas_renovadas":124,"empresas_canceladas":8,"comfaboy_empresas":17,"comfaboy_empleos":159,"pob_0_6":275,"pob_7_14":319,"pob_15_17":129,"pob_18_26":377,"pob_27_59":1200,"pob_60_mas":920,"hombres":1659,"mujeres":1561,"poblacion":3220,"captaciones":14888.29,"colocaciones":9565.24,"finagro":3739.67,"bancoldex":33.07,"icm_puesto":null,"produccion_agricola_ton":1067.48,"bovinos":12085,"icfes":249,"matricula_escolar":428,"establecimientos_educativos":2,"ips":4,"camas":0,"regimen_contributivo":285,"regimen_especial":17,"regimen_subsidiado":1550,"acueductos":4,"riesgo_agua":"Alto","eventos_riesgo":2,"densidad_hab_km2":19.95,"valor_agregado_por_hab_millones":24.174,"pred_urbanos":562,"pred_vivienda_rural":20,"pred_agropecuarios":3365,"pred_atipicos":0,"ha_urbana_predios":37.23,"ha_vivienda_rural":0.35,"ha_agropecuaria":15834.6},"geometry":{"type":"Polygon","coordinates":[[[-72.53994,6.35309],[-72.54168,6.35222],[-72.54448,6.35238],[-72.54756,6.35111],[-72.5525,6.3513],[-72.55606,6.35061],[-72.55887,6.3507],[-72.56141,6.349],[-72.56351,6.34508],[-72.56489,6.34367],[-72.56572,6.34498],[-72.56664,6.34935],[-72.56927,6.35001],[-72.56985,6.35075],[-72.57217,6.35015],[-72.57576,6.35062],[-72.57656,6.34749],[-72.57547,6.34407],[-72.57446,6.34216],[-72.57375,6.3427],[-72.57261,6.339],[-72.57017,6.338],[-72.56905,6.33704],[-72.56893,6.33561],[-72.56664,6.33063],[-72.56692,6.32896],[-72.56661,6.32876],[-72.56607,6.32984],[-72.56479,6.3295],[-72.56495,6.32788],[-72.56434,6.32688],[-72.56459,6.32523],[-72.5658,6.32418],[-72.56669,6.32078],[-72.56997,6.31626],[-72.56991,6.31472],[-72.57054,6.31418],[-72.57002,6.31315],[-72.57089,6.30993],[-72.57366,6.30914],[-72.57549,6.31027],[-72.57817,6.31027],[-72.57922,6.30968],[-72.58036,6.30769],[-72.58113,6.30756],[-72.58262,6.3076],[-72.58591,6.30971],[-72.58636,6.30747],[-72.58752,6.30581],[-72.58774,6.30407],[-72.58719,6.30109],[-72.588,6.2992],[-72.58586,6.3001],[-72.58333,6.30004],[-72.58312,6.29958],[-72.58299,6.29818],[-72.58412,6.29613],[-72.58419,6.29484],[-72.58456,6.29479],[-72.58457,6.29351],[-72.58389,6.2932],[-72.58396,6.29278],[-72.5854,6.29148],[-72.58386,6.28826],[-72.5828,6.28763],[-72.58275,6.28511],[-72.58428,6.28251],[-72.58107,6.28191],[-72.58126,6.28065],[-72.5807,6.27947],[-72.57968,6.27881],[-72.57989,6.27832],[-72.58212,6.27437],[-72.58303,6.2741],[-72.58736,6.26615],[-72.59063,6.26456],[-72.59239,6.2689],[-72.59826,6.27292],[-72.60217,6.27881],[-72.60267,6.2762],[-72.6021,6.27394],[-72.6024,6.27146],[-72.60467,6.26702],[-72.60487,6.26563],[-72.60572,6.26476],[-72.60518,6.26349],[-72.60744,6.26022],[-72.60815,6.25504],[-72.60943,6.2515],[-72.61116,6.24896],[-72.61071,6.24724],[-72.61417,6.24199],[-72.61645,6.23519],[-72.61818,6.23326],[-72.61849,6.23011],[-72.6178,6.22816],[-72.61857,6.22642],[-72.61932,6.22546],[-72.6215,6.22437],[-72.62333,6.22389],[-72.62455,6.22426],[-72.62707,6.22279],[-72.62924,6.22305],[-72.63146,6.22212],[-72.63229,6.22084],[-72.63431,6.22086],[-72.63558,6.21992],[-72.63466,6.21586],[-72.63594,6.21294],[-72.63552,6.20907],[-72.63308,6.20449],[-72.63011,6.20366],[-72.62622,6.20515],[-72.62297,6.20475],[-72.61974,6.2066],[-72.61785,6.20679],[-72.61569,6.20633],[-72.6151,6.20442],[-72.61114,6.20379],[-72.60941,6.20235],[-72.60836,6.20194],[-72.60689,6.20215],[-72.60599,6.20112],[-72.60517,6.20098],[-72.60156,6.20245],[-72.60011,6.20202],[-72.5977,6.20287],[-72.59769,6.20386],[-72.59655,6.20453],[-72.59354,6.20274],[-72.59132,6.20027],[-72.58753,6.20019],[-72.58563,6.19849],[-72.58175,6.19713],[-72.58118,6.19604],[-72.57878,6.19534],[-72.57824,6.19449],[-72.57729,6.19438],[-72.57591,6.19334],[-72.57317,6.19276],[-72.57204,6.19161],[-72.56706,6.18981],[-72.5644,6.18799],[-72.56235,6.18872],[-72.56086,6.18813],[-72.55968,6.18851],[-72.55888,6.18672],[-72.55747,6.18577],[-72.55563,6.18333],[-72.55496,6.18084],[-72.55498,6.17837],[-72.55253,6.17699],[-72.55096,6.17944],[-72.55103,6.18075],[-72.54918,6.18285],[-72.54874,6.18516],[-72.54663,6.18834],[-72.54522,6.1922],[-72.54397,6.19311],[-72.54306,6.1952],[-72.54203,6.19614],[-72.54117,6.19941],[-72.53806,6.2021],[-72.53709,6.20403],[-72.53471,6.20547],[-72.53212,6.20941],[-72.53097,6.21037],[-72.53092,6.2122],[-72.5293,6.21593],[-72.52902,6.219],[-72.52548,6.227],[-72.52391,6.22866],[-72.52128,6.22883],[-72.51951,6.23069],[-72.51915,6.23401],[-72.51992,6.23561],[-72.51619,6.23774],[-72.51647,6.2406],[-72.51612,6.24147],[-72.51299,6.24426],[-72.51074,6.24821],[-72.50958,6.24825],[-72.50788,6.24952],[-72.50491,6.2507],[-72.50308,6.2524],[-72.50152,6.25265],[-72.49946,6.25219],[-72.49868,6.25272],[-72.49824,6.25433],[-72.49915,6.26149],[-72.49702,6.26368],[-72.49661,6.26535],[-72.49743,6.26843],[-72.49721,6.27153],[-72.49802,6.27265],[-72.4967,6.27557],[-72.49642,6.27878],[-72.49538,6.28108],[-72.49552,6.28264],[-72.49674,6.28457],[-72.49599,6.28702],[-72.49896,6.293],[-72.49849,6.29676],[-72.50045,6.30064],[-72.50068,6.30574],[-72.50422,6.30887],[-72.51054,6.31119],[-72.51125,6.31205],[-72.50957,6.31546],[-72.5096,6.31761],[-72.51046,6.32037],[-72.51176,6.32163],[-72.51099,6.32515],[-72.51276,6.32915],[-72.51249,6.32998],[-72.51051,6.33174],[-72.51048,6.33245],[-72.51261,6.33459],[-72.51375,6.33651],[-72.51628,6.34657],[-72.5174,6.3488],[-72.51775,6.34925],[-72.52032,6.34957],[-72.52243,6.35064],[-72.52476,6.35067],[-72.52805,6.3496],[-72.53194,6.34992],[-72.53346,6.35134],[-72.53582,6.35145],[-72.53994,6.35309]]]}},{"type":"Feature","properties":{"codigo":"15407","municipio":"Villa De Leyva","provincia":"Ricaurte","predios_urbanos_igac":2665,"predios_rurales_igac":5959,"area_km2":126.53,"area_urbana_ha":186.73,"pct_urbano":1.476,"pct_rural":98.524,"pct_de_boyaca":0.547,"jerarquia_urbana":10,"categoria_urbana":"Centro urbano menor","valor_agregado":810.18,"empresas_matriculadas":338,"empresas_renovadas":1490,"empresas_canceladas":321,"comfaboy_empresas":598,"comfaboy_empleos":2206,"pob_0_6":1646,"pob_7_14":1943,"pob_15_17":761,"pob_18_26":2503,"pob_27_59":7741,"pob_60_mas":3033,"hombres":8623,"mujeres":9004,"poblacion":17627,"captaciones":48108.22,"colocaciones":118320.5,"finagro":7038.57,"bancoldex":613.17,"icm_puesto":6,"produccion_agricola_ton":75464.7,"bovinos":4484,"icfes":285.5,"matricula_escolar":3413,"establecimientos_educativos":7,"ips":40,"camas":16,"regimen_contributivo":6071,"regimen_especial":124,"regimen_subsidiado":9485,"acueductos":12,"riesgo_agua":"Bajo","eventos_riesgo":6,"densidad_hab_km2":139.31,"valor_agregado_por_hab_millones":45.962,"pred_urbanos":2665,"pred_vivienda_rural":113,"pred_agropecuarios":5845,"pred_atipicos":1,"ha_urbana_predios":163.03,"ha_vivienda_rural":2.04,"ha_agropecuaria":11794.76},"geometry":{"type":"Polygon","coordinates":[[[-73.45912,5.7269],[-73.46043,5.72687],[-73.464,5.72558],[-73.46614,5.72349],[-73.46611,5.72217],[-73.46672,5.7211],[-73.4681,5.72065],[-73.47028,5.71888],[-73.47362,5.71798],[-73.4752,5.71679],[-73.47653,5.71685],[-73.47746,5.72063],[-73.47728,5.72241],[-73.47781,5.72261],[-73.48714,5.72298],[-73.49081,5.72086],[-73.50343,5.71636],[-73.50507,5.71846],[-73.50728,5.72477],[-73.50868,5.72533],[-73.51111,5.7251],[-73.51262,5.72418],[-73.51432,5.72446],[-73.51574,5.7227],[-73.51727,5.72369],[-73.51707,5.72253],[-73.51828,5.72249],[-73.51907,5.72158],[-73.52095,5.72148],[-73.5216,5.72236],[-73.52283,5.72122],[-73.52209,5.72089],[-73.52245,5.71976],[-73.52165,5.71823],[-73.52281,5.71804],[-73.52133,5.71726],[-73.52177,5.71634],[-73.52116,5.7155],[-73.5197,5.71483],[-73.52054,5.71246],[-73.51926,5.7114],[-73.51912,5.71037],[-73.51944,5.70858],[-73.52123,5.70846],[-73.5196,5.70732],[-73.52006,5.70634],[-73.51861,5.70594],[-73.52123,5.70399],[-73.52177,5.70279],[-73.52165,5.70158],[-73.52514,5.70194],[-73.5262,5.7001],[-73.52663,5.69536],[-73.52918,5.69405],[-73.5292,5.69319],[-73.53047,5.69188],[-73.53279,5.68725],[-73.53556,5.68467],[-73.53544,5.68404],[-73.53743,5.68175],[-73.53856,5.6811],[-73.53886,5.6802],[-73.54004,5.67913],[-73.54232,5.67797],[-73.54274,5.67797],[-73.54337,5.6791],[-73.5451,5.67952],[-73.54695,5.67869],[-73.54936,5.67847],[-73.55117,5.67848],[-73.55197,5.67913],[-73.55505,5.67827],[-73.55657,5.67871],[-73.55733,5.67792],[-73.55816,5.67812],[-73.56067,5.67731],[-73.56127,5.67653],[-73.5623,5.67709],[-73.56327,5.67665],[-73.56573,5.6776],[-73.5666,5.6785],[-73.56686,5.68154],[-73.56751,5.68243],[-73.56866,5.68267],[-73.56951,5.68484],[-73.5691,5.68684],[-73.5706,5.68826],[-73.5722,5.68845],[-73.57255,5.6891],[-73.57401,5.68945],[-73.57446,5.6917],[-73.57413,5.69197],[-73.57615,5.6925],[-73.57634,5.69195],[-73.57536,5.69016],[-73.57545,5.68641],[-73.57792,5.67918],[-73.57709,5.67699],[-73.57798,5.67454],[-73.57912,5.67349],[-73.57841,5.67195],[-73.577,5.6713],[-73.57684,5.67063],[-73.5785,5.66953],[-73.57966,5.66802],[-73.57954,5.66703],[-73.58039,5.66626],[-73.58031,5.6653],[-73.58109,5.66553],[-73.58189,5.66459],[-73.58205,5.66078],[-73.58288,5.66037],[-73.58465,5.66099],[-73.58727,5.65422],[-73.58906,5.65093],[-73.58977,5.64827],[-73.59043,5.64918],[-73.59114,5.64889],[-73.59092,5.64799],[-73.59004,5.64768],[-73.58883,5.64572],[-73.59002,5.64264],[-73.58957,5.64013],[-73.5906,5.639],[-73.58879,5.63501],[-73.58968,5.63257],[-73.5875,5.63074],[-73.5856,5.63096],[-73.58554,5.63134],[-73.58265,5.63088],[-73.58219,5.62961],[-73.58259,5.62907],[-73.58246,5.62793],[-73.57765,5.6311],[-73.57222,5.63177],[-73.56906,5.63156],[-73.56554,5.63237],[-73.5617,5.63215],[-73.56542,5.626],[-73.56559,5.62381],[-73.56508,5.62346],[-73.56483,5.62401],[-73.56444,5.62392],[-73.56371,5.62305],[-73.56411,5.6187],[-73.56352,5.61801],[-73.56354,5.6172],[-73.56215,5.61513],[-73.56076,5.6152],[-73.56033,5.61194],[-73.5584,5.61171],[-73.55744,5.60973],[-73.55367,5.60984],[-73.5524,5.6078],[-73.55014,5.6072],[-73.55268,5.60441],[-73.55188,5.60354],[-73.54888,5.60323],[-73.54883,5.60252],[-73.54977,5.60094],[-73.54831,5.60045],[-73.54737,5.5985],[-73.54521,5.59965],[-73.54429,5.59924],[-73.54378,5.59777],[-73.5409,5.59804],[-73.537,5.60032],[-73.53549,5.60163],[-73.53389,5.60425],[-73.53243,5.6052],[-73.53039,5.60574],[-73.52849,5.60551],[-73.52745,5.60648],[-73.52503,5.60682],[-73.52402,5.6064],[-73.52285,5.60507],[-73.51883,5.6053],[-73.51625,5.60104],[-73.51526,5.60171],[-73.51208,5.60768],[-73.50724,5.61383],[-73.49983,5.62109],[-73.49605,5.62305],[-73.49056,5.62441],[-73.48908,5.62529],[-73.48829,5.62636],[-73.48801,5.62799],[-73.48378,5.63446],[-73.48342,5.63565],[-73.48402,5.63661],[-73.48753,5.64007],[-73.48846,5.64189],[-73.48954,5.64283],[-73.48974,5.64692],[-73.48871,5.64989],[-73.4863,5.65268],[-73.4853,5.65491],[-73.48431,5.65566],[-73.48447,5.65705],[-73.48246,5.65958],[-73.48209,5.66112],[-73.48244,5.66214],[-73.48179,5.66247],[-73.48244,5.66409],[-73.48198,5.66575],[-73.48236,5.66808],[-73.48199,5.66927],[-73.48368,5.67102],[-73.48311,5.67214],[-73.48238,5.67229],[-73.4821,5.67291],[-73.48153,5.67283],[-73.47974,5.67488],[-73.48,5.67593],[-73.47915,5.67777],[-73.47541,5.67742],[-73.473,5.67918],[-73.46953,5.67946],[-73.46578,5.68048],[-73.46105,5.68248],[-73.4564,5.67905],[-73.45277,5.67806],[-73.45176,5.67927],[-73.44997,5.6797],[-73.44582,5.68246],[-73.44269,5.68299],[-73.43916,5.68751],[-73.43721,5.69095],[-73.43321,5.69298],[-73.43153,5.69632],[-73.42818,5.69973],[-73.42424,5.70572],[-73.42345,5.70773],[-73.42535,5.70712],[-73.42809,5.70457],[-73.4297,5.70464],[-73.43219,5.70732],[-73.43243,5.70827],[-73.43731,5.71134],[-73.4421,5.71336],[-73.4444,5.71586],[-73.44865,5.71857],[-73.45039,5.72145],[-73.45176,5.72561],[-73.45579,5.72545],[-73.45912,5.7269]]]}},{"type":"Feature","properties":{"codigo":"15425","municipio":"Macanal","provincia":"Neira","predios_urbanos_igac":384,"predios_rurales_igac":4733,"area_km2":199.95,"area_urbana_ha":20.06,"pct_urbano":0.1,"pct_rural":99.9,"pct_de_boyaca":0.865,"jerarquia_urbana":95,"categoria_urbana":"Núcleo urbano básico","valor_agregado":82.26,"empresas_matriculadas":22,"empresas_renovadas":92,"empresas_canceladas":11,"comfaboy_empresas":27,"comfaboy_empleos":103,"pob_0_6":434,"pob_7_14":548,"pob_15_17":210,"pob_18_26":556,"pob_27_59":2073,"pob_60_mas":1534,"hombres":2725,"mujeres":2630,"poblacion":5355,"captaciones":126656.72,"colocaciones":18861.64,"finagro":5675.18,"bancoldex":85.57,"icm_puesto":null,"produccion_agricola_ton":4568.5,"bovinos":10725,"icfes":262,"matricula_escolar":560,"establecimientos_educativos":1,"ips":3,"camas":0,"regimen_contributivo":346,"regimen_especial":6,"regimen_subsidiado":2617,"acueductos":3,"riesgo_agua":"Alto","eventos_riesgo":4,"densidad_hab_km2":26.78,"valor_agregado_por_hab_millones":15.361,"pred_urbanos":384,"pred_vivienda_rural":110,"pred_agropecuarios":4622,"pred_atipicos":1,"ha_urbana_predios":16.91,"ha_vivienda_rural":1.74,"ha_agropecuaria":19197.38},"geometry":{"type":"Polygon","coordinates":[[[-73.2484,5.06885],[-73.24926,5.06625],[-73.25187,5.06185],[-73.25284,5.05833],[-73.25262,5.05482],[-73.25557,5.04591],[-73.26282,5.0405],[-73.26556,5.0367],[-73.26633,5.03471],[-73.27768,5.02356],[-73.28203,5.01863],[-73.2857,5.01974],[-73.28465,5.02245],[-73.28633,5.02328],[-73.28408,5.02673],[-73.28347,5.02944],[-73.28484,5.03084],[-73.28524,5.0336],[-73.28793,5.0339],[-73.28858,5.03493],[-73.29032,5.04275],[-73.28897,5.04789],[-73.2969,5.0479],[-73.30127,5.04487],[-73.30306,5.04424],[-73.30448,5.04444],[-73.30795,5.04262],[-73.3094,5.04313],[-73.31191,5.04317],[-73.32082,5.03877],[-73.32176,5.03905],[-73.32401,5.03835],[-73.32632,5.03828],[-73.32723,5.03904],[-73.32881,5.03915],[-73.33117,5.04014],[-73.33231,5.03962],[-73.33382,5.03996],[-73.33573,5.03941],[-73.34005,5.03554],[-73.34031,5.0304],[-73.34315,5.02619],[-73.34416,5.02629],[-73.34452,5.02544],[-73.34848,5.02524],[-73.35312,5.02397],[-73.35703,5.02384],[-73.35948,5.02282],[-73.36303,5.02036],[-73.36381,5.01836],[-73.36445,5.01426],[-73.36161,5.00956],[-73.36137,5.00817],[-73.36023,5.00672],[-73.35602,5.00342],[-73.35554,5.00238],[-73.35544,4.99868],[-73.35613,4.9941],[-73.35293,4.98918],[-73.35227,4.98489],[-73.35007,4.98197],[-73.34305,4.97681],[-73.35129,4.96985],[-73.35211,4.96801],[-73.35268,4.96422],[-73.35383,4.96145],[-73.35337,4.95926],[-73.35434,4.95567],[-73.3545,4.95071],[-73.35831,4.94422],[-73.36193,4.94093],[-73.36414,4.93966],[-73.36815,4.94007],[-73.36871,4.93963],[-73.37097,4.93588],[-73.3715,4.93409],[-73.3755,4.92863],[-73.37304,4.92521],[-73.36988,4.92214],[-73.36586,4.9196],[-73.36376,4.91916],[-73.36207,4.91796],[-73.36238,4.91522],[-73.35937,4.91088],[-73.3589,4.90764],[-73.35835,4.90689],[-73.35829,4.90556],[-73.35707,4.90384],[-73.35717,4.90226],[-73.35669,4.90107],[-73.35558,4.90077],[-73.35438,4.89856],[-73.35477,4.89739],[-73.35417,4.89348],[-73.35243,4.89329],[-73.34925,4.89424],[-73.34881,4.89366],[-73.34571,4.89451],[-73.34519,4.8938],[-73.34171,4.89341],[-73.34084,4.89407],[-73.33913,4.89695],[-73.33739,4.89851],[-73.33603,4.89856],[-73.33472,4.8997],[-73.33423,4.89919],[-73.33173,4.89872],[-73.32874,4.90233],[-73.32719,4.90282],[-73.32487,4.90462],[-73.32295,4.90492],[-73.32451,4.91044],[-73.32459,4.91115],[-73.32391,4.9121],[-73.32081,4.91349],[-73.31515,4.91812],[-73.31232,4.91959],[-73.30995,4.91901],[-73.30781,4.9153],[-73.30498,4.91399],[-73.30439,4.91314],[-73.30433,4.91104],[-73.30376,4.91009],[-73.30005,4.9083],[-73.30026,4.90616],[-73.29882,4.90311],[-73.29648,4.90468],[-73.29583,4.90659],[-73.29382,4.9086],[-73.29325,4.91076],[-73.29177,4.91251],[-73.29157,4.91415],[-73.28882,4.916],[-73.28797,4.91756],[-73.28574,4.91917],[-73.28466,4.92226],[-73.28282,4.92398],[-73.28219,4.92672],[-73.28121,4.92809],[-73.27407,4.93125],[-73.27174,4.93061],[-73.26551,4.93183],[-73.26331,4.93054],[-73.26182,4.93131],[-73.25238,4.93941],[-73.25084,4.94013],[-73.2501,4.94085],[-73.24989,4.94216],[-73.24763,4.94445],[-73.2457,4.948],[-73.23254,4.95816],[-73.22796,4.96354],[-73.22744,4.96539],[-73.22457,4.96939],[-73.22355,4.97229],[-73.22232,4.97375],[-73.22184,4.97602],[-73.22212,4.97735],[-73.22053,4.98004],[-73.22087,4.9807],[-73.22205,4.98125],[-73.21947,4.98263],[-73.21936,4.98377],[-73.22029,4.98428],[-73.21964,4.98524],[-73.21919,4.98837],[-73.21598,4.99381],[-73.21469,4.99336],[-73.21416,4.99528],[-73.21229,4.99533],[-73.21357,4.99784],[-73.21202,5.00055],[-73.21388,5.00113],[-73.21315,5.00287],[-73.21333,5.00417],[-73.21289,5.00539],[-73.21392,5.00812],[-73.21543,5.00863],[-73.21599,5.00946],[-73.21422,5.01511],[-73.21524,5.01641],[-73.2156,5.01793],[-73.21743,5.0176],[-73.21979,5.0188],[-73.22018,5.01947],[-73.22114,5.01888],[-73.22206,5.01901],[-73.22195,5.0212],[-73.22241,5.02275],[-73.22325,5.02469],[-73.22498,5.02654],[-73.22571,5.02876],[-73.22756,5.03074],[-73.22955,5.03125],[-73.22827,5.03337],[-73.228,5.03561],[-73.22645,5.038],[-73.22985,5.04164],[-73.22906,5.04305],[-73.22788,5.04401],[-73.22929,5.04586],[-73.22781,5.04782],[-73.22813,5.04956],[-73.22974,5.05026],[-73.22941,5.05169],[-73.2303,5.05392],[-73.23004,5.05458],[-73.23109,5.05511],[-73.23226,5.05721],[-73.23152,5.05945],[-73.23287,5.06023],[-73.23338,5.06171],[-73.23486,5.06288],[-73.23622,5.06311],[-73.23727,5.06267],[-73.2383,5.06329],[-73.24185,5.06369],[-73.2424,5.06598],[-73.24395,5.06799],[-73.24635,5.06888],[-73.2484,5.06885]]]}},{"type":"Feature","properties":{"codigo":"15442","municipio":"Maripí","provincia":"Occidente","predios_urbanos_igac":252,"predios_rurales_igac":2796,"area_km2":160.76,"area_urbana_ha":20.21,"pct_urbano":0.126,"pct_rural":99.874,"pct_de_boyaca":0.695,"jerarquia_urbana":93,"categoria_urbana":"Núcleo urbano básico","valor_agregado":137.95,"empresas_matriculadas":44,"empresas_renovadas":91,"empresas_canceladas":11,"comfaboy_empresas":13,"comfaboy_empleos":164,"pob_0_6":527,"pob_7_14":770,"pob_15_17":297,"pob_18_26":689,"pob_27_59":2549,"pob_60_mas":1246,"hombres":3388,"mujeres":2690,"poblacion":6078,"captaciones":117289.46,"colocaciones":63.09,"finagro":4551.99,"bancoldex":9.52,"icm_puesto":null,"produccion_agricola_ton":38050.07,"bovinos":5848,"icfes":235.67,"matricula_escolar":750,"establecimientos_educativos":3,"ips":3,"camas":5,"regimen_contributivo":421,"regimen_especial":16,"regimen_subsidiado":4057,"acueductos":4,"riesgo_agua":"Sin riesgo","eventos_riesgo":1,"densidad_hab_km2":37.81,"valor_agregado_por_hab_millones":22.697,"pred_urbanos":252,"pred_vivienda_rural":53,"pred_agropecuarios":2743,"pred_atipicos":0,"ha_urbana_predios":17.3,"ha_vivienda_rural":0.42,"ha_agropecuaria":16005.07},"geometry":{"type":"Polygon","coordinates":[[[-74.05724,5.64977],[-74.05919,5.6491],[-74.06065,5.6492],[-74.06227,5.64748],[-74.06419,5.6436],[-74.06541,5.64248],[-74.06581,5.64069],[-74.06472,5.63937],[-74.0658,5.63664],[-74.06502,5.63445],[-74.06709,5.63372],[-74.06732,5.63093],[-74.07044,5.62916],[-74.07233,5.62416],[-74.0764,5.62052],[-74.07913,5.61723],[-74.08056,5.61632],[-74.08181,5.61445],[-74.0841,5.6136],[-74.08471,5.61007],[-74.08748,5.60829],[-74.08702,5.6075],[-74.08873,5.60481],[-74.08851,5.60266],[-74.08904,5.6001],[-74.08735,5.59871],[-74.08722,5.59763],[-74.0887,5.59694],[-74.09159,5.59755],[-74.09225,5.5971],[-74.09233,5.59644],[-74.09114,5.59536],[-74.0903,5.59262],[-74.09269,5.59093],[-74.09183,5.58882],[-74.08988,5.58761],[-74.09004,5.587],[-74.09093,5.58661],[-74.09306,5.58698],[-74.09527,5.5845],[-74.0953,5.58339],[-74.09509,5.58252],[-74.09176,5.5781],[-74.09255,5.57673],[-74.09215,5.57596],[-74.09212,5.57324],[-74.09302,5.57132],[-74.08978,5.57103],[-74.08879,5.5678],[-74.08728,5.56814],[-74.08508,5.56743],[-74.08423,5.56584],[-74.08262,5.56458],[-74.08178,5.56247],[-74.07941,5.56016],[-74.07872,5.55689],[-74.07891,5.55263],[-74.07778,5.54972],[-74.07679,5.54853],[-74.07676,5.54707],[-74.07584,5.54658],[-74.0748,5.54381],[-74.07569,5.54248],[-74.07546,5.53894],[-74.07277,5.53783],[-74.06997,5.53527],[-74.06579,5.53391],[-74.06351,5.53178],[-74.06274,5.5317],[-74.06185,5.53252],[-74.06112,5.53256],[-74.0606,5.53167],[-74.06083,5.53047],[-74.05973,5.53021],[-74.06135,5.52669],[-74.06136,5.5254],[-74.06,5.52446],[-74.05852,5.5251],[-74.05645,5.52321],[-74.05459,5.52283],[-74.05676,5.51857],[-74.05537,5.51751],[-74.0538,5.51461],[-74.05543,5.5132],[-74.05433,5.51286],[-74.05316,5.51134],[-74.0534,5.50813],[-74.05187,5.50551],[-74.05122,5.5031],[-74.04969,5.5015],[-74.04767,5.50104],[-74.04606,5.49933],[-74.04568,5.49962],[-74.0457,5.50129],[-74.04479,5.50156],[-74.04385,5.49897],[-74.04255,5.498],[-74.0412,5.49905],[-74.03741,5.49968],[-74.03527,5.4978],[-74.03491,5.49659],[-74.03373,5.49677],[-74.03229,5.49844],[-74.03205,5.5005],[-74.02998,5.50134],[-74.02832,5.50278],[-74.02635,5.50321],[-74.02321,5.50689],[-74.02195,5.50968],[-74.02215,5.51151],[-74.02164,5.5138],[-74.02198,5.51464],[-74.02063,5.51694],[-74.02123,5.51815],[-74.02081,5.51912],[-74.02103,5.52008],[-74.01991,5.52172],[-74.01933,5.5212],[-74.01857,5.52148],[-74.01823,5.52421],[-74.01656,5.52439],[-74.01376,5.52664],[-74.01037,5.52698],[-74.00775,5.52654],[-74.00479,5.52747],[-74.0034,5.52875],[-74.00216,5.52902],[-73.99772,5.52821],[-73.99378,5.526],[-73.9922,5.52615],[-73.99033,5.52517],[-73.98733,5.52567],[-73.98426,5.52794],[-73.98,5.52742],[-73.97816,5.52768],[-73.97708,5.5282],[-73.97505,5.53044],[-73.97395,5.52968],[-73.9738,5.53005],[-73.97318,5.52989],[-73.97087,5.52676],[-73.97007,5.52654],[-73.96953,5.52802],[-73.96843,5.52857],[-73.96887,5.52965],[-73.9672,5.5334],[-73.96398,5.53754],[-73.96279,5.5403],[-73.95899,5.54308],[-73.95814,5.54283],[-73.95718,5.54083],[-73.95217,5.53996],[-73.95131,5.54001],[-73.95059,5.54097],[-73.94991,5.54112],[-73.94641,5.54007],[-73.94419,5.54035],[-73.94317,5.54122],[-73.94142,5.54044],[-73.93985,5.54283],[-73.93746,5.54296],[-73.93544,5.54429],[-73.93045,5.5461],[-73.92027,5.54334],[-73.9189,5.54459],[-73.91842,5.5465],[-73.91678,5.54875],[-73.91422,5.54973],[-73.9114,5.54923],[-73.9115,5.54988],[-73.9104,5.55045],[-73.91005,5.5526],[-73.91309,5.5559],[-73.91608,5.55693],[-73.91942,5.56093],[-73.92259,5.56217],[-73.92442,5.56371],[-73.92513,5.56568],[-73.92536,5.57357],[-73.92589,5.57395],[-73.92765,5.57368],[-73.92833,5.57239],[-73.93245,5.57018],[-73.93525,5.57006],[-73.93645,5.56955],[-73.93978,5.56662],[-73.94019,5.5667],[-73.94117,5.56516],[-73.94287,5.5665],[-73.94892,5.56585],[-73.94821,5.56738],[-73.95014,5.56763],[-73.95039,5.57018],[-73.95203,5.57135],[-73.95177,5.57194],[-73.9499,5.57284],[-73.94943,5.57371],[-73.95004,5.57971],[-73.94886,5.5812],[-73.94663,5.58119],[-73.94681,5.58319],[-73.94768,5.58413],[-73.95464,5.58843],[-73.95674,5.58881],[-73.95585,5.5923],[-73.95869,5.5941],[-73.9613,5.59417],[-73.9636,5.59603],[-73.96701,5.59579],[-73.96856,5.59774],[-73.9697,5.59758],[-73.97071,5.59677],[-73.97341,5.59667],[-73.97604,5.59525],[-73.9795,5.59541],[-73.97979,5.59638],[-73.98209,5.59833],[-73.98468,5.60316],[-73.98752,5.60492],[-73.98872,5.60447],[-73.98948,5.60665],[-73.9913,5.60625],[-73.99212,5.60757],[-73.99315,5.60724],[-73.99365,5.60839],[-73.99536,5.60815],[-73.99574,5.60889],[-73.9975,5.60967],[-73.99836,5.61156],[-74.00152,5.60969],[-74.00192,5.60781],[-74.00318,5.60729],[-74.00408,5.60612],[-74.00434,5.60475],[-74.00542,5.60431],[-74.00585,5.60237],[-74.00699,5.60158],[-74.00801,5.60214],[-74.00828,5.60093],[-74.00892,5.60091],[-74.0095,5.60166],[-74.01053,5.60127],[-74.01001,5.60232],[-74.01057,5.60291],[-74.01133,5.60177],[-74.01415,5.60262],[-74.01419,5.60187],[-74.01519,5.60088],[-74.01642,5.601],[-74.01791,5.6016],[-74.01769,5.60281],[-74.01721,5.60273],[-74.01685,5.60329],[-74.01693,5.60376],[-74.01823,5.60418],[-74.01944,5.60229],[-74.02193,5.60179],[-74.02293,5.60317],[-74.02406,5.60213],[-74.02551,5.60235],[-74.02634,5.60147],[-74.02653,5.60319],[-74.02772,5.60292],[-74.02866,5.60418],[-74.02737,5.60507],[-74.02702,5.60601],[-74.02711,5.6066],[-74.02845,5.6071],[-74.02862,5.61019],[-74.02828,5.61093],[-74.02901,5.61148],[-74.02907,5.61238],[-74.02819,5.61642],[-74.02714,5.61858],[-74.02831,5.61952],[-74.02825,5.62022],[-74.02702,5.62177],[-74.02778,5.62328],[-74.02776,5.62465],[-74.02875,5.62549],[-74.02754,5.62712],[-74.02788,5.6293],[-74.02721,5.63141],[-74.02861,5.63359],[-74.02884,5.63527],[-74.02994,5.63609],[-74.03013,5.63721],[-74.03178,5.63632],[-74.03268,5.63671],[-74.03357,5.6386],[-74.03442,5.63922],[-74.0349,5.64112],[-74.0362,5.64191],[-74.03641,5.64076],[-74.038,5.63954],[-74.03962,5.63584],[-74.04244,5.63556],[-74.04337,5.63368],[-74.04547,5.63329],[-74.04657,5.63514],[-74.04821,5.63547],[-74.04855,5.63609],[-74.0498,5.63618],[-74.05015,5.63711],[-74.04941,5.63794],[-74.05152,5.63871],[-74.05125,5.63933],[-74.05029,5.63959],[-74.05027,5.64011],[-74.05238,5.64158],[-74.05453,5.64202],[-74.05394,5.64341],[-74.05259,5.64477],[-74.05266,5.64576],[-74.05346,5.64723],[-74.05432,5.64722],[-74.05562,5.64862],[-74.0558,5.64952],[-74.05724,5.64977]]]}},{"type":"Feature","properties":{"codigo":"15455","municipio":"Miraflores","provincia":"Lengupá","predios_urbanos_igac":1913,"predios_rurales_igac":4025,"area_km2":258.66,"area_urbana_ha":93.17,"pct_urbano":0.36,"pct_rural":99.64,"pct_de_boyaca":1.118,"jerarquia_urbana":21,"categoria_urbana":"Centro urbano local","valor_agregado":220.78,"empresas_matriculadas":53,"empresas_renovadas":411,"empresas_canceladas":76,"comfaboy_empresas":71,"comfaboy_empleos":456,"pob_0_6":764,"pob_7_14":1053,"pob_15_17":397,"pob_18_26":1097,"pob_27_59":4060,"pob_60_mas":2110,"hombres":4786,"mujeres":4695,"poblacion":9481,"captaciones":64699.19,"colocaciones":48223.61,"finagro":8204.84,"bancoldex":485.31,"icm_puesto":22,"produccion_agricola_ton":42505.49,"bovinos":18276,"icfes":275,"matricula_escolar":1426,"establecimientos_educativos":3,"ips":16,"camas":19,"regimen_contributivo":2004,"regimen_especial":284,"regimen_subsidiado":5452,"acueductos":6,"riesgo_agua":"Bajo","eventos_riesgo":2,"densidad_hab_km2":36.65,"valor_agregado_por_hab_millones":23.287,"pred_urbanos":1913,"pred_vivienda_rural":12,"pred_agropecuarios":4013,"pred_atipicos":0,"ha_urbana_predios":78.29,"ha_vivienda_rural":0.12,"ha_agropecuaria":25824.52},"geometry":{"type":"Polygon","coordinates":[[[-73.16837,5.24007],[-73.17046,5.23982],[-73.17362,5.23662],[-73.17534,5.23723],[-73.17673,5.2369],[-73.17883,5.23775],[-73.18109,5.23718],[-73.18233,5.23774],[-73.18481,5.23757],[-73.18644,5.2392],[-73.19151,5.24003],[-73.1937,5.23927],[-73.194,5.23686],[-73.19551,5.2362],[-73.20008,5.23669],[-73.20253,5.23532],[-73.20401,5.2351],[-73.20726,5.23594],[-73.21021,5.2338],[-73.2138,5.23271],[-73.21538,5.23174],[-73.21753,5.22711],[-73.21775,5.22316],[-73.21596,5.2182],[-73.21602,5.21733],[-73.21796,5.21398],[-73.2179,5.21087],[-73.22019,5.20847],[-73.22115,5.20846],[-73.22145,5.20775],[-73.22384,5.20606],[-73.22507,5.20152],[-73.22756,5.19966],[-73.22877,5.19779],[-73.23525,5.19234],[-73.23671,5.19184],[-73.2405,5.18912],[-73.24354,5.18888],[-73.2484,5.18943],[-73.25139,5.18903],[-73.25512,5.18715],[-73.2569,5.18528],[-73.25777,5.18495],[-73.26553,5.1914],[-73.26698,5.19124],[-73.26869,5.18953],[-73.27288,5.19285],[-73.27623,5.19257],[-73.27904,5.19176],[-73.28072,5.19197],[-73.28344,5.19317],[-73.29006,5.19764],[-73.29568,5.19832],[-73.29477,5.19737],[-73.29185,5.19593],[-73.28457,5.1882],[-73.2802,5.18617],[-73.27052,5.1767],[-73.26772,5.1752],[-73.26466,5.17489],[-73.25806,5.17252],[-73.25686,5.16914],[-73.25644,5.16535],[-73.25766,5.16065],[-73.26058,5.15677],[-73.26417,5.15557],[-73.26777,5.1554],[-73.26576,5.15461],[-73.25207,5.15294],[-73.24568,5.15],[-73.24355,5.14606],[-73.24172,5.14433],[-73.23935,5.1442],[-73.23653,5.14554],[-73.23312,5.14462],[-73.23063,5.14332],[-73.23158,5.14223],[-73.23428,5.14059],[-73.23614,5.13831],[-73.23567,5.13627],[-73.2338,5.13524],[-73.23369,5.13363],[-73.2324,5.13115],[-73.23368,5.12883],[-73.23684,5.12567],[-73.23846,5.1216],[-73.23978,5.11622],[-73.23868,5.11381],[-73.24153,5.11029],[-73.24181,5.10862],[-73.24499,5.10684],[-73.24653,5.10525],[-73.2502,5.10391],[-73.25033,5.10114],[-73.2522,5.10022],[-73.25405,5.09817],[-73.255,5.09807],[-73.25505,5.0973],[-73.25629,5.0961],[-73.25494,5.09445],[-73.25476,5.09226],[-73.25413,5.09119],[-73.25428,5.09013],[-73.25334,5.08968],[-73.25304,5.08833],[-73.2502,5.08627],[-73.25143,5.08391],[-73.25111,5.08221],[-73.25188,5.08028],[-73.25077,5.07759],[-73.2517,5.07661],[-73.25126,5.07578],[-73.25151,5.07499],[-73.25079,5.07444],[-73.25115,5.07339],[-73.24916,5.07227],[-73.24849,5.06898],[-73.24431,5.07206],[-73.24196,5.0724],[-73.2363,5.0746],[-73.23498,5.0762],[-73.2281,5.07752],[-73.22689,5.07702],[-73.22573,5.07496],[-73.22164,5.07263],[-73.21461,5.07064],[-73.20574,5.06977],[-73.20091,5.06775],[-73.19823,5.06569],[-73.19514,5.06482],[-73.19259,5.06333],[-73.18991,5.06293],[-73.18431,5.06514],[-73.1748,5.06698],[-73.16906,5.07298],[-73.16567,5.07478],[-73.16175,5.07505],[-73.15669,5.07417],[-73.15333,5.0747],[-73.1515,5.07409],[-73.15055,5.07646],[-73.14855,5.07769],[-73.1438,5.08302],[-73.14177,5.08271],[-73.14097,5.08314],[-73.13616,5.08683],[-73.13032,5.09316],[-73.12768,5.09445],[-73.12336,5.10008],[-73.11786,5.10275],[-73.11554,5.10821],[-73.11275,5.11191],[-73.11035,5.11418],[-73.10794,5.12121],[-73.10246,5.132],[-73.09634,5.13847],[-73.08942,5.14957],[-73.08735,5.15471],[-73.08893,5.16051],[-73.09378,5.16805],[-73.09818,5.17013],[-73.0979,5.17204],[-73.09859,5.17245],[-73.10196,5.17897],[-73.10241,5.18176],[-73.10483,5.18519],[-73.10489,5.18677],[-73.10285,5.19072],[-73.10285,5.19146],[-73.10391,5.19297],[-73.10896,5.19804],[-73.11495,5.20254],[-73.11867,5.20292],[-73.11924,5.20468],[-73.1216,5.20608],[-73.12309,5.20769],[-73.12624,5.20768],[-73.12926,5.20881],[-73.13134,5.21202],[-73.13282,5.21278],[-73.13484,5.21472],[-73.13655,5.21832],[-73.13925,5.21931],[-73.14197,5.22382],[-73.14452,5.22404],[-73.14634,5.22766],[-73.14943,5.22964],[-73.15083,5.23189],[-73.15421,5.23462],[-73.15877,5.23541],[-73.1605,5.23697],[-73.16178,5.23923],[-73.16261,5.23938],[-73.16324,5.23861],[-73.16673,5.23998],[-73.16837,5.24007]]]}},{"type":"Feature","properties":{"codigo":"15464","municipio":"Mongua","provincia":"Sugamuxi","predios_urbanos_igac":777,"predios_rurales_igac":5672,"area_km2":360.64,"area_urbana_ha":70.95,"pct_urbano":0.197,"pct_rural":99.803,"pct_de_boyaca":1.559,"jerarquia_urbana":31,"categoria_urbana":"Centro urbano local","valor_agregado":117.83,"empresas_matriculadas":22,"empresas_renovadas":82,"empresas_canceladas":2,"comfaboy_empresas":24,"comfaboy_empleos":314,"pob_0_6":537,"pob_7_14":642,"pob_15_17":232,"pob_18_26":636,"pob_27_59":1924,"pob_60_mas":973,"hombres":2401,"mujeres":2543,"poblacion":4944,"captaciones":508124.65,"colocaciones":145.0,"finagro":5095.29,"bancoldex":121.83,"icm_puesto":null,"produccion_agricola_ton":4350.24,"bovinos":9971,"icfes":235.5,"matricula_escolar":749,"establecimientos_educativos":2,"ips":2,"camas":0,"regimen_contributivo":875,"regimen_especial":6,"regimen_subsidiado":2485,"acueductos":5,"riesgo_agua":"Alto","eventos_riesgo":1,"densidad_hab_km2":13.71,"valor_agregado_por_hab_millones":23.833,"pred_urbanos":777,"pred_vivienda_rural":39,"pred_agropecuarios":5633,"pred_atipicos":0,"ha_urbana_predios":64.21,"ha_vivienda_rural":0.87,"ha_agropecuaria":36308.83},"geometry":{"type":"Polygon","coordinates":[[[-72.79195,5.65926],[-72.79134,5.65938],[-72.77081,5.64339],[-72.76741,5.64482],[-72.76346,5.64501],[-72.76306,5.64431],[-72.76343,5.64022],[-72.76242,5.63857],[-72.75568,5.63917],[-72.7536,5.63838],[-72.75307,5.63781],[-72.75252,5.63238],[-72.75192,5.6308],[-72.74899,5.63063],[-72.74715,5.62945],[-72.74642,5.62826],[-72.74598,5.62667],[-72.74652,5.62415],[-72.74654,5.61996],[-72.74724,5.6173],[-72.74532,5.61389],[-72.74468,5.6106],[-72.74182,5.60913],[-72.73992,5.60905],[-72.73647,5.6137],[-72.73563,5.61448],[-72.73459,5.61419],[-72.73151,5.61744],[-72.72896,5.6172],[-72.72431,5.6187],[-72.72233,5.62151],[-72.71656,5.62499],[-72.71009,5.62556],[-72.70971,5.62968],[-72.70557,5.63324],[-72.70257,5.63698],[-72.70065,5.63827],[-72.69952,5.6408],[-72.69871,5.64123],[-72.69876,5.64243],[-72.6994,5.64332],[-72.69822,5.64475],[-72.69865,5.64585],[-72.69825,5.64737],[-72.69943,5.65106],[-72.69821,5.65557],[-72.6971,5.65683],[-72.69568,5.66296],[-72.69814,5.66693],[-72.6985,5.67208],[-72.69915,5.67457],[-72.69896,5.6766],[-72.697,5.67413],[-72.6955,5.67342],[-72.6892,5.67367],[-72.68514,5.67304],[-72.67958,5.67343],[-72.67596,5.6721],[-72.67326,5.66824],[-72.66052,5.6668],[-72.65943,5.66372],[-72.65827,5.66218],[-72.65491,5.65976],[-72.64958,5.65736],[-72.64667,5.65409],[-72.64402,5.65263],[-72.64368,5.65127],[-72.64241,5.64986],[-72.63965,5.64836],[-72.63812,5.6463],[-72.63539,5.6453],[-72.63576,5.64387],[-72.63441,5.64219],[-72.63395,5.63995],[-72.62893,5.63589],[-72.62927,5.63365],[-72.63001,5.63261],[-72.62983,5.63062],[-72.62715,5.63025],[-72.62621,5.62947],[-72.62417,5.62907],[-72.62374,5.62964],[-72.62215,5.6291],[-72.61953,5.62969],[-72.61799,5.62914],[-72.6171,5.62963],[-72.61585,5.62935],[-72.61313,5.62981],[-72.61131,5.63113],[-72.60882,5.63027],[-72.60731,5.63081],[-72.60563,5.63024],[-72.60536,5.6294],[-72.60425,5.62854],[-72.60401,5.6262],[-72.60304,5.62493],[-72.60392,5.62186],[-72.6048,5.62165],[-72.60519,5.62041],[-72.60264,5.62012],[-72.60172,5.62054],[-72.59994,5.62253],[-72.60194,5.62642],[-72.59922,5.62778],[-72.59872,5.63282],[-72.59909,5.63401],[-72.59732,5.6355],[-72.59686,5.63856],[-72.59517,5.64067],[-72.59694,5.64343],[-72.59826,5.64356],[-72.59788,5.64696],[-72.59828,5.64814],[-72.59432,5.64972],[-72.58918,5.65509],[-72.58914,5.65806],[-72.58827,5.6586],[-72.58618,5.65875],[-72.58401,5.66077],[-72.58314,5.6635],[-72.58471,5.66584],[-72.58354,5.66893],[-72.58306,5.67197],[-72.58092,5.67684],[-72.5804,5.68023],[-72.57901,5.68113],[-72.5779,5.68283],[-72.57559,5.68431],[-72.57394,5.68634],[-72.57295,5.68898],[-72.57432,5.69274],[-72.57271,5.69605],[-72.57257,5.70016],[-72.57122,5.70294],[-72.57026,5.70825],[-72.57037,5.70969],[-72.57081,5.70983],[-72.5745,5.70836],[-72.57737,5.70781],[-72.58125,5.70855],[-72.57988,5.71067],[-72.58061,5.71449],[-72.57948,5.71696],[-72.57965,5.7189],[-72.57858,5.7204],[-72.57796,5.72346],[-72.5779,5.7284],[-72.57691,5.73127],[-72.57717,5.7327],[-72.57671,5.73665],[-72.57717,5.73878],[-72.5795,5.73959],[-72.581,5.74167],[-72.58128,5.74416],[-72.58261,5.74794],[-72.58245,5.74979],[-72.58024,5.75186],[-72.58023,5.75426],[-72.58256,5.75803],[-72.5814,5.76413],[-72.58183,5.76621],[-72.58317,5.76767],[-72.58354,5.77105],[-72.58533,5.77161],[-72.58801,5.77347],[-72.59209,5.7733],[-72.59461,5.77445],[-72.5976,5.77503],[-72.60063,5.77414],[-72.60266,5.77461],[-72.60447,5.77582],[-72.60876,5.77345],[-72.60956,5.77191],[-72.61106,5.77162],[-72.61261,5.77227],[-72.61824,5.77164],[-72.61971,5.77313],[-72.62124,5.7737],[-72.62189,5.77299],[-72.62204,5.77101],[-72.62453,5.7671],[-72.62948,5.76451],[-72.62997,5.76534],[-72.6284,5.76955],[-72.62727,5.77109],[-72.62724,5.7746],[-72.62614,5.77581],[-72.62599,5.77694],[-72.6279,5.77732],[-72.62941,5.77851],[-72.63092,5.77879],[-72.63404,5.78173],[-72.6415,5.78337],[-72.64475,5.78247],[-72.64551,5.78381],[-72.64694,5.78405],[-72.6478,5.78348],[-72.65518,5.78783],[-72.65585,5.78728],[-72.65551,5.78567],[-72.65582,5.78416],[-72.65738,5.78254],[-72.66041,5.78351],[-72.6612,5.7852],[-72.66874,5.78075],[-72.67091,5.78138],[-72.67316,5.7828],[-72.6749,5.78299],[-72.67618,5.7839],[-72.68024,5.78393],[-72.68417,5.78331],[-72.68669,5.78168],[-72.68918,5.78091],[-72.69009,5.77991],[-72.69463,5.77728],[-72.69547,5.77584],[-72.69732,5.77539],[-72.69763,5.77453],[-72.7012,5.77328],[-72.70316,5.77356],[-72.70563,5.77305],[-72.70821,5.7714],[-72.70893,5.77165],[-72.70876,5.77217],[-72.71163,5.77295],[-72.71263,5.77279],[-72.71328,5.77329],[-72.71387,5.77274],[-72.71555,5.77288],[-72.71706,5.77148],[-72.71827,5.77113],[-72.71926,5.77126],[-72.71952,5.77293],[-72.7239,5.77224],[-72.72799,5.77335],[-72.72849,5.77275],[-72.73053,5.77335],[-72.73252,5.77234],[-72.73391,5.77306],[-72.735,5.77249],[-72.73573,5.77373],[-72.73849,5.77269],[-72.73954,5.77368],[-72.74268,5.77255],[-72.74742,5.77187],[-72.74904,5.77205],[-72.75529,5.76861],[-72.75907,5.76825],[-72.76061,5.76725],[-72.76261,5.76751],[-72.76581,5.7665],[-72.76962,5.76712],[-72.77161,5.77004],[-72.77257,5.77072],[-72.7724,5.77161],[-72.77354,5.77312],[-72.77534,5.7703],[-72.77672,5.7692],[-72.77873,5.76885],[-72.78247,5.76715],[-72.78396,5.76777],[-72.78438,5.7693],[-72.78537,5.7697],[-72.78704,5.77144],[-72.78992,5.77246],[-72.7909,5.77352],[-72.79263,5.7733],[-72.79424,5.77191],[-72.79553,5.77184],[-72.79631,5.77238],[-72.79956,5.76981],[-72.80547,5.76257],[-72.80889,5.76065],[-72.81001,5.7587],[-72.81228,5.75678],[-72.8139,5.75378],[-72.81375,5.75262],[-72.81524,5.75079],[-72.81652,5.7505],[-72.81989,5.75169],[-72.82075,5.75116],[-72.82151,5.74967],[-72.82129,5.74559],[-72.82535,5.73672],[-72.82372,5.73533],[-72.82288,5.73364],[-72.82257,5.7321],[-72.82314,5.72889],[-72.82219,5.72742],[-72.82252,5.72368],[-72.81974,5.72303],[-72.81731,5.72329],[-72.81321,5.7203],[-72.8107,5.7192],[-72.80909,5.71637],[-72.80733,5.71438],[-72.80534,5.71348],[-72.79965,5.71295],[-72.79795,5.71207],[-72.79708,5.71089],[-72.79792,5.70855],[-72.79785,5.7064],[-72.79541,5.70353],[-72.79853,5.69877],[-72.79884,5.69396],[-72.79152,5.68841],[-72.78968,5.68792],[-72.78954,5.68749],[-72.78933,5.68345],[-72.79051,5.67331],[-72.79145,5.67077],[-72.79382,5.66853],[-72.79497,5.66442],[-72.7945,5.66104],[-72.79195,5.65926]]]}},{"type":"Feature","properties":{"codigo":"15466","municipio":"Monguí","provincia":"Sugamuxi","predios_urbanos_igac":1193,"predios_rurales_igac":5682,"area_km2":68.82,"area_urbana_ha":69.79,"pct_urbano":1.014,"pct_rural":98.986,"pct_de_boyaca":0.298,"jerarquia_urbana":32,"categoria_urbana":"Centro urbano local","valor_agregado":65.6,"empresas_matriculadas":35,"empresas_renovadas":204,"empresas_canceladas":11,"comfaboy_empresas":30,"comfaboy_empleos":149,"pob_0_6":457,"pob_7_14":586,"pob_15_17":221,"pob_18_26":588,"pob_27_59":1759,"pob_60_mas":874,"hombres":2123,"mujeres":2362,"poblacion":4485,"captaciones":31601.27,"colocaciones":122.45,"finagro":2894.62,"bancoldex":39.05,"icm_puesto":35,"produccion_agricola_ton":2678.69,"bovinos":4872,"icfes":261.5,"matricula_escolar":899,"establecimientos_educativos":2,"ips":1,"camas":6,"regimen_contributivo":847,"regimen_especial":9,"regimen_subsidiado":2429,"acueductos":3,"riesgo_agua":"Alto","eventos_riesgo":2,"densidad_hab_km2":65.17,"valor_agregado_por_hab_millones":14.627,"pred_urbanos":1193,"pred_vivienda_rural":91,"pred_agropecuarios":5591,"pred_atipicos":0,"ha_urbana_predios":59.27,"ha_vivienda_rural":1.85,"ha_agropecuaria":6813.18},"geometry":{"type":"Polygon","coordinates":[[[-72.85264,5.75183],[-72.85493,5.75157],[-72.85666,5.7499],[-72.85857,5.7513],[-72.86099,5.75063],[-72.86192,5.74926],[-72.86303,5.74972],[-72.86865,5.74355],[-72.87074,5.74269],[-72.87181,5.73966],[-72.87151,5.73567],[-72.87248,5.73267],[-72.87494,5.73061],[-72.87524,5.72943],[-72.87615,5.729],[-72.8774,5.7269],[-72.87846,5.72632],[-72.87378,5.72404],[-72.87121,5.72175],[-72.87124,5.71753],[-72.87292,5.71392],[-72.87299,5.71208],[-72.87409,5.7113],[-72.87412,5.70877],[-72.87508,5.70802],[-72.87537,5.70569],[-72.87403,5.70331],[-72.8741,5.70179],[-72.87322,5.70142],[-72.87252,5.69767],[-72.87293,5.69619],[-72.87156,5.6944],[-72.8718,5.69185],[-72.87119,5.68997],[-72.87055,5.68897],[-72.86633,5.6871],[-72.86334,5.6843],[-72.86176,5.68368],[-72.86143,5.68242],[-72.86016,5.68089],[-72.85711,5.68434],[-72.85492,5.68453],[-72.85354,5.68548],[-72.85339,5.68418],[-72.85224,5.68267],[-72.85289,5.67993],[-72.85214,5.67438],[-72.84999,5.6725],[-72.84856,5.66974],[-72.84726,5.66971],[-72.84371,5.6675],[-72.84245,5.66359],[-72.84016,5.66135],[-72.83928,5.65974],[-72.83574,5.65699],[-72.83417,5.65451],[-72.83314,5.65369],[-72.83163,5.65481],[-72.82432,5.65391],[-72.82483,5.64596],[-72.82072,5.64489],[-72.81849,5.64322],[-72.81402,5.64428],[-72.8113,5.64707],[-72.80822,5.64763],[-72.80316,5.65013],[-72.7941,5.6564],[-72.79145,5.65884],[-72.79134,5.65938],[-72.79246,5.65933],[-72.7945,5.66104],[-72.79497,5.66442],[-72.79382,5.66853],[-72.79145,5.67077],[-72.79051,5.67331],[-72.78933,5.68345],[-72.78954,5.68749],[-72.78968,5.68792],[-72.79152,5.68841],[-72.79884,5.69396],[-72.79853,5.69877],[-72.79541,5.70353],[-72.79785,5.7064],[-72.79792,5.70855],[-72.79708,5.71089],[-72.79795,5.71207],[-72.79965,5.71295],[-72.80534,5.71348],[-72.80733,5.71438],[-72.80909,5.71637],[-72.8107,5.7192],[-72.81321,5.7203],[-72.81731,5.72329],[-72.81974,5.72303],[-72.82252,5.72368],[-72.82219,5.72742],[-72.82314,5.72889],[-72.82257,5.7321],[-72.82288,5.73364],[-72.82372,5.73533],[-72.82535,5.73672],[-72.82945,5.7383],[-72.83273,5.73876],[-72.83485,5.74005],[-72.83672,5.74044],[-72.8413,5.73934],[-72.8441,5.73948],[-72.84783,5.73881],[-72.8485,5.73917],[-72.84845,5.73994],[-72.84936,5.74081],[-72.84877,5.74212],[-72.84961,5.74256],[-72.85103,5.74522],[-72.85161,5.74831],[-72.8532,5.74918],[-72.85231,5.75075],[-72.85264,5.75183]]]}},{"type":"Feature","properties":{"codigo":"15469","municipio":"Moniquirá","provincia":"Ricaurte","predios_urbanos_igac":4214,"predios_rurales_igac":8833,"area_km2":218.3,"area_urbana_ha":341.42,"pct_urbano":1.564,"pct_rural":98.436,"pct_de_boyaca":0.944,"jerarquia_urbana":8,"categoria_urbana":"Ciudad intermedia","valor_agregado":501.8,"empresas_matriculadas":218,"empresas_renovadas":932,"empresas_canceladas":226,"comfaboy_empresas":194,"comfaboy_empleos":894,"pob_0_6":2083,"pob_7_14":2747,"pob_15_17":1057,"pob_18_26":2910,"pob_27_59":10127,"pob_60_mas":5432,"hombres":12081,"mujeres":12275,"poblacion":24356,"captaciones":202640.59,"colocaciones":72107.62,"finagro":14458.42,"bancoldex":387.83,"icm_puesto":42,"produccion_agricola_ton":159770,"bovinos":14223,"icfes":261.62,"matricula_escolar":3818,"establecimientos_educativos":11,"ips":28,"camas":49,"regimen_contributivo":9876,"regimen_especial":896,"regimen_subsidiado":19186,"acueductos":8,"riesgo_agua":"Medio","eventos_riesgo":15,"densidad_hab_km2":111.57,"valor_agregado_por_hab_millones":20.603,"pred_urbanos":4214,"pred_vivienda_rural":108,"pred_agropecuarios":8725,"pred_atipicos":0,"ha_urbana_predios":306.26,"ha_vivienda_rural":1.53,"ha_agropecuaria":21210.07},"geometry":{"type":"Polygon","coordinates":[[[-73.58983,5.96064],[-73.59108,5.96055],[-73.59237,5.95904],[-73.59324,5.95943],[-73.59404,5.95603],[-73.59607,5.95486],[-73.597,5.95093],[-73.59963,5.94731],[-73.60087,5.94328],[-73.60278,5.94055],[-73.60302,5.93756],[-73.6057,5.93336],[-73.60699,5.93257],[-73.60759,5.93083],[-73.61184,5.92827],[-73.6146,5.92598],[-73.61642,5.92633],[-73.61818,5.92443],[-73.62174,5.92442],[-73.6239,5.92222],[-73.6243,5.92014],[-73.62632,5.91656],[-73.62805,5.91527],[-73.63064,5.91564],[-73.63196,5.91426],[-73.63286,5.91148],[-73.63392,5.91099],[-73.6359,5.91116],[-73.63601,5.90959],[-73.63147,5.90565],[-73.63206,5.90295],[-73.6315,5.90138],[-73.63062,5.90056],[-73.63223,5.89833],[-73.63249,5.89673],[-73.6315,5.89524],[-73.63034,5.89422],[-73.62722,5.89375],[-73.62463,5.89213],[-73.62346,5.89209],[-73.62235,5.89127],[-73.6205,5.89081],[-73.62024,5.89024],[-73.61719,5.88967],[-73.61127,5.88714],[-73.60818,5.88189],[-73.60527,5.8791],[-73.60261,5.87305],[-73.60016,5.86942],[-73.6016,5.86419],[-73.60358,5.86009],[-73.60503,5.85568],[-73.60732,5.85207],[-73.6077,5.84867],[-73.6114,5.84011],[-73.61679,5.83067],[-73.61739,5.82884],[-73.61893,5.82725],[-73.61987,5.82448],[-73.62027,5.81848],[-73.62245,5.81683],[-73.6228,5.81438],[-73.62399,5.81327],[-73.62433,5.81229],[-73.62367,5.81166],[-73.6233,5.80995],[-73.62415,5.80776],[-73.62389,5.80678],[-73.62437,5.80372],[-73.62575,5.80237],[-73.62752,5.79615],[-73.62772,5.79323],[-73.62839,5.79254],[-73.6285,5.79094],[-73.62925,5.78952],[-73.62753,5.78312],[-73.62631,5.78121],[-73.62623,5.77857],[-73.62029,5.78198],[-73.61853,5.78251],[-73.61614,5.78186],[-73.61385,5.78336],[-73.61254,5.78362],[-73.60908,5.78679],[-73.60769,5.7875],[-73.60588,5.78756],[-73.60336,5.78908],[-73.60262,5.79015],[-73.60081,5.79094],[-73.60005,5.79188],[-73.59937,5.79176],[-73.5979,5.79315],[-73.59661,5.79348],[-73.59513,5.79499],[-73.59389,5.79483],[-73.59305,5.79566],[-73.59273,5.79517],[-73.58959,5.79454],[-73.58901,5.79394],[-73.58837,5.7941],[-73.58864,5.79295],[-73.58816,5.79234],[-73.58658,5.79263],[-73.58485,5.7922],[-73.58477,5.79169],[-73.58559,5.79131],[-73.58283,5.78944],[-73.58097,5.79241],[-73.58284,5.79467],[-73.58278,5.79543],[-73.5803,5.7968],[-73.57965,5.79774],[-73.57945,5.80012],[-73.57827,5.80134],[-73.57693,5.80191],[-73.57617,5.80416],[-73.57628,5.80596],[-73.57427,5.80566],[-73.57383,5.80486],[-73.57251,5.80454],[-73.57005,5.80241],[-73.56815,5.80199],[-73.56684,5.80066],[-73.56657,5.7996],[-73.56397,5.79604],[-73.55582,5.79504],[-73.55334,5.79404],[-73.55111,5.79093],[-73.54876,5.78904],[-73.54724,5.78921],[-73.54521,5.78714],[-73.5426,5.78671],[-73.54178,5.78849],[-73.54015,5.78947],[-73.53761,5.78982],[-73.53629,5.78934],[-73.53519,5.78761],[-73.52963,5.7888],[-73.52771,5.78824],[-73.52679,5.78957],[-73.52674,5.79089],[-73.5245,5.7964],[-73.52386,5.79948],[-73.52017,5.79893],[-73.51658,5.7963],[-73.5164,5.79528],[-73.51529,5.79374],[-73.51182,5.79129],[-73.51131,5.79028],[-73.50824,5.79048],[-73.50764,5.78876],[-73.50558,5.78857],[-73.50485,5.78801],[-73.503,5.78558],[-73.50345,5.78267],[-73.50026,5.77887],[-73.4974,5.78266],[-73.50008,5.78644],[-73.49864,5.78703],[-73.49565,5.79028],[-73.48651,5.80328],[-73.49134,5.8086],[-73.49401,5.80979],[-73.49707,5.81205],[-73.49833,5.81648],[-73.50015,5.81842],[-73.50288,5.82008],[-73.5057,5.82374],[-73.50825,5.8253],[-73.5096,5.82694],[-73.51071,5.82725],[-73.51205,5.82987],[-73.51402,5.83158],[-73.51093,5.83358],[-73.50774,5.83218],[-73.50676,5.83325],[-73.50625,5.83474],[-73.50651,5.83677],[-73.50843,5.83996],[-73.50993,5.84152],[-73.5104,5.8432],[-73.51132,5.84318],[-73.51293,5.84492],[-73.5131,5.84695],[-73.51227,5.84693],[-73.50733,5.84408],[-73.50554,5.84355],[-73.50411,5.84357],[-73.50314,5.84438],[-73.50139,5.84229],[-73.50026,5.8437],[-73.4959,5.84004],[-73.49422,5.84019],[-73.49413,5.8384],[-73.49321,5.83859],[-73.4925,5.83815],[-73.49154,5.83887],[-73.49129,5.83634],[-73.49303,5.83422],[-73.49279,5.83088],[-73.49068,5.8302],[-73.48761,5.82999],[-73.48438,5.82809],[-73.48248,5.82899],[-73.47718,5.82806],[-73.47156,5.8216],[-73.46725,5.82859],[-73.46496,5.83394],[-73.46319,5.8406],[-73.46218,5.84248],[-73.46309,5.84747],[-73.46563,5.84984],[-73.46667,5.85239],[-73.46919,5.85457],[-73.47348,5.85705],[-73.47889,5.85884],[-73.47956,5.86006],[-73.48058,5.86002],[-73.48152,5.86239],[-73.48309,5.86367],[-73.48473,5.86409],[-73.48794,5.86803],[-73.49053,5.87026],[-73.49055,5.87099],[-73.49192,5.8718],[-73.49432,5.87101],[-73.49742,5.87113],[-73.49829,5.87232],[-73.49985,5.87286],[-73.50029,5.8743],[-73.50397,5.87567],[-73.50419,5.87764],[-73.50544,5.87875],[-73.504,5.88041],[-73.504,5.88183],[-73.5061,5.88248],[-73.50653,5.88336],[-73.50748,5.88341],[-73.50762,5.88407],[-73.50635,5.88699],[-73.50689,5.8891],[-73.50636,5.89027],[-73.50649,5.89133],[-73.50704,5.89152],[-73.50833,5.88955],[-73.50968,5.88886],[-73.51168,5.89075],[-73.51235,5.8943],[-73.51635,5.89418],[-73.51743,5.89336],[-73.51925,5.89275],[-73.52031,5.8929],[-73.52137,5.89221],[-73.52448,5.89338],[-73.52451,5.89449],[-73.52548,5.89543],[-73.52603,5.89804],[-73.52718,5.89984],[-73.52865,5.90112],[-73.53056,5.90185],[-73.53183,5.90376],[-73.53252,5.90381],[-73.53353,5.90472],[-73.53529,5.90743],[-73.53767,5.90968],[-73.5408,5.91077],[-73.54222,5.91189],[-73.54291,5.91451],[-73.54224,5.91484],[-73.54131,5.91447],[-73.53928,5.91562],[-73.5371,5.91559],[-73.53289,5.91804],[-73.52842,5.92384],[-73.52774,5.92771],[-73.52812,5.93171],[-73.52695,5.93269],[-73.52747,5.93372],[-73.52694,5.93455],[-73.52823,5.93651],[-73.53042,5.93829],[-73.53012,5.9391],[-73.52834,5.93986],[-73.52799,5.94097],[-73.52954,5.94155],[-73.53203,5.94452],[-73.53477,5.94403],[-73.53472,5.94577],[-73.53798,5.94856],[-73.53995,5.94827],[-73.54178,5.94941],[-73.54488,5.95003],[-73.54571,5.94965],[-73.54718,5.95012],[-73.54907,5.9496],[-73.55014,5.95081],[-73.55287,5.95051],[-73.55552,5.95215],[-73.55999,5.95228],[-73.56227,5.95374],[-73.5631,5.95378],[-73.5643,5.95555],[-73.5679,5.95594],[-73.5695,5.95722],[-73.57122,5.95605],[-73.5731,5.95672],[-73.57438,5.9561],[-73.57543,5.95745],[-73.576,5.95728],[-73.57633,5.95645],[-73.57774,5.95625],[-73.57928,5.95731],[-73.58096,5.9549],[-73.58318,5.95528],[-73.5846,5.95333],[-73.58608,5.95397],[-73.5879,5.95238],[-73.58854,5.95235],[-73.58929,5.95317],[-73.58868,5.95534],[-73.58973,5.95823],[-73.58983,5.96064]]]}},{"type":"Feature","properties":{"codigo":"15476","municipio":"Motavita","provincia":"Centro","predios_urbanos_igac":271,"predios_rurales_igac":3236,"area_km2":60.0,"area_urbana_ha":20.89,"pct_urbano":0.348,"pct_rural":99.652,"pct_de_boyaca":0.259,"jerarquia_urbana":91,"categoria_urbana":"Núcleo urbano básico","valor_agregado":129.14,"empresas_matriculadas":38,"empresas_renovadas":80,"empresas_canceladas":26,"comfaboy_empresas":31,"comfaboy_empleos":310,"pob_0_6":755,"pob_7_14":847,"pob_15_17":290,"pob_18_26":839,"pob_27_59":2398,"pob_60_mas":892,"hombres":2963,"mujeres":3058,"poblacion":6021,"captaciones":129.42,"colocaciones":350.08,"finagro":9421.74,"bancoldex":24.12,"icm_puesto":null,"produccion_agricola_ton":28045.39,"bovinos":8065,"icfes":240.5,"matricula_escolar":859,"establecimientos_educativos":4,"ips":1,"camas":0,"regimen_contributivo":595,"regimen_especial":7,"regimen_subsidiado":3625,"acueductos":5,"riesgo_agua":"Bajo","eventos_riesgo":4,"densidad_hab_km2":100.35,"valor_agregado_por_hab_millones":21.448,"pred_urbanos":271,"pred_vivienda_rural":13,"pred_agropecuarios":3223,"pred_atipicos":0,"ha_urbana_predios":18.72,"ha_vivienda_rural":0.22,"ha_agropecuaria":5904.1},"geometry":{"type":"Polygon","coordinates":[[[-73.38169,5.67248],[-73.38227,5.6703],[-73.38234,5.66739],[-73.38305,5.6654],[-73.38183,5.66089],[-73.38346,5.65644],[-73.38421,5.65536],[-73.38479,5.65568],[-73.38648,5.65411],[-73.39021,5.65006],[-73.39053,5.64914],[-73.39006,5.64877],[-73.39012,5.64581],[-73.39064,5.64472],[-73.39557,5.63984],[-73.39916,5.63822],[-73.4027,5.63452],[-73.40569,5.63004],[-73.40622,5.62844],[-73.40646,5.62715],[-73.40538,5.6249],[-73.40551,5.62354],[-73.40659,5.62327],[-73.40797,5.62201],[-73.41062,5.61717],[-73.41114,5.617],[-73.40968,5.61506],[-73.40953,5.61384],[-73.40681,5.61262],[-73.40619,5.61176],[-73.40617,5.60782],[-73.40144,5.59975],[-73.40121,5.59828],[-73.39977,5.59608],[-73.39964,5.59391],[-73.39905,5.59383],[-73.39743,5.59086],[-73.39568,5.58962],[-73.39527,5.58825],[-73.39542,5.58667],[-73.3978,5.58406],[-73.40099,5.58182],[-73.40342,5.5785],[-73.40846,5.57359],[-73.41198,5.5669],[-73.41006,5.56651],[-73.40943,5.56533],[-73.40836,5.56507],[-73.40776,5.56372],[-73.40573,5.56284],[-73.40556,5.56236],[-73.40391,5.56259],[-73.40225,5.56187],[-73.40039,5.55964],[-73.39964,5.55953],[-73.39831,5.56042],[-73.39606,5.56086],[-73.39486,5.55972],[-73.39418,5.55981],[-73.39281,5.55796],[-73.3909,5.55734],[-73.38908,5.55896],[-73.38838,5.55891],[-73.38823,5.55954],[-73.38679,5.56069],[-73.38626,5.56026],[-73.38492,5.56156],[-73.38198,5.56045],[-73.38175,5.55957],[-73.37961,5.55869],[-73.37914,5.55891],[-73.37887,5.55831],[-73.37372,5.55914],[-73.3725,5.55832],[-73.37153,5.5586],[-73.37102,5.55805],[-73.36952,5.559],[-73.36565,5.55911],[-73.36518,5.5581],[-73.36366,5.55824],[-73.36204,5.55567],[-73.36153,5.55897],[-73.3588,5.56405],[-73.35839,5.56586],[-73.35708,5.56762],[-73.35615,5.57259],[-73.35433,5.57259],[-73.35281,5.57512],[-73.35123,5.57459],[-73.3495,5.57725],[-73.3456,5.57679],[-73.34496,5.57896],[-73.34253,5.58303],[-73.3403,5.58529],[-73.33975,5.587],[-73.33901,5.58707],[-73.33984,5.58787],[-73.34295,5.59361],[-73.34333,5.59931],[-73.34499,5.60329],[-73.34453,5.60489],[-73.35163,5.61196],[-73.35255,5.61155],[-73.35552,5.61387],[-73.35723,5.61648],[-73.35684,5.61717],[-73.35763,5.61779],[-73.35756,5.61825],[-73.35844,5.61776],[-73.35968,5.61944],[-73.36062,5.62181],[-73.3579,5.62432],[-73.3576,5.62531],[-73.35937,5.63045],[-73.36311,5.62927],[-73.36483,5.63741],[-73.36379,5.6402],[-73.36502,5.64317],[-73.36249,5.64483],[-73.36239,5.64767],[-73.36069,5.65314],[-73.36074,5.66044],[-73.36283,5.66324],[-73.36349,5.66505],[-73.36669,5.66692],[-73.37021,5.6688],[-73.38169,5.67248]]]}},{"type":"Feature","properties":{"codigo":"15480","municipio":"Muzo","provincia":"Occidente","predios_urbanos_igac":1387,"predios_rurales_igac":0,"area_km2":137.91,"area_urbana_ha":95.51,"pct_urbano":0.693,"pct_rural":99.307,"pct_de_boyaca":0.596,"jerarquia_urbana":20,"categoria_urbana":"Centro urbano local","valor_agregado":154.63,"empresas_matriculadas":69,"empresas_renovadas":271,"empresas_canceladas":69,"comfaboy_empresas":33,"comfaboy_empleos":180,"pob_0_6":824,"pob_7_14":1134,"pob_15_17":435,"pob_18_26":1264,"pob_27_59":3985,"pob_60_mas":1452,"hombres":4866,"mujeres":4228,"poblacion":9094,"captaciones":81836.59,"colocaciones":22962.42,"finagro":2248.7,"bancoldex":6.64,"icm_puesto":null,"produccion_agricola_ton":8500.98,"bovinos":7388,"icfes":252,"matricula_escolar":1407,"establecimientos_educativos":4,"ips":3,"camas":8,"regimen_contributivo":1240,"regimen_especial":41,"regimen_subsidiado":5881,"acueductos":4,"riesgo_agua":"Medio","eventos_riesgo":5,"densidad_hab_km2":65.94,"valor_agregado_por_hab_millones":17.004,"pred_urbanos":1387,"pred_vivienda_rural":0,"pred_agropecuarios":0,"pred_atipicos":0,"ha_urbana_predios":87.12,"ha_vivienda_rural":0.0,"ha_agropecuaria":0.0},"geometry":{"type":"Polygon","coordinates":[[[-74.11822,5.60933],[-74.11914,5.60906],[-74.11993,5.60732],[-74.12179,5.60789],[-74.12296,5.6072],[-74.12329,5.60576],[-74.12393,5.60624],[-74.12501,5.60567],[-74.12516,5.60269],[-74.12633,5.60318],[-74.1274,5.60174],[-74.12874,5.60157],[-74.13068,5.60026],[-74.13203,5.59698],[-74.13332,5.59588],[-74.13514,5.59609],[-74.13706,5.5971],[-74.1395,5.59566],[-74.14171,5.59661],[-74.14467,5.59551],[-74.1492,5.59788],[-74.14987,5.59728],[-74.15214,5.5973],[-74.15729,5.59537],[-74.15863,5.59624],[-74.16008,5.59501],[-74.16163,5.59793],[-74.16148,5.59665],[-74.1622,5.59388],[-74.16181,5.59257],[-74.16202,5.59091],[-74.16061,5.58905],[-74.16205,5.58752],[-74.16202,5.58605],[-74.16454,5.58323],[-74.1649,5.57923],[-74.16422,5.57578],[-74.1626,5.57422],[-74.16371,5.57165],[-74.16369,5.56783],[-74.16063,5.5635],[-74.15994,5.56162],[-74.15983,5.5577],[-74.15736,5.55378],[-74.15943,5.55235],[-74.15944,5.55135],[-74.16012,5.55102],[-74.16136,5.54842],[-74.16077,5.54744],[-74.15844,5.54704],[-74.1581,5.54652],[-74.15645,5.54839],[-74.15558,5.54823],[-74.15394,5.54609],[-74.15314,5.54419],[-74.15137,5.54354],[-74.15139,5.54202],[-74.14951,5.54074],[-74.14478,5.53873],[-74.14387,5.53753],[-74.1433,5.53497],[-74.1422,5.53314],[-74.13645,5.53137],[-74.1346,5.53002],[-74.13367,5.5283],[-74.13198,5.52815],[-74.13015,5.52876],[-74.12917,5.52681],[-74.13054,5.52165],[-74.13041,5.51826],[-74.13251,5.51558],[-74.13255,5.51298],[-74.13327,5.51031],[-74.13422,5.50963],[-74.13384,5.50744],[-74.13435,5.50707],[-74.13472,5.50487],[-74.13562,5.50323],[-74.13695,5.50264],[-74.13881,5.50062],[-74.14078,5.50034],[-74.1419,5.49941],[-74.14306,5.50003],[-74.14366,5.49973],[-74.1443,5.49743],[-74.14536,5.49653],[-74.1456,5.49453],[-74.14718,5.49378],[-74.14833,5.49108],[-74.14799,5.48992],[-74.14917,5.48892],[-74.14879,5.48758],[-74.1478,5.48693],[-74.14771,5.48599],[-74.15015,5.48578],[-74.15173,5.4829],[-74.15766,5.47783],[-74.16214,5.47614],[-74.16551,5.47602],[-74.16657,5.47504],[-74.1703,5.47488],[-74.17297,5.47367],[-74.17404,5.47142],[-74.17592,5.47061],[-74.17432,5.46558],[-74.17656,5.46343],[-74.1762,5.46249],[-74.17392,5.46108],[-74.1739,5.45986],[-74.1722,5.46052],[-74.17117,5.46014],[-74.17034,5.45833],[-74.1687,5.45731],[-74.16779,5.4554],[-74.16455,5.45337],[-74.16404,5.45216],[-74.1624,5.45102],[-74.16196,5.4495],[-74.16097,5.44926],[-74.16066,5.44777],[-74.15864,5.44806],[-74.15576,5.44722],[-74.15446,5.44788],[-74.15395,5.4473],[-74.15392,5.44592],[-74.15093,5.44432],[-74.14988,5.44491],[-74.14816,5.44821],[-74.14647,5.44858],[-74.14591,5.44797],[-74.14391,5.44848],[-74.14246,5.44745],[-74.13986,5.44689],[-74.13965,5.44622],[-74.13866,5.44632],[-74.13838,5.44443],[-74.13751,5.44389],[-74.13693,5.44273],[-74.13668,5.43882],[-74.13456,5.43685],[-74.13362,5.4374],[-74.13283,5.4366],[-74.13187,5.43649],[-74.13258,5.43569],[-74.13108,5.43159],[-74.12879,5.42995],[-74.12547,5.42897],[-74.12339,5.42897],[-74.12292,5.42943],[-74.12246,5.43547],[-74.12087,5.43897],[-74.12091,5.44556],[-74.11638,5.4577],[-74.11473,5.46052],[-74.11346,5.46466],[-74.1131,5.46697],[-74.1162,5.47032],[-74.1173,5.47298],[-74.11641,5.47409],[-74.11262,5.47336],[-74.11054,5.47355],[-74.10722,5.47186],[-74.10442,5.47198],[-74.09792,5.46985],[-74.09693,5.47064],[-74.09675,5.47605],[-74.0953,5.47847],[-74.09124,5.48079],[-74.08915,5.48135],[-74.08784,5.48249],[-74.08576,5.48196],[-74.08439,5.48222],[-74.07757,5.48556],[-74.07678,5.48779],[-74.07396,5.4897],[-74.07231,5.49253],[-74.07091,5.49333],[-74.07025,5.49437],[-74.06955,5.49478],[-74.06748,5.49445],[-74.0664,5.49746],[-74.06502,5.499],[-74.06389,5.4991],[-74.06327,5.49835],[-74.06259,5.49833],[-74.06088,5.5005],[-74.05962,5.50056],[-74.05913,5.50156],[-74.0586,5.50156],[-74.05535,5.49899],[-74.05393,5.49937],[-74.05368,5.49611],[-74.0522,5.49538],[-74.05111,5.4961],[-74.05052,5.4976],[-74.04938,5.49803],[-74.04967,5.49915],[-74.04864,5.49913],[-74.04783,5.49854],[-74.04699,5.49972],[-74.04728,5.5008],[-74.04936,5.5013],[-74.05122,5.5031],[-74.05187,5.50551],[-74.0534,5.50813],[-74.05308,5.51116],[-74.05433,5.51286],[-74.05543,5.5132],[-74.0538,5.51461],[-74.05537,5.51751],[-74.05674,5.51882],[-74.05459,5.52283],[-74.05645,5.52321],[-74.05852,5.5251],[-74.06,5.52446],[-74.06136,5.5254],[-74.06135,5.52669],[-74.05973,5.53021],[-74.06083,5.53047],[-74.0606,5.53167],[-74.06112,5.53256],[-74.06185,5.53252],[-74.06274,5.5317],[-74.06351,5.53178],[-74.06579,5.53391],[-74.06997,5.53527],[-74.07277,5.53783],[-74.07546,5.53894],[-74.07569,5.54248],[-74.0748,5.54381],[-74.07584,5.54658],[-74.07676,5.54707],[-74.07679,5.54853],[-74.07778,5.54972],[-74.07891,5.55263],[-74.07872,5.55689],[-74.07941,5.56016],[-74.08178,5.56247],[-74.08262,5.56458],[-74.08423,5.56584],[-74.08508,5.56743],[-74.08728,5.56814],[-74.08879,5.5678],[-74.08978,5.57103],[-74.09302,5.57132],[-74.09212,5.57324],[-74.09215,5.57596],[-74.09255,5.57673],[-74.09176,5.5781],[-74.09509,5.58252],[-74.09527,5.5845],[-74.09306,5.58698],[-74.09093,5.58661],[-74.09004,5.587],[-74.08988,5.58761],[-74.09183,5.58882],[-74.09269,5.59093],[-74.0903,5.59262],[-74.09114,5.59536],[-74.09233,5.59644],[-74.09209,5.59744],[-74.0887,5.59694],[-74.08722,5.59763],[-74.08735,5.59871],[-74.08904,5.6001],[-74.08864,5.60316],[-74.09006,5.60228],[-74.09022,5.60012],[-74.09221,5.60153],[-74.09428,5.60084],[-74.09542,5.60216],[-74.09665,5.60231],[-74.09898,5.60354],[-74.1,5.60571],[-74.10207,5.60493],[-74.10453,5.60511],[-74.10621,5.60574],[-74.10737,5.60685],[-74.10959,5.60417],[-74.11088,5.60516],[-74.11274,5.60507],[-74.11536,5.60628],[-74.11699,5.60906],[-74.11754,5.60909],[-74.11796,5.60835],[-74.11822,5.60933]]]}},{"type":"Feature","properties":{"codigo":"15491","municipio":"Nobsa","provincia":"Sugamuxi","predios_urbanos_igac":2903,"predios_rurales_igac":4239,"area_km2":55.44,"area_urbana_ha":445.76,"pct_urbano":8.041,"pct_rural":91.959,"pct_de_boyaca":0.24,"jerarquia_urbana":6,"categoria_urbana":"Ciudad intermedia","valor_agregado":2181.66,"empresas_matriculadas":174,"empresas_renovadas":761,"empresas_canceladas":36,"comfaboy_empresas":186,"comfaboy_empleos":4051,"pob_0_6":1613,"pob_7_14":1988,"pob_15_17":787,"pob_18_26":2479,"pob_27_59":7665,"pob_60_mas":2802,"hombres":8369,"mujeres":8965,"poblacion":17334,"captaciones":5537.24,"colocaciones":9669.32,"finagro":5354.74,"bancoldex":386.24,"icm_puesto":1,"produccion_agricola_ton":8986.22,"bovinos":2083,"icfes":297.25,"matricula_escolar":3447,"establecimientos_educativos":9,"ips":6,"camas":0,"regimen_contributivo":3818,"regimen_especial":10,"regimen_subsidiado":5507,"acueductos":7,"riesgo_agua":"Bajo","eventos_riesgo":2,"densidad_hab_km2":312.66,"valor_agregado_por_hab_millones":125.86,"pred_urbanos":2903,"pred_vivienda_rural":877,"pred_agropecuarios":3362,"pred_atipicos":0,"ha_urbana_predios":422.08,"ha_vivienda_rural":10.31,"ha_agropecuaria":4937.42},"geometry":{"type":"Polygon","coordinates":[[[-72.90467,5.76063],[-72.90347,5.76041],[-72.90221,5.76129],[-72.89973,5.76178],[-72.89991,5.76097],[-72.89916,5.76046],[-72.89831,5.7617],[-72.89728,5.76],[-72.89872,5.75853],[-72.89785,5.75791],[-72.89699,5.75844],[-72.8958,5.75825],[-72.89531,5.75855],[-72.89531,5.75987],[-72.89381,5.76022],[-72.89389,5.76167],[-72.89253,5.76326],[-72.88983,5.76301],[-72.88853,5.76354],[-72.88608,5.76259],[-72.8843,5.76381],[-72.88284,5.76537],[-72.88336,5.76769],[-72.88206,5.76745],[-72.88246,5.76828],[-72.88152,5.76836],[-72.88327,5.7695],[-72.88247,5.77],[-72.87891,5.7712],[-72.87512,5.77051],[-72.87361,5.77291],[-72.87321,5.77266],[-72.87278,5.77354],[-72.87689,5.77587],[-72.87566,5.77631],[-72.87396,5.77546],[-72.87776,5.78549],[-72.87808,5.78836],[-72.87676,5.79385],[-72.87883,5.79521],[-72.88083,5.79572],[-72.88398,5.79416],[-72.88575,5.79421],[-72.88635,5.79376],[-72.89226,5.79655],[-72.89668,5.79535],[-72.90181,5.80101],[-72.90297,5.80148],[-72.90754,5.80086],[-72.91284,5.79767],[-72.91482,5.79921],[-72.91742,5.80031],[-72.92042,5.80008],[-72.92684,5.80102],[-72.93341,5.79885],[-72.93663,5.79997],[-72.93801,5.80315],[-72.93869,5.80377],[-72.94298,5.80423],[-72.94357,5.8052],[-72.94325,5.80659],[-72.9501,5.80842],[-72.95419,5.8079],[-72.95563,5.80659],[-72.95703,5.80639],[-72.9611,5.80428],[-72.96431,5.80369],[-72.96719,5.80188],[-72.969,5.80189],[-72.97058,5.8027],[-72.97452,5.80331],[-72.9752,5.80319],[-72.97656,5.80177],[-72.98006,5.80145],[-72.9824,5.80056],[-72.97889,5.78836],[-72.98658,5.78578],[-72.98565,5.78303],[-72.98276,5.78188],[-72.97884,5.77659],[-72.97717,5.77668],[-72.97618,5.77598],[-72.97479,5.77162],[-72.97381,5.77074],[-72.97411,5.76948],[-72.97229,5.76787],[-72.97273,5.76637],[-72.97159,5.76308],[-72.97265,5.76192],[-72.97113,5.75912],[-72.97147,5.75621],[-72.9703,5.75546],[-72.96953,5.75383],[-72.9669,5.75453],[-72.96658,5.75286],[-72.96445,5.75293],[-72.96326,5.75025],[-72.9619,5.7499],[-72.96046,5.75023],[-72.95836,5.74773],[-72.95795,5.74657],[-72.95951,5.74503],[-72.95915,5.74416],[-72.95738,5.74424],[-72.95653,5.74531],[-72.95465,5.74457],[-72.95445,5.74604],[-72.95153,5.74639],[-72.95238,5.74768],[-72.95183,5.74803],[-72.94975,5.74782],[-72.94841,5.7462],[-72.94736,5.74604],[-72.94697,5.74668],[-72.94753,5.74845],[-72.94719,5.74873],[-72.94643,5.7488],[-72.94472,5.74611],[-72.94451,5.74704],[-72.94161,5.74897],[-72.9406,5.75016],[-72.93823,5.75103],[-72.93536,5.75095],[-72.93325,5.75439],[-72.93238,5.75493],[-72.9318,5.75429],[-72.93133,5.75439],[-72.92962,5.75708],[-72.92853,5.75743],[-72.92821,5.75929],[-72.92682,5.75772],[-72.92597,5.75797],[-72.92503,5.75916],[-72.92408,5.75784],[-72.92326,5.75769],[-72.92221,5.75924],[-72.92106,5.75839],[-72.91224,5.75752],[-72.90467,5.76063]]]}},{"type":"Feature","properties":{"codigo":"15494","municipio":"Nuevo Colón","provincia":"Márquez","predios_urbanos_igac":476,"predios_rurales_igac":4497,"area_km2":51.41,"area_urbana_ha":30.78,"pct_urbano":0.599,"pct_rural":99.401,"pct_de_boyaca":0.222,"jerarquia_urbana":70,"categoria_urbana":"Centro urbano local","valor_agregado":178.35,"empresas_matriculadas":19,"empresas_renovadas":122,"empresas_canceladas":21,"comfaboy_empresas":24,"comfaboy_empleos":57,"pob_0_6":506,"pob_7_14":666,"pob_15_17":253,"pob_18_26":608,"pob_27_59":2265,"pob_60_mas":1195,"hombres":2834,"mujeres":2659,"poblacion":5493,"captaciones":7173.78,"colocaciones":20680.19,"finagro":5577.19,"bancoldex":27.9,"icm_puesto":null,"produccion_agricola_ton":22974.13,"bovinos":3129,"icfes":257,"matricula_escolar":826,"establecimientos_educativos":3,"ips":2,"camas":0,"regimen_contributivo":309,"regimen_especial":9,"regimen_subsidiado":3970,"acueductos":8,"riesgo_agua":"Medio","eventos_riesgo":9,"densidad_hab_km2":106.85,"valor_agregado_por_hab_millones":32.469,"pred_urbanos":476,"pred_vivienda_rural":131,"pred_agropecuarios":4365,"pred_atipicos":1,"ha_urbana_predios":27.3,"ha_vivienda_rural":1.6,"ha_agropecuaria":4976.61},"geometry":{"type":"Polygon","coordinates":[[[-73.43642,5.41565],[-73.44092,5.41515],[-73.44107,5.409],[-73.44034,5.40638],[-73.44079,5.40479],[-73.44184,5.40462],[-73.44207,5.40413],[-73.44234,5.3998],[-73.44201,5.39787],[-73.44267,5.39563],[-73.44326,5.39491],[-73.44502,5.39419],[-73.44589,5.3927],[-73.44753,5.38679],[-73.44889,5.38627],[-73.44954,5.38485],[-73.45162,5.38738],[-73.45331,5.3867],[-73.45463,5.3856],[-73.46063,5.37757],[-73.46173,5.37756],[-73.46272,5.37836],[-73.46728,5.37878],[-73.47009,5.3766],[-73.47259,5.37262],[-73.47676,5.37008],[-73.47765,5.3701],[-73.47905,5.36423],[-73.47924,5.36075],[-73.48114,5.35833],[-73.48155,5.35423],[-73.47977,5.35121],[-73.47274,5.34706],[-73.47162,5.34463],[-73.47128,5.34082],[-73.46994,5.33838],[-73.46833,5.33205],[-73.47211,5.32577],[-73.47187,5.32296],[-73.47116,5.32205],[-73.47066,5.31974],[-73.46864,5.31742],[-73.47401,5.31125],[-73.47435,5.31025],[-73.47408,5.30809],[-73.47469,5.30563],[-73.47642,5.30202],[-73.48011,5.29708],[-73.48067,5.29377],[-73.478,5.28944],[-73.47496,5.29065],[-73.471,5.29429],[-73.46796,5.29498],[-73.46655,5.29191],[-73.46564,5.29208],[-73.46507,5.29102],[-73.46185,5.2939],[-73.46019,5.29385],[-73.45826,5.29542],[-73.45595,5.29956],[-73.45303,5.30187],[-73.45172,5.30421],[-73.45176,5.30917],[-73.45458,5.31001],[-73.45091,5.31267],[-73.45131,5.31455],[-73.44921,5.31604],[-73.44785,5.31887],[-73.44692,5.32453],[-73.44817,5.32699],[-73.44645,5.32791],[-73.44323,5.32778],[-73.44014,5.33024],[-73.43469,5.33568],[-73.43461,5.33734],[-73.43271,5.33781],[-73.42978,5.34052],[-73.42503,5.34641],[-73.42185,5.35228],[-73.41872,5.35538],[-73.41808,5.36122],[-73.4166,5.363],[-73.4192,5.36676],[-73.41839,5.36875],[-73.41846,5.37197],[-73.41891,5.37289],[-73.41781,5.37418],[-73.41514,5.3796],[-73.41786,5.38412],[-73.41986,5.39067],[-73.41961,5.39246],[-73.42135,5.39968],[-73.42168,5.40387],[-73.4277,5.40977],[-73.42891,5.41017],[-73.43012,5.40957],[-73.43236,5.40975],[-73.43362,5.41059],[-73.4344,5.41218],[-73.43569,5.41321],[-73.43586,5.41516],[-73.43642,5.41565]]]}},{"type":"Feature","properties":{"codigo":"15500","municipio":"Oicatá","provincia":"Centro","predios_urbanos_igac":303,"predios_rurales_igac":2524,"area_km2":60.33,"area_urbana_ha":15.9,"pct_urbano":0.263,"pct_rural":99.737,"pct_de_boyaca":0.261,"jerarquia_urbana":103,"categoria_urbana":"Núcleo urbano básico","valor_agregado":56.61,"empresas_matriculadas":29,"empresas_renovadas":80,"empresas_canceladas":18,"comfaboy_empresas":25,"comfaboy_empleos":137,"pob_0_6":298,"pob_7_14":376,"pob_15_17":145,"pob_18_26":403,"pob_27_59":1209,"pob_60_mas":616,"hombres":1540,"mujeres":1507,"poblacion":3047,"captaciones":7540.27,"colocaciones":156.48,"finagro":2739.46,"bancoldex":76.82,"icm_puesto":null,"produccion_agricola_ton":5338.87,"bovinos":5858,"icfes":282,"matricula_escolar":485,"establecimientos_educativos":3,"ips":3,"camas":74,"regimen_contributivo":465,"regimen_especial":3,"regimen_subsidiado":1480,"acueductos":3,"riesgo_agua":"Bajo","eventos_riesgo":3,"densidad_hab_km2":50.51,"valor_agregado_por_hab_millones":18.579,"pred_urbanos":303,"pred_vivienda_rural":20,"pred_agropecuarios":2504,"pred_atipicos":0,"ha_urbana_predios":13.13,"ha_vivienda_rural":0.45,"ha_agropecuaria":5907.05},"geometry":{"type":"Polygon","coordinates":[[[-73.26726,5.66452],[-73.26861,5.66058],[-73.2692,5.66016],[-73.27003,5.66038],[-73.26983,5.65946],[-73.27028,5.65847],[-73.272,5.65749],[-73.27333,5.65748],[-73.27416,5.65649],[-73.27658,5.656],[-73.27706,5.6552],[-73.27808,5.65592],[-73.27882,5.65314],[-73.27849,5.65222],[-73.28165,5.65164],[-73.28256,5.65087],[-73.28326,5.64908],[-73.28505,5.6494],[-73.28555,5.64748],[-73.28653,5.6472],[-73.2867,5.64575],[-73.28819,5.64469],[-73.28965,5.64179],[-73.29216,5.63874],[-73.29554,5.63613],[-73.30028,5.62995],[-73.30549,5.62718],[-73.3146,5.61744],[-73.31794,5.61541],[-73.31699,5.61476],[-73.31865,5.61128],[-73.31989,5.60697],[-73.32177,5.59781],[-73.32613,5.58948],[-73.3253,5.58687],[-73.32464,5.58626],[-73.32567,5.58413],[-73.32617,5.58162],[-73.32733,5.58024],[-73.32667,5.57919],[-73.32599,5.58022],[-73.3249,5.58042],[-73.32436,5.58149],[-73.32152,5.58323],[-73.31992,5.58036],[-73.31878,5.58036],[-73.31804,5.57951],[-73.31748,5.58026],[-73.31648,5.57957],[-73.31599,5.57805],[-73.31625,5.57726],[-73.31495,5.57659],[-73.31486,5.57606],[-73.31408,5.57589],[-73.31242,5.57426],[-73.3105,5.57433],[-73.30947,5.57306],[-73.30892,5.57325],[-73.30709,5.571],[-73.30683,5.56964],[-73.30576,5.57108],[-73.3026,5.57247],[-73.29906,5.57274],[-73.29613,5.57432],[-73.28965,5.57552],[-73.28807,5.57717],[-73.2854,5.57797],[-73.28196,5.58015],[-73.27073,5.57677],[-73.26647,5.57575],[-73.26572,5.57602],[-73.26443,5.57541],[-73.26158,5.57623],[-73.25664,5.57963],[-73.25279,5.58048],[-73.25259,5.58185],[-73.2513,5.58294],[-73.25122,5.58482],[-73.2498,5.58575],[-73.24892,5.5871],[-73.25056,5.59427],[-73.25005,5.59765],[-73.24825,5.59923],[-73.24788,5.60106],[-73.24687,5.60224],[-73.2468,5.60525],[-73.24496,5.60674],[-73.24386,5.60884],[-73.24372,5.61032],[-73.24283,5.61142],[-73.24137,5.61163],[-73.2397,5.61102],[-73.23782,5.61286],[-73.23608,5.61367],[-73.23478,5.6173],[-73.23394,5.61827],[-73.23304,5.62106],[-73.23333,5.62317],[-73.23177,5.62666],[-73.23832,5.62778],[-73.2409,5.62897],[-73.24297,5.63113],[-73.24497,5.6275],[-73.24703,5.62892],[-73.24806,5.63064],[-73.24967,5.63129],[-73.25313,5.63405],[-73.25574,5.63763],[-73.25703,5.64028],[-73.25658,5.64215],[-73.25745,5.64574],[-73.25614,5.65191],[-73.2555,5.65316],[-73.25632,5.65535],[-73.25597,5.6566],[-73.26137,5.65945],[-73.26492,5.66209],[-73.26526,5.66319],[-73.26726,5.66452]]]}},{"type":"Feature","properties":{"codigo":"15507","municipio":"Otanche","provincia":"Occidente","predios_urbanos_igac":868,"predios_rurales_igac":2290,"area_km2":475.05,"area_urbana_ha":43.2,"pct_urbano":0.091,"pct_rural":99.909,"pct_de_boyaca":2.054,"jerarquia_urbana":47,"categoria_urbana":"Centro urbano local","valor_agregado":130.51,"empresas_matriculadas":102,"empresas_renovadas":308,"empresas_canceladas":106,"comfaboy_empresas":31,"comfaboy_empleos":283,"pob_0_6":875,"pob_7_14":1176,"pob_15_17":440,"pob_18_26":1113,"pob_27_59":3657,"pob_60_mas":1352,"hombres":4418,"mujeres":4195,"poblacion":8613,"captaciones":47144.59,"colocaciones":19662.97,"finagro":3902.37,"bancoldex":61.42,"icm_puesto":null,"produccion_agricola_ton":6973.15,"bovinos":15964,"icfes":219.33,"matricula_escolar":1318,"establecimientos_educativos":3,"ips":2,"camas":4,"regimen_contributivo":1096,"regimen_especial":59,"regimen_subsidiado":5481,"acueductos":3,"riesgo_agua":"Medio","eventos_riesgo":3,"densidad_hab_km2":18.13,"valor_agregado_por_hab_millones":15.153,"pred_urbanos":868,"pred_vivienda_rural":125,"pred_agropecuarios":2164,"pred_atipicos":1,"ha_urbana_predios":35.89,"ha_vivienda_rural":2.15,"ha_agropecuaria":46928.34},"geometry":{"type":"Polygon","coordinates":[[[-74.17964,5.91068],[-74.18042,5.91109],[-74.18149,5.91035],[-74.18426,5.91037],[-74.18667,5.90726],[-74.1864,5.90639],[-74.18551,5.90696],[-74.18301,5.90536],[-74.18296,5.90479],[-74.18422,5.90367],[-74.18419,5.90102],[-74.18464,5.90061],[-74.18523,5.9015],[-74.18588,5.90134],[-74.18631,5.89937],[-74.18732,5.89877],[-74.18695,5.89553],[-74.18905,5.89163],[-74.19012,5.89059],[-74.19012,5.88968],[-74.18908,5.88801],[-74.1897,5.88633],[-74.18963,5.88421],[-74.19355,5.87896],[-74.19607,5.87763],[-74.19801,5.8779],[-74.20007,5.87666],[-74.19888,5.87535],[-74.20069,5.87446],[-74.19932,5.8734],[-74.19905,5.86984],[-74.19536,5.86726],[-74.1942,5.86486],[-74.19436,5.85853],[-74.19518,5.8557],[-74.1973,5.85294],[-74.20013,5.85148],[-74.20325,5.85133],[-74.20487,5.8529],[-74.20624,5.85626],[-74.20737,5.85602],[-74.2084,5.85394],[-74.20998,5.85375],[-74.21114,5.85417],[-74.21203,5.85354],[-74.21475,5.85384],[-74.21513,5.85276],[-74.21468,5.85164],[-74.21616,5.85211],[-74.21654,5.85019],[-74.21727,5.84976],[-74.21899,5.85055],[-74.21966,5.84916],[-74.22109,5.84896],[-74.22103,5.84793],[-74.2189,5.84654],[-74.2194,5.84567],[-74.22145,5.84679],[-74.22304,5.8464],[-74.22476,5.84685],[-74.2238,5.8452],[-74.22534,5.8447],[-74.22563,5.84392],[-74.22529,5.84273],[-74.22641,5.84269],[-74.22677,5.84206],[-74.2267,5.84063],[-74.22567,5.83909],[-74.23004,5.83856],[-74.23182,5.83581],[-74.23385,5.83608],[-74.23876,5.83459],[-74.24076,5.83485],[-74.24422,5.83348],[-74.24598,5.83372],[-74.24788,5.83327],[-74.24994,5.83381],[-74.25241,5.83345],[-74.2573,5.83381],[-74.25947,5.83482],[-74.26341,5.83389],[-74.26608,5.83459],[-74.26641,5.83319],[-74.2633,5.82829],[-74.26257,5.82569],[-74.26351,5.82167],[-74.26289,5.81906],[-74.26177,5.81715],[-74.26218,5.81545],[-74.26317,5.81414],[-74.26473,5.80796],[-74.27021,5.80424],[-74.27088,5.80336],[-74.27221,5.7921],[-74.27392,5.79042],[-74.27485,5.78728],[-74.27654,5.78569],[-74.27863,5.78511],[-74.27979,5.7841],[-74.28365,5.77762],[-74.28483,5.77697],[-74.28698,5.77454],[-74.28833,5.77112],[-74.28889,5.76735],[-74.29076,5.76529],[-74.29168,5.76324],[-74.29273,5.76301],[-74.29518,5.76428],[-74.29693,5.76408],[-74.29706,5.76282],[-74.29506,5.76214],[-74.29405,5.75973],[-74.2957,5.75691],[-74.29586,5.75457],[-74.29308,5.75186],[-74.29115,5.75166],[-74.29045,5.74999],[-74.28889,5.75001],[-74.28872,5.74872],[-74.28717,5.74649],[-74.28723,5.74549],[-74.28936,5.74402],[-74.2914,5.74033],[-74.29183,5.73775],[-74.29166,5.73524],[-74.29542,5.73409],[-74.29736,5.73175],[-74.29756,5.72922],[-74.2984,5.7276],[-74.29981,5.72608],[-74.30219,5.72468],[-74.30209,5.72381],[-74.30034,5.72224],[-74.30173,5.72077],[-74.30101,5.71628],[-74.30131,5.71522],[-74.30424,5.71151],[-74.30399,5.70923],[-74.30131,5.70776],[-74.30196,5.70465],[-74.29961,5.70658],[-74.29669,5.70651],[-74.295,5.70496],[-74.29624,5.70349],[-74.29373,5.70326],[-74.29296,5.70147],[-74.29126,5.70137],[-74.28912,5.70192],[-74.28644,5.70076],[-74.28429,5.70126],[-74.28389,5.70073],[-74.28401,5.69961],[-74.28213,5.69953],[-74.28159,5.69759],[-74.28034,5.69895],[-74.27925,5.69921],[-74.27887,5.69873],[-74.27926,5.69745],[-74.27756,5.69694],[-74.27714,5.69636],[-74.27853,5.69484],[-74.27847,5.69354],[-74.27641,5.6928],[-74.27598,5.69219],[-74.27617,5.69183],[-74.27732,5.69196],[-74.27741,5.69059],[-74.27836,5.69033],[-74.27814,5.68833],[-74.28052,5.68773],[-74.28101,5.68712],[-74.28084,5.68622],[-74.27897,5.68493],[-74.28143,5.68379],[-74.28106,5.68132],[-74.28286,5.68036],[-74.28375,5.67899],[-74.28255,5.67495],[-74.28322,5.6747],[-74.28449,5.67565],[-74.28504,5.67507],[-74.28523,5.67304],[-74.28367,5.67279],[-74.28329,5.67214],[-74.28388,5.66919],[-74.28559,5.67052],[-74.28639,5.67011],[-74.28582,5.66865],[-74.28417,5.66759],[-74.28532,5.66505],[-74.28515,5.66371],[-74.2863,5.66245],[-74.28731,5.66209],[-74.28903,5.66387],[-74.29038,5.66292],[-74.29251,5.66372],[-74.29346,5.66209],[-74.29214,5.66126],[-74.29209,5.66077],[-74.29315,5.66056],[-74.2954,5.65863],[-74.297,5.65615],[-74.29851,5.65586],[-74.29934,5.65504],[-74.30062,5.6557],[-74.3011,5.65421],[-74.30015,5.65236],[-74.30046,5.65188],[-74.30274,5.6515],[-74.30351,5.65307],[-74.30411,5.65317],[-74.30546,5.65172],[-74.30477,5.64914],[-74.3077,5.64852],[-74.30864,5.64708],[-74.30761,5.64344],[-74.30613,5.64292],[-74.30651,5.64181],[-74.30604,5.64134],[-74.30644,5.64026],[-74.30617,5.63844],[-74.30211,5.63777],[-74.30194,5.63921],[-74.30061,5.63842],[-74.29969,5.6385],[-74.29851,5.63735],[-74.29784,5.63729],[-74.29697,5.63464],[-74.29614,5.63571],[-74.29449,5.63598],[-74.29138,5.63487],[-74.29146,5.63625],[-74.29062,5.63654],[-74.28932,5.63558],[-74.28927,5.63406],[-74.28865,5.63401],[-74.2883,5.6328],[-74.28676,5.63278],[-74.28709,5.63355],[-74.28635,5.63401],[-74.28233,5.63189],[-74.28106,5.63246],[-74.27933,5.63146],[-74.27813,5.63242],[-74.27442,5.63184],[-74.26981,5.63016],[-74.26972,5.62923],[-74.26903,5.62879],[-74.26787,5.63483],[-74.26636,5.6352],[-74.26399,5.63752],[-74.25805,5.63811],[-74.25648,5.63874],[-74.25244,5.63507],[-74.24679,5.62541],[-74.24329,5.62528],[-74.24327,5.62434],[-74.24242,5.62505],[-74.24078,5.62533],[-74.24003,5.62693],[-74.23891,5.62494],[-74.23467,5.62418],[-74.23229,5.62276],[-74.23103,5.62127],[-74.22908,5.62097],[-74.22776,5.6188],[-74.22347,5.61797],[-74.22358,5.61579],[-74.22544,5.61344],[-74.22315,5.61225],[-74.22079,5.60939],[-74.21728,5.60878],[-74.21266,5.60946],[-74.20971,5.60759],[-74.20838,5.60752],[-74.20809,5.6079],[-74.2066,5.60755],[-74.20496,5.60544],[-74.20534,5.60212],[-74.20277,5.59863],[-74.20173,5.59558],[-74.20203,5.59322],[-74.20378,5.59089],[-74.20284,5.58841],[-74.20255,5.58588],[-74.19958,5.5825],[-74.19972,5.57913],[-74.19873,5.57778],[-74.195,5.57673],[-74.19343,5.57694],[-74.19278,5.57875],[-74.19087,5.57983],[-74.18749,5.58326],[-74.18497,5.58722],[-74.18223,5.58817],[-74.18087,5.59096],[-74.18041,5.59361],[-74.17978,5.59432],[-74.17586,5.59404],[-74.17467,5.59533],[-74.17437,5.5967],[-74.17141,5.59821],[-74.16854,5.59756],[-74.16781,5.59645],[-74.16647,5.59599],[-74.16527,5.59637],[-74.16436,5.59537],[-74.16364,5.59572],[-74.1628,5.59539],[-74.16284,5.59685],[-74.16176,5.59795],[-74.161,5.59736],[-74.16046,5.5951],[-74.15886,5.59609],[-74.15917,5.5992],[-74.16006,5.60069],[-74.16094,5.60096],[-74.16176,5.60286],[-74.16135,5.606],[-74.16306,5.60713],[-74.1637,5.60875],[-74.16371,5.61185],[-74.16278,5.61351],[-74.16331,5.61591],[-74.1649,5.61667],[-74.1654,5.61793],[-74.16475,5.62204],[-74.16527,5.6236],[-74.16353,5.63127],[-74.16437,5.63689],[-74.16546,5.63751],[-74.16786,5.63602],[-74.1691,5.63642],[-74.16948,5.64163],[-74.17907,5.63885],[-74.18122,5.63867],[-74.1845,5.63998],[-74.183,5.64126],[-74.18074,5.64202],[-74.17907,5.64317],[-74.1775,5.64707],[-74.17545,5.64829],[-74.17432,5.65009],[-74.17272,5.65474],[-74.17307,5.66107],[-74.17476,5.66277],[-74.1755,5.66431],[-74.17303,5.66881],[-74.17368,5.67055],[-74.17313,5.67225],[-74.17431,5.67771],[-74.17423,5.68025],[-74.17364,5.68171],[-74.17234,5.68223],[-74.17133,5.68382],[-74.17139,5.68488],[-74.17241,5.68654],[-74.17051,5.6882],[-74.17076,5.68941],[-74.1733,5.69165],[-74.17393,5.69407],[-74.17237,5.69782],[-74.17341,5.69992],[-74.17287,5.70021],[-74.17255,5.703],[-74.17361,5.70498],[-74.17299,5.70642],[-74.17362,5.7081],[-74.17236,5.70854],[-74.17212,5.70908],[-74.17216,5.71137],[-74.17274,5.71255],[-74.17154,5.71188],[-74.17086,5.71324],[-74.16931,5.71362],[-74.16928,5.71448],[-74.17037,5.71532],[-74.16889,5.71627],[-74.16981,5.71654],[-74.16995,5.71704],[-74.17137,5.71673],[-74.17122,5.71754],[-74.17225,5.71796],[-74.17115,5.71844],[-74.17082,5.71916],[-74.17026,5.71889],[-74.16989,5.72036],[-74.16953,5.72016],[-74.16892,5.72072],[-74.16741,5.72019],[-74.16771,5.72095],[-74.16695,5.72116],[-74.16706,5.72186],[-74.1678,5.72211],[-74.16766,5.72355],[-74.16713,5.72424],[-74.16655,5.72364],[-74.16667,5.72513],[-74.16595,5.72524],[-74.16528,5.72466],[-74.16497,5.72361],[-74.16317,5.72443],[-74.16407,5.72602],[-74.16148,5.72639],[-74.16166,5.72836],[-74.16113,5.72948],[-74.16241,5.73084],[-74.16173,5.73164],[-74.15989,5.73159],[-74.16023,5.73247],[-74.15985,5.73372],[-74.15893,5.73387],[-74.15943,5.73622],[-74.15797,5.73732],[-74.15804,5.73821],[-74.15603,5.7384],[-74.15604,5.73913],[-74.15792,5.74042],[-74.15582,5.74338],[-74.15496,5.74337],[-74.1554,5.74212],[-74.15378,5.74204],[-74.15336,5.74298],[-74.15219,5.7426],[-74.15173,5.74329],[-74.15115,5.74329],[-74.1511,5.74406],[-74.1496,5.74453],[-74.14917,5.7452],[-74.14935,5.74618],[-74.14821,5.74686],[-74.14812,5.74844],[-74.14657,5.74852],[-74.14474,5.74982],[-74.14274,5.74959],[-74.14243,5.74872],[-74.1418,5.74972],[-74.14194,5.75127],[-74.14006,5.75143],[-74.13913,5.75226],[-74.13862,5.75209],[-74.13845,5.75093],[-74.13684,5.75161],[-74.13693,5.75088],[-74.13625,5.74994],[-74.13569,5.75098],[-74.1341,5.75123],[-74.1332,5.74924],[-74.13229,5.75007],[-74.13143,5.74935],[-74.12851,5.74896],[-74.12768,5.7494],[-74.12695,5.74851],[-74.12604,5.74923],[-74.12342,5.74867],[-74.1217,5.75006],[-74.1204,5.75317],[-74.11963,5.75355],[-74.11734,5.75348],[-74.11659,5.7552],[-74.11616,5.75505],[-74.11466,5.75175],[-74.11376,5.75143],[-74.11295,5.75313],[-74.11111,5.75251],[-74.11102,5.75446],[-74.10894,5.75255],[-74.10868,5.75522],[-74.10613,5.75571],[-74.10502,5.75545],[-74.10495,5.75693],[-74.10403,5.75601],[-74.10282,5.75707],[-74.10152,5.75587],[-74.10057,5.75754],[-74.09905,5.75888],[-74.0959,5.75896],[-74.09476,5.75847],[-74.09265,5.75971],[-74.09105,5.76239],[-74.09056,5.76538],[-74.09098,5.76851],[-74.09242,5.7702],[-74.09256,5.77127],[-74.09173,5.7738],[-74.0891,5.7787],[-74.08928,5.77978],[-74.09122,5.78233],[-74.08995,5.78519],[-74.09044,5.79073],[-74.08764,5.79497],[-74.0877,5.79884],[-74.0873,5.80001],[-74.08428,5.8034],[-74.0832,5.80788],[-74.08161,5.81047],[-74.07953,5.8125],[-74.07893,5.81448],[-74.07913,5.81807],[-74.08138,5.82363],[-74.08136,5.82488],[-74.07926,5.83047],[-74.07911,5.83283],[-74.07963,5.83449],[-74.08179,5.83758],[-74.08403,5.83693],[-74.08537,5.83753],[-74.08528,5.83935],[-74.08381,5.84293],[-74.0843,5.84405],[-74.08541,5.84367],[-74.08751,5.84134],[-74.08903,5.84152],[-74.08968,5.84503],[-74.08926,5.84975],[-74.09058,5.85166],[-74.09158,5.85472],[-74.09165,5.85846],[-74.09429,5.8598],[-74.09529,5.86124],[-74.09556,5.86385],[-74.09697,5.8656],[-74.10036,5.8679],[-74.1007,5.86847],[-74.10001,5.8722],[-74.10308,5.877],[-74.10438,5.87732],[-74.10509,5.87856],[-74.10596,5.87908],[-74.10683,5.87879],[-74.10883,5.87649],[-74.11295,5.87564],[-74.1224,5.8755],[-74.12385,5.87458],[-74.12577,5.87614],[-74.12837,5.87671],[-74.13333,5.87592],[-74.13682,5.87805],[-74.13863,5.87993],[-74.14063,5.8844],[-74.14326,5.88552],[-74.14772,5.88994],[-74.14958,5.89091],[-74.15395,5.89148],[-74.15479,5.89227],[-74.15965,5.89421],[-74.16361,5.89708],[-74.16624,5.89789],[-74.16854,5.90128],[-74.17281,5.90289],[-74.174,5.90694],[-74.17649,5.90789],[-74.17964,5.91068]]]}},{"type":"Feature","properties":{"codigo":"15511","municipio":"Pachavita","provincia":"Neira","predios_urbanos_igac":320,"predios_rurales_igac":4219,"area_km2":66.72,"area_urbana_ha":31.06,"pct_urbano":0.466,"pct_rural":99.534,"pct_de_boyaca":0.288,"jerarquia_urbana":69,"categoria_urbana":"Centro urbano local","valor_agregado":86.43,"empresas_matriculadas":4,"empresas_renovadas":44,"empresas_canceladas":9,"comfaboy_empresas":9,"comfaboy_empleos":32,"pob_0_6":170,"pob_7_14":255,"pob_15_17":98,"pob_18_26":199,"pob_27_59":971,"pob_60_mas":925,"hombres":1345,"mujeres":1273,"poblacion":2618,"captaciones":15796.26,"colocaciones":107.33,"finagro":4469.02,"bancoldex":90.0,"icm_puesto":null,"produccion_agricola_ton":9253.44,"bovinos":6071,"icfes":249,"matricula_escolar":271,"establecimientos_educativos":1,"ips":1,"camas":0,"regimen_contributivo":153,"regimen_especial":1,"regimen_subsidiado":1337,"acueductos":5,"riesgo_agua":"Alto","eventos_riesgo":1,"densidad_hab_km2":39.24,"valor_agregado_por_hab_millones":33.014,"pred_urbanos":320,"pred_vivienda_rural":22,"pred_agropecuarios":4196,"pred_atipicos":1,"ha_urbana_predios":27.52,"ha_vivienda_rural":0.43,"ha_agropecuaria":6619.07},"geometry":{"type":"Polygon","coordinates":[[[-73.3913,5.21677],[-73.39323,5.21651],[-73.3958,5.2132],[-73.39831,5.21261],[-73.39953,5.21147],[-73.40101,5.20956],[-73.40682,5.1984],[-73.40923,5.19669],[-73.41199,5.19638],[-73.41233,5.19457],[-73.4165,5.18905],[-73.41861,5.18828],[-73.42512,5.18234],[-73.42731,5.17758],[-73.42806,5.17442],[-73.43018,5.17274],[-73.43527,5.16524],[-73.43706,5.15881],[-73.43913,5.15666],[-73.43983,5.15215],[-73.43866,5.14806],[-73.43604,5.14475],[-73.43569,5.14271],[-73.43382,5.14051],[-73.43156,5.13594],[-73.42639,5.13084],[-73.42429,5.12677],[-73.42045,5.12323],[-73.41962,5.12112],[-73.42009,5.11722],[-73.41842,5.11316],[-73.41578,5.11269],[-73.41313,5.11053],[-73.41033,5.10983],[-73.40973,5.10847],[-73.40548,5.1047],[-73.40375,5.10409],[-73.4002,5.10163],[-73.39775,5.10187],[-73.3946,5.09578],[-73.3941,5.09386],[-73.3926,5.09221],[-73.39143,5.08971],[-73.38977,5.08773],[-73.38659,5.08573],[-73.38389,5.08484],[-73.38305,5.08616],[-73.38075,5.08732],[-73.38016,5.08936],[-73.37812,5.09125],[-73.37713,5.09287],[-73.37705,5.09546],[-73.37576,5.09752],[-73.3746,5.0979],[-73.37426,5.09885],[-73.37467,5.10106],[-73.37598,5.10271],[-73.37424,5.10448],[-73.37288,5.10771],[-73.36882,5.11311],[-73.3656,5.11898],[-73.36398,5.1203],[-73.36465,5.12284],[-73.36428,5.12472],[-73.36547,5.1285],[-73.36477,5.12969],[-73.36493,5.13103],[-73.36301,5.13454],[-73.36404,5.13676],[-73.36659,5.13965],[-73.36776,5.14284],[-73.36953,5.14453],[-73.36923,5.14658],[-73.36987,5.1476],[-73.36974,5.14943],[-73.3723,5.15294],[-73.37207,5.15514],[-73.37604,5.1549],[-73.38007,5.1604],[-73.38204,5.15999],[-73.38351,5.16243],[-73.3857,5.16302],[-73.38524,5.1646],[-73.38405,5.1663],[-73.38482,5.1677],[-73.38415,5.17092],[-73.3849,5.17295],[-73.38478,5.17562],[-73.38522,5.17761],[-73.38405,5.18085],[-73.38538,5.18332],[-73.38319,5.1845],[-73.38287,5.18709],[-73.3809,5.18957],[-73.38081,5.197],[-73.38303,5.1993],[-73.38337,5.2015],[-73.38484,5.20151],[-73.38543,5.20204],[-73.38686,5.20582],[-73.38718,5.20835],[-73.3881,5.21011],[-73.38712,5.21165],[-73.38688,5.21444],[-73.3913,5.21677]]]}},{"type":"Feature","properties":{"codigo":"15514","municipio":"Páez","provincia":"Lengupá","predios_urbanos_igac":603,"predios_rurales_igac":2125,"area_km2":338.98,"area_urbana_ha":34.35,"pct_urbano":0.101,"pct_rural":99.899,"pct_de_boyaca":1.466,"jerarquia_urbana":63,"categoria_urbana":"Centro urbano local","valor_agregado":70.62,"empresas_matriculadas":10,"empresas_renovadas":110,"empresas_canceladas":15,"comfaboy_empresas":23,"comfaboy_empleos":79,"pob_0_6":369,"pob_7_14":403,"pob_15_17":146,"pob_18_26":454,"pob_27_59":1411,"pob_60_mas":696,"hombres":1850,"mujeres":1629,"poblacion":3479,"captaciones":22145.28,"colocaciones":10146.86,"finagro":4415.43,"bancoldex":0,"icm_puesto":58,"produccion_agricola_ton":4105.05,"bovinos":20092,"icfes":277,"matricula_escolar":527,"establecimientos_educativos":1,"ips":1,"camas":0,"regimen_contributivo":320,"regimen_especial":57,"regimen_subsidiado":2102,"acueductos":4,"riesgo_agua":"Alto","eventos_riesgo":null,"densidad_hab_km2":10.26,"valor_agregado_por_hab_millones":20.299,"pred_urbanos":603,"pred_vivienda_rural":87,"pred_agropecuarios":2038,"pred_atipicos":0,"ha_urbana_predios":29.41,"ha_vivienda_rural":1.79,"ha_agropecuaria":33633.85},"geometry":{"type":"Polygon","coordinates":[[[-73.00941,5.21432],[-73.01006,5.21452],[-73.01172,5.21298],[-73.01734,5.20529],[-73.02406,5.19355],[-73.02837,5.18748],[-73.02904,5.18591],[-73.02909,5.18329],[-73.0313,5.17807],[-73.03408,5.17425],[-73.03701,5.17205],[-73.04095,5.17009],[-73.04648,5.16637],[-73.0531,5.16369],[-73.0544,5.16383],[-73.05644,5.16188],[-73.05757,5.1614],[-73.05919,5.16193],[-73.06006,5.16285],[-73.06324,5.16279],[-73.06415,5.16321],[-73.07003,5.16878],[-73.07144,5.16914],[-73.0725,5.16894],[-73.07204,5.16759],[-73.07266,5.16657],[-73.07626,5.1641],[-73.07761,5.16242],[-73.08322,5.16002],[-73.08715,5.16089],[-73.08905,5.16072],[-73.08735,5.15471],[-73.08942,5.14957],[-73.09634,5.13847],[-73.10246,5.132],[-73.10794,5.12121],[-73.11035,5.11418],[-73.11275,5.11191],[-73.1085,5.10744],[-73.10096,5.10111],[-73.0952,5.10072],[-73.09391,5.09974],[-73.09114,5.10063],[-73.08812,5.10015],[-73.08541,5.10066],[-73.08053,5.09786],[-73.07861,5.09808],[-73.07736,5.09751],[-73.07508,5.09743],[-73.07117,5.09608],[-73.07047,5.09317],[-73.07099,5.09073],[-73.07076,5.08899],[-73.06898,5.08455],[-73.0675,5.08249],[-73.06761,5.08063],[-73.07131,5.07866],[-73.07281,5.07611],[-73.07309,5.07361],[-73.07491,5.06952],[-73.07381,5.06755],[-73.07263,5.06671],[-73.07248,5.06594],[-73.07349,5.06426],[-73.0737,5.06199],[-73.07528,5.06094],[-73.07641,5.05893],[-73.07698,5.05593],[-73.07871,5.05344],[-73.07943,5.05033],[-73.08061,5.04895],[-73.08199,5.0487],[-73.08213,5.04774],[-73.08333,5.04818],[-73.08392,5.04778],[-73.08445,5.04545],[-73.08713,5.04287],[-73.08462,5.04067],[-73.08618,5.03965],[-73.08478,5.03886],[-73.08369,5.039],[-73.08348,5.03799],[-73.08196,5.03715],[-73.0826,5.03667],[-73.08128,5.0364],[-73.07966,5.03506],[-73.0792,5.03407],[-73.07432,5.03361],[-73.06964,5.03148],[-73.06464,5.02637],[-73.06306,5.02404],[-73.06307,5.01814],[-73.06403,5.01549],[-73.06636,5.01176],[-73.06601,5.01141],[-73.06533,5.01077],[-73.06371,5.0107],[-73.06188,5.01295],[-73.05801,5.01471],[-73.05551,5.01501],[-73.05405,5.0173],[-73.05116,5.01751],[-73.04835,5.01893],[-73.04717,5.02015],[-73.04264,5.01991],[-73.0401,5.02236],[-73.03685,5.02308],[-73.03515,5.02443],[-73.0336,5.02457],[-73.03039,5.02381],[-73.02833,5.02559],[-73.02717,5.02464],[-73.0273,5.01982],[-73.02798,5.01831],[-73.02751,5.01659],[-73.02793,5.01275],[-73.02663,5.00795],[-73.0278,5.00425],[-73.0261,4.99781],[-73.02737,4.99474],[-73.02903,4.99293],[-73.02755,4.99026],[-73.0275,4.98925],[-73.03094,4.98591],[-73.03051,4.98231],[-73.02495,4.98771],[-73.0235,4.98833],[-73.02283,4.99066],[-73.02149,4.99267],[-73.02144,4.99473],[-73.01945,4.99582],[-73.01856,4.99714],[-73.01849,5.00005],[-73.01984,5.0016],[-73.01864,5.00226],[-73.01795,5.00168],[-73.01654,5.00266],[-73.01496,5.00215],[-73.01514,5.0008],[-73.01389,5.00127],[-73.01315,4.99997],[-73.01179,4.9995],[-73.01072,4.99749],[-73.00852,4.9967],[-73.00742,4.99773],[-73.00637,4.9971],[-73.00461,4.99705],[-73.00078,4.99221],[-72.99956,4.98957],[-72.99715,4.98791],[-72.9951,4.98699],[-72.99349,4.98721],[-72.99276,4.98638],[-72.99129,4.98611],[-72.98876,4.98661],[-72.98272,4.98233],[-72.9823,4.98135],[-72.98056,4.98045],[-72.97942,4.98054],[-72.97767,4.97716],[-72.97528,4.97476],[-72.97046,4.9796],[-72.97004,4.98089],[-72.97039,4.98242],[-72.97001,4.98588],[-72.96771,4.98963],[-72.96457,4.99197],[-72.96022,4.99396],[-72.9571,4.9969],[-72.9564,4.99906],[-72.95681,5.0035],[-72.95283,5.00965],[-72.94312,5.01936],[-72.94024,5.02139],[-72.93916,5.02302],[-72.93472,5.02422],[-72.92976,5.02645],[-72.92607,5.02963],[-72.92555,5.03079],[-72.92604,5.03315],[-72.92956,5.03834],[-72.93046,5.04146],[-72.93025,5.04346],[-72.92847,5.04724],[-72.92076,5.05454],[-72.91619,5.05682],[-72.90907,5.06461],[-72.90382,5.06793],[-72.90588,5.07906],[-72.90582,5.09511],[-72.90693,5.09986],[-72.90931,5.10346],[-72.91249,5.10318],[-72.91642,5.10202],[-72.92269,5.09892],[-72.92579,5.09886],[-72.92859,5.09967],[-72.93143,5.10354],[-72.93425,5.10555],[-72.9358,5.10746],[-72.93674,5.11001],[-72.93731,5.11417],[-72.94062,5.11748],[-72.94237,5.11998],[-72.94964,5.12289],[-72.95269,5.12621],[-72.95653,5.1292],[-72.95719,5.13125],[-72.96218,5.1327],[-72.96271,5.1337],[-72.9649,5.13278],[-72.96543,5.13382],[-72.96514,5.13488],[-72.96557,5.1367],[-72.96794,5.13723],[-72.96952,5.1405],[-72.96923,5.14194],[-72.97095,5.14315],[-72.97167,5.14523],[-72.9735,5.14649],[-72.9735,5.14961],[-72.97389,5.15036],[-72.97278,5.15111],[-72.97127,5.15382],[-72.96931,5.15501],[-72.96555,5.15534],[-72.96335,5.15608],[-72.96273,5.15698],[-72.96256,5.15859],[-72.96083,5.15975],[-72.96054,5.16067],[-72.96099,5.16232],[-72.96227,5.16317],[-72.96212,5.16354],[-72.95821,5.16512],[-72.95735,5.1691],[-72.95567,5.17096],[-72.95431,5.17447],[-72.9532,5.17534],[-72.95106,5.17562],[-72.95037,5.17624],[-72.94999,5.1788],[-72.94843,5.18231],[-72.94961,5.18408],[-72.94865,5.18829],[-72.94921,5.18997],[-72.94637,5.19219],[-72.94607,5.19538],[-72.94442,5.19639],[-72.94314,5.19809],[-72.94079,5.19878],[-72.93979,5.19957],[-72.93925,5.2018],[-72.93739,5.20381],[-72.93706,5.20699],[-72.93491,5.20763],[-72.93491,5.20924],[-72.93672,5.21054],[-72.93645,5.21112],[-72.93484,5.21177],[-72.93499,5.21298],[-72.93557,5.2134],[-72.93705,5.21309],[-72.94119,5.21167],[-72.94287,5.21035],[-72.94496,5.21025],[-72.95014,5.21326],[-72.95112,5.21329],[-72.95546,5.21077],[-72.958,5.2099],[-72.965,5.20444],[-72.97036,5.20186],[-72.97211,5.20036],[-72.97354,5.19793],[-72.97503,5.19687],[-72.97661,5.19655],[-72.97916,5.19689],[-72.98235,5.19605],[-72.98566,5.19842],[-72.9877,5.20357],[-72.99332,5.20871],[-72.99629,5.20965],[-72.9993,5.21174],[-73.00363,5.21145],[-73.00668,5.21262],[-73.00941,5.21432]]]}},{"type":"Feature","properties":{"codigo":"15516","municipio":"Paipa","provincia":"Tundama","predios_urbanos_igac":8114,"predios_rurales_igac":14142,"area_km2":304.92,"area_urbana_ha":372.5,"pct_urbano":1.222,"pct_rural":98.778,"pct_de_boyaca":1.318,"jerarquia_urbana":7,"categoria_urbana":"Ciudad intermedia","valor_agregado":1055.67,"empresas_matriculadas":375,"empresas_renovadas":2115,"empresas_canceladas":308,"comfaboy_empresas":617,"comfaboy_empleos":4166,"pob_0_6":3178,"pob_7_14":4290,"pob_15_17":1727,"pob_18_26":4914,"pob_27_59":15822,"pob_60_mas":6498,"hombres":17661,"mujeres":18768,"poblacion":36429,"captaciones":147668.94,"colocaciones":225710.23,"finagro":12960.08,"bancoldex":776.51,"icm_puesto":8,"produccion_agricola_ton":7926.85,"bovinos":25456,"icfes":306.17,"matricula_escolar":6636,"establecimientos_educativos":16,"ips":53,"camas":93,"regimen_contributivo":19219,"regimen_especial":101,"regimen_subsidiado":16694,"acueductos":16,"riesgo_agua":"Bajo","eventos_riesgo":13,"densidad_hab_km2":119.47,"valor_agregado_por_hab_millones":28.979,"pred_urbanos":8114,"pred_vivienda_rural":552,"pred_agropecuarios":13589,"pred_atipicos":1,"ha_urbana_predios":320.83,"ha_vivienda_rural":9.88,"ha_agropecuaria":30076.67},"geometry":{"type":"Polygon","coordinates":[[[-73.19713,6.00261],[-73.19931,6.00313],[-73.20188,6.00002],[-73.20306,5.99723],[-73.20536,5.99398],[-73.21034,5.98806],[-73.21406,5.98605],[-73.21844,5.9813],[-73.21898,5.9797],[-73.21884,5.97687],[-73.22056,5.97158],[-73.22004,5.96895],[-73.2163,5.96228],[-73.21972,5.95946],[-73.22047,5.95687],[-73.22091,5.95218],[-73.22235,5.94989],[-73.22232,5.94772],[-73.22341,5.94511],[-73.22379,5.94256],[-73.22474,5.94114],[-73.22288,5.93887],[-73.21736,5.93607],[-73.20831,5.9215],[-73.21366,5.91742],[-73.21548,5.91666],[-73.2161,5.91484],[-73.2193,5.91273],[-73.22132,5.91057],[-73.22173,5.90906],[-73.22009,5.90715],[-73.22143,5.90273],[-73.22129,5.89938],[-73.22185,5.89727],[-73.22119,5.89482],[-73.22123,5.89143],[-73.22098,5.8907],[-73.21755,5.88999],[-73.21436,5.89076],[-73.20955,5.89056],[-73.20725,5.88884],[-73.20572,5.88682],[-73.20559,5.88566],[-73.20673,5.88432],[-73.2065,5.88285],[-73.20512,5.88091],[-73.2049,5.87896],[-73.20348,5.87655],[-73.19772,5.87302],[-73.19608,5.86867],[-73.19603,5.86743],[-73.19279,5.865],[-73.19124,5.86295],[-73.18852,5.85863],[-73.18792,5.85648],[-73.18594,5.8546],[-73.18398,5.85045],[-73.18331,5.85013],[-73.17364,5.85156],[-73.17049,5.85086],[-73.16536,5.84814],[-73.16358,5.8478],[-73.16122,5.85103],[-73.15907,5.85216],[-73.15427,5.85087],[-73.15146,5.8518],[-73.14969,5.85317],[-73.14678,5.85307],[-73.14365,5.8519],[-73.14121,5.85189],[-73.13264,5.85454],[-73.12995,5.85481],[-73.13143,5.84987],[-73.13301,5.84845],[-73.1339,5.84659],[-73.13325,5.84309],[-73.13419,5.84062],[-73.13239,5.83435],[-73.13744,5.82111],[-73.14031,5.81815],[-73.1454,5.8108],[-73.15737,5.80099],[-73.1652,5.79114],[-73.16848,5.78962],[-73.17043,5.78946],[-73.17074,5.78748],[-73.16935,5.78318],[-73.17052,5.77785],[-73.17384,5.77203],[-73.1712,5.76947],[-73.17512,5.76622],[-73.17417,5.7628],[-73.17432,5.75988],[-73.17145,5.75679],[-73.17024,5.75379],[-73.169,5.75207],[-73.1687,5.75226],[-73.16716,5.74932],[-73.16716,5.748],[-73.16894,5.74773],[-73.16763,5.7461],[-73.16853,5.74488],[-73.16432,5.74209],[-73.16162,5.74101],[-73.15464,5.73625],[-73.15532,5.73324],[-73.15709,5.73078],[-73.15564,5.72953],[-73.15584,5.72737],[-73.1561,5.72643],[-73.15762,5.72605],[-73.15743,5.72396],[-73.15822,5.72198],[-73.15842,5.71978],[-73.15756,5.7196],[-73.15446,5.71563],[-73.14914,5.71289],[-73.14914,5.7124],[-73.14601,5.70995],[-73.14377,5.70918],[-73.1402,5.7063],[-73.13704,5.70247],[-73.13559,5.7022],[-73.13319,5.70013],[-73.13055,5.69968],[-73.12804,5.69779],[-73.11781,5.68577],[-73.11566,5.68203],[-73.11461,5.6813],[-73.11201,5.67639],[-73.1111,5.67609],[-73.1105,5.6764],[-73.10972,5.67536],[-73.10971,5.67427],[-73.11049,5.67267],[-73.10942,5.67227],[-73.10941,5.6714],[-73.10735,5.67022],[-73.10746,5.66911],[-73.10684,5.66773],[-73.10714,5.66691],[-73.10665,5.66506],[-73.10813,5.66089],[-73.10714,5.66155],[-73.1063,5.66111],[-73.10561,5.66142],[-73.10493,5.66088],[-73.10487,5.65947],[-73.10319,5.65969],[-73.10196,5.65888],[-73.09972,5.66031],[-73.09884,5.66173],[-73.09473,5.66438],[-73.09308,5.66629],[-73.08604,5.66972],[-73.08166,5.67315],[-73.07845,5.67307],[-73.07722,5.67659],[-73.07545,5.67839],[-73.07338,5.67919],[-73.06891,5.68245],[-73.06385,5.68446],[-73.05945,5.68697],[-73.06059,5.68803],[-73.06056,5.68933],[-73.05967,5.69158],[-73.05865,5.69199],[-73.05917,5.69448],[-73.05665,5.69799],[-73.05752,5.70014],[-73.05697,5.70192],[-73.06224,5.70282],[-73.06593,5.71656],[-73.06745,5.72449],[-73.06654,5.72834],[-73.06703,5.74086],[-73.06678,5.74398],[-73.06618,5.74515],[-73.0664,5.746],[-73.06783,5.74674],[-73.06613,5.75004],[-73.06483,5.75008],[-73.06375,5.74847],[-73.06208,5.75065],[-73.06236,5.7526],[-73.06,5.75641],[-73.05902,5.76178],[-73.05702,5.76423],[-73.05675,5.76584],[-73.05587,5.76706],[-73.05443,5.76809],[-73.05305,5.77184],[-73.05081,5.77388],[-73.05554,5.77586],[-73.05854,5.77484],[-73.05967,5.776],[-73.06134,5.77596],[-73.06312,5.77466],[-73.06221,5.77346],[-73.06255,5.77163],[-73.06379,5.77175],[-73.06504,5.77038],[-73.06613,5.77138],[-73.0683,5.77162],[-73.06877,5.77302],[-73.06929,5.77332],[-73.07121,5.77304],[-73.07266,5.77371],[-73.07585,5.77279],[-73.07645,5.7735],[-73.07697,5.77288],[-73.07781,5.77376],[-73.07914,5.77383],[-73.07933,5.77498],[-73.08124,5.77614],[-73.08106,5.77817],[-73.08192,5.7795],[-73.08069,5.78284],[-73.0782,5.78417],[-73.07841,5.78528],[-73.07783,5.78652],[-73.07793,5.78873],[-73.07874,5.78973],[-73.07977,5.78972],[-73.07966,5.79026],[-73.0788,5.79044],[-73.0783,5.79115],[-73.0787,5.79342],[-73.08001,5.79519],[-73.07902,5.79738],[-73.07914,5.79841],[-73.07855,5.79883],[-73.07891,5.80327],[-73.07734,5.80843],[-73.07817,5.81084],[-73.07854,5.82284],[-73.07988,5.8282],[-73.08145,5.83198],[-73.08215,5.83255],[-73.08231,5.83487],[-73.08518,5.83747],[-73.08648,5.83944],[-73.08746,5.84033],[-73.08965,5.84118],[-73.09026,5.84242],[-73.09281,5.84415],[-73.09413,5.84666],[-73.09873,5.84956],[-73.09902,5.85154],[-73.10122,5.85362],[-73.10262,5.85627],[-73.10393,5.85758],[-73.10591,5.8583],[-73.1089,5.86136],[-73.11183,5.86259],[-73.1172,5.86651],[-73.11808,5.86936],[-73.11933,5.87062],[-73.11579,5.8719],[-73.11013,5.87228],[-73.10882,5.87446],[-73.1095,5.87582],[-73.10932,5.8785],[-73.10743,5.88516],[-73.10946,5.89128],[-73.11273,5.89276],[-73.11447,5.89289],[-73.11626,5.89341],[-73.117,5.89413],[-73.11816,5.89416],[-73.11933,5.89519],[-73.1197,5.89689],[-73.12067,5.89741],[-73.12144,5.89714],[-73.12233,5.89811],[-73.12342,5.89818],[-73.12429,5.89943],[-73.12559,5.90035],[-73.1264,5.90039],[-73.12787,5.90256],[-73.12984,5.90348],[-73.13062,5.90465],[-73.13058,5.90623],[-73.13418,5.90651],[-73.13574,5.90763],[-73.13508,5.90804],[-73.1328,5.91205],[-73.12912,5.91371],[-73.12884,5.91453],[-73.12681,5.91643],[-73.12646,5.91773],[-73.12669,5.91878],[-73.12925,5.92204],[-73.12925,5.92508],[-73.1315,5.92709],[-73.13149,5.92868],[-73.13035,5.92969],[-73.12916,5.93254],[-73.13447,5.93509],[-73.14153,5.93648],[-73.14264,5.93741],[-73.14295,5.94006],[-73.14398,5.94178],[-73.14498,5.9425],[-73.14765,5.94293],[-73.15254,5.9449],[-73.15606,5.94665],[-73.16029,5.9496],[-73.16126,5.95195],[-73.1599,5.95619],[-73.16019,5.95765],[-73.16151,5.95979],[-73.16304,5.96669],[-73.16761,5.96926],[-73.16853,5.97064],[-73.17156,5.98055],[-73.17223,5.98595],[-73.17144,5.98857],[-73.17171,5.98965],[-73.17551,5.99454],[-73.17721,5.99549],[-73.19541,6.00154],[-73.19713,6.00261]]]}},{"type":"Feature","properties":{"codigo":"15518","municipio":"Pajarito","provincia":"La Libertad","predios_urbanos_igac":244,"predios_rurales_igac":1034,"area_km2":313.5,"area_urbana_ha":9.14,"pct_urbano":0.029,"pct_rural":99.971,"pct_de_boyaca":1.355,"jerarquia_urbana":117,"categoria_urbana":"Núcleo urbano básico","valor_agregado":48.4,"empresas_matriculadas":20,"empresas_renovadas":57,"empresas_canceladas":3,"comfaboy_empresas":7,"comfaboy_empleos":25,"pob_0_6":279,"pob_7_14":306,"pob_15_17":111,"pob_18_26":351,"pob_27_59":1070,"pob_60_mas":427,"hombres":1326,"mujeres":1218,"poblacion":2544,"captaciones":32418.28,"colocaciones":21013.11,"finagro":2624.01,"bancoldex":null,"icm_puesto":null,"produccion_agricola_ton":189,"bovinos":9077,"icfes":230,"matricula_escolar":341,"establecimientos_educativos":1,"ips":1,"camas":0,"regimen_contributivo":395,"regimen_especial":10,"regimen_subsidiado":1316,"acueductos":3,"riesgo_agua":"Bajo","eventos_riesgo":3,"densidad_hab_km2":8.11,"valor_agregado_por_hab_millones":19.025,"pred_urbanos":244,"pred_vivienda_rural":57,"pred_agropecuarios":977,"pred_atipicos":0,"ha_urbana_predios":7.22,"ha_vivienda_rural":1.06,"ha_agropecuaria":29772.24},"geometry":{"type":"Polygon","coordinates":[[[-72.72657,5.48675],[-72.72674,5.48706],[-72.72717,5.48674],[-72.7277,5.48555],[-72.72845,5.48014],[-72.73088,5.4776],[-72.73248,5.47481],[-72.73537,5.47249],[-72.73658,5.47089],[-72.73778,5.47045],[-72.74411,5.47034],[-72.74994,5.46743],[-72.7539,5.46362],[-72.75673,5.45875],[-72.75852,5.45662],[-72.76256,5.45515],[-72.77151,5.44946],[-72.77916,5.44219],[-72.78011,5.43945],[-72.7822,5.43917],[-72.78495,5.43706],[-72.78962,5.42868],[-72.79165,5.42355],[-72.79494,5.41826],[-72.7971,5.41605],[-72.79834,5.41051],[-72.79748,5.40716],[-72.7983,5.40241],[-72.79677,5.39924],[-72.7976,5.39613],[-72.79842,5.39541],[-72.80156,5.39534],[-72.80528,5.39412],[-72.80643,5.39235],[-72.80842,5.39076],[-72.81096,5.38669],[-72.81393,5.38515],[-72.81506,5.38121],[-72.81463,5.38053],[-72.81325,5.3803],[-72.81207,5.37817],[-72.81229,5.38035],[-72.81121,5.3824],[-72.80957,5.38358],[-72.80501,5.38093],[-72.79832,5.38014],[-72.79798,5.37864],[-72.79442,5.37625],[-72.79381,5.3752],[-72.79029,5.37454],[-72.78816,5.37334],[-72.78648,5.3713],[-72.78496,5.37111],[-72.78189,5.36871],[-72.7797,5.36631],[-72.77828,5.36588],[-72.77776,5.36263],[-72.77679,5.36061],[-72.77578,5.36012],[-72.77499,5.35852],[-72.77534,5.3564],[-72.77352,5.355],[-72.77235,5.35475],[-72.77156,5.35378],[-72.77199,5.35183],[-72.77132,5.34963],[-72.769,5.34725],[-72.76872,5.34623],[-72.76493,5.34279],[-72.76453,5.34151],[-72.76336,5.34082],[-72.76389,5.3396],[-72.76225,5.33691],[-72.76118,5.33634],[-72.76085,5.33539],[-72.75848,5.33443],[-72.75689,5.33137],[-72.75422,5.32964],[-72.75221,5.32988],[-72.75193,5.32913],[-72.7509,5.32862],[-72.74786,5.32837],[-72.74666,5.32755],[-72.74582,5.32546],[-72.74329,5.32336],[-72.74288,5.32236],[-72.73946,5.32158],[-72.73841,5.32018],[-72.73357,5.31915],[-72.73247,5.31816],[-72.72882,5.31896],[-72.72647,5.31875],[-72.72558,5.31802],[-72.72563,5.31587],[-72.72463,5.3154],[-72.72439,5.31426],[-72.72316,5.31389],[-72.72195,5.31274],[-72.72215,5.31001],[-72.72128,5.30907],[-72.72122,5.30552],[-72.72014,5.30474],[-72.71899,5.30187],[-72.71816,5.30132],[-72.71953,5.29834],[-72.71894,5.29746],[-72.71936,5.29605],[-72.71865,5.29488],[-72.72047,5.29223],[-72.72051,5.29015],[-72.71993,5.28955],[-72.72026,5.28856],[-72.71787,5.28761],[-72.71767,5.28625],[-72.71819,5.28533],[-72.71712,5.28431],[-72.71629,5.28201],[-72.71503,5.28069],[-72.7119,5.28126],[-72.71058,5.28083],[-72.70894,5.27981],[-72.70787,5.27832],[-72.70881,5.278],[-72.70867,5.27743],[-72.70721,5.2772],[-72.70648,5.27641],[-72.70546,5.27655],[-72.70437,5.27551],[-72.70378,5.27579],[-72.70321,5.27725],[-72.70078,5.27417],[-72.70057,5.27328],[-72.69939,5.27519],[-72.69979,5.27634],[-72.7008,5.27688],[-72.70078,5.27927],[-72.69804,5.27921],[-72.69504,5.28009],[-72.69152,5.28125],[-72.69095,5.28239],[-72.68841,5.28187],[-72.68476,5.28551],[-72.68354,5.28803],[-72.6815,5.29044],[-72.67693,5.29197],[-72.67439,5.29202],[-72.6675,5.29414],[-72.66687,5.29544],[-72.66732,5.29918],[-72.6667,5.30091],[-72.6661,5.30132],[-72.65864,5.30171],[-72.65384,5.30535],[-72.65213,5.30803],[-72.65105,5.31385],[-72.64912,5.31886],[-72.6486,5.32176],[-72.64327,5.32546],[-72.63945,5.32683],[-72.63696,5.3284],[-72.6377,5.3362],[-72.63336,5.34209],[-72.63077,5.34293],[-72.62712,5.34305],[-72.62617,5.34376],[-72.62237,5.34908],[-72.61969,5.35154],[-72.61839,5.3514],[-72.61443,5.34828],[-72.61238,5.348],[-72.60938,5.3484],[-72.6058,5.35026],[-72.60104,5.35396],[-72.5975,5.35325],[-72.59652,5.35242],[-72.59563,5.35236],[-72.5938,5.35359],[-72.593,5.35687],[-72.59173,5.35803],[-72.59081,5.35784],[-72.5899,5.3558],[-72.58844,5.35426],[-72.58526,5.35327],[-72.58429,5.35192],[-72.58172,5.35028],[-72.57975,5.35033],[-72.57791,5.35266],[-72.57514,5.35872],[-72.57091,5.36383],[-72.56724,5.37337],[-72.56829,5.37412],[-72.56938,5.37597],[-72.57093,5.37696],[-72.57355,5.37577],[-72.57414,5.37591],[-72.57481,5.37675],[-72.57665,5.37716],[-72.57908,5.37993],[-72.58245,5.38056],[-72.58556,5.3832],[-72.58697,5.38371],[-72.58928,5.38316],[-72.59036,5.38566],[-72.59217,5.38553],[-72.59283,5.38603],[-72.59438,5.38849],[-72.59394,5.39001],[-72.59429,5.3921],[-72.59729,5.394],[-72.59971,5.39795],[-72.59991,5.39936],[-72.59819,5.40063],[-72.59724,5.40023],[-72.59749,5.40408],[-72.5954,5.405],[-72.59535,5.40743],[-72.59486,5.40853],[-72.59397,5.40913],[-72.59448,5.41205],[-72.59415,5.4131],[-72.59478,5.414],[-72.59432,5.41541],[-72.59367,5.4164],[-72.59173,5.41677],[-72.59011,5.41849],[-72.59112,5.41978],[-72.59049,5.42095],[-72.59124,5.42199],[-72.59086,5.42344],[-72.59121,5.42381],[-72.59289,5.42399],[-72.59345,5.42495],[-72.59479,5.42539],[-72.59488,5.42617],[-72.59589,5.42615],[-72.59751,5.42759],[-72.59875,5.42782],[-72.60191,5.42653],[-72.60357,5.42781],[-72.60609,5.42841],[-72.60733,5.42965],[-72.61017,5.42988],[-72.61664,5.4267],[-72.61828,5.42526],[-72.61916,5.42327],[-72.62203,5.42128],[-72.6277,5.422],[-72.62981,5.4233],[-72.63344,5.4227],[-72.63842,5.42445],[-72.64196,5.42494],[-72.64795,5.42769],[-72.65456,5.43221],[-72.66673,5.43565],[-72.66746,5.43734],[-72.66624,5.44015],[-72.66677,5.4416],[-72.66876,5.44403],[-72.67436,5.4484],[-72.67749,5.44955],[-72.67784,5.45089],[-72.6785,5.45121],[-72.68117,5.45008],[-72.68339,5.44799],[-72.68515,5.44764],[-72.68516,5.44652],[-72.68649,5.44427],[-72.69331,5.44114],[-72.69525,5.43928],[-72.6953,5.44005],[-72.69661,5.44199],[-72.70003,5.44221],[-72.70136,5.44305],[-72.70218,5.44479],[-72.70395,5.44523],[-72.70409,5.44694],[-72.70546,5.44936],[-72.70597,5.45205],[-72.70783,5.45275],[-72.70777,5.45396],[-72.70872,5.45718],[-72.70633,5.45937],[-72.70617,5.46],[-72.70838,5.46335],[-72.70861,5.46722],[-72.70776,5.4685],[-72.70819,5.46977],[-72.70737,5.47214],[-72.7085,5.47468],[-72.70738,5.47749],[-72.70754,5.47901],[-72.70879,5.48],[-72.71093,5.48032],[-72.7113,5.48241],[-72.7131,5.48421],[-72.71618,5.48384],[-72.71985,5.48618],[-72.72298,5.48549],[-72.72657,5.48675]]]}},{"type":"Feature","properties":{"codigo":"15522","municipio":"Panqueba","provincia":"Gutiérrez","predios_urbanos_igac":338,"predios_rurales_igac":1579,"area_km2":39.67,"area_urbana_ha":21.32,"pct_urbano":0.537,"pct_rural":99.463,"pct_de_boyaca":0.172,"jerarquia_urbana":90,"categoria_urbana":"Núcleo urbano básico","valor_agregado":37.78,"empresas_matriculadas":10,"empresas_renovadas":75,"empresas_canceladas":9,"comfaboy_empresas":4,"comfaboy_empleos":29,"pob_0_6":191,"pob_7_14":213,"pob_15_17":80,"pob_18_26":191,"pob_27_59":718,"pob_60_mas":421,"hombres":877,"mujeres":937,"poblacion":1814,"captaciones":0.0,"colocaciones":125.96,"finagro":1373.15,"bancoldex":3.13,"icm_puesto":null,"produccion_agricola_ton":4054.67,"bovinos":3780,"icfes":258,"matricula_escolar":291,"establecimientos_educativos":1,"ips":1,"camas":0,"regimen_contributivo":142,"regimen_especial":14,"regimen_subsidiado":1165,"acueductos":4,"riesgo_agua":"Medio","eventos_riesgo":4,"densidad_hab_km2":45.73,"valor_agregado_por_hab_millones":20.827,"pred_urbanos":338,"pred_vivienda_rural":9,"pred_agropecuarios":1570,"pred_atipicos":0,"ha_urbana_predios":18.26,"ha_vivienda_rural":0.16,"ha_agropecuaria":3913.51},"geometry":{"type":"Polygon","coordinates":[[[-72.43653,6.49486],[-72.44069,6.49218],[-72.44263,6.49254],[-72.44342,6.49111],[-72.44724,6.48932],[-72.44878,6.49011],[-72.45333,6.49007],[-72.45411,6.49051],[-72.4568,6.48973],[-72.4578,6.48818],[-72.4582,6.48629],[-72.45947,6.48604],[-72.46147,6.48455],[-72.46297,6.48189],[-72.46729,6.48141],[-72.46854,6.47995],[-72.47138,6.47877],[-72.47146,6.4772],[-72.4728,6.47385],[-72.47438,6.47224],[-72.47426,6.46884],[-72.47585,6.46615],[-72.47844,6.46555],[-72.48445,6.46528],[-72.48571,6.46415],[-72.48403,6.46354],[-72.48298,6.46206],[-72.48022,6.46073],[-72.47997,6.45985],[-72.47716,6.45792],[-72.47463,6.45514],[-72.47345,6.45463],[-72.47145,6.45266],[-72.47213,6.44721],[-72.47482,6.44627],[-72.47611,6.44454],[-72.47743,6.44126],[-72.47897,6.4414],[-72.48151,6.43936],[-72.48263,6.43651],[-72.48413,6.43534],[-72.48544,6.43186],[-72.48612,6.4294],[-72.4861,6.42457],[-72.48737,6.41792],[-72.48622,6.41104],[-72.48645,6.40867],[-72.48788,6.40627],[-72.49213,6.40269],[-72.49679,6.40082],[-72.49378,6.39881],[-72.49218,6.39841],[-72.49103,6.39574],[-72.49004,6.3946],[-72.48838,6.3945],[-72.48721,6.39378],[-72.48663,6.3916],[-72.48598,6.39096],[-72.48447,6.39156],[-72.48384,6.39331],[-72.48165,6.39414],[-72.48078,6.39381],[-72.47978,6.39146],[-72.47741,6.3913],[-72.47549,6.39285],[-72.47403,6.39303],[-72.47218,6.39491],[-72.4711,6.39536],[-72.47248,6.39652],[-72.47039,6.39815],[-72.46957,6.40264],[-72.46711,6.40769],[-72.46293,6.40978],[-72.46105,6.41179],[-72.45981,6.41214],[-72.45774,6.41495],[-72.456,6.41626],[-72.45673,6.41736],[-72.45752,6.41762],[-72.45867,6.41985],[-72.45877,6.42176],[-72.45471,6.4218],[-72.44992,6.42358],[-72.44799,6.42336],[-72.44716,6.42654],[-72.44553,6.42642],[-72.44446,6.42796],[-72.44403,6.42743],[-72.44303,6.42992],[-72.44183,6.43042],[-72.44078,6.43204],[-72.43968,6.43293],[-72.43943,6.4327],[-72.43646,6.43602],[-72.4309,6.44001],[-72.43204,6.4425],[-72.43371,6.45407],[-72.43764,6.459],[-72.44031,6.45859],[-72.44179,6.45779],[-72.44173,6.45905],[-72.44356,6.46209],[-72.44193,6.4662],[-72.44236,6.46983],[-72.44292,6.47096],[-72.44143,6.4739],[-72.44151,6.47534],[-72.44068,6.47626],[-72.4408,6.47888],[-72.43954,6.48157],[-72.43734,6.48303],[-72.43649,6.48519],[-72.43637,6.48572],[-72.4369,6.48538],[-72.43661,6.48981],[-72.437,6.49134],[-72.43642,6.49285],[-72.43653,6.49486]]]}},{"type":"Feature","properties":{"codigo":"15531","municipio":"Pauna","provincia":"Occidente","predios_urbanos_igac":763,"predios_rurales_igac":4044,"area_km2":252.51,"area_urbana_ha":37.86,"pct_urbano":0.15,"pct_rural":99.85,"pct_de_boyaca":1.092,"jerarquia_urbana":60,"categoria_urbana":"Centro urbano local","valor_agregado":255.23,"empresas_matriculadas":33,"empresas_renovadas":180,"empresas_canceladas":30,"comfaboy_empresas":13,"comfaboy_empleos":115,"pob_0_6":536,"pob_7_14":923,"pob_15_17":361,"pob_18_26":796,"pob_27_59":3217,"pob_60_mas":1794,"hombres":3943,"mujeres":3684,"poblacion":7627,"captaciones":13185.75,"colocaciones":27013.19,"finagro":6407.72,"bancoldex":28.71,"icm_puesto":null,"produccion_agricola_ton":32927.62,"bovinos":10402,"icfes":243.67,"matricula_escolar":1157,"establecimientos_educativos":3,"ips":4,"camas":4,"regimen_contributivo":564,"regimen_especial":33,"regimen_subsidiado":5044,"acueductos":4,"riesgo_agua":"Medio","eventos_riesgo":6,"densidad_hab_km2":30.2,"valor_agregado_por_hab_millones":33.464,"pred_urbanos":763,"pred_vivienda_rural":93,"pred_agropecuarios":3951,"pred_atipicos":0,"ha_urbana_predios":30.95,"ha_vivienda_rural":0.78,"ha_agropecuaria":24929.8},"geometry":{"type":"Polygon","coordinates":[[[-74.05914,5.82023],[-74.06029,5.82037],[-74.06253,5.81963],[-74.06234,5.81848],[-74.06433,5.81731],[-74.06427,5.81583],[-74.0653,5.81486],[-74.06793,5.81535],[-74.06728,5.81712],[-74.06786,5.81818],[-74.07095,5.8175],[-74.07239,5.8192],[-74.07385,5.8187],[-74.07774,5.81895],[-74.07926,5.8185],[-74.07893,5.81448],[-74.07953,5.8125],[-74.0829,5.80848],[-74.08428,5.8034],[-74.0873,5.80001],[-74.0877,5.79884],[-74.08764,5.79497],[-74.09044,5.79073],[-74.08995,5.78519],[-74.09122,5.78233],[-74.08928,5.77978],[-74.0891,5.7787],[-74.09173,5.7738],[-74.09256,5.77127],[-74.09242,5.7702],[-74.09098,5.76851],[-74.09056,5.76538],[-74.09075,5.76334],[-74.09265,5.75971],[-74.09328,5.75655],[-74.0922,5.75287],[-74.08881,5.74988],[-74.08689,5.74649],[-74.08683,5.74322],[-74.08497,5.73981],[-74.08051,5.73768],[-74.07751,5.7341],[-74.07312,5.73226],[-74.06792,5.72854],[-74.06257,5.72636],[-74.0613,5.72624],[-74.05926,5.72396],[-74.05395,5.72331],[-74.05128,5.72243],[-74.04809,5.71715],[-74.04639,5.71631],[-74.04495,5.71482],[-74.04193,5.71422],[-74.04159,5.71164],[-74.03941,5.70879],[-74.03852,5.7063],[-74.03849,5.70523],[-74.04085,5.6991],[-74.04022,5.69628],[-74.03888,5.6936],[-74.03966,5.69084],[-74.04043,5.68987],[-74.04458,5.68948],[-74.04696,5.68628],[-74.05075,5.68324],[-74.05076,5.68267],[-74.04935,5.6812],[-74.04651,5.67962],[-74.04826,5.67624],[-74.04698,5.67444],[-74.04699,5.67367],[-74.04853,5.67076],[-74.05361,5.66534],[-74.05417,5.66292],[-74.0564,5.6616],[-74.05827,5.65725],[-74.05994,5.65622],[-74.05937,5.65285],[-74.06065,5.6492],[-74.05919,5.6491],[-74.05748,5.64982],[-74.05589,5.64958],[-74.05562,5.64862],[-74.05432,5.64722],[-74.05346,5.64723],[-74.05259,5.64477],[-74.05394,5.64341],[-74.05453,5.64202],[-74.05238,5.64158],[-74.05027,5.64011],[-74.05029,5.63959],[-74.05125,5.63933],[-74.05152,5.63871],[-74.04941,5.63794],[-74.05015,5.63711],[-74.0498,5.63618],[-74.04855,5.63609],[-74.04821,5.63547],[-74.04657,5.63514],[-74.04547,5.63329],[-74.04337,5.63368],[-74.04244,5.63556],[-74.03962,5.63584],[-74.038,5.63954],[-74.03641,5.64076],[-74.0362,5.64191],[-74.0349,5.64112],[-74.03442,5.63922],[-74.03357,5.6386],[-74.03268,5.63671],[-74.03178,5.63632],[-74.03013,5.63721],[-74.02994,5.63609],[-74.02884,5.63527],[-74.02861,5.63359],[-74.02724,5.6318],[-74.02788,5.6293],[-74.02754,5.62712],[-74.02877,5.62567],[-74.02776,5.62465],[-74.02778,5.62328],[-74.02702,5.62177],[-74.02813,5.62049],[-74.02831,5.61952],[-74.02714,5.61858],[-74.02819,5.61642],[-74.02907,5.61238],[-74.02901,5.61148],[-74.02828,5.61093],[-74.02862,5.61019],[-74.02845,5.6071],[-74.02702,5.60636],[-74.02737,5.60507],[-74.02866,5.60418],[-74.02772,5.60292],[-74.02653,5.60319],[-74.02634,5.60147],[-74.02551,5.60235],[-74.02406,5.60213],[-74.02293,5.60317],[-74.02193,5.60179],[-74.01944,5.60229],[-74.01823,5.60418],[-74.01693,5.60376],[-74.01685,5.60329],[-74.01721,5.60273],[-74.01769,5.60281],[-74.01791,5.6016],[-74.01642,5.601],[-74.01519,5.60088],[-74.01419,5.60187],[-74.01415,5.60262],[-74.01133,5.60177],[-74.01057,5.60291],[-74.01001,5.60232],[-74.01053,5.60127],[-74.0095,5.60166],[-74.00892,5.60091],[-74.00828,5.60093],[-74.00801,5.60214],[-74.00699,5.60158],[-74.00585,5.60237],[-74.00542,5.60431],[-74.00434,5.60475],[-74.00408,5.60612],[-74.00318,5.60729],[-74.00192,5.60781],[-74.00152,5.60969],[-73.99836,5.61156],[-73.9975,5.60967],[-73.99574,5.60889],[-73.99536,5.60815],[-73.99365,5.60839],[-73.99315,5.60724],[-73.99212,5.60757],[-73.9913,5.60625],[-73.98948,5.60665],[-73.98872,5.60447],[-73.98752,5.60492],[-73.98468,5.60316],[-73.98209,5.59833],[-73.97979,5.59638],[-73.9795,5.59541],[-73.97604,5.59525],[-73.97341,5.59667],[-73.97071,5.59677],[-73.9697,5.59758],[-73.96856,5.59774],[-73.96701,5.59579],[-73.96302,5.59589],[-73.9613,5.59417],[-73.95869,5.5941],[-73.95585,5.5923],[-73.95674,5.58881],[-73.95464,5.58843],[-73.94768,5.58413],[-73.94681,5.58319],[-73.94663,5.58119],[-73.94886,5.5812],[-73.95004,5.57971],[-73.94994,5.57633],[-73.9493,5.57508],[-73.94957,5.57321],[-73.95198,5.57163],[-73.95192,5.57111],[-73.95039,5.57018],[-73.95027,5.56787],[-73.94964,5.5674],[-73.94821,5.56738],[-73.94892,5.56585],[-73.94287,5.5665],[-73.94117,5.56516],[-73.94019,5.5667],[-73.93978,5.56662],[-73.93645,5.56955],[-73.93525,5.57006],[-73.93245,5.57018],[-73.92833,5.57239],[-73.92765,5.57368],[-73.92594,5.57389],[-73.92475,5.57464],[-73.92391,5.57634],[-73.92278,5.5769],[-73.92023,5.58004],[-73.91885,5.58092],[-73.918,5.58272],[-73.91777,5.58499],[-73.91236,5.59041],[-73.9115,5.59258],[-73.90985,5.59373],[-73.90857,5.59749],[-73.90747,5.59877],[-73.90252,5.60811],[-73.90254,5.60967],[-73.90113,5.61407],[-73.89774,5.61961],[-73.90139,5.62135],[-73.90163,5.62303],[-73.90269,5.62371],[-73.90397,5.62607],[-73.90301,5.62762],[-73.90415,5.62795],[-73.90386,5.62937],[-73.90732,5.6296],[-73.90775,5.63147],[-73.91107,5.63241],[-73.91127,5.63325],[-73.91325,5.6338],[-73.91368,5.63453],[-73.91618,5.63512],[-73.91743,5.63447],[-73.91827,5.63482],[-73.91976,5.63566],[-73.92081,5.63764],[-73.92251,5.63905],[-73.92517,5.63668],[-73.92495,5.63603],[-73.92685,5.63462],[-73.92712,5.63373],[-73.9267,5.63258],[-73.93141,5.62813],[-73.93282,5.62871],[-73.93206,5.63039],[-73.9325,5.63051],[-73.93311,5.6321],[-73.93685,5.6328],[-73.94393,5.64619],[-73.94427,5.6492],[-73.94361,5.65187],[-73.944,5.65465],[-73.94346,5.6568],[-73.94159,5.65784],[-73.94139,5.65953],[-73.9436,5.66554],[-73.94447,5.66617],[-73.94606,5.66881],[-73.94548,5.67147],[-73.9441,5.67306],[-73.94543,5.67751],[-73.94619,5.67842],[-73.9464,5.68038],[-73.94866,5.68449],[-73.94988,5.68792],[-73.94958,5.68939],[-73.94809,5.69205],[-73.94571,5.69366],[-73.94632,5.69493],[-73.94734,5.69552],[-73.94771,5.69682],[-73.94938,5.69773],[-73.95016,5.69876],[-73.95251,5.69906],[-73.95403,5.70031],[-73.95543,5.69937],[-73.95638,5.69937],[-73.9574,5.70067],[-73.96022,5.70009],[-73.96398,5.70112],[-73.9657,5.70096],[-73.96756,5.7018],[-73.96876,5.70165],[-73.96934,5.70334],[-73.97145,5.70284],[-73.9712,5.70452],[-73.97246,5.70725],[-73.97386,5.70781],[-73.97398,5.70901],[-73.97561,5.70929],[-73.97459,5.71015],[-73.9745,5.71093],[-73.9752,5.71226],[-73.97545,5.71544],[-73.97657,5.71579],[-73.9785,5.71788],[-73.98041,5.71842],[-73.9814,5.72073],[-73.98261,5.72091],[-73.98435,5.72386],[-73.98679,5.72528],[-73.9869,5.72709],[-73.98909,5.7276],[-73.99155,5.7291],[-73.99148,5.73387],[-73.99443,5.73602],[-73.99731,5.74009],[-73.9984,5.74815],[-73.99876,5.74896],[-74.00135,5.75117],[-74.00176,5.75516],[-74.00542,5.75854],[-74.00777,5.76279],[-74.01154,5.76245],[-74.01407,5.76431],[-74.01103,5.77473],[-74.01275,5.77566],[-74.01686,5.77639],[-74.01928,5.77972],[-74.01985,5.78212],[-74.02087,5.78197],[-74.02392,5.77998],[-74.02506,5.78076],[-74.02419,5.78166],[-74.02534,5.7843],[-74.02448,5.78475],[-74.02454,5.78618],[-74.02381,5.78654],[-74.02303,5.78788],[-74.02476,5.78887],[-74.02397,5.78968],[-74.02426,5.79058],[-74.02375,5.7913],[-74.0247,5.79259],[-74.02336,5.79525],[-74.02364,5.79605],[-74.02566,5.79752],[-74.02639,5.8016],[-74.02813,5.80387],[-74.02574,5.80651],[-74.02879,5.80772],[-74.02989,5.80904],[-74.03388,5.81159],[-74.03606,5.81228],[-74.03827,5.81199],[-74.03976,5.81334],[-74.04121,5.81345],[-74.04268,5.81446],[-74.0438,5.81418],[-74.0499,5.81764],[-74.05294,5.81803],[-74.05581,5.81969],[-74.05673,5.81939],[-74.05914,5.82023]]]}},{"type":"Feature","properties":{"codigo":"15533","municipio":"Paya","provincia":"La Libertad","predios_urbanos_igac":80,"predios_rurales_igac":874,"area_km2":443.39,"area_urbana_ha":11.37,"pct_urbano":0.026,"pct_rural":99.974,"pct_de_boyaca":1.917,"jerarquia_urbana":114,"categoria_urbana":"Núcleo urbano básico","valor_agregado":35.03,"empresas_matriculadas":6,"empresas_renovadas":30,"empresas_canceladas":0,"comfaboy_empresas":6,"comfaboy_empleos":33,"pob_0_6":356,"pob_7_14":421,"pob_15_17":155,"pob_18_26":437,"pob_27_59":1091,"pob_60_mas":335,"hombres":1473,"mujeres":1322,"poblacion":2795,"captaciones":23.45,"colocaciones":3.62,"finagro":1250.23,"bancoldex":null,"icm_puesto":null,"produccion_agricola_ton":1852.15,"bovinos":8910,"icfes":246.5,"matricula_escolar":415,"establecimientos_educativos":2,"ips":2,"camas":0,"regimen_contributivo":151,"regimen_especial":15,"regimen_subsidiado":1710,"acueductos":3,"riesgo_agua":"Bajo","eventos_riesgo":1,"densidad_hab_km2":6.3,"valor_agregado_por_hab_millones":12.533,"pred_urbanos":80,"pred_vivienda_rural":0,"pred_agropecuarios":874,"pred_atipicos":0,"ha_urbana_predios":9.76,"ha_vivienda_rural":0.0,"ha_agropecuaria":41122.31},"geometry":{"type":"Polygon","coordinates":[[[-72.24833,5.69587],[-72.25069,5.69728],[-72.25167,5.69824],[-72.25197,5.69973],[-72.25393,5.70054],[-72.25443,5.70198],[-72.25626,5.70306],[-72.25709,5.70684],[-72.25758,5.70738],[-72.25904,5.70738],[-72.25957,5.70803],[-72.25933,5.709],[-72.25985,5.70994],[-72.2615,5.71095],[-72.26075,5.71219],[-72.26214,5.71309],[-72.26226,5.71559],[-72.26408,5.71697],[-72.26571,5.71737],[-72.26604,5.71809],[-72.26555,5.71994],[-72.2666,5.72077],[-72.26892,5.7244],[-72.26855,5.72577],[-72.26966,5.7269],[-72.26921,5.72863],[-72.27118,5.72847],[-72.27352,5.72922],[-72.27433,5.72805],[-72.2749,5.72916],[-72.27694,5.73084],[-72.27661,5.73335],[-72.27427,5.73491],[-72.27419,5.73556],[-72.27707,5.73762],[-72.27626,5.74035],[-72.27654,5.74287],[-72.27731,5.74315],[-72.27859,5.74479],[-72.27879,5.74574],[-72.28,5.74685],[-72.27998,5.74763],[-72.28118,5.74841],[-72.28038,5.74955],[-72.28142,5.75002],[-72.2821,5.74936],[-72.28326,5.74925],[-72.28479,5.74977],[-72.28621,5.74856],[-72.28651,5.75002],[-72.28996,5.75041],[-72.29211,5.75349],[-72.29479,5.7535],[-72.29548,5.75381],[-72.29572,5.75458],[-72.29625,5.75419],[-72.29717,5.75451],[-72.29822,5.75152],[-72.29756,5.74501],[-72.29882,5.74171],[-72.30108,5.7381],[-72.30185,5.73252],[-72.30319,5.72893],[-72.31116,5.7142],[-72.31267,5.70778],[-72.31663,5.70058],[-72.31815,5.69912],[-72.32154,5.69712],[-72.32236,5.69322],[-72.32423,5.68998],[-72.32722,5.68846],[-72.33043,5.6882],[-72.33532,5.68961],[-72.33979,5.6901],[-72.34399,5.68951],[-72.34547,5.68887],[-72.35029,5.68911],[-72.35243,5.69014],[-72.35352,5.69141],[-72.35706,5.69732],[-72.35822,5.69613],[-72.36228,5.68944],[-72.36744,5.68579],[-72.3687,5.68363],[-72.36999,5.68286],[-72.38031,5.68284],[-72.38698,5.68146],[-72.39078,5.68701],[-72.39455,5.69054],[-72.39749,5.69182],[-72.4024,5.69267],[-72.41007,5.69134],[-72.41377,5.68857],[-72.41692,5.68721],[-72.41941,5.68861],[-72.42232,5.68901],[-72.42444,5.69062],[-72.42711,5.6904],[-72.42951,5.68937],[-72.43236,5.68898],[-72.43592,5.68798],[-72.43656,5.68734],[-72.43757,5.68814],[-72.43919,5.68832],[-72.44273,5.68708],[-72.44464,5.68752],[-72.44488,5.68584],[-72.44664,5.68343],[-72.44666,5.68151],[-72.448,5.6801],[-72.44805,5.68087],[-72.44734,5.6817],[-72.44757,5.68317],[-72.4468,5.68564],[-72.44713,5.68778],[-72.44626,5.68903],[-72.45143,5.69462],[-72.45764,5.69914],[-72.45783,5.70011],[-72.45952,5.70206],[-72.46105,5.70007],[-72.46132,5.69699],[-72.46507,5.69162],[-72.46699,5.68998],[-72.46778,5.68689],[-72.46882,5.68559],[-72.469,5.68329],[-72.47056,5.67898],[-72.47486,5.67354],[-72.47811,5.6716],[-72.47861,5.67086],[-72.47831,5.66968],[-72.47665,5.66802],[-72.47476,5.66495],[-72.4761,5.66526],[-72.47733,5.66426],[-72.48068,5.66433],[-72.48407,5.66303],[-72.48525,5.66373],[-72.4864,5.66341],[-72.48845,5.66422],[-72.48887,5.66379],[-72.48881,5.65525],[-72.49202,5.64563],[-72.49177,5.642],[-72.49237,5.63856],[-72.49565,5.63507],[-72.50026,5.62657],[-72.50737,5.62092],[-72.5087,5.61841],[-72.51321,5.61497],[-72.51459,5.60813],[-72.51598,5.60628],[-72.51812,5.60093],[-72.51792,5.59848],[-72.51644,5.59574],[-72.5121,5.59368],[-72.51022,5.59175],[-72.50784,5.5923],[-72.50513,5.59454],[-72.50066,5.59267],[-72.49912,5.58947],[-72.49292,5.58401],[-72.4919,5.57959],[-72.4897,5.57604],[-72.48447,5.57313],[-72.48103,5.57246],[-72.47852,5.57048],[-72.47717,5.56813],[-72.47308,5.56808],[-72.47085,5.56681],[-72.46271,5.56584],[-72.45931,5.56294],[-72.45856,5.56185],[-72.45751,5.55748],[-72.45853,5.55527],[-72.46134,5.55287],[-72.46381,5.54912],[-72.46391,5.54754],[-72.46305,5.546],[-72.46312,5.54298],[-72.46,5.54029],[-72.45722,5.53977],[-72.45571,5.53895],[-72.45131,5.5333],[-72.45022,5.52992],[-72.44835,5.52853],[-72.44717,5.52606],[-72.44579,5.52535],[-72.44508,5.5244],[-72.44459,5.52335],[-72.44444,5.52067],[-72.4432,5.52562],[-72.44072,5.52884],[-72.441,5.52949],[-72.44051,5.53171],[-72.4375,5.53305],[-72.4367,5.53503],[-72.43575,5.53595],[-72.43569,5.53744],[-72.43253,5.5399],[-72.43191,5.5414],[-72.43017,5.54243],[-72.43028,5.54345],[-72.42798,5.54523],[-72.42714,5.54669],[-72.42749,5.54791],[-72.42674,5.54794],[-72.42602,5.54665],[-72.42542,5.54651],[-72.42592,5.54843],[-72.42521,5.55082],[-72.4256,5.55165],[-72.42496,5.55301],[-72.42545,5.55569],[-72.42465,5.55626],[-72.42289,5.55639],[-72.42113,5.55808],[-72.42125,5.55902],[-72.42236,5.55915],[-72.42275,5.55965],[-72.42242,5.56133],[-72.4209,5.56324],[-72.4187,5.56329],[-72.41772,5.56477],[-72.41636,5.56487],[-72.41457,5.56587],[-72.41278,5.56592],[-72.41095,5.56522],[-72.40997,5.56427],[-72.40931,5.56594],[-72.40986,5.56674],[-72.40909,5.56788],[-72.40838,5.56797],[-72.40625,5.56629],[-72.40537,5.56787],[-72.40415,5.56819],[-72.40366,5.57],[-72.3996,5.56844],[-72.39842,5.56873],[-72.39683,5.57033],[-72.39584,5.56894],[-72.39364,5.5674],[-72.39273,5.56596],[-72.38769,5.56363],[-72.38393,5.55979],[-72.38335,5.55815],[-72.38318,5.55492],[-72.37923,5.55022],[-72.37841,5.54695],[-72.37564,5.54446],[-72.37657,5.54014],[-72.37554,5.53796],[-72.37487,5.53746],[-72.37277,5.53719],[-72.37184,5.53539],[-72.36924,5.53419],[-72.3679,5.53063],[-72.36647,5.52875],[-72.36205,5.52805],[-72.36086,5.52388],[-72.35772,5.52165],[-72.3569,5.51789],[-72.35204,5.51623],[-72.34983,5.51338],[-72.34706,5.51196],[-72.34589,5.50689],[-72.3432,5.50475],[-72.33946,5.50336],[-72.3381,5.5008],[-72.33356,5.49983],[-72.33039,5.49764],[-72.32574,5.49709],[-72.32161,5.49809],[-72.31759,5.49803],[-72.31494,5.49948],[-72.31138,5.5025],[-72.3009,5.50597],[-72.29881,5.51006],[-72.29529,5.51495],[-72.29466,5.51824],[-72.29491,5.53087],[-72.2966,5.5472],[-72.29579,5.55334],[-72.29506,5.55603],[-72.29335,5.55815],[-72.28905,5.56618],[-72.28517,5.57463],[-72.28561,5.58656],[-72.28917,5.59488],[-72.28904,5.60028],[-72.28747,5.60564],[-72.27082,5.62197],[-72.26489,5.62885],[-72.26269,5.63354],[-72.26319,5.63724],[-72.26566,5.64266],[-72.27332,5.65522],[-72.27323,5.6593],[-72.27214,5.66222],[-72.26893,5.66373],[-72.26277,5.6635],[-72.25733,5.6624],[-72.25143,5.6634],[-72.24405,5.66637],[-72.23765,5.66712],[-72.2284,5.66683],[-72.22583,5.66764],[-72.22436,5.67036],[-72.2219,5.67258],[-72.22143,5.67604],[-72.22217,5.67639],[-72.22318,5.67568],[-72.22472,5.67756],[-72.22362,5.67955],[-72.22528,5.67887],[-72.22654,5.67901],[-72.22794,5.68147],[-72.2294,5.6814],[-72.23,5.68219],[-72.2312,5.68253],[-72.23187,5.68511],[-72.2341,5.68608],[-72.23571,5.6874],[-72.2362,5.68744],[-72.23761,5.68576],[-72.23991,5.68688],[-72.24262,5.68724],[-72.24443,5.68515],[-72.24741,5.68478],[-72.24951,5.68505],[-72.25028,5.68742],[-72.24922,5.68984],[-72.24747,5.6909],[-72.24807,5.69225],[-72.24749,5.69409],[-72.24833,5.69587]]]}},{"type":"Feature","properties":{"codigo":"15537","municipio":"Paz De Río","provincia":"Valderrama","predios_urbanos_igac":844,"predios_rurales_igac":3599,"area_km2":122.65,"area_urbana_ha":81.85,"pct_urbano":0.667,"pct_rural":99.333,"pct_de_boyaca":0.53,"jerarquia_urbana":25,"categoria_urbana":"Centro urbano local","valor_agregado":102.69,"empresas_matriculadas":26,"empresas_renovadas":291,"empresas_canceladas":18,"comfaboy_empresas":72,"comfaboy_empleos":855,"pob_0_6":396,"pob_7_14":508,"pob_15_17":192,"pob_18_26":556,"pob_27_59":1847,"pob_60_mas":1016,"hombres":2229,"mujeres":2286,"poblacion":4515,"captaciones":27495.66,"colocaciones":14873.94,"finagro":1954.69,"bancoldex":155.96,"icm_puesto":19,"produccion_agricola_ton":1250.87,"bovinos":2637,"icfes":265,"matricula_escolar":661,"establecimientos_educativos":2,"ips":2,"camas":0,"regimen_contributivo":1915,"regimen_especial":25,"regimen_subsidiado":1660,"acueductos":3,"riesgo_agua":"Medio","eventos_riesgo":7,"densidad_hab_km2":36.81,"valor_agregado_por_hab_millones":22.744,"pred_urbanos":844,"pred_vivienda_rural":26,"pred_agropecuarios":3573,"pred_atipicos":0,"ha_urbana_predios":73.08,"ha_vivienda_rural":0.43,"ha_agropecuaria":12137.27},"geometry":{"type":"Polygon","coordinates":[[[-72.79492,6.09995],[-72.79622,6.09906],[-72.79781,6.09682],[-72.79993,6.09172],[-72.80193,6.09038],[-72.80434,6.09097],[-72.80709,6.09443],[-72.81041,6.0952],[-72.81149,6.09099],[-72.81274,6.08882],[-72.81417,6.08141],[-72.8133,6.07973],[-72.81328,6.07741],[-72.81225,6.07563],[-72.8126,6.07049],[-72.8113,6.06948],[-72.81085,6.06797],[-72.81089,6.06595],[-72.81167,6.06504],[-72.81118,6.0646],[-72.81134,6.06348],[-72.81063,6.06198],[-72.81105,6.06026],[-72.81018,6.05801],[-72.8104,6.05663],[-72.81111,6.05617],[-72.81092,6.05518],[-72.81146,6.05378],[-72.81105,6.05072],[-72.81132,6.04789],[-72.81347,6.04619],[-72.81353,6.04412],[-72.81521,6.04054],[-72.81335,6.03744],[-72.81386,6.03564],[-72.81305,6.0351],[-72.8134,6.03384],[-72.81294,6.03309],[-72.81304,6.0314],[-72.81227,6.02999],[-72.81306,6.02942],[-72.81361,6.02771],[-72.81272,6.02774],[-72.81271,6.02699],[-72.81404,6.02621],[-72.81292,6.02504],[-72.81261,6.02337],[-72.81076,6.02385],[-72.81113,6.02243],[-72.8105,6.02175],[-72.80865,6.02255],[-72.80798,6.01922],[-72.80676,6.01786],[-72.8059,6.01811],[-72.80389,6.01673],[-72.79881,6.0171],[-72.79846,6.01673],[-72.79707,6.01916],[-72.79577,6.01903],[-72.79608,6.01549],[-72.79518,6.0125],[-72.79313,6.00824],[-72.79145,6.00627],[-72.79299,6.00337],[-72.79373,5.99999],[-72.79685,5.99431],[-72.79878,5.99275],[-72.80021,5.99223],[-72.8013,5.9909],[-72.80285,5.99097],[-72.80955,5.98669],[-72.81266,5.98232],[-72.81341,5.97965],[-72.81511,5.97932],[-72.81701,5.97774],[-72.81827,5.97801],[-72.81801,5.97296],[-72.81539,5.96536],[-72.81187,5.96426],[-72.81087,5.96481],[-72.80722,5.96442],[-72.80357,5.96517],[-72.80094,5.96473],[-72.79959,5.96501],[-72.79849,5.96429],[-72.79715,5.96474],[-72.79456,5.96426],[-72.78911,5.96063],[-72.78613,5.96033],[-72.78487,5.95758],[-72.78179,5.95514],[-72.77994,5.95504],[-72.77921,5.95449],[-72.77804,5.95775],[-72.77528,5.95879],[-72.77399,5.96083],[-72.77246,5.96205],[-72.77223,5.96329],[-72.77078,5.96363],[-72.76862,5.96564],[-72.76587,5.97032],[-72.76411,5.97185],[-72.76256,5.97547],[-72.75544,5.98177],[-72.75426,5.98219],[-72.75127,5.98197],[-72.74949,5.98368],[-72.74626,5.98461],[-72.74495,5.98738],[-72.7406,5.98837],[-72.7394,5.99052],[-72.73858,5.99064],[-72.73705,5.99201],[-72.73486,5.9922],[-72.73127,5.99336],[-72.72934,5.99306],[-72.72649,5.9934],[-72.72385,5.99615],[-72.72202,5.99617],[-72.71978,5.99708],[-72.71784,5.99688],[-72.71681,5.99736],[-72.71655,5.99854],[-72.71431,6.00021],[-72.71317,6.00213],[-72.70941,6.00446],[-72.708,6.00622],[-72.70638,6.00682],[-72.70446,6.00872],[-72.70461,6.00963],[-72.70378,6.01207],[-72.70195,6.01441],[-72.70149,6.01807],[-72.70305,6.01779],[-72.70439,6.01834],[-72.70726,6.02118],[-72.71128,6.02311],[-72.71249,6.02524],[-72.71479,6.02726],[-72.71965,6.02774],[-72.71808,6.03058],[-72.7186,6.03263],[-72.71797,6.03339],[-72.71976,6.03542],[-72.72002,6.03788],[-72.71814,6.04436],[-72.71769,6.04508],[-72.71598,6.04599],[-72.71547,6.04709],[-72.71682,6.04971],[-72.71681,6.05295],[-72.71498,6.05795],[-72.71629,6.06255],[-72.71696,6.06288],[-72.71829,6.06238],[-72.71906,6.06563],[-72.72143,6.06644],[-72.724,6.06875],[-72.72481,6.06796],[-72.72571,6.0688],[-72.72701,6.06834],[-72.73048,6.06846],[-72.73168,6.06934],[-72.73208,6.06886],[-72.73472,6.07096],[-72.73897,6.07116],[-72.74072,6.07263],[-72.73946,6.07358],[-72.74303,6.07542],[-72.74415,6.0766],[-72.74584,6.07656],[-72.75175,6.07831],[-72.75349,6.07906],[-72.757,6.08176],[-72.76036,6.08195],[-72.76349,6.08152],[-72.76827,6.0822],[-72.77064,6.08178],[-72.7739,6.08373],[-72.77693,6.08448],[-72.77924,6.08614],[-72.78249,6.08971],[-72.78333,6.09253],[-72.78751,6.09355],[-72.79039,6.09682],[-72.79492,6.09995]]]}},{"type":"Feature","properties":{"codigo":"15542","municipio":"Pesca","provincia":"Sugamuxi","predios_urbanos_igac":1108,"predios_rurales_igac":8089,"area_km2":262.95,"area_urbana_ha":79.62,"pct_urbano":0.303,"pct_rural":99.697,"pct_de_boyaca":1.137,"jerarquia_urbana":26,"categoria_urbana":"Centro urbano local","valor_agregado":119.02,"empresas_matriculadas":17,"empresas_renovadas":166,"empresas_canceladas":5,"comfaboy_empresas":19,"comfaboy_empleos":371,"pob_0_6":765,"pob_7_14":957,"pob_15_17":342,"pob_18_26":844,"pob_27_59":2742,"pob_60_mas":1543,"hombres":3663,"mujeres":3530,"poblacion":7193,"captaciones":22639.26,"colocaciones":22196.8,"finagro":13584.29,"bancoldex":128.58,"icm_puesto":67,"produccion_agricola_ton":10231.76,"bovinos":13485,"icfes":270,"matricula_escolar":1135,"establecimientos_educativos":3,"ips":1,"camas":0,"regimen_contributivo":570,"regimen_especial":7,"regimen_subsidiado":5054,"acueductos":7,"riesgo_agua":"Alto","eventos_riesgo":22,"densidad_hab_km2":27.36,"valor_agregado_por_hab_millones":16.547,"pred_urbanos":1108,"pred_vivienda_rural":35,"pred_agropecuarios":8054,"pred_atipicos":0,"ha_urbana_predios":69.54,"ha_vivienda_rural":0.7,"ha_agropecuaria":28127.96},"geometry":{"type":"Polygon","coordinates":[[[-73.06324,5.64538],[-73.065,5.64445],[-73.06957,5.6399],[-73.0761,5.62837],[-73.07635,5.62665],[-73.07846,5.6251],[-73.07697,5.62342],[-73.07624,5.62011],[-73.07725,5.61815],[-73.07831,5.61742],[-73.07944,5.61809],[-73.07924,5.61669],[-73.0799,5.61636],[-73.08174,5.61318],[-73.08404,5.60774],[-73.08929,5.58807],[-73.08868,5.58652],[-73.08923,5.58475],[-73.09538,5.57662],[-73.09633,5.57371],[-73.0995,5.56849],[-73.10177,5.56292],[-73.10398,5.55929],[-73.10553,5.5485],[-73.10588,5.54755],[-73.10982,5.54359],[-73.11175,5.5392],[-73.11335,5.53719],[-73.11543,5.5318],[-73.1152,5.52813],[-73.11586,5.52472],[-73.11676,5.52357],[-73.11889,5.52222],[-73.12196,5.51866],[-73.12901,5.51498],[-73.13059,5.50984],[-73.13276,5.5091],[-73.13445,5.50731],[-73.13536,5.50499],[-73.13868,5.50299],[-73.14048,5.49979],[-73.14068,5.49653],[-73.14169,5.49467],[-73.14187,5.49258],[-73.14087,5.48701],[-73.1409,5.48414],[-73.14242,5.48247],[-73.14389,5.48214],[-73.14492,5.47976],[-73.14729,5.48205],[-73.14614,5.47796],[-73.14002,5.47506],[-73.13676,5.4703],[-73.13388,5.46857],[-73.13285,5.46537],[-73.13133,5.4652],[-73.13093,5.46471],[-73.12958,5.45906],[-73.12906,5.45857],[-73.12756,5.45898],[-73.12616,5.45853],[-73.12409,5.45633],[-73.124,5.45494],[-73.1249,5.45327],[-73.12483,5.45002],[-73.12727,5.447],[-73.12796,5.44404],[-73.1304,5.43855],[-73.13249,5.43083],[-73.13504,5.42683],[-73.13783,5.42427],[-73.13922,5.41713],[-73.14173,5.41296],[-73.14146,5.41207],[-73.13948,5.41075],[-73.13639,5.40659],[-73.13412,5.40556],[-73.13364,5.40351],[-73.13205,5.40274],[-73.13064,5.40098],[-73.12971,5.39842],[-73.12963,5.39623],[-73.1273,5.39192],[-73.12682,5.38984],[-73.12127,5.38506],[-73.1236,5.38135],[-73.12786,5.37675],[-73.12932,5.37143],[-73.13206,5.3684],[-73.13202,5.36788],[-73.13121,5.36727],[-73.13059,5.365],[-73.12633,5.35841],[-73.12619,5.35623],[-73.12511,5.35477],[-73.11891,5.35039],[-73.11583,5.34907],[-73.11223,5.34823],[-73.10929,5.34837],[-73.10596,5.35064],[-73.10262,5.35137],[-73.0953,5.35663],[-73.09027,5.36152],[-73.08722,5.36235],[-73.07867,5.36748],[-73.07659,5.36765],[-73.0747,5.36897],[-73.07042,5.36877],[-73.06651,5.3693],[-73.06506,5.36775],[-73.06324,5.36776],[-73.06172,5.36646],[-73.05903,5.36743],[-73.05712,5.36883],[-73.05574,5.3687],[-73.05503,5.36979],[-73.05414,5.36998],[-73.05346,5.37228],[-73.0538,5.37349],[-73.05328,5.3744],[-73.05217,5.37369],[-73.05092,5.37402],[-73.04981,5.37331],[-73.051,5.37489],[-73.05097,5.37578],[-73.05002,5.37616],[-73.0508,5.37656],[-73.05123,5.37825],[-73.04748,5.3791],[-73.04565,5.3822],[-73.04221,5.38389],[-73.04222,5.38437],[-73.04295,5.38412],[-73.04408,5.38501],[-73.04493,5.38441],[-73.04552,5.38455],[-73.04702,5.38635],[-73.04745,5.3893],[-73.04849,5.38903],[-73.05419,5.39441],[-73.0539,5.39578],[-73.05461,5.39683],[-73.05499,5.40446],[-73.05104,5.41427],[-73.04806,5.41353],[-73.04668,5.41846],[-73.03916,5.42798],[-73.03904,5.42959],[-73.0399,5.43223],[-73.04124,5.43254],[-73.0432,5.4316],[-73.04541,5.43152],[-73.04831,5.42931],[-73.05324,5.42955],[-73.05499,5.42885],[-73.05616,5.42823],[-73.05827,5.42568],[-73.06138,5.42319],[-73.06505,5.42621],[-73.06524,5.43164],[-73.06609,5.43459],[-73.07011,5.43538],[-73.07192,5.43634],[-73.06794,5.44443],[-73.06846,5.45054],[-73.06557,5.45426],[-73.06592,5.45889],[-73.06313,5.461],[-73.06054,5.46586],[-73.06106,5.46734],[-73.06373,5.47119],[-73.06252,5.47356],[-73.05931,5.47616],[-73.05938,5.47834],[-73.05831,5.4835],[-73.05855,5.48462],[-73.05789,5.48647],[-73.05672,5.48914],[-73.05154,5.49573],[-73.05066,5.49897],[-73.04947,5.5002],[-73.04849,5.50219],[-73.04765,5.50635],[-73.04348,5.51372],[-73.04332,5.51528],[-73.04428,5.51817],[-73.04437,5.52049],[-73.04412,5.52375],[-73.04301,5.52696],[-73.04106,5.53023],[-73.03939,5.5347],[-73.03696,5.53757],[-73.03515,5.54102],[-73.03444,5.54448],[-73.03241,5.54865],[-73.02696,5.55625],[-73.02563,5.55955],[-73.01983,5.5663],[-73.01814,5.56734],[-73.01771,5.56857],[-73.01656,5.56938],[-73.0157,5.5694],[-73.01605,5.57108],[-73.01267,5.57312],[-73.01116,5.57565],[-73.00934,5.57698],[-73.01151,5.57799],[-73.01231,5.57921],[-73.01254,5.58125],[-73.01208,5.58438],[-73.01287,5.58591],[-73.01298,5.58914],[-73.01092,5.59209],[-73.00838,5.59285],[-73.00364,5.59284],[-73.0037,5.59487],[-73.00264,5.59771],[-73.00163,5.59802],[-73.00149,5.59913],[-73.0035,5.60347],[-73.0038,5.60509],[-73.00305,5.60952],[-73.00376,5.61238],[-72.99782,5.6201],[-72.99515,5.6283],[-72.99839,5.62961],[-73.00465,5.63066],[-73.00593,5.63137],[-73.00499,5.63208],[-73.00436,5.63403],[-73.0039,5.6396],[-73.00512,5.64183],[-73.00769,5.64325],[-73.00933,5.64338],[-73.0133,5.64213],[-73.01759,5.63878],[-73.02729,5.62797],[-73.03106,5.62688],[-73.03324,5.62879],[-73.03572,5.62942],[-73.03691,5.63041],[-73.03914,5.63045],[-73.04015,5.63145],[-73.04158,5.63182],[-73.04552,5.63197],[-73.04986,5.63061],[-73.0535,5.63236],[-73.05574,5.6318],[-73.05749,5.63483],[-73.05727,5.63555],[-73.05865,5.63632],[-73.05957,5.63914],[-73.06237,5.64094],[-73.06238,5.6436],[-73.06324,5.64538]]]}},{"type":"Feature","properties":{"codigo":"15550","municipio":"Pisba","provincia":"La Libertad","predios_urbanos_igac":266,"predios_rurales_igac":1300,"area_km2":464.59,"area_urbana_ha":22.95,"pct_urbano":0.049,"pct_rural":99.951,"pct_de_boyaca":2.009,"jerarquia_urbana":88,"categoria_urbana":"Núcleo urbano básico","valor_agregado":25.17,"empresas_matriculadas":2,"empresas_renovadas":19,"empresas_canceladas":0,"comfaboy_empresas":3,"comfaboy_empleos":22,"pob_0_6":245,"pob_7_14":271,"pob_15_17":100,"pob_18_26":290,"pob_27_59":696,"pob_60_mas":273,"hombres":987,"mujeres":888,"poblacion":1875,"captaciones":0,"colocaciones":0,"finagro":1173.37,"bancoldex":null,"icm_puesto":null,"produccion_agricola_ton":1221.96,"bovinos":5327,"icfes":244,"matricula_escolar":276,"establecimientos_educativos":1,"ips":1,"camas":0,"regimen_contributivo":145,"regimen_especial":29,"regimen_subsidiado":1323,"acueductos":3,"riesgo_agua":"Medio","eventos_riesgo":null,"densidad_hab_km2":4.04,"valor_agregado_por_hab_millones":13.424,"pred_urbanos":266,"pred_vivienda_rural":7,"pred_agropecuarios":1293,"pred_atipicos":0,"ha_urbana_predios":20.2,"ha_vivienda_rural":0.16,"ha_agropecuaria":46408.18},"geometry":{"type":"Polygon","coordinates":[[[-72.45518,5.85087],[-72.45909,5.85072],[-72.46065,5.84919],[-72.46183,5.84705],[-72.46796,5.84543],[-72.47237,5.84358],[-72.47743,5.83992],[-72.47774,5.83671],[-72.47913,5.83387],[-72.4843,5.8294],[-72.4848,5.8251],[-72.48606,5.82221],[-72.48645,5.81872],[-72.48749,5.8169],[-72.48928,5.81555],[-72.49199,5.81451],[-72.49262,5.8134],[-72.49653,5.81012],[-72.49696,5.80914],[-72.49824,5.80844],[-72.49901,5.80706],[-72.50084,5.80628],[-72.50189,5.80454],[-72.5032,5.80361],[-72.50452,5.8035],[-72.50552,5.80197],[-72.50499,5.79973],[-72.50576,5.79763],[-72.50781,5.79563],[-72.51023,5.7958],[-72.51391,5.79328],[-72.51362,5.79242],[-72.51222,5.79153],[-72.51906,5.79124],[-72.52259,5.78987],[-72.52541,5.78953],[-72.52601,5.78859],[-72.53362,5.78733],[-72.53799,5.78509],[-72.54069,5.78481],[-72.54152,5.78493],[-72.54232,5.78658],[-72.54401,5.78802],[-72.54537,5.78788],[-72.54596,5.78836],[-72.54659,5.78799],[-72.54743,5.78846],[-72.54931,5.78818],[-72.55035,5.78734],[-72.55177,5.78701],[-72.5522,5.78559],[-72.55398,5.78522],[-72.55707,5.78218],[-72.56083,5.78043],[-72.56567,5.77584],[-72.56925,5.77662],[-72.57511,5.77572],[-72.57764,5.7739],[-72.58074,5.77315],[-72.58359,5.77113],[-72.58317,5.76767],[-72.58183,5.76621],[-72.5814,5.76413],[-72.58256,5.75803],[-72.58023,5.75426],[-72.58024,5.75186],[-72.58245,5.74979],[-72.58261,5.74794],[-72.58128,5.74416],[-72.581,5.74167],[-72.5795,5.73959],[-72.57717,5.73878],[-72.57671,5.73665],[-72.57717,5.7327],[-72.57691,5.73127],[-72.5779,5.7284],[-72.57796,5.72346],[-72.57858,5.7204],[-72.57965,5.7189],[-72.57948,5.71696],[-72.58061,5.71449],[-72.57988,5.71067],[-72.58125,5.70855],[-72.57804,5.70776],[-72.5745,5.70836],[-72.57081,5.70983],[-72.56898,5.70907],[-72.56827,5.70852],[-72.5653,5.70323],[-72.56394,5.70205],[-72.56351,5.69826],[-72.56274,5.69614],[-72.55945,5.69465],[-72.5591,5.69379],[-72.55589,5.69329],[-72.5548,5.69185],[-72.55438,5.68797],[-72.55249,5.68525],[-72.54984,5.68319],[-72.5461,5.68137],[-72.54513,5.67932],[-72.54111,5.67782],[-72.53949,5.67669],[-72.5398,5.6753],[-72.54223,5.671],[-72.54227,5.66771],[-72.54281,5.66663],[-72.54566,5.66368],[-72.54773,5.66012],[-72.54951,5.65851],[-72.55056,5.65549],[-72.54993,5.64982],[-72.54924,5.64895],[-72.54975,5.64721],[-72.54958,5.64499],[-72.54751,5.64198],[-72.5472,5.63831],[-72.54487,5.63722],[-72.54458,5.63602],[-72.54489,5.63262],[-72.54611,5.628],[-72.54568,5.62435],[-72.54516,5.62369],[-72.53841,5.62035],[-72.53373,5.61968],[-72.53266,5.61876],[-72.53027,5.61834],[-72.52789,5.61556],[-72.52318,5.61226],[-72.51927,5.60994],[-72.51454,5.60862],[-72.51348,5.61416],[-72.51283,5.61549],[-72.5087,5.61841],[-72.50737,5.62092],[-72.50026,5.62657],[-72.49565,5.63507],[-72.49237,5.63856],[-72.49177,5.642],[-72.49202,5.64563],[-72.48881,5.65525],[-72.48887,5.66379],[-72.48845,5.66422],[-72.4864,5.66341],[-72.48525,5.66373],[-72.48407,5.66303],[-72.48068,5.66433],[-72.47733,5.66426],[-72.4761,5.66526],[-72.47476,5.66495],[-72.47665,5.66802],[-72.47831,5.66968],[-72.47861,5.67086],[-72.47811,5.6716],[-72.47486,5.67354],[-72.47056,5.67898],[-72.469,5.68329],[-72.46882,5.68559],[-72.46778,5.68689],[-72.46699,5.68998],[-72.46507,5.69162],[-72.46132,5.69699],[-72.46105,5.70007],[-72.45952,5.70206],[-72.45783,5.70011],[-72.45764,5.69914],[-72.45143,5.69462],[-72.44626,5.68903],[-72.44713,5.68778],[-72.4468,5.68564],[-72.44757,5.68317],[-72.44734,5.6817],[-72.44805,5.68087],[-72.448,5.6801],[-72.44666,5.68151],[-72.44664,5.68343],[-72.44488,5.68584],[-72.44464,5.68752],[-72.44273,5.68708],[-72.43919,5.68832],[-72.43757,5.68814],[-72.43656,5.68734],[-72.43592,5.68798],[-72.43236,5.68898],[-72.42951,5.68937],[-72.42711,5.6904],[-72.42444,5.69062],[-72.42232,5.68901],[-72.41941,5.68861],[-72.41692,5.68721],[-72.41377,5.68857],[-72.41007,5.69134],[-72.4024,5.69267],[-72.39749,5.69182],[-72.39455,5.69054],[-72.39078,5.68701],[-72.38698,5.68146],[-72.38031,5.68284],[-72.36999,5.68286],[-72.3687,5.68363],[-72.36744,5.68579],[-72.36228,5.68944],[-72.35822,5.69613],[-72.35706,5.69732],[-72.35352,5.69141],[-72.35243,5.69014],[-72.35029,5.68911],[-72.34547,5.68887],[-72.34399,5.68951],[-72.33979,5.6901],[-72.33532,5.68961],[-72.33043,5.6882],[-72.32722,5.68846],[-72.32423,5.68998],[-72.32236,5.69322],[-72.32154,5.69712],[-72.31815,5.69912],[-72.31663,5.70058],[-72.3131,5.70693],[-72.31116,5.7142],[-72.30319,5.72893],[-72.30141,5.73396],[-72.30108,5.7381],[-72.29777,5.74409],[-72.29752,5.74571],[-72.29822,5.75152],[-72.29717,5.75451],[-72.29952,5.75809],[-72.30047,5.75827],[-72.30082,5.75983],[-72.29931,5.76171],[-72.29976,5.76352],[-72.29696,5.76585],[-72.29627,5.76757],[-72.29764,5.76853],[-72.29712,5.77092],[-72.29795,5.77215],[-72.30016,5.77334],[-72.3017,5.7761],[-72.30499,5.7791],[-72.30567,5.77885],[-72.30719,5.77952],[-72.30739,5.78046],[-72.30624,5.78086],[-72.30615,5.78212],[-72.30522,5.78235],[-72.30469,5.78312],[-72.30579,5.78726],[-72.30336,5.78924],[-72.3076,5.7928],[-72.30913,5.79367],[-72.31336,5.79389],[-72.31698,5.79605],[-72.31798,5.79531],[-72.322,5.79524],[-72.32388,5.79329],[-72.32507,5.79334],[-72.32923,5.79581],[-72.33094,5.79843],[-72.33087,5.802],[-72.33156,5.8029],[-72.33394,5.80278],[-72.33663,5.80393],[-72.3401,5.80343],[-72.34448,5.80416],[-72.34805,5.80538],[-72.34962,5.80711],[-72.35036,5.81059],[-72.35117,5.81144],[-72.35675,5.81165],[-72.36421,5.81029],[-72.36655,5.81058],[-72.36917,5.81183],[-72.37331,5.81226],[-72.378,5.81573],[-72.38213,5.81685],[-72.38365,5.81782],[-72.38876,5.81811],[-72.39193,5.81895],[-72.39289,5.82033],[-72.39343,5.82476],[-72.39425,5.82656],[-72.39783,5.83072],[-72.39892,5.8339],[-72.4014,5.83667],[-72.4054,5.83696],[-72.41133,5.84002],[-72.41519,5.84058],[-72.4196,5.84295],[-72.42135,5.84335],[-72.42628,5.84282],[-72.42813,5.84325],[-72.4293,5.84284],[-72.43494,5.84856],[-72.44003,5.84809],[-72.44198,5.84938],[-72.44403,5.84932],[-72.44617,5.85035],[-72.45518,5.85087]]]}},{"type":"Feature","properties":{"codigo":"15572","municipio":"Puerto Boyacá","provincia":"Occidente","predios_urbanos_igac":10894,"predios_rurales_igac":2767,"area_km2":1512.98,"area_urbana_ha":492.13,"pct_urbano":0.325,"pct_rural":99.675,"pct_de_boyaca":6.542,"jerarquia_urbana":4,"categoria_urbana":"Ciudad intermedia","valor_agregado":3084.58,"empresas_matriculadas":null,"empresas_renovadas":null,"empresas_canceladas":null,"comfaboy_empresas":559,"comfaboy_empleos":4917,"pob_0_6":5523,"pob_7_14":6635,"pob_15_17":2440,"pob_18_26":7066,"pob_27_59":22539,"pob_60_mas":6464,"hombres":25120,"mujeres":25547,"poblacion":50667,"captaciones":148324.78,"colocaciones":267206.18,"finagro":19311.05,"bancoldex":2097.52,"icm_puesto":27,"produccion_agricola_ton":6036.67,"bovinos":151388,"icfes":244,"matricula_escolar":9747,"establecimientos_educativos":14,"ips":43,"camas":39,"regimen_contributivo":18514,"regimen_especial":703,"regimen_subsidiado":30757,"acueductos":7,"riesgo_agua":"Medio","eventos_riesgo":5,"densidad_hab_km2":33.49,"valor_agregado_por_hab_millones":60.879,"pred_urbanos":10894,"pred_vivienda_rural":493,"pred_agropecuarios":2274,"pred_atipicos":0,"ha_urbana_predios":419.73,"ha_vivienda_rural":4.68,"ha_agropecuaria":144238.32},"geometry":{"type":"Polygon","coordinates":[[[-74.52655,6.27345],[-74.53379,6.26975],[-74.5395,6.26425],[-74.54078,6.26111],[-74.5438,6.2503],[-74.54575,6.24643],[-74.55235,6.2378],[-74.56298,6.22872],[-74.56924,6.21986],[-74.57339,6.21572],[-74.57419,6.21345],[-74.57415,6.21173],[-74.57356,6.21026],[-74.57209,6.20925],[-74.57112,6.20698],[-74.572,6.20001],[-74.57493,6.19211],[-74.57945,6.1869],[-74.5836,6.17618],[-74.58632,6.17223],[-74.58892,6.16618],[-74.5911,6.16386],[-74.59693,6.15991],[-74.59915,6.15659],[-74.60026,6.15379],[-74.6024,6.14509],[-74.6052,6.14148],[-74.60848,6.13862],[-74.61069,6.1332],[-74.61171,6.12664],[-74.61111,6.12396],[-74.60932,6.1197],[-74.60394,6.11157],[-74.59781,6.10612],[-74.58451,6.08821],[-74.58048,6.085],[-74.57623,6.08261],[-74.56675,6.0812],[-74.56175,6.0783],[-74.56107,6.07553],[-74.56145,6.07352],[-74.56375,6.06844],[-74.56636,6.06044],[-74.57134,6.04289],[-74.57163,6.03452],[-74.57021,6.02705],[-74.56736,6.01653],[-74.56519,6.0116],[-74.56272,6.00189],[-74.56421,5.99375],[-74.56592,5.99001],[-74.56898,5.98695],[-74.57338,5.9847],[-74.57942,5.98276],[-74.6003,5.98199],[-74.60344,5.98109],[-74.61044,5.97332],[-74.61238,5.96988],[-74.61275,5.96585],[-74.61192,5.96234],[-74.6105,5.95913],[-74.60893,5.95786],[-74.60751,5.9551],[-74.6084,5.9492],[-74.60825,5.94546],[-74.60661,5.94248],[-74.6022,5.93852],[-74.59936,5.93285],[-74.59675,5.92964],[-74.59436,5.92875],[-74.59041,5.92905],[-74.58832,5.92853],[-74.58675,5.92733],[-74.58571,5.92502],[-74.58398,5.91337],[-74.5842,5.90941],[-74.58539,5.90306],[-74.58814,5.89701],[-74.59038,5.89469],[-74.59664,5.89245],[-74.6082,5.89117],[-74.61558,5.88795],[-74.61923,5.88511],[-74.62408,5.88235],[-74.63389,5.87291],[-74.63804,5.86637],[-74.63999,5.86011],[-74.64414,5.85123],[-74.64713,5.84123],[-74.65095,5.83302],[-74.65178,5.82822],[-74.6514,5.82397],[-74.64964,5.81931],[-74.64714,5.80848],[-74.64763,5.80423],[-74.65045,5.79302],[-74.65327,5.78651],[-74.65938,5.78013],[-74.66201,5.77646],[-74.66348,5.77241],[-74.66368,5.77054],[-74.66496,5.76854],[-74.66102,5.75238],[-74.6577,5.75298],[-74.65554,5.75415],[-74.65401,5.75373],[-74.65184,5.75052],[-74.6507,5.7474],[-74.6507,5.74608],[-74.65195,5.74261],[-74.65202,5.7405],[-74.64981,5.73808],[-74.6449,5.73544],[-74.64292,5.73541],[-74.64059,5.73869],[-74.63962,5.74133],[-74.63957,5.74849],[-74.63844,5.75492],[-74.63665,5.75693],[-74.62708,5.76246],[-74.62646,5.76228],[-74.62588,5.76102],[-74.62617,5.75755],[-74.62554,5.75638],[-74.62394,5.75659],[-74.62193,5.75954],[-74.62037,5.75947],[-74.61966,5.75332],[-74.6187,5.75256],[-74.61736,5.75254],[-74.61676,5.753],[-74.61457,5.75795],[-74.61389,5.75839],[-74.61228,5.75832],[-74.61133,5.75699],[-74.61162,5.75313],[-74.61127,5.75184],[-74.61031,5.75081],[-74.60913,5.75003],[-74.60152,5.74768],[-74.59982,5.74626],[-74.59877,5.74375],[-74.59737,5.7434],[-74.59643,5.74368],[-74.59274,5.74718],[-74.59184,5.75407],[-74.58744,5.75904],[-74.58569,5.75932],[-74.58487,5.759],[-74.58231,5.75656],[-74.58117,5.7537],[-74.57957,5.7521],[-74.57775,5.75155],[-74.57695,5.75184],[-74.57502,5.75387],[-74.56723,5.75825],[-74.56407,5.75783],[-74.56153,5.75863],[-74.55945,5.75989],[-74.55773,5.76194],[-74.554,5.76055],[-74.55242,5.76209],[-74.55108,5.765],[-74.55096,5.76642],[-74.55231,5.76923],[-74.55146,5.77218],[-74.54821,5.77502],[-74.54462,5.7759],[-74.54252,5.77722],[-74.54059,5.78122],[-74.53944,5.78524],[-74.53859,5.78609],[-74.53498,5.78581],[-74.53067,5.79066],[-74.52668,5.78704],[-74.52538,5.78624],[-74.52399,5.7861],[-74.52274,5.7866],[-74.51917,5.78991],[-74.51639,5.79142],[-74.51521,5.79116],[-74.51302,5.78961],[-74.51282,5.78606],[-74.51174,5.78412],[-74.50964,5.78377],[-74.50664,5.78564],[-74.50553,5.78566],[-74.50416,5.78463],[-74.50244,5.78075],[-74.50088,5.77915],[-74.49805,5.77896],[-74.49614,5.78002],[-74.49569,5.7821],[-74.49666,5.7835],[-74.49607,5.78463],[-74.4948,5.78473],[-74.49355,5.78397],[-74.49078,5.78121],[-74.48932,5.77601],[-74.48599,5.77086],[-74.48528,5.77074],[-74.48344,5.77231],[-74.48121,5.77598],[-74.47734,5.77495],[-74.4746,5.77748],[-74.47426,5.77699],[-74.47466,5.77492],[-74.47183,5.77659],[-74.47131,5.77665],[-74.47014,5.775],[-74.46935,5.77489],[-74.46645,5.77592],[-74.46208,5.77389],[-74.46179,5.77286],[-74.46238,5.7684],[-74.46124,5.76582],[-74.45926,5.7652],[-74.45679,5.76681],[-74.45566,5.76674],[-74.45372,5.76264],[-74.45269,5.762],[-74.45223,5.76474],[-74.45174,5.76514],[-74.44651,5.76486],[-74.44384,5.76646],[-74.44223,5.7668],[-74.44142,5.76658],[-74.44054,5.76537],[-74.44058,5.76314],[-74.44208,5.76138],[-74.44132,5.76002],[-74.43795,5.75949],[-74.43614,5.76122],[-74.43448,5.76169],[-74.43091,5.75801],[-74.42736,5.76295],[-74.42621,5.76347],[-74.42457,5.76287],[-74.4231,5.76386],[-74.42325,5.76562],[-74.4246,5.76701],[-74.42449,5.76817],[-74.42406,5.76846],[-74.42048,5.76717],[-74.42011,5.76504],[-74.41869,5.76423],[-74.41787,5.76473],[-74.41779,5.76633],[-74.41892,5.76948],[-74.41758,5.77032],[-74.4155,5.77033],[-74.41446,5.76951],[-74.41426,5.76856],[-74.41479,5.76658],[-74.41455,5.76561],[-74.41352,5.76503],[-74.41186,5.76527],[-74.41081,5.76611],[-74.41065,5.7668],[-74.41225,5.76979],[-74.41193,5.7721],[-74.4112,5.7735],[-74.40602,5.77723],[-74.40443,5.77907],[-74.39715,5.78198],[-74.39423,5.78426],[-74.39223,5.78379],[-74.38961,5.78166],[-74.38875,5.78149],[-74.38622,5.78422],[-74.38469,5.78439],[-74.38345,5.78652],[-74.3827,5.78919],[-74.37862,5.79276],[-74.3774,5.7953],[-74.37366,5.79815],[-74.3722,5.80073],[-74.36975,5.80176],[-74.36876,5.80366],[-74.3632,5.80887],[-74.36163,5.80884],[-74.36045,5.80953],[-74.35949,5.81181],[-74.35425,5.81352],[-74.35358,5.81479],[-74.35358,5.81655],[-74.35042,5.81799],[-74.34961,5.81965],[-74.34611,5.8229],[-74.34587,5.82665],[-74.34633,5.83067],[-74.34594,5.83157],[-74.34401,5.83246],[-74.34115,5.83278],[-74.33497,5.83724],[-74.3331,5.83704],[-74.33428,5.83502],[-74.33322,5.8313],[-74.3338,5.82689],[-74.33127,5.82626],[-74.32716,5.82375],[-74.32598,5.82487],[-74.32536,5.82483],[-74.32596,5.82173],[-74.32542,5.8205],[-74.3237,5.82078],[-74.3237,5.82018],[-74.32475,5.81932],[-74.32413,5.81857],[-74.32265,5.81755],[-74.32056,5.81743],[-74.31992,5.81609],[-74.31523,5.81517],[-74.31614,5.81414],[-74.31783,5.81379],[-74.31813,5.8123],[-74.31819,5.80853],[-74.31598,5.80937],[-74.3144,5.80898],[-74.31447,5.80809],[-74.31559,5.80745],[-74.31625,5.80546],[-74.31828,5.80495],[-74.31799,5.8038],[-74.31529,5.80175],[-74.31707,5.79877],[-74.31685,5.79701],[-74.31638,5.79669],[-74.3153,5.79709],[-74.31359,5.80027],[-74.31261,5.80056],[-74.31106,5.7989],[-74.30802,5.79959],[-74.30691,5.79832],[-74.30526,5.7998],[-74.30318,5.80003],[-74.30102,5.79766],[-74.30122,5.79611],[-74.30305,5.79471],[-74.30139,5.79153],[-74.30155,5.79095],[-74.30255,5.79072],[-74.30431,5.79135],[-74.30505,5.79341],[-74.30576,5.79358],[-74.30603,5.79191],[-74.30685,5.79091],[-74.3063,5.78814],[-74.30935,5.78719],[-74.31037,5.78521],[-74.31167,5.7851],[-74.31298,5.78225],[-74.3109,5.78136],[-74.30736,5.77769],[-74.30751,5.77211],[-74.30674,5.77191],[-74.30441,5.77277],[-74.30358,5.77213],[-74.30361,5.77117],[-74.30511,5.76971],[-74.30424,5.76871],[-74.30174,5.76666],[-74.29952,5.76682],[-74.29701,5.76483],[-74.29693,5.76408],[-74.29518,5.76428],[-74.29213,5.76303],[-74.28889,5.76735],[-74.28833,5.77112],[-74.28698,5.77454],[-74.28483,5.77697],[-74.28365,5.77762],[-74.27979,5.7841],[-74.27863,5.78511],[-74.27654,5.78569],[-74.27446,5.78788],[-74.27392,5.79042],[-74.27221,5.7921],[-74.27088,5.80336],[-74.27021,5.80424],[-74.26473,5.80796],[-74.26317,5.81414],[-74.26218,5.81545],[-74.26177,5.81715],[-74.26289,5.81906],[-74.26351,5.82167],[-74.26255,5.82524],[-74.26298,5.82756],[-74.26641,5.83319],[-74.26608,5.83459],[-74.26635,5.83966],[-74.26781,5.84145],[-74.26835,5.84599],[-74.26904,5.847],[-74.26856,5.84823],[-74.2696,5.85109],[-74.26892,5.85232],[-74.27005,5.85393],[-74.27032,5.85524],[-74.26969,5.85873],[-74.26984,5.86064],[-74.27178,5.86225],[-74.27202,5.863],[-74.27429,5.86425],[-74.27333,5.86598],[-74.2751,5.86798],[-74.27498,5.86848],[-74.27297,5.87208],[-74.27195,5.87246],[-74.26979,5.87493],[-74.2689,5.87528],[-74.26838,5.87632],[-74.26568,5.8778],[-74.26508,5.87908],[-74.26223,5.88012],[-74.25824,5.88321],[-74.25676,5.88272],[-74.25576,5.88328],[-74.25623,5.8858],[-74.25467,5.88756],[-74.25432,5.88944],[-74.25187,5.89291],[-74.24933,5.89456],[-74.24641,5.89458],[-74.24351,5.89753],[-74.24115,5.89772],[-74.23922,5.89698],[-74.23888,5.8972],[-74.239,5.89896],[-74.23805,5.90072],[-74.23615,5.90129],[-74.23389,5.90435],[-74.23114,5.90501],[-74.23122,5.90643],[-74.23196,5.90747],[-74.23062,5.90835],[-74.23054,5.90994],[-74.22863,5.91028],[-74.22869,5.9113],[-74.22789,5.91261],[-74.22829,5.91716],[-74.2256,5.91921],[-74.22563,5.92127],[-74.22449,5.92324],[-74.2264,5.9252],[-74.22561,5.92775],[-74.22681,5.92893],[-74.22726,5.93091],[-74.22837,5.93129],[-74.23076,5.93111],[-74.23271,5.93297],[-74.23469,5.93216],[-74.23727,5.93517],[-74.2389,5.94369],[-74.23848,5.94474],[-74.23675,5.94522],[-74.23615,5.94608],[-74.23518,5.94855],[-74.23521,5.95126],[-74.23343,5.95208],[-74.23172,5.95493],[-74.22911,5.95652],[-74.2273,5.95862],[-74.22721,5.96052],[-74.22493,5.96283],[-74.22421,5.96581],[-74.22222,5.96791],[-74.22227,5.96851],[-74.22518,5.9723],[-74.22574,5.97415],[-74.22842,5.97547],[-74.22842,5.97715],[-74.22887,5.97767],[-74.23327,5.98198],[-74.23645,5.98281],[-74.23828,5.98572],[-74.23873,5.98805],[-74.24202,5.99156],[-74.24785,5.99503],[-74.25011,6.00031],[-74.25275,6.00217],[-74.25541,6.00219],[-74.2557,6.00299],[-74.25485,6.00465],[-74.25494,6.00588],[-74.25928,6.01103],[-74.26062,6.01427],[-74.26078,6.01544],[-74.25944,6.01644],[-74.25904,6.01734],[-74.26013,6.01964],[-74.26009,6.02105],[-74.2583,6.02287],[-74.26168,6.02537],[-74.26387,6.03036],[-74.26418,6.03229],[-74.26376,6.03437],[-74.26226,6.03764],[-74.26354,6.04352],[-74.26063,6.05064],[-74.26171,6.05223],[-74.26388,6.05095],[-74.2649,6.05095],[-74.26558,6.05252],[-74.26499,6.05435],[-74.26037,6.05615],[-74.25845,6.0595],[-74.25802,6.06174],[-74.25872,6.06552],[-74.26055,6.06731],[-74.26478,6.06767],[-74.26748,6.07078],[-74.26844,6.07083],[-74.27048,6.06935],[-74.27108,6.06941],[-74.2716,6.07029],[-74.27102,6.0723],[-74.27272,6.07358],[-74.27341,6.07387],[-74.27643,6.07326],[-74.27763,6.07366],[-74.27779,6.07478],[-74.2767,6.07516],[-74.27607,6.07604],[-74.27627,6.07776],[-74.27553,6.08042],[-74.27656,6.08038],[-74.27936,6.07857],[-74.28065,6.0783],[-74.28177,6.07955],[-74.28694,6.08248],[-74.28768,6.07986],[-74.28855,6.07955],[-74.29266,6.08122],[-74.2964,6.0838],[-74.29807,6.08411],[-74.29995,6.08176],[-74.30165,6.08176],[-74.30243,6.08124],[-74.30355,6.079],[-74.30306,6.07634],[-74.30348,6.07439],[-74.3042,6.07354],[-74.30574,6.07244],[-74.30661,6.07238],[-74.30659,6.07551],[-74.30744,6.07663],[-74.30869,6.07687],[-74.30985,6.07428],[-74.31231,6.07284],[-74.31318,6.06996],[-74.31535,6.06774],[-74.31674,6.06783],[-74.31765,6.06888],[-74.31783,6.07018],[-74.31933,6.07074],[-74.32036,6.07011],[-74.32027,6.06763],[-74.32101,6.06711],[-74.32324,6.06745],[-74.32463,6.06865],[-74.32528,6.06868],[-74.32684,6.06794],[-74.32727,6.06588],[-74.32948,6.06444],[-74.33109,6.06462],[-74.33263,6.06547],[-74.33462,6.06415],[-74.3365,6.06522],[-74.33733,6.06498],[-74.33735,6.06437],[-74.33614,6.06364],[-74.33607,6.06308],[-74.33806,6.06238],[-74.33784,6.06093],[-74.33837,6.06001],[-74.33797,6.05838],[-74.33947,6.05773],[-74.34085,6.05629],[-74.3417,6.05298],[-74.34407,6.05233],[-74.343,6.05063],[-74.34398,6.04929],[-74.34409,6.04609],[-74.34521,6.04441],[-74.34489,6.04253],[-74.34554,6.04159],[-74.34713,6.04098],[-74.34755,6.03852],[-74.34852,6.03843],[-74.34905,6.03927],[-74.35162,6.04004],[-74.3533,6.04142],[-74.35439,6.04128],[-74.35512,6.04065],[-74.35465,6.0384],[-74.35536,6.03766],[-74.35663,6.03858],[-74.35896,6.039],[-74.36017,6.03987],[-74.36275,6.03985],[-74.36399,6.04057],[-74.36482,6.04223],[-74.36524,6.04608],[-74.36697,6.04687],[-74.36896,6.04666],[-74.36982,6.04505],[-74.37168,6.04411],[-74.37324,6.04503],[-74.37362,6.04485],[-74.37397,6.043],[-74.37568,6.04228],[-74.37649,6.04139],[-74.37791,6.04141],[-74.37882,6.03959],[-74.38306,6.04028],[-74.38289,6.04254],[-74.38373,6.04372],[-74.38308,6.04498],[-74.38152,6.04526],[-74.38083,6.04812],[-74.38186,6.04914],[-74.38308,6.04786],[-74.38429,6.04827],[-74.38422,6.04929],[-74.38506,6.04991],[-74.38496,6.05082],[-74.38627,6.05104],[-74.38617,6.05344],[-74.38882,6.05409],[-74.38944,6.05625],[-74.39021,6.05713],[-74.39476,6.05894],[-74.39566,6.06023],[-74.39766,6.06033],[-74.39852,6.06306],[-74.39986,6.06389],[-74.39991,6.06524],[-74.40194,6.06632],[-74.40207,6.06722],[-74.40102,6.06781],[-74.40107,6.07208],[-74.39946,6.07365],[-74.40074,6.07679],[-74.40086,6.07913],[-74.40361,6.0823],[-74.4052,6.08236],[-74.40721,6.08367],[-74.40799,6.08646],[-74.40904,6.08664],[-74.40975,6.08738],[-74.41104,6.08731],[-74.41188,6.08845],[-74.41262,6.08859],[-74.41818,6.08669],[-74.41959,6.08699],[-74.42014,6.08506],[-74.42093,6.0848],[-74.42209,6.08645],[-74.42328,6.08682],[-74.42548,6.08559],[-74.42655,6.08888],[-74.42702,6.08883],[-74.42823,6.08686],[-74.43017,6.08669],[-74.43109,6.08731],[-74.43199,6.0905],[-74.43344,6.09032],[-74.4348,6.08866],[-74.43713,6.09201],[-74.43856,6.09169],[-74.44009,6.09241],[-74.44225,6.09263],[-74.44396,6.09397],[-74.44485,6.09597],[-74.44735,6.09617],[-74.44972,6.09826],[-74.45169,6.09929],[-74.45217,6.101],[-74.45089,6.10179],[-74.45076,6.1033],[-74.4498,6.10486],[-74.45064,6.1061],[-74.45044,6.10704],[-74.44996,6.10728],[-74.44984,6.10906],[-74.45058,6.11224],[-74.45197,6.11243],[-74.453,6.11426],[-74.45377,6.11886],[-74.45503,6.12223],[-74.45475,6.12466],[-74.45544,6.12644],[-74.45676,6.12765],[-74.4553,6.12965],[-74.45465,6.13195],[-74.45286,6.13385],[-74.45263,6.13568],[-74.45479,6.13747],[-74.45558,6.13974],[-74.46115,6.14322],[-74.46476,6.14784],[-74.46741,6.1501],[-74.46786,6.15112],[-74.46765,6.15258],[-74.46865,6.15378],[-74.46963,6.15441],[-74.47109,6.15396],[-74.47288,6.15569],[-74.47468,6.15479],[-74.47592,6.15651],[-74.4778,6.15659],[-74.47825,6.1585],[-74.47948,6.15964],[-74.47894,6.16099],[-74.47904,6.16312],[-74.47601,6.16503],[-74.47516,6.16873],[-74.47549,6.17054],[-74.47447,6.17187],[-74.47337,6.17499],[-74.47375,6.17771],[-74.47308,6.17892],[-74.47287,6.18083],[-74.47357,6.18511],[-74.47482,6.18664],[-74.47455,6.18912],[-74.47365,6.1904],[-74.47306,6.19535],[-74.47206,6.19631],[-74.47065,6.19639],[-74.46988,6.197],[-74.47011,6.19859],[-74.46954,6.1993],[-74.46963,6.20139],[-74.47151,6.20124],[-74.47305,6.20213],[-74.47354,6.2032],[-74.47579,6.20418],[-74.47639,6.20391],[-74.47708,6.20253],[-74.47877,6.20203],[-74.47927,6.20072],[-74.48102,6.20073],[-74.48286,6.19981],[-74.4841,6.20133],[-74.48655,6.20168],[-74.48729,6.20496],[-74.49036,6.20497],[-74.49082,6.20631],[-74.49394,6.20806],[-74.49365,6.20984],[-74.49545,6.21148],[-74.49934,6.21322],[-74.50124,6.21302],[-74.50342,6.21371],[-74.50546,6.21365],[-74.50734,6.2161],[-74.50842,6.21647],[-74.50855,6.21808],[-74.50998,6.2191],[-74.50995,6.22114],[-74.512,6.2234],[-74.51319,6.22404],[-74.51253,6.22548],[-74.51269,6.22679],[-74.51094,6.22844],[-74.51125,6.23043],[-74.51316,6.23276],[-74.51526,6.23352],[-74.51585,6.236],[-74.51828,6.23832],[-74.5186,6.23964],[-74.52067,6.24053],[-74.52181,6.24179],[-74.52026,6.2429],[-74.52052,6.24327],[-74.52181,6.24316],[-74.52256,6.24417],[-74.52208,6.24561],[-74.5207,6.24575],[-74.52037,6.24629],[-74.52122,6.24736],[-74.52062,6.25043],[-74.52093,6.25203],[-74.5218,6.2534],[-74.52155,6.2552],[-74.52236,6.25646],[-74.52311,6.25679],[-74.52572,6.26107],[-74.5264,6.26122],[-74.52754,6.26256],[-74.52885,6.26285],[-74.52815,6.2659],[-74.52721,6.26684],[-74.52725,6.26906],[-74.52636,6.2704],[-74.52655,6.27345]]]}},{"type":"Feature","properties":{"codigo":"15580","municipio":"Quípama","provincia":"Occidente","predios_urbanos_igac":395,"predios_rurales_igac":1166,"area_km2":167.33,"area_urbana_ha":30.63,"pct_urbano":0.183,"pct_rural":99.817,"pct_de_boyaca":0.723,"jerarquia_urbana":71,"categoria_urbana":"Centro urbano local","valor_agregado":117.09,"empresas_matriculadas":10,"empresas_renovadas":53,"empresas_canceladas":12,"comfaboy_empresas":16,"comfaboy_empleos":147,"pob_0_6":398,"pob_7_14":620,"pob_15_17":241,"pob_18_26":606,"pob_27_59":2267,"pob_60_mas":1140,"hombres":2780,"mujeres":2492,"poblacion":5272,"captaciones":53457.02,"colocaciones":211.7,"finagro":985.31,"bancoldex":0,"icm_puesto":null,"produccion_agricola_ton":19242.99,"bovinos":5272,"icfes":252,"matricula_escolar":745,"establecimientos_educativos":3,"ips":2,"camas":7,"regimen_contributivo":539,"regimen_especial":29,"regimen_subsidiado":3491,"acueductos":3,"riesgo_agua":"Bajo","eventos_riesgo":2,"densidad_hab_km2":31.51,"valor_agregado_por_hab_millones":22.21,"pred_urbanos":395,"pred_vivienda_rural":133,"pred_agropecuarios":1033,"pred_atipicos":0,"ha_urbana_predios":27.38,"ha_vivienda_rural":1.73,"ha_agropecuaria":16505.87},"geometry":{"type":"Polygon","coordinates":[[[-74.30173,5.63913],[-74.30223,5.63888],[-74.30211,5.63777],[-74.30617,5.63844],[-74.30576,5.63743],[-74.30687,5.63755],[-74.30663,5.63655],[-74.30807,5.63494],[-74.30772,5.63314],[-74.3083,5.63243],[-74.30899,5.62946],[-74.31143,5.62721],[-74.31334,5.62682],[-74.31313,5.62564],[-74.31504,5.623],[-74.31496,5.62051],[-74.31425,5.62054],[-74.31401,5.62175],[-74.31345,5.62107],[-74.31245,5.62107],[-74.31016,5.61887],[-74.30995,5.61762],[-74.31051,5.61519],[-74.31011,5.6139],[-74.30939,5.61431],[-74.3096,5.61313],[-74.30913,5.61268],[-74.30799,5.61301],[-74.30749,5.61039],[-74.30676,5.60928],[-74.30711,5.60698],[-74.30658,5.60698],[-74.30642,5.60614],[-74.30566,5.60622],[-74.30574,5.60494],[-74.30656,5.60466],[-74.30576,5.6014],[-74.30714,5.60068],[-74.30624,5.59928],[-74.30521,5.5991],[-74.30479,5.59851],[-74.30507,5.59806],[-74.30428,5.59547],[-74.30468,5.59493],[-74.3042,5.59446],[-74.30494,5.5934],[-74.30248,5.59123],[-74.30264,5.58922],[-74.30165,5.58779],[-74.30213,5.58535],[-74.30023,5.58312],[-74.301,5.58283],[-74.29997,5.57881],[-74.29792,5.57722],[-74.29778,5.57497],[-74.29477,5.57291],[-74.29336,5.5725],[-74.29145,5.56893],[-74.28385,5.56681],[-74.28,5.56422],[-74.27844,5.56397],[-74.27469,5.56217],[-74.27446,5.56149],[-74.2705,5.5599],[-74.26763,5.55945],[-74.2653,5.56034],[-74.26274,5.56047],[-74.25963,5.55976],[-74.25707,5.5569],[-74.25334,5.55411],[-74.25106,5.55157],[-74.24969,5.54741],[-74.24291,5.54471],[-74.24156,5.53985],[-74.23863,5.53876],[-74.23666,5.53921],[-74.23116,5.54205],[-74.22759,5.5445],[-74.21935,5.54534],[-74.21288,5.55528],[-74.20967,5.55334],[-74.20656,5.55309],[-74.20541,5.5538],[-74.20403,5.55378],[-74.2026,5.55307],[-74.19925,5.55311],[-74.19844,5.55271],[-74.19779,5.55112],[-74.19762,5.54649],[-74.19968,5.54587],[-74.2005,5.54615],[-74.20133,5.54709],[-74.20128,5.54907],[-74.20171,5.54963],[-74.20242,5.54876],[-74.20522,5.54738],[-74.20631,5.54566],[-74.20651,5.54317],[-74.20544,5.5407],[-74.20189,5.53847],[-74.20024,5.5365],[-74.19867,5.5361],[-74.19892,5.53418],[-74.20171,5.52902],[-74.20004,5.52739],[-74.19725,5.5185],[-74.19829,5.51888],[-74.19921,5.51845],[-74.20004,5.51965],[-74.20247,5.52023],[-74.2041,5.52271],[-74.20696,5.52251],[-74.20808,5.52295],[-74.20879,5.52197],[-74.21192,5.52329],[-74.21349,5.52216],[-74.2149,5.52193],[-74.21501,5.52236],[-74.2157,5.52202],[-74.21641,5.52262],[-74.21704,5.52253],[-74.2176,5.52169],[-74.21718,5.52075],[-74.21847,5.52082],[-74.21907,5.5193],[-74.2207,5.51997],[-74.221,5.51895],[-74.2205,5.51806],[-74.22278,5.51834],[-74.22381,5.5173],[-74.22406,5.51585],[-74.22087,5.50945],[-74.22133,5.50803],[-74.21841,5.50475],[-74.21714,5.5021],[-74.21655,5.5017],[-74.21542,5.49769],[-74.21261,5.49849],[-74.20969,5.49787],[-74.20371,5.49778],[-74.20192,5.49701],[-74.19835,5.49318],[-74.19665,5.49059],[-74.1942,5.48657],[-74.19014,5.47796],[-74.18656,5.47357],[-74.18567,5.46965],[-74.18292,5.46437],[-74.17977,5.46205],[-74.17759,5.4596],[-74.17632,5.4595],[-74.17532,5.4621],[-74.17625,5.46255],[-74.17652,5.4636],[-74.17432,5.46564],[-74.17591,5.46997],[-74.17575,5.47089],[-74.17411,5.47136],[-74.17318,5.47348],[-74.17112,5.47461],[-74.16651,5.47505],[-74.16544,5.47604],[-74.16214,5.47614],[-74.15689,5.47831],[-74.15147,5.48319],[-74.15015,5.48578],[-74.14771,5.48599],[-74.1478,5.48693],[-74.14879,5.48758],[-74.14917,5.48892],[-74.14799,5.48992],[-74.14833,5.49108],[-74.14718,5.49378],[-74.1456,5.49453],[-74.14536,5.49653],[-74.1443,5.49743],[-74.14358,5.49983],[-74.14301,5.50002],[-74.14193,5.4994],[-74.14078,5.50034],[-74.13881,5.50062],[-74.13695,5.50264],[-74.13546,5.50344],[-74.13458,5.5052],[-74.13435,5.50707],[-74.13384,5.50744],[-74.13426,5.50944],[-74.13319,5.51048],[-74.13248,5.51338],[-74.13251,5.51558],[-74.13041,5.51826],[-74.13054,5.52165],[-74.12917,5.52681],[-74.13015,5.52876],[-74.13198,5.52815],[-74.13367,5.5283],[-74.1346,5.53002],[-74.13645,5.53137],[-74.1422,5.53314],[-74.1433,5.53497],[-74.14387,5.53753],[-74.14478,5.53873],[-74.14951,5.54074],[-74.15139,5.54202],[-74.15137,5.54354],[-74.15314,5.54419],[-74.15394,5.54609],[-74.15558,5.54823],[-74.15645,5.54839],[-74.1581,5.54652],[-74.15844,5.54704],[-74.16077,5.54744],[-74.16136,5.54842],[-74.16012,5.55102],[-74.15944,5.55135],[-74.15943,5.55235],[-74.15736,5.55378],[-74.15983,5.5577],[-74.15994,5.56162],[-74.16063,5.5635],[-74.16369,5.56783],[-74.16371,5.57165],[-74.1626,5.57422],[-74.16422,5.57578],[-74.1649,5.57923],[-74.16454,5.58323],[-74.16202,5.58605],[-74.16205,5.58752],[-74.16061,5.58905],[-74.16202,5.59091],[-74.16181,5.59257],[-74.1622,5.59388],[-74.16148,5.59665],[-74.16163,5.59793],[-74.16268,5.59718],[-74.16292,5.59532],[-74.16364,5.59572],[-74.16459,5.59543],[-74.16527,5.59637],[-74.16613,5.59599],[-74.16737,5.59628],[-74.16854,5.59756],[-74.17141,5.59821],[-74.17437,5.5967],[-74.17467,5.59533],[-74.17586,5.59404],[-74.17978,5.59432],[-74.18041,5.59361],[-74.18087,5.59096],[-74.18223,5.58817],[-74.18497,5.58722],[-74.18749,5.58326],[-74.19087,5.57983],[-74.19278,5.57875],[-74.19343,5.57694],[-74.195,5.57673],[-74.19712,5.57717],[-74.19873,5.57778],[-74.19972,5.57913],[-74.19958,5.5825],[-74.20255,5.58588],[-74.20284,5.58841],[-74.20378,5.59089],[-74.20203,5.59322],[-74.20173,5.59558],[-74.20277,5.59863],[-74.20534,5.60212],[-74.20496,5.60544],[-74.2066,5.60755],[-74.20809,5.6079],[-74.20838,5.60752],[-74.20971,5.60759],[-74.21266,5.60946],[-74.21728,5.60878],[-74.22079,5.60939],[-74.22315,5.61225],[-74.22544,5.61344],[-74.22358,5.61579],[-74.22347,5.61797],[-74.22776,5.6188],[-74.22908,5.62097],[-74.23103,5.62127],[-74.23229,5.62276],[-74.23467,5.62418],[-74.23891,5.62494],[-74.24003,5.62693],[-74.24078,5.62533],[-74.24242,5.62505],[-74.24327,5.62434],[-74.24329,5.62528],[-74.24679,5.62541],[-74.25244,5.63507],[-74.25648,5.63874],[-74.25805,5.63811],[-74.26399,5.63752],[-74.26636,5.6352],[-74.26787,5.63483],[-74.26903,5.62879],[-74.26972,5.62923],[-74.26981,5.63016],[-74.27442,5.63184],[-74.27813,5.63242],[-74.27933,5.63146],[-74.28106,5.63246],[-74.28233,5.63189],[-74.28635,5.63401],[-74.28709,5.63355],[-74.28676,5.63278],[-74.2883,5.6328],[-74.28865,5.63401],[-74.28927,5.63406],[-74.28932,5.63558],[-74.29062,5.63654],[-74.29146,5.63625],[-74.29138,5.63487],[-74.29449,5.63598],[-74.29614,5.63571],[-74.29697,5.63464],[-74.29803,5.63748],[-74.29851,5.63735],[-74.29944,5.63839],[-74.30061,5.63842],[-74.30173,5.63913]]]}},{"type":"Feature","properties":{"codigo":"15599","municipio":"Ramiriquí","provincia":"Márquez","predios_urbanos_igac":1893,"predios_rurales_igac":8073,"area_km2":125.54,"area_urbana_ha":147.62,"pct_urbano":1.176,"pct_rural":98.824,"pct_de_boyaca":0.543,"jerarquia_urbana":12,"categoria_urbana":"Centro urbano menor","valor_agregado":200.26,"empresas_matriculadas":88,"empresas_renovadas":415,"empresas_canceladas":75,"comfaboy_empresas":61,"comfaboy_empleos":350,"pob_0_6":1007,"pob_7_14":1391,"pob_15_17":545,"pob_18_26":1435,"pob_27_59":4317,"pob_60_mas":1949,"hombres":5297,"mujeres":5347,"poblacion":10644,"captaciones":256903.6,"colocaciones":45344.42,"finagro":6893.11,"bancoldex":272.6,"icm_puesto":44,"produccion_agricola_ton":15034.28,"bovinos":10896,"icfes":268.25,"matricula_escolar":1922,"establecimientos_educativos":6,"ips":12,"camas":8,"regimen_contributivo":1453,"regimen_especial":108,"regimen_subsidiado":7182,"acueductos":9,"riesgo_agua":"Medio","eventos_riesgo":7,"densidad_hab_km2":84.79,"valor_agregado_por_hab_millones":18.814,"pred_urbanos":1893,"pred_vivienda_rural":110,"pred_agropecuarios":7963,"pred_atipicos":0,"ha_urbana_predios":131.16,"ha_vivienda_rural":1.93,"ha_agropecuaria":11911.11},"geometry":{"type":"Polygon","coordinates":[[[-73.31994,5.44993],[-73.32353,5.44825],[-73.32409,5.44709],[-73.32654,5.44475],[-73.32898,5.4437],[-73.33203,5.44035],[-73.33462,5.44136],[-73.33844,5.43513],[-73.34155,5.43594],[-73.34888,5.43066],[-73.35186,5.43142],[-73.35202,5.43212],[-73.35199,5.43112],[-73.34975,5.42791],[-73.34852,5.42385],[-73.34821,5.41834],[-73.34748,5.4173],[-73.34751,5.41442],[-73.34933,5.40959],[-73.3512,5.40784],[-73.35173,5.40605],[-73.35287,5.40517],[-73.35284,5.40416],[-73.35416,5.40375],[-73.35404,5.40245],[-73.35353,5.402],[-73.35448,5.40083],[-73.35444,5.39931],[-73.35572,5.39817],[-73.35749,5.39463],[-73.35817,5.39215],[-73.36043,5.38925],[-73.36054,5.38689],[-73.36161,5.38524],[-73.3612,5.38413],[-73.36304,5.38188],[-73.36319,5.37815],[-73.3645,5.3769],[-73.36451,5.37529],[-73.36507,5.37469],[-73.36474,5.37407],[-73.36506,5.37336],[-73.36425,5.37277],[-73.36406,5.37146],[-73.36325,5.37102],[-73.36385,5.36737],[-73.36544,5.36491],[-73.366,5.36247],[-73.36458,5.3634],[-73.36338,5.36343],[-73.36139,5.36273],[-73.3605,5.36182],[-73.35992,5.3619],[-73.35848,5.36048],[-73.35624,5.35992],[-73.35484,5.35899],[-73.34999,5.35845],[-73.3464,5.35648],[-73.34495,5.35504],[-73.34326,5.35495],[-73.33958,5.35366],[-73.3378,5.35236],[-73.33603,5.35005],[-73.33471,5.3499],[-73.33302,5.35069],[-73.33105,5.34898],[-73.33306,5.34852],[-73.33479,5.34682],[-73.33637,5.34378],[-73.33602,5.34052],[-73.33795,5.33707],[-73.33644,5.33584],[-73.33494,5.33648],[-73.33302,5.33592],[-73.32855,5.3311],[-73.32447,5.32526],[-73.32868,5.32246],[-73.33002,5.32104],[-73.33124,5.32112],[-73.33175,5.31903],[-73.33481,5.31838],[-73.33641,5.31449],[-73.33416,5.31384],[-73.33184,5.31203],[-73.3293,5.31079],[-73.33193,5.30801],[-73.32729,5.29644],[-73.32721,5.29495],[-73.32628,5.29344],[-73.32335,5.29344],[-73.32319,5.29287],[-73.32435,5.29155],[-73.32402,5.2905],[-73.32195,5.29053],[-73.32037,5.28739],[-73.31773,5.28426],[-73.31399,5.28195],[-73.31263,5.28005],[-73.31073,5.27904],[-73.31037,5.27832],[-73.30855,5.27813],[-73.30816,5.2773],[-73.30833,5.27677],[-73.3091,5.27717],[-73.30958,5.27658],[-73.30858,5.2755],[-73.30995,5.27323],[-73.30899,5.27189],[-73.31167,5.27102],[-73.32611,5.2629],[-73.32957,5.26166],[-73.32801,5.26106],[-73.32759,5.25777],[-73.32482,5.25479],[-73.32374,5.25165],[-73.3227,5.25139],[-73.3218,5.2499],[-73.32027,5.24908],[-73.32054,5.248],[-73.31941,5.24413],[-73.31999,5.24208],[-73.32167,5.2407],[-73.32282,5.24042],[-73.3232,5.23958],[-73.32439,5.23977],[-73.32475,5.23877],[-73.32291,5.23718],[-73.32044,5.23617],[-73.32074,5.23318],[-73.31987,5.23122],[-73.31638,5.2305],[-73.31226,5.22767],[-73.3096,5.22755],[-73.30807,5.22487],[-73.30601,5.22285],[-73.30554,5.22072],[-73.30477,5.22045],[-73.30466,5.2192],[-73.30337,5.21727],[-73.30158,5.21711],[-73.30028,5.21639],[-73.29787,5.21349],[-73.2963,5.21291],[-73.29463,5.21063],[-73.29035,5.20889],[-73.28913,5.20762],[-73.28432,5.2073],[-73.28346,5.20671],[-73.279,5.20993],[-73.27572,5.21385],[-73.26626,5.21693],[-73.2597,5.2178],[-73.25734,5.2188],[-73.25636,5.21956],[-73.25588,5.22098],[-73.25609,5.22427],[-73.25486,5.22647],[-73.24886,5.22765],[-73.24773,5.22855],[-73.24723,5.23007],[-73.2493,5.23269],[-73.25317,5.23304],[-73.25826,5.23697],[-73.26271,5.23672],[-73.26872,5.23865],[-73.2734,5.24303],[-73.27695,5.24414],[-73.27975,5.24598],[-73.27993,5.24735],[-73.27837,5.2512],[-73.27773,5.25701],[-73.27903,5.26092],[-73.28265,5.26295],[-73.28504,5.26576],[-73.28498,5.27298],[-73.28672,5.27483],[-73.28798,5.27707],[-73.28759,5.27977],[-73.28643,5.28288],[-73.28549,5.28851],[-73.28317,5.29032],[-73.27879,5.29155],[-73.27722,5.29448],[-73.27412,5.29809],[-73.27273,5.29908],[-73.27532,5.30099],[-73.27612,5.30311],[-73.27591,5.30475],[-73.26422,5.32023],[-73.26316,5.32223],[-73.2656,5.32286],[-73.26981,5.32216],[-73.27085,5.32392],[-73.27351,5.32501],[-73.2746,5.3248],[-73.27716,5.32293],[-73.27984,5.32345],[-73.28235,5.32468],[-73.28249,5.32588],[-73.28164,5.32767],[-73.28175,5.33164],[-73.28334,5.33527],[-73.28331,5.33739],[-73.28391,5.33852],[-73.28669,5.34019],[-73.28686,5.3483],[-73.28561,5.3497],[-73.28764,5.35293],[-73.28867,5.35619],[-73.29119,5.35942],[-73.2921,5.35964],[-73.29181,5.35923],[-73.29262,5.3593],[-73.2937,5.36023],[-73.29839,5.36224],[-73.29923,5.36617],[-73.30036,5.36745],[-73.30233,5.36843],[-73.30196,5.36954],[-73.30498,5.37065],[-73.30766,5.3729],[-73.30793,5.37225],[-73.3093,5.37431],[-73.31043,5.37753],[-73.31387,5.38119],[-73.31692,5.38729],[-73.32041,5.38931],[-73.32083,5.39127],[-73.32258,5.39204],[-73.32182,5.39903],[-73.32074,5.40303],[-73.31897,5.40681],[-73.32307,5.41344],[-73.32462,5.41328],[-73.32677,5.41427],[-73.33007,5.41441],[-73.3265,5.42171],[-73.32399,5.4235],[-73.32259,5.42584],[-73.32223,5.42806],[-73.32133,5.4299],[-73.32146,5.43142],[-73.31986,5.43339],[-73.31965,5.43521],[-73.31763,5.43657],[-73.31588,5.43965],[-73.31639,5.43973],[-73.31519,5.44334],[-73.31651,5.44324],[-73.31645,5.44407],[-73.31751,5.44452],[-73.31716,5.44784],[-73.31808,5.44812],[-73.31816,5.4488],[-73.31994,5.44993]]]}},{"type":"Feature","properties":{"codigo":"15600","municipio":"Ráquira","provincia":"Ricaurte","predios_urbanos_igac":759,"predios_rurales_igac":5332,"area_km2":220.65,"area_urbana_ha":50.29,"pct_urbano":0.228,"pct_rural":99.772,"pct_de_boyaca":0.954,"jerarquia_urbana":41,"categoria_urbana":"Centro urbano local","valor_agregado":254.28,"empresas_matriculadas":84,"empresas_renovadas":350,"empresas_canceladas":47,"comfaboy_empresas":41,"comfaboy_empleos":329,"pob_0_6":829,"pob_7_14":1025,"pob_15_17":381,"pob_18_26":1177,"pob_27_59":3684,"pob_60_mas":1422,"hombres":4520,"mujeres":3998,"poblacion":8518,"captaciones":79572.36,"colocaciones":376.98,"finagro":4775.17,"bancoldex":113.71,"icm_puesto":null,"produccion_agricola_ton":18431.25,"bovinos":5018,"icfes":267,"matricula_escolar":1299,"establecimientos_educativos":2,"ips":4,"camas":0,"regimen_contributivo":931,"regimen_especial":9,"regimen_subsidiado":4594,"acueductos":7,"riesgo_agua":"Medio","eventos_riesgo":5,"densidad_hab_km2":38.6,"valor_agregado_por_hab_millones":29.852,"pred_urbanos":759,"pred_vivienda_rural":35,"pred_agropecuarios":5297,"pred_atipicos":0,"ha_urbana_predios":43.04,"ha_vivienda_rural":0.65,"ha_agropecuaria":21233.9},"geometry":{"type":"Polygon","coordinates":[[[-73.58247,5.58987],[-73.58561,5.58907],[-73.5883,5.58715],[-73.5912,5.58765],[-73.59665,5.58652],[-73.59822,5.58448],[-73.59917,5.58196],[-73.60021,5.58173],[-73.60252,5.58223],[-73.60319,5.58088],[-73.60295,5.57964],[-73.60344,5.57863],[-73.60799,5.57515],[-73.61112,5.57423],[-73.61249,5.5728],[-73.61581,5.57322],[-73.61742,5.57125],[-73.61841,5.57087],[-73.62224,5.56986],[-73.62629,5.56987],[-73.62796,5.56935],[-73.63118,5.56666],[-73.63192,5.56421],[-73.63349,5.56353],[-73.63499,5.56391],[-73.63674,5.56313],[-73.63886,5.55947],[-73.63919,5.55791],[-73.6408,5.55708],[-73.6453,5.55184],[-73.64966,5.55087],[-73.65267,5.55136],[-73.65492,5.55016],[-73.65623,5.5489],[-73.65861,5.54483],[-73.66026,5.54434],[-73.66222,5.5427],[-73.66458,5.53844],[-73.66523,5.53881],[-73.66647,5.53819],[-73.67075,5.54109],[-73.67195,5.54031],[-73.67834,5.5456],[-73.678,5.54396],[-73.67865,5.54167],[-73.68068,5.53981],[-73.68356,5.5355],[-73.68668,5.53315],[-73.68867,5.5301],[-73.69097,5.5288],[-73.69275,5.52522],[-73.68899,5.52323],[-73.68707,5.52131],[-73.68622,5.51693],[-73.68862,5.51335],[-73.69193,5.51053],[-73.69647,5.50339],[-73.69824,5.50153],[-73.70369,5.49784],[-73.70524,5.4964],[-73.70634,5.49442],[-73.70976,5.49128],[-73.72576,5.48619],[-73.72551,5.4845],[-73.72714,5.48304],[-73.72716,5.48122],[-73.72864,5.47977],[-73.72841,5.48155],[-73.7322,5.48272],[-73.73206,5.47894],[-73.73168,5.47844],[-73.73259,5.47852],[-73.73456,5.47691],[-73.73785,5.47596],[-73.73824,5.47305],[-73.74348,5.47095],[-73.74329,5.46868],[-73.74152,5.46896],[-73.74083,5.46955],[-73.74083,5.47037],[-73.73976,5.47101],[-73.73494,5.47245],[-73.73008,5.4779],[-73.72836,5.47916],[-73.72523,5.47923],[-73.72025,5.47807],[-73.7177,5.47567],[-73.71722,5.46974],[-73.71738,5.46598],[-73.71953,5.45881],[-73.71229,5.45662],[-73.70679,5.45594],[-73.70628,5.45402],[-73.70301,5.45353],[-73.70247,5.45242],[-73.7004,5.45109],[-73.69666,5.44677],[-73.69468,5.44632],[-73.68963,5.44772],[-73.67866,5.45868],[-73.67754,5.45956],[-73.67672,5.45946],[-73.67643,5.45718],[-73.67909,5.45401],[-73.67916,5.45187],[-73.67656,5.44765],[-73.67503,5.44181],[-73.67552,5.44103],[-73.67538,5.44021],[-73.67629,5.4397],[-73.67689,5.43826],[-73.67671,5.4372],[-73.67855,5.43741],[-73.67981,5.43597],[-73.67941,5.43529],[-73.67878,5.43532],[-73.67843,5.43432],[-73.67673,5.43474],[-73.67432,5.43426],[-73.67341,5.43344],[-73.67179,5.43334],[-73.66998,5.43077],[-73.66934,5.43069],[-73.66849,5.42868],[-73.66751,5.42911],[-73.66664,5.42875],[-73.66581,5.43004],[-73.665,5.43021],[-73.66225,5.42815],[-73.66058,5.42783],[-73.65857,5.4265],[-73.65701,5.42652],[-73.65646,5.42599],[-73.65534,5.42622],[-73.65459,5.42519],[-73.6554,5.42441],[-73.65329,5.41907],[-73.65375,5.41774],[-73.65054,5.41512],[-73.64795,5.41483],[-73.64168,5.41782],[-73.63811,5.41747],[-73.63713,5.41659],[-73.63481,5.41602],[-73.63186,5.41349],[-73.63059,5.41315],[-73.62904,5.41347],[-73.62715,5.41279],[-73.62444,5.40928],[-73.62305,5.40873],[-73.62047,5.40582],[-73.6185,5.40475],[-73.61676,5.40686],[-73.61547,5.40998],[-73.61191,5.4122],[-73.60654,5.41368],[-73.60399,5.41572],[-73.60107,5.41693],[-73.597,5.41663],[-73.59539,5.41972],[-73.59321,5.42128],[-73.59309,5.42232],[-73.59673,5.42734],[-73.60047,5.43079],[-73.60007,5.43168],[-73.59759,5.43378],[-73.5965,5.43601],[-73.59971,5.43857],[-73.59935,5.43981],[-73.59838,5.44088],[-73.59903,5.44117],[-73.59914,5.44465],[-73.60068,5.4486],[-73.59946,5.45304],[-73.599,5.45758],[-73.60087,5.45954],[-73.60069,5.46002],[-73.59717,5.46216],[-73.59483,5.46626],[-73.59406,5.4667],[-73.58754,5.46637],[-73.58653,5.46667],[-73.58479,5.4685],[-73.5798,5.46781],[-73.57809,5.46672],[-73.57563,5.46769],[-73.57195,5.47105],[-73.56802,5.4784],[-73.56565,5.47568],[-73.55854,5.47817],[-73.55823,5.4797],[-73.55687,5.48096],[-73.55637,5.48243],[-73.55166,5.4887],[-73.54902,5.49082],[-73.54699,5.49161],[-73.54439,5.49448],[-73.54009,5.49566],[-73.53705,5.49798],[-73.53715,5.4986],[-73.53613,5.50027],[-73.54624,5.50498],[-73.54866,5.50454],[-73.55038,5.50691],[-73.55333,5.50744],[-73.55524,5.509],[-73.55723,5.50875],[-73.55847,5.50915],[-73.5582,5.51381],[-73.55896,5.51709],[-73.55854,5.51792],[-73.55666,5.51945],[-73.5547,5.52027],[-73.55131,5.5192],[-73.54994,5.52188],[-73.55211,5.52396],[-73.55565,5.52556],[-73.55527,5.5284],[-73.55571,5.53214],[-73.55965,5.53963],[-73.56089,5.54075],[-73.5614,5.5433],[-73.56294,5.54403],[-73.5635,5.54686],[-73.56455,5.54759],[-73.56448,5.54822],[-73.56596,5.54969],[-73.569,5.54924],[-73.56979,5.55061],[-73.57184,5.55162],[-73.57126,5.55253],[-73.57101,5.55492],[-73.57168,5.55656],[-73.57336,5.55881],[-73.57677,5.56068],[-73.57655,5.56112],[-73.57426,5.56191],[-73.57274,5.56483],[-73.57328,5.56669],[-73.57464,5.56878],[-73.5746,5.57031],[-73.57713,5.57485],[-73.57618,5.57671],[-73.57694,5.57861],[-73.57549,5.5835],[-73.57793,5.58822],[-73.57981,5.58888],[-73.58018,5.58982],[-73.58247,5.58987]]]}},{"type":"Feature","properties":{"codigo":"15621","municipio":"Rondón","provincia":"Márquez","predios_urbanos_igac":278,"predios_rurales_igac":3679,"area_km2":206.42,"area_urbana_ha":15.08,"pct_urbano":0.073,"pct_rural":99.927,"pct_de_boyaca":0.893,"jerarquia_urbana":106,"categoria_urbana":"Núcleo urbano básico","valor_agregado":46.27,"empresas_matriculadas":9,"empresas_renovadas":32,"empresas_canceladas":9,"comfaboy_empresas":7,"comfaboy_empleos":24,"pob_0_6":225,"pob_7_14":327,"pob_15_17":115,"pob_18_26":259,"pob_27_59":927,"pob_60_mas":695,"hombres":1273,"mujeres":1275,"poblacion":2548,"captaciones":87223.01,"colocaciones":18.56,"finagro":2648.75,"bancoldex":9.39,"icm_puesto":null,"produccion_agricola_ton":1674.7,"bovinos":7068,"icfes":286,"matricula_escolar":306,"establecimientos_educativos":2,"ips":1,"camas":0,"regimen_contributivo":177,"regimen_especial":9,"regimen_subsidiado":1643,"acueductos":3,"riesgo_agua":"Medio","eventos_riesgo":2,"densidad_hab_km2":12.34,"valor_agregado_por_hab_millones":18.159,"pred_urbanos":278,"pred_vivienda_rural":24,"pred_agropecuarios":3654,"pred_atipicos":1,"ha_urbana_predios":13.0,"ha_vivienda_rural":0.38,"ha_agropecuaria":15696.95},"geometry":{"type":"Polygon","coordinates":[[[-73.14726,5.48129],[-73.14729,5.48205],[-73.14973,5.48041],[-73.15266,5.47993],[-73.15366,5.47932],[-73.15669,5.47989],[-73.16385,5.47939],[-73.16684,5.47544],[-73.16798,5.47502],[-73.17069,5.47217],[-73.17161,5.46986],[-73.17419,5.46775],[-73.17662,5.46744],[-73.18032,5.46548],[-73.18627,5.46555],[-73.18649,5.46377],[-73.18882,5.46352],[-73.19022,5.46156],[-73.19444,5.45855],[-73.19852,5.45674],[-73.20415,5.45685],[-73.20644,5.45406],[-73.20828,5.45333],[-73.21101,5.44815],[-73.2118,5.44726],[-73.21511,5.44565],[-73.21609,5.44373],[-73.21533,5.44206],[-73.21619,5.4381],[-73.21591,5.43712],[-73.21338,5.43391],[-73.21204,5.42617],[-73.21346,5.42487],[-73.21627,5.4192],[-73.21791,5.41803],[-73.21787,5.41609],[-73.22101,5.41458],[-73.22037,5.41163],[-73.22066,5.40929],[-73.22199,5.40691],[-73.22555,5.40387],[-73.22654,5.40022],[-73.23135,5.39939],[-73.23411,5.39781],[-73.23409,5.39641],[-73.23157,5.39378],[-73.23403,5.38994],[-73.23793,5.38983],[-73.23706,5.38607],[-73.23924,5.38271],[-73.24174,5.38157],[-73.243,5.37667],[-73.24735,5.37216],[-73.25097,5.37058],[-73.25137,5.36935],[-73.25265,5.36821],[-73.25375,5.36813],[-73.25582,5.36909],[-73.25666,5.36893],[-73.25729,5.36809],[-73.26037,5.36678],[-73.26895,5.35977],[-73.27378,5.35654],[-73.27476,5.35525],[-73.27694,5.35504],[-73.27961,5.35379],[-73.28382,5.35064],[-73.28492,5.35067],[-73.28673,5.34854],[-73.28669,5.34019],[-73.28391,5.33852],[-73.28331,5.33739],[-73.28334,5.33527],[-73.28175,5.33164],[-73.28164,5.32767],[-73.28249,5.32588],[-73.28235,5.32468],[-73.27984,5.32345],[-73.27716,5.32293],[-73.2746,5.3248],[-73.27351,5.32501],[-73.27085,5.32392],[-73.26981,5.32216],[-73.2656,5.32286],[-73.26316,5.32223],[-73.27172,5.31001],[-73.27542,5.30567],[-73.27605,5.30411],[-73.27599,5.30228],[-73.27436,5.3002],[-73.27273,5.29908],[-73.26967,5.30039],[-73.26814,5.29731],[-73.26683,5.29593],[-73.26463,5.29424],[-73.2596,5.29153],[-73.26264,5.29014],[-73.26562,5.28728],[-73.24319,5.28799],[-73.23827,5.28534],[-73.23363,5.28512],[-73.23094,5.28709],[-73.22764,5.29234],[-73.22497,5.29367],[-73.22449,5.29566],[-73.21994,5.30071],[-73.21553,5.30449],[-73.21365,5.30532],[-73.20762,5.30965],[-73.20364,5.31437],[-73.20144,5.31608],[-73.19682,5.31754],[-73.19542,5.3167],[-73.19109,5.31714],[-73.18794,5.32034],[-73.18518,5.32076],[-73.18427,5.32191],[-73.18543,5.32178],[-73.18775,5.32268],[-73.18857,5.32396],[-73.18826,5.32536],[-73.18477,5.32939],[-73.18298,5.32982],[-73.17772,5.33479],[-73.17676,5.33915],[-73.17315,5.33892],[-73.17017,5.33998],[-73.16433,5.34431],[-73.15786,5.35078],[-73.1535,5.35109],[-73.14544,5.34911],[-73.1431,5.34628],[-73.14169,5.34242],[-73.14113,5.3427],[-73.1401,5.34579],[-73.13814,5.34818],[-73.13417,5.34983],[-73.13315,5.35063],[-73.13065,5.35452],[-73.12633,5.35734],[-73.12633,5.35841],[-73.13059,5.365],[-73.13121,5.36727],[-73.13212,5.36816],[-73.12932,5.37143],[-73.12786,5.37675],[-73.1236,5.38135],[-73.12127,5.38506],[-73.12682,5.38984],[-73.1273,5.39192],[-73.12963,5.39623],[-73.12971,5.39842],[-73.13064,5.40098],[-73.13205,5.40274],[-73.13364,5.40351],[-73.13412,5.40556],[-73.13639,5.40659],[-73.13948,5.41075],[-73.14146,5.41207],[-73.14173,5.41296],[-73.13922,5.41713],[-73.13783,5.42427],[-73.13504,5.42683],[-73.13249,5.43083],[-73.1304,5.43855],[-73.12796,5.44404],[-73.12727,5.447],[-73.12483,5.45002],[-73.1249,5.45327],[-73.12395,5.45572],[-73.12616,5.45853],[-73.12756,5.45898],[-73.12906,5.45857],[-73.12958,5.45906],[-73.13093,5.46471],[-73.13133,5.4652],[-73.13285,5.46537],[-73.13388,5.46857],[-73.13676,5.4703],[-73.14002,5.47506],[-73.14614,5.47796],[-73.14726,5.48129]]]}},{"type":"Feature","properties":{"codigo":"15632","municipio":"Saboyá","provincia":"Occidente","predios_urbanos_igac":551,"predios_rurales_igac":11199,"area_km2":248.65,"area_urbana_ha":50.98,"pct_urbano":0.205,"pct_rural":99.795,"pct_de_boyaca":1.075,"jerarquia_urbana":40,"categoria_urbana":"Centro urbano local","valor_agregado":332.35,"empresas_matriculadas":56,"empresas_renovadas":203,"empresas_canceladas":29,"comfaboy_empresas":42,"comfaboy_empleos":228,"pob_0_6":1505,"pob_7_14":1892,"pob_15_17":702,"pob_18_26":1843,"pob_27_59":5799,"pob_60_mas":2882,"hombres":7146,"mujeres":7477,"poblacion":14623,"captaciones":26432.22,"colocaciones":26601.01,"finagro":13068.25,"bancoldex":119.01,"icm_puesto":null,"produccion_agricola_ton":106411.76,"bovinos":29308,"icfes":257.57,"matricula_escolar":2155,"establecimientos_educativos":7,"ips":1,"camas":5,"regimen_contributivo":832,"regimen_especial":15,"regimen_subsidiado":9076,"acueductos":9,"riesgo_agua":"Medio","eventos_riesgo":10,"densidad_hab_km2":58.81,"valor_agregado_por_hab_millones":22.728,"pred_urbanos":551,"pred_vivienda_rural":17,"pred_agropecuarios":11182,"pred_atipicos":0,"ha_urbana_predios":45.51,"ha_vivienda_rural":0.34,"ha_agropecuaria":24950.87},"geometry":{"type":"Polygon","coordinates":[[[-73.65176,5.71239],[-73.65131,5.71394],[-73.65244,5.71593],[-73.65748,5.72109],[-73.65804,5.72073],[-73.659,5.72251],[-73.65898,5.72372],[-73.66074,5.72497],[-73.66269,5.72772],[-73.66409,5.72856],[-73.6662,5.73243],[-73.66769,5.73843],[-73.66941,5.74252],[-73.67037,5.74331],[-73.67233,5.74769],[-73.68052,5.75158],[-73.68148,5.75109],[-73.6843,5.75097],[-73.68785,5.75467],[-73.68862,5.75393],[-73.69336,5.75723],[-73.69422,5.75978],[-73.69605,5.76104],[-73.69745,5.76423],[-73.70121,5.76915],[-73.70333,5.7701],[-73.70362,5.77104],[-73.70589,5.77283],[-73.70579,5.77438],[-73.70957,5.77651],[-73.71067,5.77631],[-73.71131,5.77771],[-73.71215,5.77791],[-73.71275,5.77884],[-73.71265,5.77971],[-73.7145,5.78022],[-73.71438,5.7817],[-73.71588,5.78169],[-73.71636,5.78138],[-73.7159,5.77986],[-73.71715,5.77876],[-73.7172,5.77744],[-73.71815,5.77637],[-73.71791,5.77501],[-73.72034,5.77208],[-73.72147,5.77275],[-73.72325,5.7719],[-73.72497,5.77173],[-73.72574,5.77076],[-73.72672,5.77044],[-73.72797,5.77068],[-73.7317,5.77012],[-73.73686,5.77275],[-73.74045,5.77257],[-73.74176,5.77126],[-73.74402,5.77078],[-73.74553,5.77115],[-73.74627,5.77012],[-73.74776,5.77065],[-73.74901,5.76869],[-73.74982,5.76827],[-73.75128,5.76866],[-73.75286,5.7709],[-73.76151,5.77132],[-73.76271,5.77318],[-73.76361,5.77292],[-73.76592,5.77038],[-73.77473,5.75724],[-73.77731,5.75467],[-73.77968,5.75115],[-73.78125,5.74783],[-73.7896,5.74066],[-73.79204,5.73272],[-73.79431,5.72942],[-73.79593,5.72795],[-73.79799,5.7276],[-73.80384,5.72451],[-73.80607,5.72174],[-73.80698,5.71975],[-73.81253,5.71497],[-73.81829,5.71534],[-73.81902,5.7148],[-73.82039,5.71657],[-73.81884,5.72157],[-73.81963,5.72525],[-73.81848,5.72711],[-73.81931,5.72927],[-73.81863,5.73425],[-73.81921,5.73748],[-73.82104,5.73817],[-73.82342,5.74041],[-73.82441,5.74056],[-73.82777,5.74034],[-73.83002,5.73925],[-73.83639,5.73986],[-73.83846,5.73852],[-73.83972,5.73837],[-73.84202,5.7365],[-73.84291,5.73657],[-73.84671,5.73266],[-73.84814,5.73238],[-73.85161,5.7282],[-73.85399,5.72641],[-73.85645,5.72625],[-73.85678,5.72273],[-73.85619,5.71979],[-73.85691,5.7173],[-73.86114,5.71151],[-73.87435,5.70801],[-73.88022,5.70756],[-73.88101,5.70349],[-73.88266,5.7004],[-73.88334,5.6946],[-73.88626,5.69002],[-73.88427,5.68972],[-73.88133,5.69057],[-73.87911,5.69024],[-73.87363,5.69182],[-73.87317,5.69263],[-73.8702,5.69236],[-73.86816,5.69318],[-73.86569,5.69336],[-73.86387,5.69434],[-73.86308,5.69564],[-73.86232,5.69589],[-73.86176,5.69751],[-73.86238,5.70031],[-73.86163,5.70156],[-73.86039,5.70235],[-73.86028,5.70324],[-73.85852,5.70547],[-73.85774,5.70742],[-73.84876,5.70901],[-73.84412,5.70769],[-73.84042,5.7055],[-73.83998,5.70492],[-73.84012,5.70339],[-73.83924,5.70288],[-73.83547,5.70354],[-73.83466,5.70432],[-73.83335,5.70456],[-73.8299,5.70263],[-73.83239,5.70028],[-73.83395,5.69711],[-73.83263,5.69592],[-73.83179,5.69356],[-73.83504,5.68407],[-73.83584,5.67952],[-73.83593,5.67859],[-73.83511,5.6771],[-73.83608,5.67226],[-73.83488,5.66691],[-73.83305,5.66511],[-73.83102,5.66451],[-73.82992,5.66322],[-73.82779,5.66219],[-73.82583,5.6595],[-73.82429,5.65593],[-73.82324,5.65588],[-73.81895,5.65319],[-73.81693,5.6506],[-73.81616,5.64766],[-73.81486,5.64681],[-73.81202,5.64611],[-73.81233,5.64551],[-73.81178,5.6446],[-73.80872,5.6434],[-73.80841,5.64276],[-73.80677,5.6421],[-73.80591,5.64111],[-73.80364,5.64087],[-73.8012,5.64251],[-73.80009,5.64272],[-73.79378,5.64176],[-73.78651,5.6383],[-73.78514,5.63679],[-73.78568,5.63586],[-73.78323,5.63572],[-73.7823,5.63421],[-73.78169,5.6355],[-73.78129,5.63431],[-73.77986,5.63371],[-73.77903,5.63502],[-73.77925,5.637],[-73.77727,5.63511],[-73.77632,5.63587],[-73.77666,5.63692],[-73.77569,5.63659],[-73.77508,5.63594],[-73.77571,5.63482],[-73.77499,5.63444],[-73.77411,5.63556],[-73.77483,5.63681],[-73.77309,5.63674],[-73.7721,5.63725],[-73.77076,5.63689],[-73.7656,5.63802],[-73.76373,5.64008],[-73.75942,5.6417],[-73.75813,5.64359],[-73.75494,5.64464],[-73.75208,5.64649],[-73.75128,5.64573],[-73.75118,5.64377],[-73.74882,5.64265],[-73.74593,5.64306],[-73.74505,5.64254],[-73.74425,5.64313],[-73.74291,5.64225],[-73.74137,5.64209],[-73.74081,5.64258],[-73.73985,5.64212],[-73.73857,5.64272],[-73.73683,5.64245],[-73.7327,5.63916],[-73.73095,5.63672],[-73.72934,5.63581],[-73.72847,5.63596],[-73.72635,5.63512],[-73.72575,5.63371],[-73.72517,5.63347],[-73.72232,5.63416],[-73.72131,5.63371],[-73.71855,5.63366],[-73.71662,5.63221],[-73.71105,5.63274],[-73.70636,5.63197],[-73.7042,5.6337],[-73.70199,5.63655],[-73.6993,5.63618],[-73.69877,5.63601],[-73.69568,5.62886],[-73.69181,5.62967],[-73.68882,5.62735],[-73.68605,5.62958],[-73.68075,5.63657],[-73.68063,5.6384],[-73.67834,5.64159],[-73.67763,5.64347],[-73.6773,5.65039],[-73.67538,5.65588],[-73.67273,5.65993],[-73.67031,5.66643],[-73.67034,5.67256],[-73.66964,5.67581],[-73.66792,5.67921],[-73.66195,5.68539],[-73.65997,5.68852],[-73.65652,5.69201],[-73.65322,5.70252],[-73.65176,5.71239]]]}},{"type":"Feature","properties":{"codigo":"15638","municipio":"Sáchica","provincia":"Ricaurte","predios_urbanos_igac":833,"predios_rurales_igac":1149,"area_km2":63.93,"area_urbana_ha":49.1,"pct_urbano":0.768,"pct_rural":99.232,"pct_de_boyaca":0.276,"jerarquia_urbana":43,"categoria_urbana":"Centro urbano local","valor_agregado":186.08,"empresas_matriculadas":52,"empresas_renovadas":199,"empresas_canceladas":43,"comfaboy_empresas":53,"comfaboy_empleos":203,"pob_0_6":708,"pob_7_14":777,"pob_15_17":298,"pob_18_26":933,"pob_27_59":2458,"pob_60_mas":759,"hombres":3048,"mujeres":2885,"poblacion":5933,"captaciones":60.54,"colocaciones":184.83,"finagro":8225.95,"bancoldex":197.18,"icm_puesto":null,"produccion_agricola_ton":18275,"bovinos":498,"icfes":278.5,"matricula_escolar":1008,"establecimientos_educativos":3,"ips":3,"camas":0,"regimen_contributivo":514,"regimen_especial":4,"regimen_subsidiado":4068,"acueductos":8,"riesgo_agua":"Bajo","eventos_riesgo":3,"densidad_hab_km2":92.8,"valor_agregado_por_hab_millones":31.364,"pred_urbanos":833,"pred_vivienda_rural":1,"pred_agropecuarios":1148,"pred_atipicos":0,"ha_urbana_predios":40.81,"ha_vivienda_rural":0.03,"ha_agropecuaria":6064.51},"geometry":{"type":"Polygon","coordinates":[[[-73.56509,5.63234],[-73.56906,5.63156],[-73.57222,5.63177],[-73.57765,5.6311],[-73.58198,5.62795],[-73.58191,5.62721],[-73.58097,5.62683],[-73.58027,5.62529],[-73.58149,5.62463],[-73.57987,5.62186],[-73.58012,5.61964],[-73.57941,5.61819],[-73.57998,5.61604],[-73.57934,5.61627],[-73.57895,5.61581],[-73.57937,5.61424],[-73.57802,5.6118],[-73.57844,5.61129],[-73.57903,5.60533],[-73.57832,5.6038],[-73.57679,5.60248],[-73.5773,5.60016],[-73.5791,5.5982],[-73.57953,5.59288],[-73.58032,5.58986],[-73.57981,5.58888],[-73.57766,5.58792],[-73.57617,5.58517],[-73.57623,5.58433],[-73.57556,5.58373],[-73.57623,5.58001],[-73.57694,5.57861],[-73.57618,5.57671],[-73.57713,5.57485],[-73.5746,5.57031],[-73.57464,5.56878],[-73.57328,5.56669],[-73.57274,5.56483],[-73.57426,5.56191],[-73.57655,5.56112],[-73.57677,5.56068],[-73.57336,5.55881],[-73.57168,5.55656],[-73.57101,5.55492],[-73.57126,5.55253],[-73.57184,5.55162],[-73.56979,5.55061],[-73.569,5.54924],[-73.56596,5.54969],[-73.56448,5.54822],[-73.56455,5.54759],[-73.5635,5.54686],[-73.56294,5.54403],[-73.5614,5.5433],[-73.56089,5.54075],[-73.55965,5.53963],[-73.55571,5.53214],[-73.55527,5.5284],[-73.55565,5.52556],[-73.55211,5.52396],[-73.54994,5.52188],[-73.54672,5.52448],[-73.54401,5.52743],[-73.53534,5.53075],[-73.53163,5.53063],[-73.5279,5.53281],[-73.52316,5.53363],[-73.52154,5.53325],[-73.51925,5.53397],[-73.51728,5.53353],[-73.51651,5.53556],[-73.51559,5.53592],[-73.51397,5.53852],[-73.51304,5.53916],[-73.51311,5.54],[-73.51247,5.54077],[-73.51163,5.54074],[-73.51099,5.54152],[-73.51023,5.54123],[-73.50954,5.54196],[-73.50963,5.54282],[-73.50891,5.54354],[-73.5086,5.54504],[-73.50874,5.54633],[-73.507,5.54848],[-73.50688,5.54948],[-73.50603,5.54953],[-73.50538,5.55083],[-73.50491,5.55091],[-73.50425,5.55295],[-73.50113,5.55527],[-73.50064,5.55699],[-73.49892,5.55906],[-73.49909,5.56047],[-73.49995,5.56139],[-73.49908,5.56236],[-73.49843,5.56429],[-73.49963,5.56546],[-73.50002,5.56672],[-73.50145,5.56764],[-73.50192,5.57221],[-73.5026,5.57283],[-73.50226,5.57386],[-73.50314,5.5748],[-73.5028,5.57731],[-73.50736,5.57977],[-73.50874,5.5813],[-73.51029,5.582],[-73.51058,5.58285],[-73.51191,5.58306],[-73.51253,5.58545],[-73.51193,5.58787],[-73.51323,5.58997],[-73.51301,5.59132],[-73.51198,5.59111],[-73.51114,5.59253],[-73.51006,5.59326],[-73.51125,5.59644],[-73.51075,5.59847],[-73.5113,5.59982],[-73.51268,5.60055],[-73.51625,5.60104],[-73.51883,5.6053],[-73.52285,5.60507],[-73.52402,5.6064],[-73.52503,5.60682],[-73.52745,5.60648],[-73.52849,5.60551],[-73.53039,5.60574],[-73.53243,5.6052],[-73.53389,5.60425],[-73.53549,5.60163],[-73.537,5.60032],[-73.5409,5.59804],[-73.54378,5.59777],[-73.54429,5.59924],[-73.54521,5.59965],[-73.54737,5.5985],[-73.54831,5.60045],[-73.54977,5.60094],[-73.54883,5.60252],[-73.54888,5.60323],[-73.55188,5.60354],[-73.55268,5.60441],[-73.55014,5.6072],[-73.5524,5.6078],[-73.55367,5.60984],[-73.55744,5.60973],[-73.5584,5.61171],[-73.56033,5.61194],[-73.56076,5.6152],[-73.56215,5.61513],[-73.56351,5.61715],[-73.56352,5.61801],[-73.56411,5.6187],[-73.56371,5.62305],[-73.56444,5.62392],[-73.56483,5.62401],[-73.56508,5.62346],[-73.56559,5.62381],[-73.56542,5.626],[-73.5617,5.63215],[-73.56509,5.63234]]]}},{"type":"Feature","properties":{"codigo":"15646","municipio":"Samacá","provincia":"Centro","predios_urbanos_igac":2299,"predios_rurales_igac":6940,"area_km2":167.58,"area_urbana_ha":105.52,"pct_urbano":0.63,"pct_rural":99.37,"pct_de_boyaca":0.725,"jerarquia_urbana":15,"categoria_urbana":"Centro urbano menor","valor_agregado":584.32,"empresas_matriculadas":209,"empresas_renovadas":1064,"empresas_canceladas":181,"comfaboy_empresas":388,"comfaboy_empleos":5477,"pob_0_6":2446,"pob_7_14":2723,"pob_15_17":986,"pob_18_26":2974,"pob_27_59":8330,"pob_60_mas":2391,"hombres":9982,"mujeres":9868,"poblacion":19850,"captaciones":45710.27,"colocaciones":164586.94,"finagro":23088.59,"bancoldex":864.32,"icm_puesto":15,"produccion_agricola_ton":54666.72,"bovinos":6778,"icfes":287.75,"matricula_escolar":4877,"establecimientos_educativos":8,"ips":17,"camas":6,"regimen_contributivo":10557,"regimen_especial":65,"regimen_subsidiado":12142,"acueductos":14,"riesgo_agua":"Medio","eventos_riesgo":8,"densidad_hab_km2":118.45,"valor_agregado_por_hab_millones":29.437,"pred_urbanos":2299,"pred_vivienda_rural":164,"pred_agropecuarios":6775,"pred_atipicos":1,"ha_urbana_predios":89.23,"ha_vivienda_rural":2.39,"ha_agropecuaria":17151.95},"geometry":{"type":"Polygon","coordinates":[[[-73.49869,5.55931],[-73.50064,5.55699],[-73.50113,5.55527],[-73.50425,5.55295],[-73.50491,5.55091],[-73.50538,5.55083],[-73.50603,5.54953],[-73.50688,5.54948],[-73.507,5.54848],[-73.50845,5.54697],[-73.50891,5.54354],[-73.50963,5.54282],[-73.50945,5.54209],[-73.51023,5.54123],[-73.51099,5.54152],[-73.51163,5.54074],[-73.51247,5.54077],[-73.51311,5.54],[-73.51304,5.53916],[-73.51397,5.53852],[-73.51559,5.53592],[-73.51651,5.53556],[-73.51728,5.53353],[-73.51925,5.53397],[-73.52154,5.53325],[-73.52316,5.53363],[-73.5279,5.53281],[-73.5311,5.53076],[-73.53534,5.53075],[-73.54289,5.52797],[-73.54401,5.52743],[-73.54672,5.52448],[-73.54994,5.52188],[-73.55131,5.5192],[-73.5547,5.52027],[-73.55842,5.5181],[-73.55896,5.51709],[-73.5582,5.51381],[-73.55847,5.50915],[-73.55723,5.50875],[-73.55524,5.509],[-73.55333,5.50744],[-73.55038,5.50691],[-73.54866,5.50454],[-73.54624,5.50498],[-73.53613,5.50027],[-73.53715,5.4986],[-73.53705,5.49798],[-73.54058,5.49533],[-73.54468,5.4943],[-73.54699,5.49161],[-73.54902,5.49082],[-73.55134,5.48899],[-73.55623,5.48263],[-73.55687,5.48096],[-73.55823,5.4797],[-73.55854,5.47817],[-73.56565,5.47568],[-73.56802,5.4784],[-73.57195,5.47105],[-73.57536,5.46785],[-73.57809,5.46672],[-73.5798,5.46781],[-73.58479,5.4685],[-73.58653,5.46667],[-73.58754,5.46637],[-73.59406,5.4667],[-73.59483,5.46626],[-73.59717,5.46216],[-73.60069,5.46002],[-73.60087,5.45954],[-73.599,5.45758],[-73.59946,5.45304],[-73.60068,5.4486],[-73.59914,5.44465],[-73.59903,5.44117],[-73.59838,5.44088],[-73.59935,5.43981],[-73.59971,5.43857],[-73.5965,5.43601],[-73.59759,5.43378],[-73.60007,5.43168],[-73.60047,5.43079],[-73.59673,5.42734],[-73.59544,5.42507],[-73.59314,5.42248],[-73.59309,5.42161],[-73.59365,5.42072],[-73.59539,5.41972],[-73.59656,5.41701],[-73.59719,5.41653],[-73.60107,5.41693],[-73.60399,5.41572],[-73.60654,5.41368],[-73.61025,5.41294],[-73.61527,5.41015],[-73.61676,5.40686],[-73.61835,5.40512],[-73.61821,5.40451],[-73.61198,5.40533],[-73.60797,5.4035],[-73.60483,5.4038],[-73.60207,5.40263],[-73.59929,5.40233],[-73.59764,5.40109],[-73.59548,5.40094],[-73.59424,5.40029],[-73.59256,5.39844],[-73.59066,5.39828],[-73.5889,5.39854],[-73.58671,5.39979],[-73.58485,5.4027],[-73.58375,5.4035],[-73.58105,5.40476],[-73.57953,5.40482],[-73.57767,5.40626],[-73.57571,5.40691],[-73.5727,5.40625],[-73.57078,5.40763],[-73.56854,5.40644],[-73.56199,5.40449],[-73.55895,5.40595],[-73.55777,5.40535],[-73.55718,5.40604],[-73.55603,5.40607],[-73.55355,5.40714],[-73.55199,5.40887],[-73.55168,5.4099],[-73.55005,5.41109],[-73.54704,5.41481],[-73.54182,5.4196],[-73.54146,5.42069],[-73.53765,5.41929],[-73.53052,5.42455],[-73.52704,5.4241],[-73.5265,5.42321],[-73.52253,5.4219],[-73.52135,5.42324],[-73.5169,5.42629],[-73.51395,5.4292],[-73.51274,5.42967],[-73.50855,5.42908],[-73.50726,5.43023],[-73.50513,5.43079],[-73.50275,5.43277],[-73.50086,5.43367],[-73.49942,5.43651],[-73.49804,5.43693],[-73.49779,5.43771],[-73.49636,5.43875],[-73.49354,5.43895],[-73.49417,5.43734],[-73.4936,5.43674],[-73.49253,5.43881],[-73.49164,5.43775],[-73.48813,5.43573],[-73.48684,5.4338],[-73.48461,5.43216],[-73.48229,5.42857],[-73.48024,5.42818],[-73.47819,5.4267],[-73.47653,5.42747],[-73.47364,5.43055],[-73.47251,5.4341],[-73.47025,5.43664],[-73.46583,5.43912],[-73.45748,5.44794],[-73.4554,5.45116],[-73.45447,5.45605],[-73.45051,5.46154],[-73.44761,5.4687],[-73.43752,5.47831],[-73.4364,5.48173],[-73.43232,5.48587],[-73.44461,5.49203],[-73.44554,5.49299],[-73.44802,5.494],[-73.45094,5.49595],[-73.45349,5.49696],[-73.455,5.49682],[-73.45645,5.49769],[-73.45394,5.50015],[-73.45303,5.50233],[-73.45515,5.50755],[-73.45662,5.50963],[-73.45677,5.51482],[-73.45763,5.51629],[-73.45929,5.51663],[-73.46261,5.51554],[-73.46422,5.51622],[-73.4653,5.51593],[-73.46753,5.51864],[-73.4692,5.5188],[-73.47037,5.52035],[-73.47254,5.52129],[-73.47701,5.52473],[-73.48239,5.53042],[-73.48328,5.53067],[-73.48591,5.53006],[-73.48613,5.53222],[-73.49136,5.53519],[-73.4901,5.54491],[-73.49048,5.54633],[-73.48981,5.54744],[-73.49081,5.54933],[-73.49038,5.55149],[-73.49247,5.55313],[-73.49372,5.55333],[-73.49407,5.55436],[-73.49473,5.55469],[-73.49575,5.55762],[-73.49869,5.55931]]]}},{"type":"Feature","properties":{"codigo":"15660","municipio":"San Eduardo","provincia":"Lengupá","predios_urbanos_igac":467,"predios_rurales_igac":1553,"area_km2":109.4,"area_urbana_ha":27.6,"pct_urbano":0.252,"pct_rural":99.748,"pct_de_boyaca":0.473,"jerarquia_urbana":79,"categoria_urbana":"Núcleo urbano básico","valor_agregado":37.14,"empresas_matriculadas":11,"empresas_renovadas":30,"empresas_canceladas":9,"comfaboy_empresas":7,"comfaboy_empleos":29,"pob_0_6":140,"pob_7_14":176,"pob_15_17":69,"pob_18_26":206,"pob_27_59":719,"pob_60_mas":457,"hombres":921,"mujeres":846,"poblacion":1767,"captaciones":91549.97,"colocaciones":55.3,"finagro":1685.5,"bancoldex":0,"icm_puesto":null,"produccion_agricola_ton":5160.83,"bovinos":6089,"icfes":267,"matricula_escolar":238,"establecimientos_educativos":1,"ips":1,"camas":0,"regimen_contributivo":150,"regimen_especial":19,"regimen_subsidiado":1269,"acueductos":3,"riesgo_agua":"Alto","eventos_riesgo":null,"densidad_hab_km2":16.15,"valor_agregado_por_hab_millones":21.019,"pred_urbanos":467,"pred_vivienda_rural":0,"pred_agropecuarios":1553,"pred_atipicos":0,"ha_urbana_predios":23.78,"ha_vivienda_rural":0.0,"ha_agropecuaria":10807.85},"geometry":{"type":"Polygon","coordinates":[[[-73.04202,5.31075],[-73.04161,5.31244],[-73.04624,5.3089],[-73.05014,5.30763],[-73.05189,5.30743],[-73.05803,5.3081],[-73.05882,5.30754],[-73.05882,5.30551],[-73.06031,5.30274],[-73.06388,5.30057],[-73.06455,5.2903],[-73.0655,5.28442],[-73.06643,5.28279],[-73.06698,5.28013],[-73.06707,5.27753],[-73.06622,5.27506],[-73.06633,5.27402],[-73.06812,5.26978],[-73.07036,5.26725],[-73.07101,5.26357],[-73.07347,5.25974],[-73.07587,5.25834],[-73.0784,5.25781],[-73.0804,5.25581],[-73.0833,5.25518],[-73.08394,5.25361],[-73.08594,5.25179],[-73.08641,5.25064],[-73.08872,5.24891],[-73.09261,5.24746],[-73.09446,5.24513],[-73.09663,5.24421],[-73.09725,5.24326],[-73.10143,5.24064],[-73.10165,5.23846],[-73.10102,5.23316],[-73.1016,5.23124],[-73.10393,5.22761],[-73.10407,5.22404],[-73.10594,5.22224],[-73.10448,5.22178],[-73.10495,5.22082],[-73.1032,5.21842],[-73.10357,5.21805],[-73.10165,5.20977],[-73.10071,5.20974],[-73.10004,5.20868],[-73.09744,5.20761],[-73.09475,5.20502],[-73.09237,5.2036],[-73.09177,5.20438],[-73.08912,5.20328],[-73.08923,5.20235],[-73.0839,5.20202],[-73.08422,5.20057],[-73.08038,5.20148],[-73.08007,5.19982],[-73.0778,5.19589],[-73.07771,5.19686],[-73.07713,5.1973],[-73.07521,5.19776],[-73.07396,5.19762],[-73.07267,5.19639],[-73.07274,5.19557],[-73.07136,5.19275],[-73.07161,5.19089],[-73.07127,5.18985],[-73.06971,5.18739],[-73.06647,5.18582],[-73.0725,5.16894],[-73.07003,5.16878],[-73.06366,5.16294],[-73.06006,5.16285],[-73.05919,5.16193],[-73.05779,5.1614],[-73.05644,5.16188],[-73.05434,5.16386],[-73.05294,5.16374],[-73.04508,5.16712],[-73.04198,5.16945],[-73.03498,5.17344],[-73.03327,5.17524],[-73.03032,5.1799],[-73.02909,5.18329],[-73.02904,5.18591],[-73.02827,5.18766],[-73.02406,5.19355],[-73.01734,5.20529],[-73.01172,5.21298],[-73.01006,5.21452],[-73.01009,5.21581],[-73.00739,5.22123],[-73.00567,5.22684],[-73.00428,5.22843],[-73.00023,5.23786],[-72.99594,5.24353],[-72.99517,5.24563],[-72.99509,5.25363],[-72.9957,5.25574],[-72.99729,5.25836],[-72.99933,5.25944],[-73.0054,5.25977],[-73.00919,5.26082],[-73.01122,5.26223],[-73.01438,5.26575],[-73.01584,5.26779],[-73.01709,5.27102],[-73.0231,5.27838],[-73.02841,5.28758],[-73.02887,5.29302],[-73.02805,5.29992],[-73.03997,5.30857],[-73.04202,5.31075]]]}},{"type":"Feature","properties":{"codigo":"15664","municipio":"San José De Pare","provincia":"Ricaurte","predios_urbanos_igac":297,"predios_rurales_igac":2662,"area_km2":74.39,"area_urbana_ha":19.48,"pct_urbano":0.262,"pct_rural":99.738,"pct_de_boyaca":0.322,"jerarquia_urbana":99,"categoria_urbana":"Núcleo urbano básico","valor_agregado":149.63,"empresas_matriculadas":19,"empresas_renovadas":93,"empresas_canceladas":23,"comfaboy_empresas":12,"comfaboy_empleos":80,"pob_0_6":488,"pob_7_14":566,"pob_15_17":194,"pob_18_26":511,"pob_27_59":2250,"pob_60_mas":1319,"hombres":2787,"mujeres":2541,"poblacion":5328,"captaciones":156.1,"colocaciones":11352.03,"finagro":6640.18,"bancoldex":29.4,"icm_puesto":null,"produccion_agricola_ton":442947.46,"bovinos":1800,"icfes":250.5,"matricula_escolar":653,"establecimientos_educativos":2,"ips":2,"camas":0,"regimen_contributivo":245,"regimen_especial":4,"regimen_subsidiado":3717,"acueductos":4,"riesgo_agua":"Medio","eventos_riesgo":1,"densidad_hab_km2":71.62,"valor_agregado_por_hab_millones":28.084,"pred_urbanos":297,"pred_vivienda_rural":77,"pred_agropecuarios":2585,"pred_atipicos":0,"ha_urbana_predios":16.71,"ha_vivienda_rural":1.22,"ha_agropecuaria":7337.21},"geometry":{"type":"Polygon","coordinates":[[[-73.53339,6.05052],[-73.53407,6.05054],[-73.53495,6.04906],[-73.53575,6.04437],[-73.537,6.04204],[-73.53829,6.04153],[-73.53922,6.04027],[-73.53965,6.03743],[-73.54067,6.03716],[-73.54151,6.03587],[-73.54851,6.03157],[-73.55478,6.03049],[-73.557,6.02944],[-73.55865,6.02976],[-73.55927,6.02943],[-73.55951,6.02841],[-73.559,6.02672],[-73.5595,6.02569],[-73.56416,6.02079],[-73.56552,6.01831],[-73.57207,6.01458],[-73.5752,6.01469],[-73.58199,6.01198],[-73.58176,6.00991],[-73.58435,6.00862],[-73.58599,6.00633],[-73.58723,5.99929],[-73.58824,5.99746],[-73.58776,5.99466],[-73.58903,5.99257],[-73.58858,5.98935],[-73.59152,5.98679],[-73.59142,5.98593],[-73.59015,5.98417],[-73.59196,5.98032],[-73.59134,5.97819],[-73.5918,5.97356],[-73.59051,5.96872],[-73.59086,5.96542],[-73.59345,5.96087],[-73.59324,5.95943],[-73.59237,5.95904],[-73.59108,5.96055],[-73.58963,5.96048],[-73.58973,5.95823],[-73.58868,5.95534],[-73.58929,5.95317],[-73.58854,5.95235],[-73.5879,5.95238],[-73.58608,5.95397],[-73.5846,5.95333],[-73.58318,5.95528],[-73.58096,5.9549],[-73.57928,5.95731],[-73.57774,5.95625],[-73.57633,5.95645],[-73.576,5.95728],[-73.57543,5.95745],[-73.57438,5.9561],[-73.5731,5.95672],[-73.57122,5.95605],[-73.5695,5.95722],[-73.5679,5.95594],[-73.5643,5.95555],[-73.5631,5.95378],[-73.56227,5.95374],[-73.55999,5.95228],[-73.55552,5.95215],[-73.55255,5.95044],[-73.54987,5.95069],[-73.54946,5.9519],[-73.54978,5.95254],[-73.54575,5.95321],[-73.54581,5.9542],[-73.54508,5.9543],[-73.54476,5.95572],[-73.53905,5.95768],[-73.53281,5.96074],[-73.52909,5.96465],[-73.52387,5.96834],[-73.52415,5.96979],[-73.52314,5.97058],[-73.51937,5.97209],[-73.51786,5.97163],[-73.51468,5.97212],[-73.51347,5.97154],[-73.51029,5.9743],[-73.51001,5.97521],[-73.50463,5.97755],[-73.5019,5.98208],[-73.49831,5.98387],[-73.49711,5.98505],[-73.49482,5.98904],[-73.49134,5.99275],[-73.48641,6.00023],[-73.48598,6.00165],[-73.49057,6.00176],[-73.4949,6.00516],[-73.49447,6.00546],[-73.4953,6.00673],[-73.49493,6.0093],[-73.49663,6.01141],[-73.49921,6.01349],[-73.50008,6.01668],[-73.50158,6.01817],[-73.50195,6.01948],[-73.50374,6.02023],[-73.50542,6.02167],[-73.50638,6.02418],[-73.50805,6.02602],[-73.50928,6.02569],[-73.51442,6.02624],[-73.51573,6.02841],[-73.51757,6.02939],[-73.51817,6.02931],[-73.51856,6.02827],[-73.52018,6.02867],[-73.52124,6.03066],[-73.52071,6.03281],[-73.52115,6.03394],[-73.52264,6.03463],[-73.52317,6.03609],[-73.52484,6.03626],[-73.52628,6.03794],[-73.52641,6.03948],[-73.52704,6.04056],[-73.52958,6.04193],[-73.53084,6.045],[-73.5312,6.04725],[-73.53195,6.0481],[-73.5319,6.04919],[-73.5325,6.04924],[-73.53339,6.05052]]]}},{"type":"Feature","properties":{"codigo":"15667","municipio":"San Luis De Gaceno","provincia":"Neira","predios_urbanos_igac":1183,"predios_rurales_igac":2888,"area_km2":469.63,"area_urbana_ha":101.55,"pct_urbano":0.216,"pct_rural":99.784,"pct_de_boyaca":2.031,"jerarquia_urbana":18,"categoria_urbana":"Centro urbano menor","valor_agregado":101.45,"empresas_matriculadas":35,"empresas_renovadas":195,"empresas_canceladas":44,"comfaboy_empresas":26,"comfaboy_empleos":120,"pob_0_6":526,"pob_7_14":702,"pob_15_17":263,"pob_18_26":666,"pob_27_59":2440,"pob_60_mas":1280,"hombres":3008,"mujeres":2869,"poblacion":5877,"captaciones":18066.92,"colocaciones":29625.76,"finagro":9684.46,"bancoldex":117.73,"icm_puesto":null,"produccion_agricola_ton":1606.22,"bovinos":36957,"icfes":248,"matricula_escolar":809,"establecimientos_educativos":4,"ips":6,"camas":4,"regimen_contributivo":470,"regimen_especial":35,"regimen_subsidiado":3147,"acueductos":3,"riesgo_agua":"Bajo","eventos_riesgo":1,"densidad_hab_km2":12.51,"valor_agregado_por_hab_millones":17.262,"pred_urbanos":1183,"pred_vivienda_rural":46,"pred_agropecuarios":2842,"pred_atipicos":0,"ha_urbana_predios":86.79,"ha_vivienda_rural":0.88,"ha_agropecuaria":45033.25},"geometry":{"type":"Polygon","coordinates":[[[-73.05647,4.99752],[-73.05824,4.99316],[-73.05991,4.99126],[-73.06157,4.98791],[-73.0639,4.98536],[-73.06615,4.98413],[-73.07085,4.98007],[-73.07657,4.97894],[-73.0778,4.97785],[-73.07912,4.97368],[-73.08082,4.97153],[-73.08525,4.97019],[-73.08845,4.96786],[-73.09121,4.9667],[-73.10463,4.95668],[-73.10671,4.95582],[-73.10889,4.95631],[-73.10992,4.95609],[-73.1123,4.95488],[-73.11533,4.95156],[-73.11529,4.94796],[-73.11582,4.94659],[-73.12053,4.94274],[-73.12087,4.94118],[-73.12185,4.93986],[-73.12428,4.93791],[-73.13184,4.93431],[-73.13346,4.93225],[-73.13588,4.93036],[-73.13804,4.92577],[-73.1412,4.92254],[-73.1413,4.91782],[-73.14245,4.91583],[-73.14762,4.9154],[-73.15098,4.91442],[-73.15506,4.91185],[-73.15929,4.90993],[-73.16244,4.90743],[-73.16775,4.89926],[-73.16953,4.89814],[-73.17055,4.89616],[-73.17205,4.89559],[-73.17459,4.89609],[-73.17518,4.89522],[-73.17484,4.89419],[-73.17507,4.89212],[-73.1771,4.8899],[-73.17855,4.88716],[-73.17925,4.88243],[-73.18326,4.87676],[-73.18482,4.87172],[-73.1859,4.87106],[-73.18972,4.87072],[-73.194,4.86696],[-73.19689,4.86552],[-73.19997,4.86245],[-73.20667,4.86217],[-73.20823,4.86128],[-73.21097,4.85816],[-73.21494,4.85808],[-73.22024,4.85597],[-73.22839,4.85066],[-73.22641,4.84747],[-73.22333,4.84469],[-73.21987,4.84422],[-73.21787,4.84337],[-73.21543,4.83894],[-73.21431,4.83469],[-73.20939,4.83382],[-73.20875,4.83221],[-73.20618,4.82935],[-73.20525,4.82707],[-73.20489,4.82467],[-73.20538,4.81938],[-73.20502,4.8177],[-73.20348,4.81677],[-73.20067,4.81632],[-73.19919,4.81497],[-73.20323,4.81266],[-73.20554,4.81419],[-73.20545,4.81191],[-73.20631,4.81106],[-73.20782,4.81058],[-73.20851,4.80869],[-73.2085,4.80654],[-73.21029,4.80481],[-73.2113,4.801],[-73.21409,4.80145],[-73.21482,4.79933],[-73.21673,4.79834],[-73.21852,4.79829],[-73.21958,4.79933],[-73.22096,4.79846],[-73.22087,4.79775],[-73.22143,4.79756],[-73.22223,4.79893],[-73.22412,4.79725],[-73.22524,4.79747],[-73.2254,4.79613],[-73.22638,4.79604],[-73.22669,4.79494],[-73.2273,4.7949],[-73.22861,4.7965],[-73.22981,4.7956],[-73.23102,4.79587],[-73.23162,4.79434],[-73.23532,4.79116],[-73.23565,4.79025],[-73.23805,4.79051],[-73.2394,4.78846],[-73.24037,4.78304],[-73.2347,4.7802],[-73.23257,4.77839],[-73.23055,4.7779],[-73.22433,4.7773],[-73.21994,4.77876],[-73.21624,4.77922],[-73.21422,4.77834],[-73.21296,4.77721],[-73.21127,4.77749],[-73.20947,4.77916],[-73.20764,4.77975],[-73.20091,4.77762],[-73.1985,4.77463],[-73.19829,4.77376],[-73.19606,4.77272],[-73.19306,4.76922],[-73.19019,4.76337],[-73.1886,4.76241],[-73.1874,4.76014],[-73.18745,4.75824],[-73.18579,4.75486],[-73.18392,4.75404],[-73.18202,4.75437],[-73.18027,4.75335],[-73.17912,4.7501],[-73.17902,4.74741],[-73.17957,4.74586],[-73.18179,4.7443],[-73.18225,4.74132],[-73.17957,4.74041],[-73.1762,4.73578],[-73.17162,4.73494],[-73.17018,4.7353],[-73.17034,4.73177],[-73.17487,4.72729],[-73.17639,4.72349],[-73.17749,4.72334],[-73.17765,4.72241],[-73.17923,4.72089],[-73.18414,4.71915],[-73.18495,4.71825],[-73.1851,4.71655],[-73.18609,4.71497],[-73.18983,4.71184],[-73.19229,4.71115],[-73.19229,4.71001],[-73.19412,4.70914],[-73.19711,4.70567],[-73.19727,4.70476],[-73.19875,4.70424],[-73.19943,4.70276],[-73.20076,4.7016],[-73.20288,4.69812],[-73.20346,4.69612],[-73.20487,4.69438],[-73.20543,4.69228],[-73.20647,4.6911],[-73.20765,4.68691],[-73.20886,4.68552],[-73.20865,4.68337],[-73.20769,4.68334],[-73.20789,4.68059],[-73.20348,4.67894],[-73.20179,4.67668],[-73.19351,4.67214],[-73.18933,4.67223],[-73.18181,4.66812],[-73.16785,4.66518],[-73.16354,4.6633],[-73.16041,4.6628],[-73.15643,4.66025],[-73.15423,4.65729],[-73.15048,4.65563],[-73.14815,4.6552],[-73.14617,4.65587],[-73.14101,4.65905],[-73.1391,4.66148],[-73.13327,4.66499],[-73.12638,4.66599],[-73.12393,4.66802],[-73.12241,4.67135],[-73.12169,4.67156],[-73.12028,4.67083],[-73.11527,4.66495],[-73.11274,4.66123],[-73.10753,4.65962],[-73.1057,4.65979],[-73.10333,4.66126],[-73.09966,4.67031],[-73.09625,4.67325],[-73.09342,4.67453],[-73.09141,4.67622],[-73.0909,4.67739],[-73.0899,4.6817],[-73.08998,4.68388],[-73.09148,4.68882],[-73.09026,4.69253],[-73.08728,4.69545],[-73.08561,4.69829],[-73.08161,4.70076],[-73.08012,4.70247],[-73.07964,4.7052],[-73.08045,4.70892],[-73.07904,4.71112],[-73.07627,4.71333],[-73.07209,4.71867],[-73.07207,4.71993],[-73.07709,4.72326],[-73.07868,4.72512],[-73.07874,4.72581],[-73.07413,4.7334],[-73.07185,4.73919],[-73.07002,4.74042],[-73.06708,4.74048],[-73.06623,4.73933],[-73.06612,4.73826],[-73.0667,4.73431],[-73.06636,4.73314],[-73.06503,4.7319],[-73.06211,4.73185],[-73.05584,4.73682],[-73.05256,4.73632],[-73.05176,4.73783],[-73.04975,4.73959],[-73.04685,4.74427],[-73.04499,4.75048],[-73.0449,4.75115],[-73.04613,4.75367],[-73.04572,4.75798],[-73.04859,4.76038],[-73.05063,4.76576],[-73.05369,4.76863],[-73.05367,4.77057],[-73.05445,4.77372],[-73.05607,4.77544],[-73.05827,4.77636],[-73.06011,4.77879],[-73.06055,4.7835],[-73.06295,4.78697],[-73.06335,4.78943],[-73.06434,4.79113],[-73.06836,4.79228],[-73.07222,4.79603],[-73.07188,4.79765],[-73.07033,4.7992],[-73.06988,4.80075],[-73.07005,4.80219],[-73.07407,4.80654],[-73.07712,4.80797],[-73.07777,4.80973],[-73.07741,4.81215],[-73.0749,4.8195],[-73.07382,4.82065],[-73.07133,4.82635],[-73.0692,4.82691],[-73.06898,4.82737],[-73.06876,4.83094],[-73.0679,4.83406],[-73.06824,4.83821],[-73.06688,4.84061],[-73.06638,4.84289],[-73.06541,4.8445],[-73.06127,4.84844],[-73.06077,4.84941],[-73.06156,4.85512],[-73.05918,4.85768],[-73.05577,4.85831],[-73.05183,4.86103],[-73.05083,4.863],[-73.05062,4.86466],[-73.05139,4.86703],[-73.05239,4.86833],[-73.05207,4.86989],[-73.05029,4.87158],[-73.04723,4.87182],[-73.04561,4.87265],[-73.04148,4.87833],[-73.04253,4.88172],[-73.04232,4.88616],[-73.04163,4.88789],[-73.04204,4.89031],[-73.04705,4.90037],[-73.04809,4.904],[-73.04784,4.90595],[-73.04835,4.90879],[-73.04755,4.90992],[-73.04744,4.91101],[-73.04788,4.91615],[-73.04861,4.9179],[-73.04913,4.92226],[-73.04866,4.9244],[-73.04722,4.92659],[-73.04701,4.92847],[-73.04485,4.93093],[-73.04542,4.93233],[-73.04385,4.93403],[-73.04271,4.93716],[-73.0416,4.93782],[-73.04015,4.93733],[-73.03907,4.93867],[-73.03907,4.93927],[-73.04015,4.94035],[-73.04111,4.94351],[-73.04074,4.94488],[-73.03912,4.94579],[-73.039,4.94784],[-73.03943,4.94861],[-73.03817,4.95558],[-73.0362,4.95714],[-73.03538,4.95911],[-73.03554,4.96312],[-73.0335,4.96355],[-73.0317,4.96813],[-73.03048,4.96952],[-73.02937,4.96989],[-73.02923,4.9706],[-73.02968,4.9785],[-73.03064,4.97989],[-73.03083,4.98138],[-73.0304,4.98295],[-73.03108,4.98498],[-73.0306,4.98633],[-73.0275,4.98925],[-73.02755,4.99026],[-73.0285,4.99193],[-73.02988,4.99196],[-73.03139,4.99019],[-73.0367,4.98781],[-73.03741,4.98805],[-73.03827,4.98947],[-73.03995,4.9893],[-73.04139,4.98824],[-73.04238,4.9883],[-73.04491,4.98968],[-73.04709,4.98967],[-73.05042,4.99095],[-73.05283,4.99356],[-73.05363,4.99525],[-73.05647,4.99752]]]}},{"type":"Feature","properties":{"codigo":"15673","municipio":"San Mateo","provincia":"Norte","predios_urbanos_igac":597,"predios_rurales_igac":4223,"area_km2":123.77,"area_urbana_ha":36.15,"pct_urbano":0.292,"pct_rural":99.708,"pct_de_boyaca":0.535,"jerarquia_urbana":61,"categoria_urbana":"Centro urbano local","valor_agregado":86.15,"empresas_matriculadas":17,"empresas_renovadas":126,"empresas_canceladas":18,"comfaboy_empresas":11,"comfaboy_empleos":141,"pob_0_6":346,"pob_7_14":405,"pob_15_17":146,"pob_18_26":382,"pob_27_59":1212,"pob_60_mas":1077,"hombres":1754,"mujeres":1814,"poblacion":3568,"captaciones":13224.78,"colocaciones":8655.27,"finagro":2649.83,"bancoldex":96.45,"icm_puesto":null,"produccion_agricola_ton":4682.76,"bovinos":7462,"icfes":279,"matricula_escolar":609,"establecimientos_educativos":3,"ips":1,"camas":0,"regimen_contributivo":379,"regimen_especial":93,"regimen_subsidiado":2410,"acueductos":3,"riesgo_agua":"Medio","eventos_riesgo":5,"densidad_hab_km2":28.83,"valor_agregado_por_hab_millones":24.145,"pred_urbanos":597,"pred_vivienda_rural":5,"pred_agropecuarios":4218,"pred_atipicos":0,"ha_urbana_predios":32.69,"ha_vivienda_rural":0.09,"ha_agropecuaria":12251.53},"geometry":{"type":"Polygon","coordinates":[[[-72.54833,6.4871],[-72.54971,6.48634],[-72.55628,6.48675],[-72.55802,6.48615],[-72.55873,6.48529],[-72.56068,6.48663],[-72.56337,6.48474],[-72.56619,6.48378],[-72.5681,6.48365],[-72.57116,6.48125],[-72.57212,6.47883],[-72.57515,6.47881],[-72.57913,6.47788],[-72.58145,6.47646],[-72.58295,6.47641],[-72.58367,6.47547],[-72.58495,6.47489],[-72.58562,6.47246],[-72.5881,6.47207],[-72.58965,6.46972],[-72.58998,6.46662],[-72.59217,6.46365],[-72.59552,6.46294],[-72.5998,6.45963],[-72.60152,6.45896],[-72.60152,6.45467],[-72.60233,6.45386],[-72.60273,6.45158],[-72.60452,6.45027],[-72.60528,6.44908],[-72.60608,6.44862],[-72.60799,6.4486],[-72.61381,6.44496],[-72.61636,6.44509],[-72.61743,6.4447],[-72.61957,6.44197],[-72.62343,6.4407],[-72.62338,6.43863],[-72.62451,6.43701],[-72.6242,6.43275],[-72.62355,6.43127],[-72.62445,6.43006],[-72.6242,6.42862],[-72.62575,6.42313],[-72.6247,6.42128],[-72.62479,6.41888],[-72.62145,6.41247],[-72.61942,6.41127],[-72.61919,6.41221],[-72.61736,6.41281],[-72.615,6.41278],[-72.61476,6.4119],[-72.61207,6.40957],[-72.60911,6.40866],[-72.60676,6.40911],[-72.60262,6.41079],[-72.60206,6.40918],[-72.60254,6.40769],[-72.60165,6.40788],[-72.60098,6.40733],[-72.59956,6.40098],[-72.59858,6.40053],[-72.59764,6.39884],[-72.59775,6.39762],[-72.59487,6.39479],[-72.59719,6.39244],[-72.59594,6.38986],[-72.5967,6.38902],[-72.59657,6.38796],[-72.59762,6.38532],[-72.59735,6.38402],[-72.59771,6.3829],[-72.59717,6.38175],[-72.59706,6.37926],[-72.59599,6.37797],[-72.59436,6.37707],[-72.59284,6.37406],[-72.59171,6.37292],[-72.59056,6.36788],[-72.58902,6.36516],[-72.58796,6.36072],[-72.58487,6.35754],[-72.5827,6.3571],[-72.58085,6.35552],[-72.57877,6.35506],[-72.57672,6.35384],[-72.57576,6.35062],[-72.57217,6.35015],[-72.56985,6.35075],[-72.56927,6.35001],[-72.56664,6.34935],[-72.56572,6.34498],[-72.56489,6.34367],[-72.56351,6.34508],[-72.56141,6.349],[-72.55887,6.3507],[-72.55606,6.35061],[-72.5525,6.3513],[-72.54756,6.35111],[-72.54448,6.35238],[-72.54137,6.35231],[-72.5402,6.35314],[-72.53582,6.35145],[-72.53346,6.35134],[-72.53207,6.34999],[-72.53072,6.3497],[-72.52805,6.3496],[-72.52476,6.35067],[-72.52243,6.35064],[-72.52032,6.34957],[-72.51775,6.34925],[-72.5158,6.35133],[-72.51422,6.35425],[-72.51029,6.3574],[-72.51023,6.35949],[-72.50801,6.36618],[-72.50867,6.36987],[-72.50562,6.36807],[-72.50184,6.36733],[-72.49531,6.36878],[-72.49106,6.36911],[-72.48629,6.37157],[-72.48254,6.37217],[-72.47795,6.37405],[-72.47898,6.37557],[-72.48131,6.37687],[-72.48226,6.38121],[-72.48515,6.38764],[-72.48547,6.39085],[-72.48657,6.39148],[-72.48698,6.39347],[-72.48838,6.3945],[-72.49004,6.3946],[-72.49103,6.39574],[-72.49218,6.39841],[-72.49378,6.39881],[-72.49681,6.40082],[-72.4967,6.40267],[-72.50097,6.40279],[-72.50151,6.40167],[-72.50047,6.39987],[-72.50047,6.39848],[-72.50219,6.39773],[-72.50374,6.39805],[-72.50872,6.40181],[-72.51024,6.40212],[-72.51106,6.4028],[-72.51256,6.40534],[-72.51705,6.41017],[-72.5191,6.40977],[-72.52419,6.41103],[-72.52584,6.41283],[-72.52875,6.41794],[-72.53103,6.41993],[-72.53507,6.42068],[-72.53777,6.42322],[-72.54059,6.42401],[-72.54297,6.42529],[-72.54787,6.42563],[-72.54814,6.42914],[-72.55128,6.43851],[-72.55269,6.44076],[-72.55514,6.4429],[-72.55646,6.44494],[-72.55544,6.44828],[-72.55525,6.45072],[-72.5556,6.45176],[-72.5548,6.45346],[-72.55493,6.45526],[-72.55436,6.45652],[-72.55507,6.45647],[-72.55318,6.46061],[-72.55369,6.46311],[-72.55274,6.46624],[-72.55342,6.46995],[-72.54993,6.47305],[-72.54906,6.47721],[-72.54745,6.47936],[-72.54792,6.48033],[-72.54833,6.4871]]]}},{"type":"Feature","properties":{"codigo":"15676","municipio":"San Miguel De Sema","provincia":"Occidente","predios_urbanos_igac":263,"predios_rurales_igac":3176,"area_km2":93.95,"area_urbana_ha":20.8,"pct_urbano":0.221,"pct_rural":99.779,"pct_de_boyaca":0.406,"jerarquia_urbana":92,"categoria_urbana":"Núcleo urbano básico","valor_agregado":64.87,"empresas_matriculadas":18,"empresas_renovadas":76,"empresas_canceladas":8,"comfaboy_empresas":44,"comfaboy_empleos":179,"pob_0_6":329,"pob_7_14":425,"pob_15_17":142,"pob_18_26":322,"pob_27_59":1233,"pob_60_mas":752,"hombres":1603,"mujeres":1600,"poblacion":3203,"captaciones":172.13,"colocaciones":187.44,"finagro":8092.95,"bancoldex":103.43,"icm_puesto":null,"produccion_agricola_ton":2062.34,"bovinos":23260,"icfes":249,"matricula_escolar":671,"establecimientos_educativos":3,"ips":1,"camas":0,"regimen_contributivo":575,"regimen_especial":7,"regimen_subsidiado":1694,"acueductos":5,"riesgo_agua":"Medio","eventos_riesgo":5,"densidad_hab_km2":34.09,"valor_agregado_por_hab_millones":20.253,"pred_urbanos":263,"pred_vivienda_rural":4,"pred_agropecuarios":3172,"pred_atipicos":0,"ha_urbana_predios":17.92,"ha_vivienda_rural":0.04,"ha_agropecuaria":9028.43},"geometry":{"type":"Polygon","coordinates":[[[-73.7796,5.5951],[-73.77987,5.59327],[-73.77845,5.59088],[-73.78187,5.58911],[-73.78104,5.58748],[-73.78319,5.58699],[-73.78379,5.58608],[-73.78183,5.58443],[-73.78428,5.58169],[-73.78249,5.57891],[-73.78592,5.57822],[-73.78604,5.57753],[-73.78517,5.57601],[-73.78698,5.57444],[-73.78626,5.57297],[-73.78637,5.56756],[-73.78764,5.55868],[-73.78952,5.55223],[-73.78952,5.54871],[-73.78867,5.54514],[-73.7897,5.54125],[-73.78962,5.53867],[-73.79098,5.53604],[-73.79171,5.53225],[-73.7896,5.52842],[-73.78943,5.52363],[-73.78719,5.5143],[-73.78654,5.50915],[-73.78542,5.50557],[-73.78287,5.50143],[-73.78219,5.49914],[-73.76883,5.4866],[-73.76766,5.48674],[-73.76575,5.48553],[-73.76363,5.48575],[-73.75908,5.48478],[-73.7512,5.48764],[-73.74876,5.4896],[-73.74708,5.48963],[-73.74575,5.48501],[-73.74523,5.48042],[-73.74433,5.47799],[-73.74348,5.47095],[-73.73824,5.47305],[-73.73812,5.47558],[-73.73745,5.47629],[-73.73456,5.47691],[-73.73296,5.47832],[-73.73168,5.47844],[-73.73206,5.47894],[-73.7322,5.48272],[-73.72841,5.48155],[-73.72864,5.47977],[-73.72716,5.48122],[-73.72714,5.48304],[-73.72551,5.4845],[-73.72576,5.48619],[-73.70976,5.49128],[-73.70634,5.49442],[-73.70524,5.4964],[-73.70369,5.49784],[-73.69824,5.50153],[-73.69647,5.50339],[-73.69193,5.51053],[-73.68862,5.51335],[-73.68622,5.51693],[-73.68707,5.52131],[-73.68899,5.52323],[-73.69275,5.52522],[-73.69792,5.52519],[-73.69878,5.52482],[-73.70429,5.52728],[-73.70519,5.52908],[-73.70744,5.53082],[-73.70708,5.53228],[-73.70559,5.53416],[-73.70632,5.53482],[-73.70931,5.53575],[-73.71095,5.53501],[-73.71655,5.53485],[-73.71995,5.53713],[-73.72053,5.54364],[-73.72156,5.5466],[-73.7216,5.54882],[-73.72107,5.54952],[-73.7219,5.55297],[-73.7209,5.55473],[-73.72034,5.55817],[-73.71823,5.5648],[-73.71313,5.57784],[-73.71347,5.58022],[-73.71288,5.58519],[-73.71606,5.59021],[-73.71678,5.58667],[-73.71607,5.58536],[-73.71644,5.58496],[-73.71611,5.58405],[-73.71637,5.58127],[-73.71716,5.58096],[-73.72082,5.57698],[-73.72312,5.5766],[-73.72351,5.5749],[-73.7233,5.57111],[-73.72425,5.57293],[-73.7241,5.57942],[-73.72477,5.58051],[-73.72866,5.58034],[-73.72972,5.58128],[-73.73563,5.57933],[-73.74794,5.57829],[-73.75018,5.57733],[-73.75053,5.57555],[-73.7517,5.5764],[-73.75313,5.5767],[-73.76868,5.59264],[-73.7796,5.5951]]]}},{"type":"Feature","properties":{"codigo":"15681","municipio":"San Pablo De Borbur","provincia":"Occidente","predios_urbanos_igac":429,"predios_rurales_igac":1798,"area_km2":195.93,"area_urbana_ha":29.36,"pct_urbano":0.15,"pct_rural":99.85,"pct_de_boyaca":0.847,"jerarquia_urbana":73,"categoria_urbana":"Núcleo urbano básico","valor_agregado":113.89,"empresas_matriculadas":77,"empresas_renovadas":172,"empresas_canceladas":36,"comfaboy_empresas":16,"comfaboy_empleos":79,"pob_0_6":698,"pob_7_14":942,"pob_15_17":349,"pob_18_26":829,"pob_27_59":3004,"pob_60_mas":1277,"hombres":3882,"mujeres":3217,"poblacion":7099,"captaciones":2273.86,"colocaciones":95.74,"finagro":2971.41,"bancoldex":25.29,"icm_puesto":null,"produccion_agricola_ton":9453.05,"bovinos":8089,"icfes":246,"matricula_escolar":1126,"establecimientos_educativos":2,"ips":1,"camas":0,"regimen_contributivo":657,"regimen_especial":11,"regimen_subsidiado":5087,"acueductos":4,"riesgo_agua":"Medio","eventos_riesgo":2,"densidad_hab_km2":36.23,"valor_agregado_por_hab_millones":16.043,"pred_urbanos":429,"pred_vivienda_rural":165,"pred_agropecuarios":1633,"pred_atipicos":0,"ha_urbana_predios":24.93,"ha_vivienda_rural":2.44,"ha_agropecuaria":19407.02},"geometry":{"type":"Polygon","coordinates":[[[-74.09283,5.75919],[-74.09265,5.75971],[-74.09476,5.75847],[-74.0959,5.75896],[-74.09905,5.75888],[-74.10057,5.75754],[-74.10152,5.75587],[-74.10282,5.75707],[-74.10403,5.75601],[-74.10495,5.75693],[-74.10502,5.75545],[-74.10613,5.75571],[-74.10868,5.75522],[-74.10894,5.75255],[-74.11102,5.75446],[-74.11111,5.75251],[-74.11295,5.75313],[-74.11376,5.75143],[-74.11466,5.75175],[-74.11616,5.75505],[-74.11659,5.7552],[-74.11734,5.75348],[-74.11963,5.75355],[-74.1204,5.75317],[-74.1217,5.75006],[-74.12342,5.74867],[-74.12604,5.74923],[-74.12695,5.74851],[-74.12768,5.7494],[-74.12851,5.74896],[-74.13143,5.74935],[-74.13229,5.75007],[-74.1332,5.74924],[-74.1341,5.75123],[-74.13569,5.75098],[-74.13625,5.74994],[-74.13693,5.75088],[-74.13684,5.75161],[-74.13845,5.75093],[-74.13862,5.75209],[-74.13913,5.75226],[-74.14006,5.75143],[-74.14194,5.75127],[-74.1418,5.74972],[-74.14243,5.74872],[-74.14274,5.74959],[-74.14474,5.74982],[-74.14657,5.74852],[-74.14812,5.74844],[-74.14821,5.74686],[-74.14935,5.74618],[-74.14917,5.7452],[-74.1496,5.74453],[-74.1511,5.74406],[-74.15115,5.74329],[-74.15173,5.74329],[-74.15219,5.7426],[-74.15336,5.74298],[-74.15378,5.74204],[-74.1554,5.74212],[-74.15496,5.74337],[-74.15582,5.74338],[-74.15792,5.74042],[-74.15604,5.73913],[-74.15603,5.7384],[-74.15804,5.73821],[-74.15797,5.73732],[-74.15943,5.73622],[-74.15893,5.73387],[-74.15985,5.73372],[-74.16023,5.73247],[-74.15989,5.73159],[-74.16173,5.73164],[-74.16241,5.73084],[-74.16113,5.72948],[-74.16166,5.72836],[-74.16148,5.72639],[-74.16407,5.72602],[-74.16317,5.72443],[-74.16497,5.72361],[-74.16528,5.72466],[-74.16595,5.72524],[-74.16667,5.72513],[-74.16655,5.72364],[-74.16713,5.72424],[-74.16766,5.72355],[-74.1678,5.72211],[-74.16706,5.72186],[-74.16695,5.72116],[-74.16771,5.72095],[-74.16741,5.72019],[-74.16892,5.72072],[-74.16953,5.72016],[-74.16989,5.72036],[-74.17026,5.71889],[-74.17082,5.71916],[-74.17115,5.71844],[-74.17225,5.71796],[-74.17122,5.71754],[-74.17137,5.71673],[-74.16995,5.71704],[-74.16981,5.71654],[-74.16889,5.71627],[-74.17037,5.71532],[-74.16928,5.71448],[-74.16931,5.71362],[-74.17086,5.71324],[-74.17154,5.71188],[-74.17274,5.71255],[-74.17216,5.71137],[-74.17212,5.70908],[-74.17236,5.70854],[-74.17362,5.7081],[-74.17299,5.70642],[-74.17361,5.70498],[-74.17255,5.703],[-74.17287,5.70021],[-74.17341,5.69992],[-74.17237,5.69782],[-74.17393,5.69407],[-74.1733,5.69165],[-74.17076,5.68941],[-74.17051,5.6882],[-74.17241,5.68654],[-74.17139,5.68488],[-74.17133,5.68382],[-74.17234,5.68223],[-74.17364,5.68171],[-74.17423,5.68025],[-74.17431,5.67771],[-74.17313,5.67225],[-74.17368,5.67055],[-74.17303,5.66881],[-74.1755,5.66431],[-74.17476,5.66277],[-74.17307,5.66107],[-74.17272,5.65474],[-74.17432,5.65009],[-74.17545,5.64829],[-74.1775,5.64707],[-74.17907,5.64317],[-74.18074,5.64202],[-74.183,5.64126],[-74.1845,5.63998],[-74.18122,5.63867],[-74.17907,5.63885],[-74.16948,5.64163],[-74.1691,5.63642],[-74.16786,5.63602],[-74.16546,5.63751],[-74.16437,5.63689],[-74.16353,5.63127],[-74.16527,5.6236],[-74.16475,5.62204],[-74.1654,5.61793],[-74.1649,5.61667],[-74.16331,5.61591],[-74.16284,5.61414],[-74.16371,5.61185],[-74.16379,5.60917],[-74.16306,5.60713],[-74.16135,5.606],[-74.16176,5.60286],[-74.16094,5.60096],[-74.16006,5.60069],[-74.15917,5.5992],[-74.15886,5.59609],[-74.15818,5.59609],[-74.15764,5.59535],[-74.15214,5.5973],[-74.14987,5.59728],[-74.1492,5.59788],[-74.14467,5.59551],[-74.14171,5.59661],[-74.1395,5.59566],[-74.13706,5.5971],[-74.13514,5.59609],[-74.13332,5.59588],[-74.13203,5.59698],[-74.13068,5.60026],[-74.12874,5.60157],[-74.1274,5.60174],[-74.12633,5.60318],[-74.12516,5.60269],[-74.12501,5.60567],[-74.12393,5.60624],[-74.12329,5.60576],[-74.12296,5.6072],[-74.12179,5.60789],[-74.11993,5.60732],[-74.11914,5.60906],[-74.11841,5.60944],[-74.11819,5.60842],[-74.11699,5.60906],[-74.11536,5.60628],[-74.11274,5.60507],[-74.1114,5.60531],[-74.10994,5.60425],[-74.10927,5.60427],[-74.10737,5.60685],[-74.10621,5.60574],[-74.10453,5.60511],[-74.10207,5.60493],[-74.1,5.60571],[-74.09898,5.60354],[-74.09665,5.60231],[-74.09542,5.60216],[-74.09456,5.6009],[-74.09221,5.60153],[-74.09022,5.60012],[-74.08988,5.60106],[-74.09017,5.60206],[-74.08959,5.60291],[-74.08864,5.60316],[-74.08873,5.60481],[-74.08702,5.6075],[-74.08748,5.60829],[-74.08454,5.6104],[-74.0841,5.6136],[-74.08181,5.61445],[-74.08056,5.61632],[-74.07913,5.61723],[-74.0764,5.62052],[-74.07233,5.62416],[-74.07044,5.62916],[-74.06756,5.63066],[-74.06709,5.63372],[-74.06502,5.63445],[-74.0658,5.63664],[-74.06472,5.63937],[-74.06586,5.64094],[-74.06541,5.64248],[-74.06419,5.6436],[-74.06227,5.64748],[-74.06081,5.64895],[-74.06011,5.65048],[-74.05933,5.65344],[-74.05994,5.65622],[-74.05827,5.65725],[-74.0564,5.6616],[-74.05417,5.66292],[-74.05361,5.66534],[-74.04853,5.67076],[-74.04699,5.67367],[-74.04698,5.67444],[-74.04826,5.67624],[-74.04651,5.67962],[-74.04935,5.6812],[-74.05076,5.68267],[-74.05075,5.68324],[-74.04696,5.68628],[-74.04458,5.68948],[-74.04043,5.68987],[-74.03987,5.69032],[-74.03888,5.6936],[-74.04022,5.69628],[-74.04085,5.6991],[-74.03848,5.70582],[-74.03941,5.70879],[-74.04159,5.71164],[-74.04193,5.71422],[-74.04495,5.71482],[-74.04639,5.71631],[-74.04809,5.71715],[-74.04896,5.71808],[-74.05052,5.72149],[-74.0517,5.7227],[-74.05926,5.72396],[-74.0613,5.72624],[-74.06257,5.72636],[-74.06792,5.72854],[-74.07312,5.73226],[-74.07751,5.7341],[-74.08051,5.73768],[-74.08497,5.73981],[-74.08683,5.74322],[-74.08689,5.74649],[-74.08844,5.74941],[-74.0922,5.75287],[-74.09294,5.75437],[-74.09328,5.75655],[-74.09283,5.75919]]]}},{"type":"Feature","properties":{"codigo":"15686","municipio":"Santana","provincia":"Ricaurte","predios_urbanos_igac":922,"predios_rurales_igac":2252,"area_km2":67.93,"area_urbana_ha":45.28,"pct_urbano":0.667,"pct_rural":99.333,"pct_de_boyaca":0.294,"jerarquia_urbana":45,"categoria_urbana":"Centro urbano local","valor_agregado":166.35,"empresas_matriculadas":56,"empresas_renovadas":208,"empresas_canceladas":46,"comfaboy_empresas":19,"comfaboy_empleos":211,"pob_0_6":774,"pob_7_14":966,"pob_15_17":382,"pob_18_26":1056,"pob_27_59":3464,"pob_60_mas":1488,"hombres":4194,"mujeres":3936,"poblacion":8130,"captaciones":107306.31,"colocaciones":18742.97,"finagro":7996.44,"bancoldex":106.1,"icm_puesto":null,"produccion_agricola_ton":285571.85,"bovinos":2083,"icfes":243,"matricula_escolar":1217,"establecimientos_educativos":3,"ips":3,"camas":0,"regimen_contributivo":940,"regimen_especial":76,"regimen_subsidiado":6679,"acueductos":6,"riesgo_agua":"Medio","eventos_riesgo":1,"densidad_hab_km2":119.68,"valor_agregado_por_hab_millones":20.461,"pred_urbanos":922,"pred_vivienda_rural":89,"pred_agropecuarios":2163,"pred_atipicos":0,"ha_urbana_predios":38.34,"ha_vivienda_rural":1.59,"ha_agropecuaria":6661.84},"geometry":{"type":"Polygon","coordinates":[[[-73.49719,6.10766],[-73.49742,6.10803],[-73.50449,6.10567],[-73.50694,6.1023],[-73.51319,6.09952],[-73.5152,6.09908],[-73.51488,6.09738],[-73.51352,6.09622],[-73.51302,6.09492],[-73.51314,6.09317],[-73.51444,6.08991],[-73.51389,6.08726],[-73.51783,6.08528],[-73.51899,6.08214],[-73.52127,6.0807],[-73.5226,6.07735],[-73.52365,6.07721],[-73.52516,6.07777],[-73.52665,6.07687],[-73.52633,6.07511],[-73.52667,6.07004],[-73.52787,6.06783],[-73.52764,6.0671],[-73.52615,6.06669],[-73.52562,6.06579],[-73.52564,6.06182],[-73.52437,6.0594],[-73.52496,6.05885],[-73.52744,6.0584],[-73.52751,6.05607],[-73.52956,6.05597],[-73.53067,6.05351],[-73.53091,6.04996],[-73.5319,6.04919],[-73.53195,6.0481],[-73.5312,6.04725],[-73.53084,6.045],[-73.52958,6.04193],[-73.52704,6.04056],[-73.52641,6.03948],[-73.52628,6.03794],[-73.52484,6.03626],[-73.52317,6.03609],[-73.52264,6.03463],[-73.52115,6.03394],[-73.52071,6.03281],[-73.52124,6.03066],[-73.52018,6.02867],[-73.51856,6.02827],[-73.51817,6.02931],[-73.51757,6.02939],[-73.51573,6.02841],[-73.51442,6.02624],[-73.50928,6.02569],[-73.50805,6.02602],[-73.50638,6.02418],[-73.50542,6.02167],[-73.50374,6.02023],[-73.50195,6.01948],[-73.50158,6.01817],[-73.50008,6.01668],[-73.49921,6.01349],[-73.49663,6.01141],[-73.49493,6.0093],[-73.4953,6.00673],[-73.49447,6.00546],[-73.4949,6.00516],[-73.49057,6.00176],[-73.48621,6.00158],[-73.48325,6.00381],[-73.47907,6.0095],[-73.47688,6.01435],[-73.47462,6.01748],[-73.47246,6.02194],[-73.47152,6.02329],[-73.46674,6.02696],[-73.46365,6.03331],[-73.46115,6.03563],[-73.45622,6.03873],[-73.45447,6.04174],[-73.45108,6.04588],[-73.45013,6.04831],[-73.44972,6.05272],[-73.44887,6.05458],[-73.44916,6.0567],[-73.4481,6.0639],[-73.44764,6.06348],[-73.44723,6.06485],[-73.449,6.07275],[-73.45328,6.07775],[-73.45469,6.0806],[-73.45606,6.08125],[-73.45964,6.08621],[-73.46186,6.0871],[-73.46222,6.08833],[-73.46472,6.08911],[-73.46713,6.09117],[-73.46762,6.0923],[-73.47151,6.0951],[-73.47304,6.09539],[-73.47545,6.0942],[-73.47644,6.09435],[-73.47751,6.09517],[-73.47861,6.09742],[-73.48043,6.09843],[-73.48348,6.09869],[-73.48468,6.1],[-73.48981,6.10168],[-73.49323,6.10608],[-73.49566,6.10611],[-73.49719,6.10766]]]}},{"type":"Feature","properties":{"codigo":"15690","municipio":"Santa María","provincia":"Neira","predios_urbanos_igac":719,"predios_rurales_igac":1871,"area_km2":309.67,"area_urbana_ha":63.11,"pct_urbano":0.204,"pct_rural":99.796,"pct_de_boyaca":1.339,"jerarquia_urbana":33,"categoria_urbana":"Centro urbano local","valor_agregado":1301.15,"empresas_matriculadas":27,"empresas_renovadas":116,"empresas_canceladas":30,"comfaboy_empresas":32,"comfaboy_empleos":271,"pob_0_6":331,"pob_7_14":440,"pob_15_17":161,"pob_18_26":426,"pob_27_59":1605,"pob_60_mas":795,"hombres":1948,"mujeres":1810,"poblacion":3758,"captaciones":48031.93,"colocaciones":147.52,"finagro":3567.93,"bancoldex":23.17,"icm_puesto":null,"produccion_agricola_ton":2730.79,"bovinos":13267,"icfes":299,"matricula_escolar":583,"establecimientos_educativos":2,"ips":4,"camas":0,"regimen_contributivo":613,"regimen_especial":7,"regimen_subsidiado":2010,"acueductos":3,"riesgo_agua":"Sin riesgo","eventos_riesgo":1,"densidad_hab_km2":12.14,"valor_agregado_por_hab_millones":346.235,"pred_urbanos":719,"pred_vivienda_rural":26,"pred_agropecuarios":1845,"pred_atipicos":0,"ha_urbana_predios":55.44,"ha_vivienda_rural":0.45,"ha_agropecuaria":32223.95},"geometry":{"type":"Polygon","coordinates":[[[-73.2229,4.97298],[-73.22355,4.97229],[-73.22457,4.96939],[-73.22744,4.96539],[-73.22796,4.96354],[-73.23254,4.95816],[-73.2457,4.948],[-73.24763,4.94445],[-73.24989,4.94216],[-73.2501,4.94085],[-73.25238,4.93941],[-73.26182,4.93131],[-73.26331,4.93054],[-73.26551,4.93183],[-73.27174,4.93061],[-73.27407,4.93125],[-73.28121,4.92809],[-73.28219,4.92672],[-73.28282,4.92398],[-73.28466,4.92226],[-73.28574,4.91917],[-73.28797,4.91756],[-73.28882,4.916],[-73.29157,4.91415],[-73.29177,4.91251],[-73.29325,4.91076],[-73.29354,4.90905],[-73.29583,4.90659],[-73.29648,4.90468],[-73.29989,4.90253],[-73.30079,4.89885],[-73.29984,4.89732],[-73.30026,4.89329],[-73.29945,4.88721],[-73.29858,4.8866],[-73.29809,4.88549],[-73.29758,4.88191],[-73.29807,4.88022],[-73.3033,4.87537],[-73.31046,4.86761],[-73.3131,4.8633],[-73.31696,4.85856],[-73.3171,4.85761],[-73.31936,4.85423],[-73.32105,4.85276],[-73.3242,4.85112],[-73.32821,4.84723],[-73.33049,4.84336],[-73.33245,4.84118],[-73.3339,4.83709],[-73.33483,4.83581],[-73.33483,4.83357],[-73.33692,4.83123],[-73.33774,4.82793],[-73.33965,4.82392],[-73.33984,4.82299],[-73.33916,4.82081],[-73.33694,4.81751],[-73.33555,4.81699],[-73.33286,4.81382],[-73.33053,4.80815],[-73.32982,4.80771],[-73.33156,4.80736],[-73.33223,4.80573],[-73.33672,4.79962],[-73.3401,4.79674],[-73.34097,4.79132],[-73.33855,4.79061],[-73.33696,4.78878],[-73.33382,4.7885],[-73.33176,4.78669],[-73.33159,4.78506],[-73.3298,4.78313],[-73.32528,4.78251],[-73.32489,4.78212],[-73.32493,4.78021],[-73.32435,4.77961],[-73.32085,4.77929],[-73.32062,4.7755],[-73.31761,4.77348],[-73.31655,4.77198],[-73.31298,4.76964],[-73.31267,4.76713],[-73.31345,4.76485],[-73.30988,4.75842],[-73.31035,4.75276],[-73.30964,4.75044],[-73.30821,4.74834],[-73.30635,4.74755],[-73.30572,4.74657],[-73.30604,4.74466],[-73.30889,4.73965],[-73.30981,4.73637],[-73.30843,4.73604],[-73.30712,4.73227],[-73.30302,4.72892],[-73.30106,4.72835],[-73.2965,4.72818],[-73.29427,4.72681],[-73.29288,4.72484],[-73.29116,4.72375],[-73.2832,4.72228],[-73.28264,4.7227],[-73.2822,4.72506],[-73.28121,4.72697],[-73.28004,4.7279],[-73.27827,4.72798],[-73.27785,4.72849],[-73.27697,4.73234],[-73.27487,4.73451],[-73.27286,4.73581],[-73.27038,4.73942],[-73.26851,4.74073],[-73.26567,4.73935],[-73.2626,4.73673],[-73.26027,4.7368],[-73.25724,4.73873],[-73.25533,4.73898],[-73.25461,4.7379],[-73.25584,4.73463],[-73.25472,4.73385],[-73.25353,4.73399],[-73.25196,4.73584],[-73.25086,4.73621],[-73.24819,4.7332],[-73.24715,4.73265],[-73.24571,4.73268],[-73.24452,4.73463],[-73.243,4.73486],[-73.2409,4.73432],[-73.23635,4.73674],[-73.23362,4.73626],[-73.23207,4.73446],[-73.23059,4.73478],[-73.22776,4.73364],[-73.22304,4.73329],[-73.22053,4.73014],[-73.21973,4.72491],[-73.22823,4.71497],[-73.22881,4.71171],[-73.22861,4.71003],[-73.23011,4.70537],[-73.23264,4.70058],[-73.23302,4.69769],[-73.23466,4.69515],[-73.23407,4.69392],[-73.22949,4.68983],[-73.2268,4.68609],[-73.22573,4.68261],[-73.22295,4.67784],[-73.22017,4.67653],[-73.21787,4.67636],[-73.21579,4.67685],[-73.21247,4.679],[-73.20789,4.68059],[-73.20769,4.68334],[-73.20865,4.68337],[-73.20886,4.68552],[-73.20765,4.68691],[-73.20647,4.6911],[-73.20543,4.69228],[-73.20487,4.69438],[-73.20346,4.69612],[-73.20288,4.69812],[-73.20076,4.7016],[-73.19943,4.70276],[-73.19875,4.70424],[-73.19727,4.70476],[-73.19711,4.70567],[-73.19412,4.70914],[-73.19229,4.71001],[-73.19229,4.71115],[-73.18983,4.71184],[-73.18609,4.71497],[-73.1851,4.71655],[-73.18495,4.71825],[-73.18414,4.71915],[-73.17923,4.72089],[-73.17765,4.72241],[-73.17749,4.72334],[-73.17639,4.72349],[-73.17487,4.72729],[-73.17034,4.73177],[-73.17018,4.7353],[-73.17162,4.73494],[-73.1762,4.73578],[-73.17957,4.74041],[-73.18225,4.74132],[-73.18179,4.7443],[-73.17957,4.74586],[-73.17902,4.74741],[-73.17912,4.7501],[-73.18027,4.75335],[-73.18202,4.75437],[-73.18392,4.75404],[-73.18579,4.75486],[-73.18745,4.75824],[-73.1874,4.76014],[-73.1886,4.76241],[-73.19019,4.76337],[-73.19306,4.76922],[-73.19606,4.77272],[-73.19829,4.77376],[-73.1985,4.77463],[-73.20091,4.77762],[-73.20764,4.77975],[-73.20947,4.77916],[-73.21127,4.77749],[-73.21296,4.77721],[-73.21422,4.77834],[-73.21624,4.77922],[-73.21994,4.77876],[-73.22433,4.7773],[-73.23055,4.7779],[-73.23257,4.77839],[-73.2347,4.7802],[-73.24037,4.78304],[-73.2394,4.78846],[-73.23805,4.79051],[-73.23565,4.79025],[-73.23532,4.79116],[-73.23162,4.79434],[-73.23102,4.79587],[-73.22981,4.7956],[-73.22861,4.7965],[-73.2273,4.7949],[-73.22669,4.79494],[-73.22638,4.79604],[-73.2254,4.79613],[-73.22524,4.79747],[-73.22412,4.79725],[-73.22223,4.79893],[-73.22143,4.79756],[-73.22087,4.79775],[-73.22096,4.79846],[-73.21958,4.79933],[-73.21852,4.79829],[-73.21673,4.79834],[-73.21482,4.79933],[-73.21409,4.80145],[-73.2113,4.801],[-73.21029,4.80481],[-73.2085,4.80654],[-73.20851,4.80869],[-73.20782,4.81058],[-73.20631,4.81106],[-73.20545,4.81191],[-73.20554,4.81419],[-73.20323,4.81266],[-73.19919,4.81497],[-73.20067,4.81632],[-73.20348,4.81677],[-73.20502,4.8177],[-73.20538,4.81938],[-73.20489,4.82467],[-73.20525,4.82707],[-73.20618,4.82935],[-73.20875,4.83221],[-73.20939,4.83382],[-73.21431,4.83469],[-73.21543,4.83894],[-73.21787,4.84337],[-73.21987,4.84422],[-73.22333,4.84469],[-73.22641,4.84747],[-73.22839,4.85066],[-73.22024,4.85597],[-73.21494,4.85808],[-73.21097,4.85816],[-73.20823,4.86128],[-73.20667,4.86217],[-73.19997,4.86245],[-73.19689,4.86552],[-73.194,4.86696],[-73.18972,4.87072],[-73.1859,4.87106],[-73.18482,4.87172],[-73.18326,4.87676],[-73.17925,4.88243],[-73.17855,4.88716],[-73.1771,4.8899],[-73.17507,4.89212],[-73.17484,4.89419],[-73.17518,4.89522],[-73.17459,4.89609],[-73.17645,4.89578],[-73.18025,4.90061],[-73.18629,4.90259],[-73.18898,4.90558],[-73.18983,4.90763],[-73.19164,4.90839],[-73.19154,4.90937],[-73.19206,4.91001],[-73.19739,4.91301],[-73.19837,4.91315],[-73.19947,4.91182],[-73.20155,4.91099],[-73.20294,4.90906],[-73.20785,4.90812],[-73.21176,4.90668],[-73.21309,4.90565],[-73.21284,4.91045],[-73.21433,4.90956],[-73.21521,4.90987],[-73.21554,4.91074],[-73.21521,4.91503],[-73.21868,4.91487],[-73.21839,4.91645],[-73.21966,4.91742],[-73.2199,4.91887],[-73.21815,4.92012],[-73.21772,4.92345],[-73.21656,4.92698],[-73.21541,4.92769],[-73.21331,4.92799],[-73.21206,4.93028],[-73.21061,4.93132],[-73.21136,4.93671],[-73.21303,4.93787],[-73.21329,4.93856],[-73.21275,4.9422],[-73.21129,4.94398],[-73.21075,4.94756],[-73.21154,4.94911],[-73.21443,4.94992],[-73.2174,4.95264],[-73.21816,4.9572],[-73.2176,4.95949],[-73.21663,4.96067],[-73.21748,4.96143],[-73.21748,4.96236],[-73.21998,4.96307],[-73.21998,4.96391],[-73.22205,4.96832],[-73.2221,4.97071],[-73.2229,4.97298]]]}},{"type":"Feature","properties":{"codigo":"15693","municipio":"Santa Rosa De Viterbo","provincia":"Tundama","predios_urbanos_igac":30,"predios_rurales_igac":4446,"area_km2":116.7,"area_urbana_ha":11.93,"pct_urbano":0.102,"pct_rural":99.898,"pct_de_boyaca":0.505,"jerarquia_urbana":111,"categoria_urbana":"Núcleo urbano básico","valor_agregado":174.26,"empresas_matriculadas":89,"empresas_renovadas":504,"empresas_canceladas":70,"comfaboy_empresas":87,"comfaboy_empleos":311,"pob_0_6":1028,"pob_7_14":1449,"pob_15_17":564,"pob_18_26":2352,"pob_27_59":6014,"pob_60_mas":2721,"hombres":7390,"mujeres":6738,"poblacion":14128,"captaciones":193.02,"colocaciones":53516.14,"finagro":4870.87,"bancoldex":75.84,"icm_puesto":56,"produccion_agricola_ton":3878.62,"bovinos":10948,"icfes":287,"matricula_escolar":1713,"establecimientos_educativos":5,"ips":11,"camas":0,"regimen_contributivo":1599,"regimen_especial":19,"regimen_subsidiado":4964,"acueductos":9,"riesgo_agua":"Medio","eventos_riesgo":2,"densidad_hab_km2":121.06,"valor_agregado_por_hab_millones":12.334,"pred_urbanos":30,"pred_vivienda_rural":51,"pred_agropecuarios":4395,"pred_atipicos":0,"ha_urbana_predios":11.45,"ha_vivienda_rural":0.89,"ha_agropecuaria":11003.64},"geometry":{"type":"Polygon","coordinates":[[[-73.03069,6.01991],[-73.03123,6.02117],[-73.03246,6.02023],[-73.0327,6.01761],[-73.03339,6.01693],[-73.03347,6.01592],[-73.033,6.01548],[-73.03414,6.01416],[-73.03372,6.01323],[-73.03471,6.01066],[-73.03468,6.00876],[-73.03663,6.00713],[-73.03719,6.00586],[-73.04011,6.00485],[-73.04124,6.00335],[-73.04171,5.99947],[-73.04072,5.99771],[-73.04105,5.99638],[-73.04027,5.99427],[-73.04088,5.99111],[-73.04201,5.99053],[-73.04338,5.98791],[-73.04452,5.98689],[-73.04554,5.98437],[-73.04539,5.98296],[-73.04708,5.98143],[-73.04729,5.9799],[-73.04838,5.9788],[-73.04871,5.97352],[-73.04834,5.97268],[-73.04751,5.97254],[-73.04331,5.96956],[-73.04117,5.96687],[-73.04065,5.96444],[-73.0355,5.95988],[-73.03558,5.95267],[-73.03493,5.94832],[-73.03546,5.94675],[-73.03481,5.94264],[-73.03138,5.93854],[-73.02819,5.93652],[-73.02688,5.93484],[-73.02434,5.93306],[-73.02313,5.93063],[-73.02191,5.9293],[-73.02152,5.92592],[-73.02242,5.92327],[-73.0241,5.92099],[-73.02473,5.91582],[-73.02667,5.91272],[-73.0259,5.91191],[-73.02559,5.91032],[-73.02255,5.90767],[-73.02183,5.9049],[-73.01909,5.89967],[-73.01884,5.89822],[-73.01641,5.89442],[-73.01606,5.89278],[-73.0175,5.89047],[-73.01687,5.88942],[-73.01693,5.88812],[-73.01657,5.88821],[-73.01653,5.88754],[-73.01506,5.88586],[-73.01303,5.88468],[-73.01231,5.8827],[-73.01211,5.87962],[-73.01129,5.87805],[-73.01155,5.87736],[-73.01071,5.87551],[-73.01088,5.87333],[-73.00967,5.8709],[-73.00869,5.8701],[-73.00807,5.86745],[-73.00878,5.86604],[-73.0084,5.86575],[-73.00889,5.86388],[-73.01025,5.86375],[-73.01261,5.86161],[-73.01235,5.86016],[-73.01297,5.85605],[-73.01157,5.8531],[-73.01295,5.85156],[-73.01255,5.84964],[-73.01412,5.84947],[-73.01442,5.84779],[-73.01376,5.84521],[-73.0147,5.84227],[-73.01482,5.83939],[-73.01326,5.83979],[-73.01367,5.83887],[-73.01296,5.8348],[-73.013,5.83358],[-73.01383,5.83199],[-73.01214,5.83061],[-73.01304,5.82943],[-73.01214,5.82939],[-73.01135,5.82591],[-73.01003,5.82429],[-73.00878,5.82439],[-73.00712,5.82539],[-73.00548,5.82843],[-73.00222,5.82985],[-73.00006,5.83173],[-72.99818,5.82826],[-72.99727,5.829],[-72.99703,5.82875],[-72.99769,5.82762],[-72.99678,5.82307],[-72.99688,5.8209],[-72.99448,5.81304],[-72.99311,5.81169],[-72.99269,5.81045],[-72.99257,5.80561],[-72.99196,5.80497],[-72.99271,5.80355],[-72.99114,5.80236],[-72.99176,5.80087],[-72.99029,5.80003],[-72.9905,5.79832],[-72.99137,5.79709],[-72.98886,5.79511],[-72.9894,5.79124],[-72.98909,5.79075],[-72.98707,5.7903],[-72.98628,5.78679],[-72.98658,5.78578],[-72.97889,5.78836],[-72.9824,5.80056],[-72.98006,5.80145],[-72.97656,5.80177],[-72.9752,5.80319],[-72.97452,5.80331],[-72.97058,5.8027],[-72.969,5.80189],[-72.96719,5.80188],[-72.96431,5.80369],[-72.96038,5.80457],[-72.95321,5.80812],[-72.9501,5.80842],[-72.94325,5.80659],[-72.94268,5.80762],[-72.94281,5.80875],[-72.94514,5.81095],[-72.94571,5.8126],[-72.94655,5.82076],[-72.94879,5.82401],[-72.94848,5.8278],[-72.95205,5.83039],[-72.95613,5.83511],[-72.95843,5.83621],[-72.95968,5.83949],[-72.9629,5.84089],[-72.96726,5.84655],[-72.97125,5.84874],[-72.97332,5.85365],[-72.97506,5.85586],[-72.97576,5.85849],[-72.97514,5.85981],[-72.97281,5.8618],[-72.96703,5.86934],[-72.96565,5.87044],[-72.96304,5.87442],[-72.9603,5.8773],[-72.95902,5.88269],[-72.95601,5.88774],[-72.95445,5.88876],[-72.95221,5.8885],[-72.94993,5.89197],[-72.94969,5.89244],[-72.951,5.89411],[-72.95122,5.89619],[-72.95093,5.89796],[-72.94835,5.90447],[-72.94429,5.90882],[-72.94154,5.91042],[-72.94018,5.9118],[-72.93604,5.91127],[-72.93402,5.9105],[-72.93252,5.91064],[-72.93122,5.91139],[-72.9308,5.91298],[-72.93102,5.91681],[-72.92954,5.91894],[-72.93077,5.92162],[-72.9277,5.92442],[-72.92976,5.92415],[-72.93268,5.92264],[-72.93489,5.9231],[-72.93499,5.92448],[-72.93573,5.92571],[-72.93779,5.92865],[-72.93861,5.92899],[-72.94192,5.92888],[-72.94319,5.92785],[-72.94599,5.92764],[-72.9465,5.92681],[-72.95006,5.92899],[-72.95156,5.92678],[-72.95377,5.9274],[-72.9549,5.92847],[-72.95729,5.92875],[-72.95981,5.92744],[-72.96085,5.9288],[-72.96331,5.92994],[-72.9662,5.92828],[-72.96699,5.92663],[-72.97121,5.9263],[-72.98165,5.92873],[-72.98205,5.92827],[-72.9849,5.93002],[-72.98558,5.92994],[-72.98656,5.93143],[-72.99087,5.93212],[-72.9938,5.93341],[-72.9955,5.93579],[-73.00124,5.93839],[-73.00462,5.94497],[-73.00034,5.94843],[-73.00138,5.95159],[-73.00501,5.95705],[-73.00551,5.95908],[-73.00806,5.96134],[-73.01057,5.96255],[-73.014,5.96511],[-73.01579,5.96897],[-73.01799,5.97041],[-73.01806,5.97297],[-73.01933,5.9747],[-73.02066,5.97812],[-73.02022,5.98431],[-73.02174,5.99196],[-73.02411,5.99389],[-73.0268,5.99517],[-73.02812,5.99665],[-73.02716,5.99863],[-73.02712,6.00042],[-73.02857,6.00351],[-73.02769,6.00669],[-73.02764,6.01465],[-73.02834,6.0169],[-73.03069,6.01991]]]}},{"type":"Feature","properties":{"codigo":"15696","municipio":"Santa Sofía","provincia":"Ricaurte","predios_urbanos_igac":410,"predios_rurales_igac":2994,"area_km2":77.52,"area_urbana_ha":31.16,"pct_urbano":0.402,"pct_rural":99.598,"pct_de_boyaca":0.335,"jerarquia_urbana":68,"categoria_urbana":"Centro urbano local","valor_agregado":82.93,"empresas_matriculadas":19,"empresas_renovadas":121,"empresas_canceladas":19,"comfaboy_empresas":27,"comfaboy_empleos":115,"pob_0_6":366,"pob_7_14":390,"pob_15_17":128,"pob_18_26":374,"pob_27_59":1294,"pob_60_mas":846,"hombres":1729,"mujeres":1669,"poblacion":3398,"captaciones":60815.44,"colocaciones":10012.82,"finagro":5629.5,"bancoldex":288.31,"icm_puesto":null,"produccion_agricola_ton":18855.07,"bovinos":4514,"icfes":268,"matricula_escolar":584,"establecimientos_educativos":1,"ips":1,"camas":0,"regimen_contributivo":232,"regimen_especial":1,"regimen_subsidiado":2191,"acueductos":5,"riesgo_agua":"Medio","eventos_riesgo":7,"densidad_hab_km2":43.83,"valor_agregado_por_hab_millones":24.406,"pred_urbanos":410,"pred_vivienda_rural":57,"pred_agropecuarios":2937,"pred_atipicos":0,"ha_urbana_predios":26.41,"ha_vivienda_rural":0.72,"ha_agropecuaria":7665.15},"geometry":{"type":"Polygon","coordinates":[[[-73.59287,5.79559],[-73.59389,5.79483],[-73.59513,5.79499],[-73.59661,5.79348],[-73.5979,5.79315],[-73.59937,5.79176],[-73.60005,5.79188],[-73.60081,5.79094],[-73.60262,5.79015],[-73.60336,5.78908],[-73.60588,5.78756],[-73.60769,5.7875],[-73.60908,5.78679],[-73.61254,5.78362],[-73.61385,5.78336],[-73.61614,5.78186],[-73.61853,5.78251],[-73.62029,5.78198],[-73.62623,5.77857],[-73.62572,5.77224],[-73.62607,5.76841],[-73.62742,5.76478],[-73.62892,5.76252],[-73.62957,5.75648],[-73.63038,5.75564],[-73.62977,5.75401],[-73.63007,5.75141],[-73.6295,5.74746],[-73.63,5.74437],[-73.63106,5.74332],[-73.63147,5.74085],[-73.63349,5.73891],[-73.63604,5.73802],[-73.63635,5.73744],[-73.6363,5.73598],[-73.63738,5.73207],[-73.63719,5.72968],[-73.63791,5.72766],[-73.63892,5.72661],[-73.63878,5.7241],[-73.64331,5.71738],[-73.64401,5.71521],[-73.64679,5.71332],[-73.65176,5.71239],[-73.65322,5.70252],[-73.64697,5.69991],[-73.64534,5.69971],[-73.64372,5.6983],[-73.64258,5.69867],[-73.64149,5.69819],[-73.64002,5.69918],[-73.63634,5.69842],[-73.63515,5.69727],[-73.63453,5.69539],[-73.63245,5.69338],[-73.62792,5.69408],[-73.62618,5.69514],[-73.62241,5.6944],[-73.62217,5.69359],[-73.62271,5.69236],[-73.62196,5.69144],[-73.62117,5.6886],[-73.61886,5.68719],[-73.61815,5.68627],[-73.61495,5.68505],[-73.61297,5.68558],[-73.61024,5.68362],[-73.6069,5.68339],[-73.60598,5.68196],[-73.60409,5.68206],[-73.60295,5.68078],[-73.59671,5.68029],[-73.59351,5.68054],[-73.59,5.6786],[-73.58801,5.67668],[-73.58362,5.67621],[-73.58298,5.6768],[-73.58071,5.67696],[-73.57776,5.67517],[-73.57706,5.67713],[-73.57792,5.67918],[-73.57542,5.68674],[-73.57536,5.69016],[-73.57634,5.69217],[-73.57573,5.69261],[-73.57369,5.69203],[-73.5719,5.69651],[-73.57083,5.69788],[-73.56992,5.70183],[-73.5682,5.70395],[-73.56845,5.7046],[-73.56949,5.70512],[-73.56968,5.70623],[-73.56915,5.70661],[-73.56762,5.70623],[-73.56617,5.70669],[-73.56484,5.70799],[-73.56473,5.71038],[-73.56549,5.71139],[-73.56704,5.71085],[-73.56772,5.71124],[-73.56784,5.71217],[-73.56671,5.71374],[-73.56782,5.71658],[-73.56634,5.71816],[-73.56758,5.71889],[-73.56842,5.7202],[-73.56881,5.72255],[-73.56811,5.72447],[-73.56986,5.72532],[-73.57198,5.72501],[-73.57373,5.72576],[-73.57349,5.72924],[-73.57201,5.73063],[-73.57368,5.73307],[-73.57548,5.73469],[-73.57376,5.73666],[-73.57371,5.7385],[-73.57193,5.73946],[-73.57195,5.74085],[-73.57281,5.74185],[-73.57842,5.7445],[-73.58118,5.74855],[-73.5808,5.75134],[-73.57976,5.75186],[-73.57962,5.75391],[-73.58059,5.75655],[-73.58081,5.76107],[-73.58162,5.76258],[-73.58077,5.76499],[-73.58204,5.77174],[-73.58156,5.77264],[-73.57897,5.77184],[-73.57851,5.77405],[-73.57883,5.77674],[-73.57823,5.7772],[-73.57645,5.77667],[-73.57591,5.77355],[-73.57462,5.77413],[-73.57309,5.77322],[-73.57007,5.77353],[-73.56742,5.77456],[-73.56725,5.7753],[-73.5709,5.78036],[-73.57596,5.78376],[-73.57781,5.78431],[-73.57787,5.78535],[-73.58022,5.78471],[-73.58283,5.78565],[-73.58309,5.78631],[-73.58187,5.78708],[-73.58174,5.78835],[-73.58238,5.79005],[-73.58311,5.78936],[-73.58438,5.79076],[-73.58559,5.79131],[-73.58477,5.79169],[-73.58485,5.7922],[-73.58658,5.79263],[-73.58816,5.79234],[-73.58864,5.79295],[-73.58837,5.7941],[-73.58901,5.79394],[-73.58929,5.79442],[-73.59273,5.79517],[-73.59287,5.79559]]]}},{"type":"Feature","properties":{"codigo":"15720","municipio":"Sativanorte","provincia":"Norte","predios_urbanos_igac":375,"predios_rurales_igac":3666,"area_km2":161.25,"area_urbana_ha":15.43,"pct_urbano":0.096,"pct_rural":99.904,"pct_de_boyaca":0.697,"jerarquia_urbana":104,"categoria_urbana":"Núcleo urbano básico","valor_agregado":43.53,"empresas_matriculadas":12,"empresas_renovadas":74,"empresas_canceladas":8,"comfaboy_empresas":17,"comfaboy_empleos":123,"pob_0_6":173,"pob_7_14":245,"pob_15_17":90,"pob_18_26":221,"pob_27_59":895,"pob_60_mas":695,"hombres":1180,"mujeres":1139,"poblacion":2319,"captaciones":359.02,"colocaciones":6412.64,"finagro":1770.44,"bancoldex":8.18,"icm_puesto":null,"produccion_agricola_ton":2299.59,"bovinos":5543,"icfes":239,"matricula_escolar":288,"establecimientos_educativos":2,"ips":2,"camas":0,"regimen_contributivo":287,"regimen_especial":10,"regimen_subsidiado":1461,"acueductos":4,"riesgo_agua":"Medio","eventos_riesgo":1,"densidad_hab_km2":14.38,"valor_agregado_por_hab_millones":18.771,"pred_urbanos":375,"pred_vivienda_rural":14,"pred_agropecuarios":3652,"pred_atipicos":0,"ha_urbana_predios":11.07,"ha_vivienda_rural":0.21,"ha_agropecuaria":15943.53},"geometry":{"type":"Polygon","coordinates":[[[-72.67251,6.18354],[-72.68069,6.183],[-72.68101,6.18144],[-72.68167,6.18067],[-72.68387,6.18067],[-72.68768,6.17911],[-72.69076,6.17549],[-72.69053,6.17255],[-72.69204,6.17094],[-72.69377,6.1676],[-72.69624,6.16671],[-72.69804,6.16676],[-72.70196,6.16453],[-72.70437,6.16409],[-72.70866,6.1623],[-72.71004,6.16015],[-72.71236,6.1583],[-72.71587,6.15768],[-72.71666,6.15652],[-72.71883,6.15698],[-72.72156,6.15664],[-72.72235,6.15835],[-72.72431,6.15886],[-72.72742,6.15772],[-72.73076,6.15796],[-72.73454,6.15706],[-72.73847,6.1579],[-72.74065,6.15682],[-72.74328,6.1563],[-72.74882,6.15154],[-72.74962,6.15234],[-72.7532,6.15371],[-72.75923,6.15382],[-72.76018,6.15444],[-72.76401,6.15314],[-72.7664,6.15046],[-72.76806,6.14993],[-72.76725,6.15306],[-72.76725,6.15534],[-72.76771,6.1558],[-72.76772,6.15855],[-72.76837,6.1601],[-72.76802,6.16218],[-72.76862,6.16364],[-72.76854,6.16519],[-72.76752,6.16757],[-72.76125,6.17257],[-72.76147,6.17374],[-72.76308,6.17455],[-72.7629,6.17529],[-72.76479,6.17618],[-72.76647,6.17598],[-72.76689,6.17706],[-72.76787,6.17689],[-72.7696,6.17744],[-72.77006,6.1773],[-72.77006,6.17673],[-72.77246,6.17692],[-72.77517,6.17604],[-72.77599,6.17678],[-72.77718,6.17637],[-72.77933,6.17686],[-72.77924,6.17729],[-72.78037,6.17829],[-72.78151,6.17847],[-72.78249,6.18026],[-72.78585,6.1796],[-72.78717,6.17845],[-72.78974,6.17844],[-72.79406,6.17735],[-72.798,6.1747],[-72.79937,6.17473],[-72.80034,6.17315],[-72.80233,6.17338],[-72.80317,6.17255],[-72.80345,6.17138],[-72.80489,6.17078],[-72.80555,6.16947],[-72.80732,6.16831],[-72.80913,6.16542],[-72.80958,6.16267],[-72.80935,6.15981],[-72.81311,6.16103],[-72.81469,6.16064],[-72.82071,6.15702],[-72.82541,6.15805],[-72.82853,6.15288],[-72.82945,6.14526],[-72.82934,6.14126],[-72.83161,6.13768],[-72.83448,6.13742],[-72.83552,6.13633],[-72.83614,6.13315],[-72.83749,6.13256],[-72.83754,6.13062],[-72.83608,6.12797],[-72.83531,6.12512],[-72.83076,6.12141],[-72.82901,6.12089],[-72.82634,6.12127],[-72.82324,6.11763],[-72.82349,6.11676],[-72.82514,6.11808],[-72.82533,6.11558],[-72.82641,6.11544],[-72.82709,6.11447],[-72.82564,6.11266],[-72.82345,6.11115],[-72.82171,6.10842],[-72.81855,6.10659],[-72.817,6.10625],[-72.81548,6.10688],[-72.81393,6.10838],[-72.81284,6.10858],[-72.80935,6.10713],[-72.80922,6.10548],[-72.80851,6.10461],[-72.80943,6.0973],[-72.81041,6.0952],[-72.80674,6.09423],[-72.80572,6.09222],[-72.80405,6.0908],[-72.80203,6.09032],[-72.79993,6.09172],[-72.79781,6.09682],[-72.79622,6.09906],[-72.79492,6.09995],[-72.7937,6.10288],[-72.79025,6.10218],[-72.78354,6.10391],[-72.78232,6.10324],[-72.78052,6.10515],[-72.77649,6.10411],[-72.77548,6.10337],[-72.77247,6.10353],[-72.77003,6.10279],[-72.76745,6.10553],[-72.76608,6.10548],[-72.76317,6.10734],[-72.76059,6.10671],[-72.75914,6.10476],[-72.75635,6.10383],[-72.75503,6.10273],[-72.75272,6.10413],[-72.75166,6.10412],[-72.74938,6.10004],[-72.74683,6.09775],[-72.74502,6.0982],[-72.74021,6.09784],[-72.73804,6.09896],[-72.73586,6.09919],[-72.72604,6.09782],[-72.72268,6.09806],[-72.72056,6.09909],[-72.7189,6.09912],[-72.71467,6.10138],[-72.71248,6.10196],[-72.70978,6.10068],[-72.70911,6.09988],[-72.70802,6.10064],[-72.70722,6.09946],[-72.70606,6.09904],[-72.70618,6.09713],[-72.70487,6.09757],[-72.70488,6.09847],[-72.70248,6.09732],[-72.70137,6.09103],[-72.70148,6.08824],[-72.69789,6.08758],[-72.69751,6.087],[-72.6971,6.08307],[-72.69826,6.08033],[-72.6981,6.07885],[-72.69858,6.07727],[-72.70137,6.0772],[-72.70175,6.07654],[-72.70147,6.07583],[-72.70029,6.07633],[-72.69538,6.07515],[-72.69444,6.07566],[-72.69308,6.07547],[-72.69179,6.07653],[-72.68919,6.076],[-72.68484,6.07191],[-72.68107,6.07314],[-72.68011,6.07289],[-72.67893,6.07175],[-72.67881,6.06891],[-72.6761,6.06854],[-72.67336,6.06882],[-72.67371,6.06969],[-72.67261,6.0717],[-72.67167,6.07594],[-72.66716,6.07813],[-72.66501,6.08005],[-72.66368,6.08006],[-72.66226,6.08176],[-72.66058,6.08279],[-72.65559,6.08297],[-72.6544,6.08261],[-72.65381,6.08391],[-72.65316,6.08624],[-72.65416,6.08886],[-72.65311,6.09063],[-72.65419,6.09391],[-72.6535,6.09641],[-72.65483,6.09925],[-72.65432,6.10159],[-72.65529,6.10372],[-72.65496,6.10603],[-72.65558,6.10924],[-72.6551,6.11274],[-72.65622,6.11629],[-72.65431,6.12004],[-72.65442,6.12284],[-72.65378,6.12456],[-72.65345,6.13071],[-72.65146,6.13389],[-72.65003,6.13897],[-72.65008,6.14095],[-72.64851,6.14325],[-72.64865,6.14996],[-72.64532,6.15578],[-72.64511,6.15923],[-72.6422,6.16297],[-72.644,6.16698],[-72.63861,6.17065],[-72.63806,6.17344],[-72.63813,6.17674],[-72.63509,6.1799],[-72.63538,6.18057],[-72.63704,6.17982],[-72.64537,6.18092],[-72.64687,6.18149],[-72.65083,6.18011],[-72.65988,6.17942],[-72.66562,6.18125],[-72.66978,6.18162],[-72.67251,6.18354]]]}},{"type":"Feature","properties":{"codigo":"15723","municipio":"Sativasur","provincia":"Norte","predios_urbanos_igac":170,"predios_rurales_igac":1333,"area_km2":54.9,"area_urbana_ha":8.33,"pct_urbano":0.152,"pct_rural":99.848,"pct_de_boyaca":0.237,"jerarquia_urbana":118,"categoria_urbana":"Núcleo urbano básico","valor_agregado":48.18,"empresas_matriculadas":10,"empresas_renovadas":40,"empresas_canceladas":2,"comfaboy_empresas":13,"comfaboy_empleos":123,"pob_0_6":110,"pob_7_14":126,"pob_15_17":48,"pob_18_26":127,"pob_27_59":473,"pob_60_mas":279,"hombres":532,"mujeres":631,"poblacion":1163,"captaciones":3.01,"colocaciones":4.35,"finagro":577.5,"bancoldex":0,"icm_puesto":null,"produccion_agricola_ton":241.35,"bovinos":2053,"icfes":254,"matricula_escolar":204,"establecimientos_educativos":1,"ips":1,"camas":0,"regimen_contributivo":260,"regimen_especial":2,"regimen_subsidiado":581,"acueductos":3,"riesgo_agua":"Bajo","eventos_riesgo":null,"densidad_hab_km2":21.18,"valor_agregado_por_hab_millones":41.427,"pred_urbanos":170,"pred_vivienda_rural":0,"pred_agropecuarios":1333,"pred_atipicos":0,"ha_urbana_predios":7.25,"ha_vivienda_rural":0.0,"ha_agropecuaria":5437.93},"geometry":{"type":"Polygon","coordinates":[[[-72.76256,6.10734],[-72.76385,6.10715],[-72.76608,6.10548],[-72.76745,6.10553],[-72.77003,6.10279],[-72.77247,6.10353],[-72.77548,6.10337],[-72.77649,6.10411],[-72.78067,6.10515],[-72.78232,6.10324],[-72.78354,6.10391],[-72.79025,6.10218],[-72.7937,6.10288],[-72.79492,6.09995],[-72.79039,6.09682],[-72.78751,6.09355],[-72.78333,6.09253],[-72.78249,6.08971],[-72.77924,6.08614],[-72.77693,6.08448],[-72.7739,6.08373],[-72.77064,6.08178],[-72.76827,6.0822],[-72.76349,6.08152],[-72.76036,6.08195],[-72.757,6.08176],[-72.75349,6.07906],[-72.75175,6.07831],[-72.74584,6.07656],[-72.74415,6.0766],[-72.74303,6.07542],[-72.73946,6.07358],[-72.74072,6.07263],[-72.73897,6.07116],[-72.73472,6.07096],[-72.73208,6.06886],[-72.73168,6.06934],[-72.73048,6.06846],[-72.72701,6.06834],[-72.72571,6.0688],[-72.72481,6.06796],[-72.724,6.06875],[-72.72143,6.06644],[-72.71906,6.06563],[-72.71829,6.06238],[-72.71696,6.06288],[-72.71629,6.06255],[-72.71498,6.05795],[-72.71681,6.05295],[-72.71682,6.04971],[-72.71547,6.04709],[-72.71598,6.04599],[-72.71769,6.04508],[-72.71814,6.04436],[-72.72002,6.03788],[-72.71976,6.03542],[-72.71797,6.03339],[-72.7186,6.03263],[-72.71808,6.03058],[-72.71965,6.02774],[-72.71479,6.02726],[-72.71249,6.02524],[-72.71128,6.02311],[-72.70726,6.02118],[-72.70439,6.01834],[-72.70336,6.01788],[-72.70161,6.01834],[-72.70126,6.02051],[-72.69919,6.02194],[-72.69769,6.02541],[-72.69389,6.02869],[-72.69199,6.02928],[-72.68897,6.03245],[-72.68801,6.03462],[-72.68769,6.03704],[-72.68651,6.03769],[-72.6832,6.03768],[-72.68147,6.0392],[-72.68024,6.04164],[-72.68039,6.0447],[-72.67824,6.04896],[-72.67707,6.04985],[-72.67497,6.04967],[-72.67354,6.05072],[-72.67189,6.05082],[-72.67043,6.05322],[-72.66889,6.05357],[-72.66717,6.05526],[-72.66022,6.05622],[-72.65705,6.06195],[-72.65627,6.06718],[-72.65459,6.06928],[-72.65334,6.07601],[-72.6544,6.08261],[-72.66005,6.08296],[-72.66192,6.08204],[-72.66368,6.08006],[-72.66501,6.08005],[-72.66716,6.07813],[-72.67167,6.07594],[-72.67261,6.0717],[-72.67371,6.06969],[-72.67336,6.06882],[-72.6761,6.06854],[-72.67881,6.06891],[-72.67893,6.07175],[-72.68011,6.07289],[-72.68107,6.07314],[-72.68484,6.07191],[-72.68895,6.07593],[-72.69179,6.07653],[-72.69308,6.07547],[-72.69444,6.07566],[-72.69538,6.07515],[-72.70029,6.07633],[-72.70147,6.07583],[-72.70175,6.07654],[-72.70137,6.0772],[-72.69858,6.07727],[-72.6981,6.07885],[-72.69826,6.08033],[-72.6971,6.08307],[-72.69731,6.0865],[-72.69789,6.08758],[-72.70148,6.08824],[-72.70137,6.09103],[-72.70233,6.09714],[-72.70488,6.09847],[-72.70487,6.09757],[-72.70618,6.09713],[-72.70606,6.09904],[-72.70722,6.09946],[-72.7081,6.10068],[-72.70911,6.09988],[-72.70978,6.10068],[-72.71262,6.10196],[-72.71505,6.10121],[-72.7189,6.09912],[-72.72056,6.09909],[-72.72268,6.09806],[-72.72604,6.09782],[-72.73586,6.09919],[-72.73804,6.09896],[-72.74021,6.09784],[-72.74502,6.0982],[-72.74683,6.09775],[-72.74938,6.10004],[-72.75144,6.10399],[-72.75272,6.10413],[-72.75503,6.10273],[-72.75635,6.10383],[-72.75914,6.10476],[-72.76059,6.10671],[-72.76256,6.10734]]]}},{"type":"Feature","properties":{"codigo":"15740","municipio":"Siachoque","provincia":"Centro","predios_urbanos_igac":626,"predios_rurales_igac":6364,"area_km2":119.22,"area_urbana_ha":40.06,"pct_urbano":0.336,"pct_rural":99.664,"pct_de_boyaca":0.515,"jerarquia_urbana":55,"categoria_urbana":"Centro urbano local","valor_agregado":228.23,"empresas_matriculadas":18,"empresas_renovadas":105,"empresas_canceladas":22,"comfaboy_empresas":29,"comfaboy_empleos":153,"pob_0_6":961,"pob_7_14":1048,"pob_15_17":357,"pob_18_26":921,"pob_27_59":2680,"pob_60_mas":1237,"hombres":3736,"mujeres":3468,"poblacion":7204,"captaciones":58483.76,"colocaciones":384.13,"finagro":10264.86,"bancoldex":18.04,"icm_puesto":null,"produccion_agricola_ton":145229.72,"bovinos":13766,"icfes":251,"matricula_escolar":1509,"establecimientos_educativos":4,"ips":3,"camas":0,"regimen_contributivo":517,"regimen_especial":8,"regimen_subsidiado":5380,"acueductos":6,"riesgo_agua":"Medio","eventos_riesgo":1,"densidad_hab_km2":60.43,"valor_agregado_por_hab_millones":31.681,"pred_urbanos":626,"pred_vivienda_rural":28,"pred_agropecuarios":6336,"pred_atipicos":0,"ha_urbana_predios":35.79,"ha_vivienda_rural":0.6,"ha_agropecuaria":12081.89},"geometry":{"type":"Polygon","coordinates":[[[-73.22761,5.55386],[-73.22795,5.55392],[-73.22714,5.55343],[-73.22776,5.55258],[-73.22997,5.55153],[-73.23002,5.55094],[-73.22932,5.55045],[-73.23077,5.54922],[-73.23147,5.54694],[-73.23111,5.54569],[-73.23259,5.54384],[-73.2324,5.54311],[-73.23127,5.54217],[-73.23336,5.54068],[-73.23358,5.53994],[-73.23569,5.53952],[-73.23661,5.53769],[-73.2376,5.53714],[-73.2378,5.53389],[-73.24499,5.53227],[-73.24607,5.53307],[-73.24793,5.53334],[-73.24884,5.53483],[-73.25057,5.53543],[-73.2534,5.53998],[-73.2556,5.54012],[-73.25959,5.5389],[-73.26039,5.53701],[-73.26172,5.53608],[-73.26419,5.53208],[-73.26529,5.53133],[-73.2682,5.53037],[-73.26959,5.53094],[-73.27069,5.53208],[-73.27195,5.53195],[-73.27308,5.52927],[-73.27723,5.52391],[-73.28093,5.52356],[-73.28103,5.52321],[-73.283,5.5234],[-73.28476,5.52417],[-73.28468,5.51759],[-73.2804,5.5142],[-73.27913,5.50937],[-73.27908,5.50745],[-73.27839,5.50707],[-73.27846,5.50627],[-73.28769,5.49686],[-73.28751,5.4887],[-73.28592,5.48539],[-73.28314,5.48776],[-73.27994,5.4864],[-73.27588,5.48377],[-73.27531,5.47938],[-73.27618,5.47746],[-73.27589,5.47446],[-73.27438,5.47441],[-73.27263,5.47539],[-73.27155,5.4748],[-73.26941,5.47492],[-73.26828,5.47408],[-73.26688,5.47456],[-73.26662,5.47109],[-73.26206,5.46683],[-73.2622,5.46247],[-73.26166,5.46131],[-73.25547,5.46067],[-73.24825,5.45816],[-73.247,5.45527],[-73.24477,5.45741],[-73.23879,5.45712],[-73.23289,5.45585],[-73.22944,5.4534],[-73.2255,5.44969],[-73.21998,5.44629],[-73.21838,5.44461],[-73.21567,5.44021],[-73.21533,5.44206],[-73.21609,5.44373],[-73.21568,5.44482],[-73.21399,5.44641],[-73.2118,5.44726],[-73.21001,5.44965],[-73.20828,5.45333],[-73.20644,5.45406],[-73.20415,5.45685],[-73.19852,5.45674],[-73.19444,5.45855],[-73.19022,5.46156],[-73.18882,5.46352],[-73.18649,5.46377],[-73.18627,5.46555],[-73.18032,5.46548],[-73.17662,5.46744],[-73.17419,5.46775],[-73.17161,5.46986],[-73.17069,5.47217],[-73.16798,5.47502],[-73.16684,5.47544],[-73.16385,5.47939],[-73.15669,5.47989],[-73.15366,5.47932],[-73.15266,5.47993],[-73.14973,5.48041],[-73.14729,5.48205],[-73.14492,5.47976],[-73.14389,5.48214],[-73.14214,5.48267],[-73.14079,5.48449],[-73.14187,5.49258],[-73.14164,5.49489],[-73.14053,5.49729],[-73.14031,5.50026],[-73.13834,5.50339],[-73.1358,5.50462],[-73.135,5.50562],[-73.13911,5.50926],[-73.14594,5.51238],[-73.14984,5.51474],[-73.15392,5.51615],[-73.16855,5.52305],[-73.17721,5.52589],[-73.18402,5.53061],[-73.18566,5.53267],[-73.18754,5.53393],[-73.19496,5.53703],[-73.19629,5.53879],[-73.19688,5.54203],[-73.19757,5.54282],[-73.20036,5.54286],[-73.20319,5.54189],[-73.20464,5.54228],[-73.21004,5.5495],[-73.2151,5.5453],[-73.21587,5.5454],[-73.2181,5.54633],[-73.21811,5.54852],[-73.22184,5.55227],[-73.22379,5.5518],[-73.2243,5.55286],[-73.22558,5.55363],[-73.22761,5.55386]]]}},{"type":"Feature","properties":{"codigo":"15753","municipio":"Soatá","provincia":"Norte","predios_urbanos_igac":2608,"predios_rurales_igac":3629,"area_km2":122.93,"area_urbana_ha":110.4,"pct_urbano":0.898,"pct_rural":99.102,"pct_de_boyaca":0.532,"jerarquia_urbana":14,"categoria_urbana":"Centro urbano menor","valor_agregado":151.68,"empresas_matriculadas":79,"empresas_renovadas":509,"empresas_canceladas":71,"comfaboy_empresas":53,"comfaboy_empleos":396,"pob_0_6":738,"pob_7_14":1027,"pob_15_17":403,"pob_18_26":1098,"pob_27_59":3912,"pob_60_mas":2340,"hombres":4530,"mujeres":4988,"poblacion":9518,"captaciones":121.05,"colocaciones":22107.18,"finagro":3775.56,"bancoldex":202.35,"icm_puesto":45,"produccion_agricola_ton":6182.94,"bovinos":4334,"icfes":279,"matricula_escolar":1508,"establecimientos_educativos":3,"ips":17,"camas":47,"regimen_contributivo":3207,"regimen_especial":750,"regimen_subsidiado":5741,"acueductos":6,"riesgo_agua":"Alto","eventos_riesgo":2,"densidad_hab_km2":77.43,"valor_agregado_por_hab_millones":15.936,"pred_urbanos":2608,"pred_vivienda_rural":8,"pred_agropecuarios":3621,"pred_atipicos":0,"ha_urbana_predios":92.11,"ha_vivienda_rural":0.16,"ha_agropecuaria":11940.32},"geometry":{"type":"Polygon","coordinates":[[[-72.68437,6.38597],[-72.68729,6.38353],[-72.69018,6.3848],[-72.69269,6.38429],[-72.69348,6.38462],[-72.69624,6.38353],[-72.69648,6.38394],[-72.69826,6.38405],[-72.70038,6.38354],[-72.70124,6.38481],[-72.70446,6.38321],[-72.70836,6.38013],[-72.70949,6.3804],[-72.71042,6.38171],[-72.71422,6.38365],[-72.7141,6.38068],[-72.71643,6.37643],[-72.71914,6.3734],[-72.72173,6.37127],[-72.72237,6.37146],[-72.72379,6.3708],[-72.72577,6.37163],[-72.72745,6.36908],[-72.72954,6.36835],[-72.73106,6.36708],[-72.73128,6.36232],[-72.73205,6.35996],[-72.73144,6.35693],[-72.73303,6.35529],[-72.73743,6.35491],[-72.73903,6.35421],[-72.74838,6.34763],[-72.74911,6.34371],[-72.74928,6.33776],[-72.75075,6.3354],[-72.75001,6.3321],[-72.75075,6.32722],[-72.74964,6.32438],[-72.74995,6.32364],[-72.75219,6.32241],[-72.75389,6.31884],[-72.75758,6.317],[-72.75801,6.31304],[-72.75681,6.3096],[-72.75826,6.30589],[-72.7575,6.30266],[-72.75584,6.30009],[-72.75436,6.29611],[-72.75402,6.29231],[-72.75502,6.28538],[-72.7549,6.28072],[-72.75399,6.27887],[-72.75239,6.27847],[-72.74928,6.2766],[-72.74697,6.27629],[-72.74586,6.27488],[-72.74294,6.27796],[-72.74202,6.27963],[-72.74007,6.28817],[-72.73933,6.28892],[-72.73596,6.2904],[-72.73315,6.29561],[-72.73014,6.29712],[-72.72811,6.29722],[-72.72774,6.29764],[-72.72736,6.29692],[-72.72288,6.29757],[-72.72231,6.29267],[-72.71969,6.29011],[-72.71583,6.28911],[-72.71515,6.2877],[-72.71352,6.28677],[-72.7104,6.28686],[-72.70908,6.28585],[-72.70587,6.28497],[-72.70481,6.28347],[-72.70419,6.28035],[-72.70337,6.27877],[-72.69831,6.27826],[-72.69356,6.27394],[-72.69298,6.27298],[-72.69298,6.27127],[-72.69183,6.26898],[-72.6917,6.26733],[-72.69262,6.2647],[-72.69128,6.26083],[-72.68954,6.25862],[-72.68678,6.25756],[-72.68423,6.25777],[-72.68013,6.25905],[-72.67679,6.25808],[-72.6753,6.25882],[-72.67391,6.25997],[-72.66992,6.26674],[-72.66874,6.26735],[-72.66712,6.27004],[-72.66323,6.27191],[-72.66201,6.27399],[-72.66052,6.27097],[-72.65975,6.26722],[-72.66012,6.26472],[-72.65951,6.26159],[-72.65432,6.2672],[-72.65432,6.26677],[-72.65251,6.26682],[-72.65062,6.2681],[-72.64978,6.26979],[-72.64848,6.27513],[-72.64788,6.27565],[-72.64519,6.27621],[-72.64123,6.27909],[-72.64089,6.2814],[-72.64193,6.28285],[-72.64318,6.28814],[-72.64562,6.28932],[-72.64679,6.29152],[-72.64685,6.29326],[-72.64543,6.30002],[-72.64397,6.30469],[-72.64565,6.30897],[-72.64469,6.31227],[-72.64467,6.31389],[-72.64546,6.31575],[-72.64681,6.31654],[-72.64706,6.31849],[-72.64915,6.32014],[-72.64921,6.32134],[-72.64809,6.32428],[-72.64851,6.32587],[-72.65178,6.32888],[-72.65116,6.33689],[-72.65294,6.33749],[-72.65322,6.33834],[-72.65321,6.33958],[-72.65209,6.34206],[-72.65547,6.35156],[-72.65579,6.35647],[-72.65719,6.35898],[-72.65669,6.3602],[-72.6573,6.3653],[-72.65534,6.37163],[-72.6567,6.3745],[-72.65642,6.3754],[-72.65511,6.37669],[-72.65503,6.3779],[-72.65919,6.37777],[-72.66086,6.37723],[-72.6638,6.37836],[-72.6678,6.37741],[-72.66937,6.37802],[-72.67086,6.37932],[-72.67304,6.3789],[-72.674,6.37765],[-72.67474,6.37771],[-72.67594,6.37836],[-72.67598,6.37913],[-72.68161,6.38466],[-72.68437,6.38597]]]}},{"type":"Feature","properties":{"codigo":"15755","municipio":"Socotá","provincia":"Valderrama","predios_urbanos_igac":279,"predios_rurales_igac":8649,"area_km2":603.15,"area_urbana_ha":11.13,"pct_urbano":0.018,"pct_rural":99.982,"pct_de_boyaca":2.608,"jerarquia_urbana":115,"categoria_urbana":"Núcleo urbano básico","valor_agregado":271.97,"empresas_matriculadas":32,"empresas_renovadas":270,"empresas_canceladas":19,"comfaboy_empresas":22,"comfaboy_empleos":270,"pob_0_6":944,"pob_7_14":1025,"pob_15_17":340,"pob_18_26":914,"pob_27_59":2952,"pob_60_mas":1513,"hombres":4088,"mujeres":3600,"poblacion":7688,"captaciones":26246.9,"colocaciones":21536.37,"finagro":8689.31,"bancoldex":379.66,"icm_puesto":null,"produccion_agricola_ton":16553.95,"bovinos":8826,"icfes":248.5,"matricula_escolar":1612,"establecimientos_educativos":2,"ips":1,"camas":7,"regimen_contributivo":1953,"regimen_especial":36,"regimen_subsidiado":5131,"acueductos":5,"riesgo_agua":"Alto","eventos_riesgo":4,"densidad_hab_km2":12.75,"valor_agregado_por_hab_millones":35.376,"pred_urbanos":279,"pred_vivienda_rural":69,"pred_agropecuarios":8580,"pred_atipicos":0,"ha_urbana_predios":9.07,"ha_vivienda_rural":1.05,"ha_agropecuaria":59391.16},"geometry":{"type":"Polygon","coordinates":[[[-72.57253,6.11917],[-72.57389,6.1186],[-72.5756,6.11864],[-72.57765,6.11738],[-72.58033,6.11686],[-72.58167,6.11448],[-72.58528,6.11288],[-72.58606,6.11203],[-72.58674,6.11233],[-72.58958,6.11096],[-72.59134,6.10947],[-72.59098,6.10812],[-72.59377,6.10902],[-72.59759,6.11107],[-72.6016,6.10957],[-72.60497,6.10437],[-72.6068,6.10278],[-72.61304,6.10342],[-72.61625,6.10244],[-72.61779,6.10246],[-72.62111,6.10418],[-72.6249,6.10731],[-72.62572,6.10924],[-72.62749,6.11048],[-72.62949,6.11032],[-72.63267,6.10845],[-72.63712,6.10778],[-72.63827,6.11092],[-72.6394,6.1122],[-72.64876,6.11534],[-72.65622,6.11629],[-72.6551,6.11274],[-72.65558,6.10924],[-72.65496,6.10603],[-72.65529,6.10372],[-72.65432,6.10159],[-72.65483,6.09925],[-72.6535,6.09641],[-72.65419,6.09361],[-72.65311,6.09063],[-72.65417,6.08843],[-72.65316,6.08608],[-72.65442,6.08206],[-72.6533,6.07633],[-72.65459,6.06928],[-72.65627,6.06718],[-72.65701,6.06311],[-72.65507,6.06202],[-72.65416,6.06075],[-72.65283,6.06092],[-72.6503,6.05976],[-72.64814,6.05663],[-72.64656,6.05372],[-72.64642,6.05119],[-72.64498,6.04801],[-72.64548,6.04529],[-72.64453,6.04189],[-72.64116,6.03537],[-72.64562,6.03259],[-72.64434,6.02989],[-72.64706,6.02334],[-72.64907,6.02218],[-72.65009,6.01918],[-72.65182,6.01871],[-72.65245,6.01793],[-72.65322,6.01359],[-72.65468,6.01122],[-72.65474,6.00952],[-72.65535,6.00856],[-72.65518,6.00752],[-72.65624,6.00675],[-72.65734,6.00377],[-72.65705,5.9981],[-72.65637,5.99589],[-72.65407,5.99196],[-72.65128,5.99189],[-72.6502,5.99251],[-72.64923,5.99437],[-72.64766,5.99493],[-72.64797,5.99368],[-72.64715,5.99399],[-72.64673,5.99021],[-72.64484,5.99102],[-72.64481,5.98941],[-72.64306,5.98989],[-72.63652,5.98438],[-72.63533,5.98289],[-72.63465,5.98295],[-72.63474,5.98237],[-72.63329,5.981],[-72.63378,5.97819],[-72.6328,5.97702],[-72.63301,5.9752],[-72.6326,5.97388],[-72.63403,5.96929],[-72.63572,5.96735],[-72.63758,5.96656],[-72.63963,5.96383],[-72.64027,5.96095],[-72.63977,5.95907],[-72.63997,5.95596],[-72.64065,5.9537],[-72.64005,5.95195],[-72.64087,5.95066],[-72.6405,5.94823],[-72.64313,5.93825],[-72.6433,5.92966],[-72.6441,5.92791],[-72.64731,5.92439],[-72.65138,5.91816],[-72.65225,5.91546],[-72.65243,5.9131],[-72.65056,5.90895],[-72.65067,5.90683],[-72.64546,5.90629],[-72.64189,5.90679],[-72.63407,5.90891],[-72.62724,5.90998],[-72.62642,5.91046],[-72.62498,5.9129],[-72.62219,5.91443],[-72.6213,5.91307],[-72.61999,5.91263],[-72.61939,5.91061],[-72.61893,5.91061],[-72.61812,5.90864],[-72.61789,5.90704],[-72.61711,5.90652],[-72.61624,5.90405],[-72.61762,5.89977],[-72.61912,5.89898],[-72.6213,5.89557],[-72.62257,5.89104],[-72.62391,5.88921],[-72.62277,5.88808],[-72.62258,5.88722],[-72.62327,5.88689],[-72.62305,5.88596],[-72.62632,5.87563],[-72.62558,5.87286],[-72.62669,5.87182],[-72.62643,5.8699],[-72.62744,5.86911],[-72.62827,5.86527],[-72.62809,5.86413],[-72.63006,5.85963],[-72.62954,5.85742],[-72.62876,5.85701],[-72.62815,5.85529],[-72.62852,5.85372],[-72.62706,5.84915],[-72.62797,5.84664],[-72.62776,5.8456],[-72.62827,5.84508],[-72.62776,5.84308],[-72.62862,5.84236],[-72.6291,5.84092],[-72.63182,5.82882],[-72.63078,5.82727],[-72.62917,5.82726],[-72.62837,5.8243],[-72.62725,5.82302],[-72.62747,5.82185],[-72.62658,5.82106],[-72.62633,5.82009],[-72.62475,5.81896],[-72.62355,5.81594],[-72.62409,5.81476],[-72.62403,5.81233],[-72.62486,5.81009],[-72.62461,5.80579],[-72.62521,5.80137],[-72.62459,5.79885],[-72.62523,5.79575],[-72.62588,5.79476],[-72.62532,5.79385],[-72.62547,5.79246],[-72.62497,5.79122],[-72.62551,5.78758],[-72.62515,5.78586],[-72.62402,5.78509],[-72.62388,5.78426],[-72.62471,5.78304],[-72.62525,5.78011],[-72.62612,5.77853],[-72.62604,5.77607],[-72.62724,5.7746],[-72.62727,5.77109],[-72.6284,5.76955],[-72.62997,5.76534],[-72.62948,5.76451],[-72.62453,5.7671],[-72.62204,5.77101],[-72.62189,5.77299],[-72.62137,5.77368],[-72.61971,5.77313],[-72.61824,5.77164],[-72.61261,5.77227],[-72.61106,5.77162],[-72.60956,5.77191],[-72.60876,5.77345],[-72.60447,5.77582],[-72.60266,5.77461],[-72.60063,5.77414],[-72.5976,5.77503],[-72.59461,5.77445],[-72.59209,5.7733],[-72.58801,5.77347],[-72.58533,5.77161],[-72.58359,5.77113],[-72.58074,5.77315],[-72.57764,5.7739],[-72.57511,5.77572],[-72.56925,5.77662],[-72.56567,5.77584],[-72.56083,5.78043],[-72.55707,5.78218],[-72.55398,5.78522],[-72.5522,5.78559],[-72.55177,5.78701],[-72.55035,5.78734],[-72.54931,5.78818],[-72.54743,5.78846],[-72.54659,5.78799],[-72.54596,5.78836],[-72.54537,5.78788],[-72.54401,5.78802],[-72.54232,5.78658],[-72.54152,5.78493],[-72.54069,5.78481],[-72.53799,5.78509],[-72.53362,5.78733],[-72.52601,5.78859],[-72.52541,5.78953],[-72.52259,5.78987],[-72.51906,5.79124],[-72.51222,5.79153],[-72.51362,5.79242],[-72.51391,5.79328],[-72.51023,5.7958],[-72.50781,5.79563],[-72.50576,5.79763],[-72.50499,5.79973],[-72.50552,5.80197],[-72.50452,5.8035],[-72.5032,5.80361],[-72.50189,5.80454],[-72.50084,5.80628],[-72.49901,5.80706],[-72.49824,5.80844],[-72.49696,5.80914],[-72.49653,5.81012],[-72.49262,5.8134],[-72.49199,5.81451],[-72.48928,5.81555],[-72.48749,5.8169],[-72.48645,5.81872],[-72.48606,5.82221],[-72.4848,5.8251],[-72.4843,5.8294],[-72.47913,5.83387],[-72.47774,5.83671],[-72.47743,5.83992],[-72.47237,5.84358],[-72.46796,5.84543],[-72.46183,5.84705],[-72.46298,5.84797],[-72.46307,5.8491],[-72.46235,5.85394],[-72.46157,5.85508],[-72.46113,5.85732],[-72.46127,5.85964],[-72.45679,5.86682],[-72.45506,5.86749],[-72.45265,5.87099],[-72.45268,5.87323],[-72.45149,5.87544],[-72.45089,5.87837],[-72.44761,5.88058],[-72.44645,5.88255],[-72.44311,5.88223],[-72.44,5.88561],[-72.43535,5.88715],[-72.43475,5.88928],[-72.43396,5.88948],[-72.43368,5.89066],[-72.42918,5.89358],[-72.42841,5.89502],[-72.4269,5.89604],[-72.42453,5.89697],[-72.42354,5.89677],[-72.4218,5.89766],[-72.42102,5.89867],[-72.4188,5.89953],[-72.41555,5.90401],[-72.41676,5.90416],[-72.41632,5.9072],[-72.41742,5.90914],[-72.41767,5.91079],[-72.41873,5.91102],[-72.42011,5.9121],[-72.42142,5.91435],[-72.42136,5.91607],[-72.42233,5.91733],[-72.42237,5.9196],[-72.42323,5.92057],[-72.4232,5.92193],[-72.42641,5.92448],[-72.42663,5.92757],[-72.42802,5.92896],[-72.43046,5.92979],[-72.43107,5.93151],[-72.43289,5.93325],[-72.43317,5.93424],[-72.43448,5.93463],[-72.43598,5.93801],[-72.4408,5.93859],[-72.44165,5.93925],[-72.44208,5.94152],[-72.44302,5.94175],[-72.44341,5.94258],[-72.44684,5.94384],[-72.44766,5.94465],[-72.44842,5.95011],[-72.44904,5.95173],[-72.44824,5.95547],[-72.45009,5.95777],[-72.45304,5.95919],[-72.45533,5.9599],[-72.45747,5.95984],[-72.46153,5.9616],[-72.46678,5.96191],[-72.46856,5.96435],[-72.47273,5.96527],[-72.47366,5.96782],[-72.47557,5.96875],[-72.47813,5.97152],[-72.48422,5.9751],[-72.48724,5.97972],[-72.48877,5.98348],[-72.49684,5.99129],[-72.49797,5.99367],[-72.49831,5.99597],[-72.50702,5.99599],[-72.50661,5.99918],[-72.50852,6.00144],[-72.51056,6.0053],[-72.51262,6.00629],[-72.51496,6.00652],[-72.52076,6.00833],[-72.5255,6.00807],[-72.52747,6.00946],[-72.52998,6.01369],[-72.53236,6.01976],[-72.53912,6.03246],[-72.53571,6.03941],[-72.53519,6.04433],[-72.53201,6.048],[-72.53057,6.05199],[-72.53504,6.05725],[-72.5392,6.05957],[-72.54299,6.07256],[-72.54485,6.07499],[-72.54601,6.07804],[-72.54758,6.08027],[-72.55217,6.08476],[-72.55404,6.08481],[-72.55659,6.08286],[-72.55735,6.08524],[-72.55891,6.08625],[-72.56055,6.0882],[-72.56116,6.09044],[-72.56025,6.09359],[-72.56015,6.09608],[-72.56204,6.10128],[-72.56369,6.10413],[-72.56373,6.106],[-72.56217,6.11109],[-72.56233,6.11197],[-72.56351,6.11333],[-72.56336,6.11617],[-72.56574,6.11889],[-72.56944,6.11815],[-72.57253,6.11917]]]}},{"type":"Feature","properties":{"codigo":"15757","municipio":"Socha","provincia":"Valderrama","predios_urbanos_igac":1503,"predios_rurales_igac":5054,"area_km2":150.06,"area_urbana_ha":72.12,"pct_urbano":0.481,"pct_rural":99.519,"pct_de_boyaca":0.649,"jerarquia_urbana":30,"categoria_urbana":"Centro urbano local","valor_agregado":207.13,"empresas_matriculadas":86,"empresas_renovadas":549,"empresas_canceladas":71,"comfaboy_empresas":141,"comfaboy_empleos":1796,"pob_0_6":920,"pob_7_14":1087,"pob_15_17":393,"pob_18_26":1103,"pob_27_59":3503,"pob_60_mas":1519,"hombres":4246,"mujeres":4279,"poblacion":8525,"captaciones":194741.21,"colocaciones":31751.0,"finagro":3508.59,"bancoldex":252.15,"icm_puesto":null,"produccion_agricola_ton":1214.66,"bovinos":4330,"icfes":243.25,"matricula_escolar":1971,"establecimientos_educativos":6,"ips":5,"camas":8,"regimen_contributivo":4287,"regimen_especial":115,"regimen_subsidiado":4269,"acueductos":5,"riesgo_agua":"Alto","eventos_riesgo":8,"densidad_hab_km2":56.81,"valor_agregado_por_hab_millones":24.297,"pred_urbanos":1503,"pred_vivienda_rural":57,"pred_agropecuarios":4997,"pred_atipicos":0,"ha_urbana_predios":60.28,"ha_vivienda_rural":0.8,"ha_agropecuaria":14921.23},"geometry":{"type":"Polygon","coordinates":[[[-72.65673,6.06297],[-72.65701,6.06311],[-72.65705,6.06195],[-72.66022,6.05622],[-72.66717,6.05526],[-72.66889,6.05357],[-72.67043,6.05322],[-72.67189,6.05082],[-72.67354,6.05072],[-72.67497,6.04967],[-72.67707,6.04985],[-72.67864,6.04858],[-72.68039,6.0447],[-72.68024,6.04164],[-72.68129,6.03944],[-72.6832,6.03768],[-72.68651,6.03769],[-72.68769,6.03704],[-72.68801,6.03462],[-72.68897,6.03245],[-72.69199,6.02928],[-72.69389,6.02869],[-72.69769,6.02541],[-72.69919,6.02194],[-72.70146,6.02004],[-72.70195,6.01441],[-72.70378,6.01207],[-72.70461,6.00963],[-72.70446,6.00872],[-72.70638,6.00682],[-72.708,6.00622],[-72.70941,6.00446],[-72.71317,6.00213],[-72.71431,6.00021],[-72.71655,5.99854],[-72.71681,5.99736],[-72.71784,5.99688],[-72.71978,5.99708],[-72.72202,5.99617],[-72.72385,5.99615],[-72.72649,5.9934],[-72.72934,5.99306],[-72.73127,5.99336],[-72.73486,5.9922],[-72.73705,5.99201],[-72.73858,5.99064],[-72.7394,5.99052],[-72.7406,5.98837],[-72.74313,5.98789],[-72.74248,5.98399],[-72.74038,5.98061],[-72.74175,5.9768],[-72.74137,5.97444],[-72.74017,5.97226],[-72.73994,5.97065],[-72.73876,5.96977],[-72.73855,5.96681],[-72.73791,5.96489],[-72.73642,5.96308],[-72.73667,5.95971],[-72.73587,5.95685],[-72.73364,5.95553],[-72.73362,5.95137],[-72.73123,5.94956],[-72.73026,5.94795],[-72.72852,5.94658],[-72.72637,5.94627],[-72.72486,5.94808],[-72.72292,5.94885],[-72.72147,5.94882],[-72.71724,5.94647],[-72.71544,5.94477],[-72.71439,5.94464],[-72.71261,5.94165],[-72.71299,5.93873],[-72.71368,5.93776],[-72.71767,5.93518],[-72.72194,5.93497],[-72.72327,5.93403],[-72.7243,5.93126],[-72.72577,5.93062],[-72.72662,5.9296],[-72.72521,5.92785],[-72.72496,5.92684],[-72.72384,5.92607],[-72.72264,5.92306],[-72.71889,5.92007],[-72.71686,5.91287],[-72.71437,5.91049],[-72.71195,5.907],[-72.71099,5.90465],[-72.71039,5.90092],[-72.71111,5.89691],[-72.71021,5.89096],[-72.70653,5.8902],[-72.70389,5.88805],[-72.70147,5.87979],[-72.69764,5.87587],[-72.69612,5.87211],[-72.69509,5.87104],[-72.68991,5.86936],[-72.68674,5.86696],[-72.68451,5.86616],[-72.68052,5.86632],[-72.67336,5.86817],[-72.66561,5.87433],[-72.66475,5.87355],[-72.66246,5.87663],[-72.65533,5.88211],[-72.65321,5.88282],[-72.65346,5.88694],[-72.65274,5.89009],[-72.65697,5.89254],[-72.65317,5.90273],[-72.65053,5.90748],[-72.65056,5.90895],[-72.65243,5.9131],[-72.65225,5.91546],[-72.65086,5.91907],[-72.64731,5.92439],[-72.6435,5.92899],[-72.64301,5.93228],[-72.64313,5.93825],[-72.6405,5.94823],[-72.64087,5.95066],[-72.64005,5.95195],[-72.64065,5.9537],[-72.63997,5.95596],[-72.63977,5.95907],[-72.64027,5.96095],[-72.63963,5.96383],[-72.63758,5.96656],[-72.63669,5.96662],[-72.63492,5.96804],[-72.63403,5.96929],[-72.63376,5.97112],[-72.63261,5.97359],[-72.63301,5.9752],[-72.6328,5.97702],[-72.63378,5.97819],[-72.63329,5.981],[-72.63474,5.98237],[-72.63465,5.98295],[-72.63533,5.98289],[-72.63652,5.98438],[-72.64306,5.98989],[-72.64481,5.98941],[-72.64484,5.99102],[-72.64673,5.99021],[-72.64715,5.99399],[-72.64797,5.99368],[-72.64766,5.99493],[-72.64923,5.99437],[-72.6502,5.99251],[-72.65128,5.99189],[-72.65407,5.99196],[-72.65696,5.99762],[-72.65734,6.00377],[-72.65624,6.00675],[-72.65518,6.00752],[-72.65535,6.00856],[-72.65474,6.00952],[-72.65468,6.01122],[-72.65322,6.01359],[-72.65245,6.01793],[-72.65182,6.01871],[-72.65009,6.01918],[-72.64907,6.02218],[-72.64706,6.02334],[-72.64434,6.02989],[-72.64562,6.03259],[-72.64116,6.03537],[-72.64453,6.04189],[-72.64548,6.04529],[-72.64498,6.04801],[-72.64642,6.05119],[-72.64656,6.05372],[-72.64814,6.05663],[-72.6503,6.05976],[-72.65283,6.06092],[-72.65416,6.06075],[-72.65507,6.06202],[-72.65673,6.06297]]]}},{"type":"Feature","properties":{"codigo":"15759","municipio":"Sogamoso","provincia":"Sugamuxi","predios_urbanos_igac":33618,"predios_rurales_igac":20467,"area_km2":207.67,"area_urbana_ha":1733.11,"pct_urbano":8.346,"pct_rural":91.654,"pct_de_boyaca":0.898,"jerarquia_urbana":1,"categoria_urbana":"Ciudad principal","valor_agregado":4123.72,"empresas_matriculadas":1350,"empresas_renovadas":6793,"empresas_canceladas":348,"comfaboy_empresas":2633,"comfaboy_empleos":22346,"pob_0_6":11427,"pob_7_14":15189,"pob_15_17":6242,"pob_18_26":19683,"pob_27_59":62302,"pob_60_mas":22916,"hombres":65957,"mujeres":71802,"poblacion":137759,"captaciones":509301.88,"colocaciones":1082275.03,"finagro":35422.73,"bancoldex":3873.27,"icm_puesto":5,"produccion_agricola_ton":13198.89,"bovinos":12543,"icfes":281.62,"matricula_escolar":26002,"establecimientos_educativos":66,"ips":304,"camas":305,"regimen_contributivo":87292,"regimen_especial":4408,"regimen_subsidiado":57534,"acueductos":7,"riesgo_agua":"Sin riesgo","eventos_riesgo":37,"densidad_hab_km2":663.36,"valor_agregado_por_hab_millones":29.934,"pred_urbanos":33618,"pred_vivienda_rural":1588,"pred_agropecuarios":18879,"pred_atipicos":0,"ha_urbana_predios":1498.43,"ha_vivienda_rural":26.43,"ha_agropecuaria":18966.91},"geometry":{"type":"Polygon","coordinates":[[[-72.88243,5.76765],[-72.88316,5.76782],[-72.88353,5.76738],[-72.8829,5.76514],[-72.88581,5.76267],[-72.88691,5.76265],[-72.88853,5.76354],[-72.88983,5.76301],[-72.89178,5.76338],[-72.89283,5.76307],[-72.89389,5.76167],[-72.89381,5.76022],[-72.89531,5.75987],[-72.89531,5.75855],[-72.8958,5.75825],[-72.89699,5.75844],[-72.89825,5.75796],[-72.89865,5.75876],[-72.8973,5.76015],[-72.89831,5.7617],[-72.89928,5.76049],[-72.89991,5.76097],[-72.89973,5.76178],[-72.90221,5.76129],[-72.90347,5.76041],[-72.90434,5.76077],[-72.91224,5.75752],[-72.92106,5.75839],[-72.92221,5.75924],[-72.92326,5.75769],[-72.92408,5.75784],[-72.92503,5.75916],[-72.92597,5.75797],[-72.92682,5.75772],[-72.92821,5.75929],[-72.92853,5.75743],[-72.92962,5.75708],[-72.93133,5.75439],[-72.9318,5.75429],[-72.93238,5.75493],[-72.93325,5.75439],[-72.93536,5.75095],[-72.93907,5.75086],[-72.9406,5.75016],[-72.94161,5.74897],[-72.94451,5.74704],[-72.94455,5.74216],[-72.94645,5.73967],[-72.94546,5.73761],[-72.94472,5.73723],[-72.9454,5.73497],[-72.94545,5.73],[-72.94629,5.72869],[-72.94487,5.72636],[-72.94428,5.72416],[-72.94505,5.72259],[-72.94522,5.72007],[-72.94592,5.71897],[-72.94587,5.71744],[-72.94683,5.7161],[-72.94795,5.71223],[-72.94925,5.70977],[-72.95569,5.69799],[-72.95883,5.69348],[-72.95777,5.69288],[-72.95913,5.68916],[-72.96065,5.68774],[-72.96394,5.68105],[-72.96444,5.67946],[-72.96425,5.67759],[-72.96597,5.67186],[-72.96815,5.66824],[-72.97108,5.66469],[-72.96764,5.65887],[-72.96716,5.65325],[-72.96417,5.65043],[-72.96338,5.6493],[-72.96316,5.64792],[-72.96201,5.64734],[-72.96161,5.64574],[-72.96178,5.6429],[-72.95736,5.63675],[-72.95618,5.63583],[-72.95523,5.6362],[-72.95328,5.63591],[-72.95037,5.63449],[-72.94856,5.63301],[-72.94771,5.63297],[-72.94708,5.63194],[-72.94543,5.63144],[-72.94381,5.62903],[-72.94209,5.62843],[-72.94147,5.62755],[-72.93874,5.62726],[-72.93505,5.62866],[-72.93382,5.62865],[-72.9344,5.6294],[-72.93405,5.63046],[-72.93229,5.63118],[-72.9285,5.63059],[-72.92751,5.62966],[-72.92301,5.62016],[-72.91681,5.61874],[-72.91028,5.61884],[-72.90394,5.61776],[-72.90185,5.61696],[-72.89745,5.61662],[-72.89629,5.61401],[-72.89304,5.61444],[-72.88869,5.61155],[-72.88828,5.6108],[-72.88378,5.60878],[-72.88254,5.60636],[-72.88013,5.60682],[-72.87866,5.60572],[-72.87385,5.60513],[-72.86726,5.60223],[-72.86413,5.60145],[-72.86081,5.60193],[-72.85984,5.60069],[-72.85891,5.6004],[-72.85692,5.60065],[-72.85572,5.60001],[-72.85305,5.59984],[-72.84965,5.60032],[-72.84941,5.59993],[-72.84744,5.60012],[-72.84623,5.59937],[-72.84649,5.59777],[-72.84375,5.59616],[-72.8426,5.5966],[-72.84191,5.59602],[-72.84074,5.59661],[-72.83817,5.59578],[-72.83645,5.59616],[-72.83319,5.59324],[-72.83057,5.59375],[-72.83019,5.59305],[-72.8282,5.59203],[-72.82504,5.59129],[-72.82325,5.58977],[-72.82145,5.5896],[-72.82029,5.58849],[-72.81964,5.58698],[-72.81878,5.5866],[-72.81665,5.58734],[-72.81501,5.58621],[-72.81198,5.5853],[-72.81106,5.5837],[-72.81041,5.58415],[-72.81049,5.58566],[-72.80902,5.58788],[-72.80784,5.59267],[-72.80721,5.59312],[-72.80542,5.59678],[-72.80382,5.59795],[-72.80354,5.59917],[-72.80294,5.59951],[-72.80298,5.60023],[-72.80167,5.60204],[-72.80156,5.60317],[-72.80064,5.60351],[-72.7999,5.60542],[-72.79866,5.60605],[-72.79826,5.6072],[-72.79851,5.60808],[-72.79699,5.60888],[-72.79719,5.6102],[-72.79624,5.61112],[-72.79598,5.61361],[-72.795,5.61622],[-72.79206,5.61993],[-72.79142,5.62014],[-72.79127,5.62199],[-72.79162,5.62198],[-72.79005,5.62364],[-72.79032,5.62495],[-72.78915,5.62612],[-72.78815,5.62889],[-72.78541,5.63138],[-72.78502,5.63109],[-72.78356,5.63216],[-72.78298,5.63314],[-72.78327,5.63404],[-72.78261,5.63421],[-72.78248,5.63491],[-72.78154,5.635],[-72.78056,5.6363],[-72.77827,5.63758],[-72.77777,5.63818],[-72.77787,5.63962],[-72.77739,5.63955],[-72.77507,5.64142],[-72.77341,5.64174],[-72.77195,5.6429],[-72.7709,5.64292],[-72.77081,5.64339],[-72.79134,5.65938],[-72.79192,5.65825],[-72.79375,5.65667],[-72.80316,5.65013],[-72.80822,5.64763],[-72.81146,5.64698],[-72.81368,5.64441],[-72.81849,5.64322],[-72.82072,5.64489],[-72.82483,5.64596],[-72.82432,5.65391],[-72.83163,5.65481],[-72.83258,5.65392],[-72.83357,5.65392],[-72.83574,5.65699],[-72.83928,5.65974],[-72.84016,5.66135],[-72.84245,5.66359],[-72.84371,5.6675],[-72.84726,5.66971],[-72.84856,5.66974],[-72.84999,5.6725],[-72.85214,5.67438],[-72.85289,5.67993],[-72.85224,5.68267],[-72.85339,5.68418],[-72.85354,5.68548],[-72.85492,5.68453],[-72.85711,5.68434],[-72.86016,5.68089],[-72.86143,5.68242],[-72.86176,5.68368],[-72.86334,5.6843],[-72.86633,5.6871],[-72.87083,5.68923],[-72.8718,5.69185],[-72.87156,5.6944],[-72.87293,5.69619],[-72.87252,5.69767],[-72.87322,5.70142],[-72.8741,5.70179],[-72.87403,5.70331],[-72.87537,5.70569],[-72.87508,5.70802],[-72.87412,5.70877],[-72.87409,5.7113],[-72.87299,5.71208],[-72.87292,5.71392],[-72.87124,5.71753],[-72.87121,5.72175],[-72.87378,5.72404],[-72.87849,5.7262],[-72.8774,5.7269],[-72.87615,5.729],[-72.87524,5.72943],[-72.87494,5.73061],[-72.87248,5.73267],[-72.87151,5.73567],[-72.87185,5.73943],[-72.87109,5.74197],[-72.87437,5.74443],[-72.87589,5.74755],[-72.87693,5.75205],[-72.87622,5.75648],[-72.87675,5.7579],[-72.87673,5.75972],[-72.87785,5.76242],[-72.87744,5.76443],[-72.87919,5.76664],[-72.88123,5.76684],[-72.88243,5.76765]]]}},{"type":"Feature","properties":{"codigo":"15761","municipio":"Somondoco","provincia":"Oriente","predios_urbanos_igac":315,"predios_rurales_igac":4076,"area_km2":58.8,"area_urbana_ha":26.95,"pct_urbano":0.458,"pct_rural":99.542,"pct_de_boyaca":0.254,"jerarquia_urbana":81,"categoria_urbana":"Núcleo urbano básico","valor_agregado":78.47,"empresas_matriculadas":12,"empresas_renovadas":72,"empresas_canceladas":15,"comfaboy_empresas":15,"comfaboy_empleos":62,"pob_0_6":175,"pob_7_14":259,"pob_15_17":98,"pob_18_26":258,"pob_27_59":1189,"pob_60_mas":1109,"hombres":1526,"mujeres":1562,"poblacion":3088,"captaciones":434886.78,"colocaciones":6954.89,"finagro":1801.15,"bancoldex":78.82,"icm_puesto":null,"produccion_agricola_ton":2860.84,"bovinos":4474,"icfes":242.5,"matricula_escolar":373,"establecimientos_educativos":2,"ips":1,"camas":0,"regimen_contributivo":237,"regimen_especial":4,"regimen_subsidiado":1476,"acueductos":4,"riesgo_agua":"Alto","eventos_riesgo":3,"densidad_hab_km2":52.52,"valor_agregado_por_hab_millones":25.411,"pred_urbanos":315,"pred_vivienda_rural":25,"pred_agropecuarios":4051,"pred_atipicos":0,"ha_urbana_predios":23.06,"ha_vivienda_rural":0.42,"ha_agropecuaria":5785.87},"geometry":{"type":"Polygon","coordinates":[[[-73.37998,5.01649],[-73.38557,5.01635],[-73.3886,5.01525],[-73.38912,5.01403],[-73.3912,5.01314],[-73.4001,5.00699],[-73.4029,5.00663],[-73.40422,5.00756],[-73.40704,5.00798],[-73.40876,5.00771],[-73.41146,5.00899],[-73.41227,5.00894],[-73.41401,5.00774],[-73.41612,5.00779],[-73.41729,5.00837],[-73.41988,5.00786],[-73.42246,5.00799],[-73.42515,5.00976],[-73.42999,5.0083],[-73.43046,5.00781],[-73.43026,5.00661],[-73.43066,5.00592],[-73.43367,5.00576],[-73.43424,5.00326],[-73.43661,5.00338],[-73.43729,5.00302],[-73.4385,4.99881],[-73.43922,4.99781],[-73.44168,4.99701],[-73.44452,4.99439],[-73.44839,4.995],[-73.45028,4.99215],[-73.45419,4.99176],[-73.4549,4.99113],[-73.4556,4.98918],[-73.45829,4.987],[-73.46081,4.98598],[-73.46405,4.98356],[-73.46593,4.98289],[-73.46774,4.98112],[-73.46991,4.9804],[-73.47031,4.97847],[-73.47137,4.97694],[-73.47003,4.97513],[-73.47167,4.96961],[-73.46833,4.96585],[-73.46685,4.9656],[-73.46588,4.96485],[-73.46462,4.96243],[-73.46458,4.9608],[-73.46194,4.95624],[-73.46373,4.95262],[-73.46397,4.95068],[-73.46465,4.94997],[-73.46511,4.94694],[-73.46594,4.94595],[-73.46622,4.94459],[-73.46694,4.94415],[-73.46526,4.94226],[-73.46409,4.94163],[-73.46365,4.94003],[-73.4614,4.94062],[-73.45859,4.94046],[-73.45624,4.93806],[-73.45352,4.9366],[-73.45326,4.93559],[-73.45075,4.93464],[-73.45075,4.92863],[-73.44966,4.92802],[-73.4492,4.92635],[-73.44971,4.92293],[-73.44937,4.9219],[-73.44776,4.92134],[-73.44983,4.91537],[-73.45003,4.91104],[-73.45272,4.91132],[-73.45051,4.90924],[-73.44763,4.90975],[-73.44423,4.9084],[-73.43895,4.90748],[-73.43834,4.90861],[-73.43857,4.90985],[-73.43815,4.91127],[-73.43822,4.91867],[-73.43667,4.92082],[-73.43633,4.92345],[-73.43462,4.92477],[-73.43324,4.92798],[-73.43314,4.92935],[-73.43152,4.93063],[-73.42814,4.93469],[-73.42651,4.93765],[-73.42658,4.93859],[-73.42541,4.93974],[-73.42291,4.94484],[-73.42164,4.9461],[-73.41846,4.9475],[-73.41836,4.94815],[-73.41718,4.9493],[-73.41631,4.94902],[-73.41524,4.94939],[-73.41426,4.94894],[-73.41437,4.9497],[-73.41314,4.95031],[-73.41305,4.9521],[-73.41194,4.95342],[-73.40845,4.95614],[-73.40724,4.95618],[-73.40645,4.95737],[-73.40462,4.95789],[-73.4037,4.95906],[-73.40308,4.96144],[-73.40223,4.96189],[-73.40175,4.96166],[-73.39943,4.96758],[-73.39879,4.96801],[-73.39839,4.96932],[-73.39671,4.97033],[-73.39677,4.97208],[-73.39596,4.97333],[-73.39605,4.97396],[-73.39525,4.97513],[-73.39367,4.97607],[-73.39409,4.97733],[-73.39359,4.97776],[-73.39304,4.98043],[-73.39208,4.98112],[-73.39156,4.98035],[-73.39089,4.98078],[-73.38998,4.98561],[-73.38843,4.98787],[-73.38871,4.99073],[-73.38796,4.99228],[-73.38698,4.99276],[-73.38623,4.99403],[-73.38655,4.99643],[-73.38577,4.99776],[-73.38221,4.99914],[-73.38198,5.00004],[-73.38259,5.00117],[-73.38257,5.00307],[-73.38113,5.00615],[-73.3799,5.00724],[-73.37846,5.00723],[-73.3775,5.00861],[-73.37776,5.0122],[-73.37693,5.01591],[-73.37998,5.01649]]]}},{"type":"Feature","properties":{"codigo":"15762","municipio":"Sora","provincia":"Centro","predios_urbanos_igac":244,"predios_rurales_igac":1836,"area_km2":47.79,"area_urbana_ha":25.99,"pct_urbano":0.544,"pct_rural":99.456,"pct_de_boyaca":0.207,"jerarquia_urbana":82,"categoria_urbana":"Núcleo urbano básico","valor_agregado":41.24,"empresas_matriculadas":15,"empresas_renovadas":46,"empresas_canceladas":4,"comfaboy_empresas":6,"comfaboy_empleos":36,"pob_0_6":373,"pob_7_14":426,"pob_15_17":151,"pob_18_26":436,"pob_27_59":1267,"pob_60_mas":586,"hombres":1679,"mujeres":1560,"poblacion":3239,"captaciones":80.73,"colocaciones":340.4,"finagro":4266.51,"bancoldex":22.61,"icm_puesto":null,"produccion_agricola_ton":14488.51,"bovinos":3776,"icfes":256,"matricula_escolar":544,"establecimientos_educativos":1,"ips":1,"camas":0,"regimen_contributivo":273,"regimen_especial":2,"regimen_subsidiado":1974,"acueductos":4,"riesgo_agua":"Medio","eventos_riesgo":4,"densidad_hab_km2":67.78,"valor_agregado_por_hab_millones":12.732,"pred_urbanos":244,"pred_vivienda_rural":6,"pred_agropecuarios":1830,"pred_atipicos":0,"ha_urbana_predios":22.59,"ha_vivienda_rural":0.1,"ha_agropecuaria":4761.54},"geometry":{"type":"Polygon","coordinates":[[[-73.41646,5.61981],[-73.42015,5.61947],[-73.4243,5.61593],[-73.42742,5.61533],[-73.42946,5.61376],[-73.42953,5.61271],[-73.43137,5.61193],[-73.43152,5.6114],[-73.43229,5.61227],[-73.43405,5.61265],[-73.44011,5.60988],[-73.44329,5.60678],[-73.44299,5.60528],[-73.44397,5.60411],[-73.44411,5.60319],[-73.44334,5.60054],[-73.44816,5.59866],[-73.45236,5.59357],[-73.45521,5.59256],[-73.45634,5.59271],[-73.45909,5.59139],[-73.46189,5.59095],[-73.46331,5.59228],[-73.46499,5.59226],[-73.46607,5.59121],[-73.47243,5.58963],[-73.47421,5.58645],[-73.47842,5.5848],[-73.48217,5.58266],[-73.48557,5.57979],[-73.4904,5.57328],[-73.4989,5.5595],[-73.4976,5.55835],[-73.49575,5.55762],[-73.49473,5.55469],[-73.49407,5.55436],[-73.49372,5.55333],[-73.49247,5.55313],[-73.49045,5.55164],[-73.4906,5.54874],[-73.48993,5.54832],[-73.48635,5.54804],[-73.48148,5.54843],[-73.47995,5.54982],[-73.47782,5.54933],[-73.47657,5.55086],[-73.47402,5.55067],[-73.47252,5.55007],[-73.47029,5.55024],[-73.46912,5.54962],[-73.46756,5.5511],[-73.4666,5.55085],[-73.46632,5.55353],[-73.46348,5.55399],[-73.46344,5.55489],[-73.46157,5.55544],[-73.46099,5.55512],[-73.46014,5.5555],[-73.45859,5.55375],[-73.45719,5.55294],[-73.45483,5.55618],[-73.45076,5.55628],[-73.44775,5.55563],[-73.44602,5.55688],[-73.44183,5.55672],[-73.43802,5.55963],[-73.43454,5.56361],[-73.4318,5.56365],[-73.42883,5.56522],[-73.42755,5.56343],[-73.42465,5.56239],[-73.4225,5.56073],[-73.41905,5.56215],[-73.41773,5.56359],[-73.41606,5.56445],[-73.41521,5.5641],[-73.41416,5.56454],[-73.4124,5.56603],[-73.40846,5.57359],[-73.40342,5.5785],[-73.40099,5.58182],[-73.3978,5.58406],[-73.39542,5.58667],[-73.39527,5.58825],[-73.39568,5.58962],[-73.39743,5.59086],[-73.39905,5.59383],[-73.39964,5.59391],[-73.39977,5.59608],[-73.40121,5.59828],[-73.40144,5.59975],[-73.40636,5.60827],[-73.40611,5.61149],[-73.40669,5.61252],[-73.40953,5.61384],[-73.40968,5.61506],[-73.41216,5.61824],[-73.41646,5.61981]]]}},{"type":"Feature","properties":{"codigo":"15763","municipio":"Sotaquirá","provincia":"Centro","predios_urbanos_igac":371,"predios_rurales_igac":7551,"area_km2":285.18,"area_urbana_ha":31.58,"pct_urbano":0.111,"pct_rural":99.889,"pct_de_boyaca":1.233,"jerarquia_urbana":67,"categoria_urbana":"Centro urbano local","valor_agregado":161.91,"empresas_matriculadas":31,"empresas_renovadas":177,"empresas_canceladas":22,"comfaboy_empresas":77,"comfaboy_empleos":1003,"pob_0_6":1002,"pob_7_14":1134,"pob_15_17":410,"pob_18_26":1103,"pob_27_59":3447,"pob_60_mas":1695,"hombres":4541,"mujeres":4250,"poblacion":8791,"captaciones":16604.92,"colocaciones":20198.26,"finagro":12744.21,"bancoldex":278.8,"icm_puesto":null,"produccion_agricola_ton":16923.45,"bovinos":20969,"icfes":272.5,"matricula_escolar":1316,"establecimientos_educativos":2,"ips":2,"camas":0,"regimen_contributivo":1445,"regimen_especial":7,"regimen_subsidiado":4049,"acueductos":10,"riesgo_agua":"Medio","eventos_riesgo":9,"densidad_hab_km2":30.83,"valor_agregado_por_hab_millones":18.418,"pred_urbanos":371,"pred_vivienda_rural":110,"pred_agropecuarios":7441,"pred_atipicos":0,"ha_urbana_predios":27.57,"ha_vivienda_rural":2.01,"ha_agropecuaria":28943.6},"geometry":{"type":"Polygon","coordinates":[[[-73.35106,5.87246],[-73.35147,5.87257],[-73.35033,5.87008],[-73.3508,5.86793],[-73.35045,5.86537],[-73.3497,5.86389],[-73.35021,5.86158],[-73.34978,5.8597],[-73.35079,5.85702],[-73.35009,5.85359],[-73.35046,5.85169],[-73.34575,5.84225],[-73.34879,5.84159],[-73.3491,5.84107],[-73.34951,5.83911],[-73.34864,5.83434],[-73.34921,5.83351],[-73.35242,5.83255],[-73.35343,5.83139],[-73.35294,5.82879],[-73.35139,5.82628],[-73.35113,5.82314],[-73.3525,5.82087],[-73.3551,5.81953],[-73.35619,5.81835],[-73.35659,5.81712],[-73.35709,5.80987],[-73.3568,5.80401],[-73.35581,5.80201],[-73.35515,5.79892],[-73.3538,5.79689],[-73.35012,5.79352],[-73.34871,5.79359],[-73.35029,5.79012],[-73.34809,5.78854],[-73.34752,5.78418],[-73.34559,5.78191],[-73.34508,5.7805],[-73.34352,5.77433],[-73.34409,5.77128],[-73.34338,5.76819],[-73.33948,5.76831],[-73.33453,5.76735],[-73.3362,5.76258],[-73.33567,5.75997],[-73.33368,5.75722],[-73.33039,5.75529],[-73.32838,5.75083],[-73.32714,5.74609],[-73.32511,5.74281],[-73.32495,5.74138],[-73.32322,5.73879],[-73.3226,5.73883],[-73.32178,5.73794],[-73.32099,5.7353],[-73.31993,5.73558],[-73.31763,5.73257],[-73.3165,5.72839],[-73.31509,5.72783],[-73.31439,5.72601],[-73.31327,5.72521],[-73.31175,5.72501],[-73.31163,5.72379],[-73.30964,5.71963],[-73.3095,5.71801],[-73.30842,5.7181],[-73.30819,5.7171],[-73.30765,5.71719],[-73.30571,5.71552],[-73.30539,5.71602],[-73.30431,5.71587],[-73.3041,5.71431],[-73.30279,5.71441],[-73.30208,5.71516],[-73.30195,5.71414],[-73.30114,5.71431],[-73.30128,5.71375],[-73.30039,5.71319],[-73.30042,5.71223],[-73.30147,5.71088],[-73.30102,5.70925],[-73.29937,5.70899],[-73.30004,5.70866],[-73.30002,5.70822],[-73.29895,5.70806],[-73.29904,5.70735],[-73.29768,5.70547],[-73.29608,5.70523],[-73.29621,5.7043],[-73.29503,5.70444],[-73.29298,5.70306],[-73.29312,5.70258],[-73.29359,5.70288],[-73.29399,5.70238],[-73.29365,5.70237],[-73.29368,5.70168],[-73.2943,5.70006],[-73.2939,5.69876],[-73.29471,5.69762],[-73.29416,5.6966],[-73.294,5.69707],[-73.29278,5.69665],[-73.29222,5.69711],[-73.29295,5.69745],[-73.29258,5.69803],[-73.29232,5.69742],[-73.29107,5.6976],[-73.2913,5.69836],[-73.29194,5.69831],[-73.29114,5.69928],[-73.29019,5.69951],[-73.29046,5.70005],[-73.28887,5.69953],[-73.28774,5.69973],[-73.28731,5.70049],[-73.28675,5.70019],[-73.28631,5.70179],[-73.28566,5.70224],[-73.28521,5.70182],[-73.28435,5.70295],[-73.28143,5.70299],[-73.28104,5.70453],[-73.27942,5.70565],[-73.27886,5.70662],[-73.27779,5.7068],[-73.27796,5.70559],[-73.27761,5.70531],[-73.27735,5.70657],[-73.27658,5.70708],[-73.27634,5.70651],[-73.27527,5.70615],[-73.27519,5.70677],[-73.27558,5.70674],[-73.27512,5.70742],[-73.27437,5.70695],[-73.27467,5.70856],[-73.27368,5.7084],[-73.2729,5.70901],[-73.27235,5.70864],[-73.27221,5.70899],[-73.27022,5.70758],[-73.27008,5.70661],[-73.26902,5.70598],[-73.26847,5.70423],[-73.26658,5.70486],[-73.26445,5.70436],[-73.26312,5.70343],[-73.25941,5.70477],[-73.25646,5.70429],[-73.25445,5.70632],[-73.2518,5.70465],[-73.25072,5.70567],[-73.25012,5.70562],[-73.2497,5.70686],[-73.24941,5.70646],[-73.24833,5.70805],[-73.24748,5.70807],[-73.24756,5.70727],[-73.24682,5.70749],[-73.24604,5.70669],[-73.24406,5.70689],[-73.24378,5.70821],[-73.24279,5.70903],[-73.23319,5.71288],[-73.23013,5.71485],[-73.22222,5.72675],[-73.22006,5.72896],[-73.20355,5.73656],[-73.20244,5.73838],[-73.20281,5.73928],[-73.19945,5.74156],[-73.19903,5.73994],[-73.20058,5.73913],[-73.20155,5.73768],[-73.20042,5.7364],[-73.20066,5.735],[-73.20002,5.73386],[-73.19789,5.73197],[-73.19447,5.73105],[-73.19251,5.72923],[-73.19127,5.72869],[-73.19119,5.72706],[-73.19249,5.72462],[-73.18873,5.72301],[-73.18064,5.7163],[-73.17779,5.72104],[-73.17827,5.72228],[-73.18026,5.72365],[-73.18057,5.72522],[-73.17906,5.72442],[-73.17559,5.72396],[-73.16746,5.72585],[-73.16492,5.72593],[-73.16499,5.72645],[-73.16104,5.72654],[-73.15584,5.72737],[-73.15564,5.72953],[-73.15709,5.73078],[-73.15532,5.73324],[-73.15464,5.73625],[-73.16162,5.74101],[-73.16432,5.74209],[-73.16853,5.74488],[-73.16763,5.7461],[-73.16894,5.74773],[-73.16716,5.748],[-73.16716,5.74932],[-73.1687,5.75226],[-73.169,5.75207],[-73.17024,5.75379],[-73.17145,5.75679],[-73.17432,5.75988],[-73.17417,5.7628],[-73.17512,5.76622],[-73.1712,5.76947],[-73.17384,5.77203],[-73.17052,5.77785],[-73.16935,5.78318],[-73.17073,5.78841],[-73.17034,5.78956],[-73.16848,5.78962],[-73.1652,5.79114],[-73.15737,5.80099],[-73.1454,5.8108],[-73.14031,5.81815],[-73.13744,5.82111],[-73.13239,5.83435],[-73.13419,5.84062],[-73.13325,5.84309],[-73.1339,5.84659],[-73.13301,5.84845],[-73.13143,5.84987],[-73.12995,5.85481],[-73.13264,5.85454],[-73.14121,5.85189],[-73.14365,5.8519],[-73.14678,5.85307],[-73.14969,5.85317],[-73.15146,5.8518],[-73.15427,5.85087],[-73.15907,5.85216],[-73.16122,5.85103],[-73.16358,5.8478],[-73.16536,5.84814],[-73.17049,5.85086],[-73.17364,5.85156],[-73.1821,5.85006],[-73.18398,5.85045],[-73.18572,5.849],[-73.18645,5.84619],[-73.19029,5.84364],[-73.19375,5.83752],[-73.19474,5.83676],[-73.19482,5.83536],[-73.19739,5.83412],[-73.20027,5.83363],[-73.20098,5.83301],[-73.20196,5.82924],[-73.20495,5.82658],[-73.20635,5.82614],[-73.21095,5.82645],[-73.21669,5.82407],[-73.22271,5.82409],[-73.22525,5.82502],[-73.22895,5.82494],[-73.23237,5.82299],[-73.23359,5.82076],[-73.23597,5.81927],[-73.2382,5.81882],[-73.24073,5.81724],[-73.24404,5.81767],[-73.24689,5.81596],[-73.24999,5.8172],[-73.25174,5.81848],[-73.25318,5.8213],[-73.2574,5.82632],[-73.25781,5.82953],[-73.25878,5.83134],[-73.26042,5.8325],[-73.26251,5.83269],[-73.26528,5.83494],[-73.26605,5.83857],[-73.26449,5.84126],[-73.26394,5.84527],[-73.26888,5.8525],[-73.27048,5.85355],[-73.27494,5.85426],[-73.28347,5.86023],[-73.28296,5.85614],[-73.28376,5.85399],[-73.28825,5.85102],[-73.29007,5.85036],[-73.29474,5.85065],[-73.29798,5.85231],[-73.30254,5.85372],[-73.30483,5.85262],[-73.30749,5.85379],[-73.3107,5.85422],[-73.31263,5.85618],[-73.31362,5.85489],[-73.31646,5.85493],[-73.31735,5.85325],[-73.31837,5.85324],[-73.31836,5.85228],[-73.31885,5.85178],[-73.32372,5.85155],[-73.32425,5.85161],[-73.32443,5.8524],[-73.32542,5.85171],[-73.32611,5.85207],[-73.32736,5.85121],[-73.32834,5.85171],[-73.32924,5.85154],[-73.33066,5.85265],[-73.33133,5.85485],[-73.3344,5.85701],[-73.33634,5.85994],[-73.34258,5.86173],[-73.34397,5.86549],[-73.34547,5.86662],[-73.34737,5.87008],[-73.3483,5.87124],[-73.35106,5.87246]]]}},{"type":"Feature","properties":{"codigo":"15764","municipio":"Soracá","provincia":"Centro","predios_urbanos_igac":513,"predios_rurales_igac":3851,"area_km2":55.77,"area_urbana_ha":30.3,"pct_urbano":0.543,"pct_rural":99.457,"pct_de_boyaca":0.241,"jerarquia_urbana":72,"categoria_urbana":"Centro urbano local","valor_agregado":137.22,"empresas_matriculadas":45,"empresas_renovadas":180,"empresas_canceladas":38,"comfaboy_empresas":46,"comfaboy_empleos":797,"pob_0_6":745,"pob_7_14":952,"pob_15_17":329,"pob_18_26":836,"pob_27_59":2516,"pob_60_mas":1052,"hombres":3197,"mujeres":3233,"poblacion":6430,"captaciones":15905.61,"colocaciones":417.48,"finagro":12079.03,"bancoldex":65.06,"icm_puesto":null,"produccion_agricola_ton":43531.62,"bovinos":7919,"icfes":294,"matricula_escolar":1851,"establecimientos_educativos":4,"ips":1,"camas":0,"regimen_contributivo":963,"regimen_especial":4,"regimen_subsidiado":4740,"acueductos":9,"riesgo_agua":"Medio","eventos_riesgo":3,"densidad_hab_km2":115.29,"valor_agregado_por_hab_millones":21.341,"pred_urbanos":513,"pred_vivienda_rural":52,"pred_agropecuarios":3799,"pred_atipicos":0,"ha_urbana_predios":26.18,"ha_vivienda_rural":0.58,"ha_agropecuaria":5556.41},"geometry":{"type":"Polygon","coordinates":[[[-73.31943,5.54343],[-73.32005,5.53839],[-73.3212,5.53478],[-73.32032,5.53452],[-73.32049,5.53018],[-73.32111,5.52895],[-73.32291,5.52772],[-73.32266,5.52675],[-73.32413,5.52584],[-73.33509,5.52405],[-73.33629,5.52491],[-73.33894,5.5257],[-73.34013,5.52669],[-73.34343,5.51851],[-73.34724,5.51436],[-73.34951,5.50992],[-73.35098,5.50862],[-73.35289,5.50579],[-73.35443,5.50149],[-73.35761,5.49822],[-73.35202,5.49466],[-73.35064,5.49246],[-73.34848,5.49235],[-73.34992,5.48848],[-73.3528,5.48507],[-73.35375,5.48171],[-73.35928,5.47709],[-73.36119,5.47411],[-73.35845,5.4736],[-73.35257,5.4758],[-73.35091,5.47581],[-73.34738,5.47355],[-73.34609,5.47174],[-73.34396,5.46993],[-73.34026,5.46972],[-73.33984,5.46876],[-73.33851,5.46837],[-73.33763,5.46684],[-73.33812,5.46543],[-73.33804,5.45953],[-73.339,5.45626],[-73.33853,5.45367],[-73.34165,5.4512],[-73.34264,5.4485],[-73.33604,5.4467],[-73.33451,5.44453],[-73.33462,5.44136],[-73.33203,5.44035],[-73.32898,5.4437],[-73.32654,5.44475],[-73.32409,5.44709],[-73.32353,5.44825],[-73.32265,5.44892],[-73.32084,5.44927],[-73.32034,5.45001],[-73.31716,5.44784],[-73.31756,5.44466],[-73.31645,5.44407],[-73.31651,5.44324],[-73.31476,5.44356],[-73.31444,5.44556],[-73.31515,5.44691],[-73.31437,5.44996],[-73.31361,5.45094],[-73.31161,5.45831],[-73.30963,5.46219],[-73.31015,5.46393],[-73.31002,5.46581],[-73.30783,5.46728],[-73.3039,5.47206],[-73.30066,5.47291],[-73.29817,5.47438],[-73.29458,5.47747],[-73.29192,5.48064],[-73.28571,5.48392],[-73.28532,5.48476],[-73.28662,5.48628],[-73.28751,5.4887],[-73.28769,5.49686],[-73.27846,5.50627],[-73.27839,5.50707],[-73.27908,5.50745],[-73.27913,5.50937],[-73.2804,5.5142],[-73.28468,5.51759],[-73.28476,5.52417],[-73.28775,5.52383],[-73.29099,5.52477],[-73.29543,5.52508],[-73.29629,5.52616],[-73.29518,5.52683],[-73.29795,5.53473],[-73.29999,5.53517],[-73.30192,5.53612],[-73.30314,5.53757],[-73.30722,5.53905],[-73.30808,5.54324],[-73.31943,5.54343]]]}},{"type":"Feature","properties":{"codigo":"15774","municipio":"Susacón","provincia":"Norte","predios_urbanos_igac":365,"predios_rurales_igac":3195,"area_km2":182.57,"area_urbana_ha":40.97,"pct_urbano":0.224,"pct_rural":99.776,"pct_de_boyaca":0.789,"jerarquia_urbana":51,"categoria_urbana":"Centro urbano local","valor_agregado":51.22,"empresas_matriculadas":10,"empresas_renovadas":64,"empresas_canceladas":4,"comfaboy_empresas":12,"comfaboy_empleos":332,"pob_0_6":220,"pob_7_14":306,"pob_15_17":114,"pob_18_26":315,"pob_27_59":1120,"pob_60_mas":793,"hombres":1479,"mujeres":1389,"poblacion":2868,"captaciones":333509.68,"colocaciones":6409.36,"finagro":2653.26,"bancoldex":66.68,"icm_puesto":null,"produccion_agricola_ton":16606.01,"bovinos":6780,"icfes":245,"matricula_escolar":279,"establecimientos_educativos":1,"ips":1,"camas":0,"regimen_contributivo":147,"regimen_especial":3,"regimen_subsidiado":1689,"acueductos":4,"riesgo_agua":"Medio","eventos_riesgo":3,"densidad_hab_km2":15.71,"valor_agregado_por_hab_millones":17.859,"pred_urbanos":365,"pred_vivienda_rural":16,"pred_agropecuarios":3179,"pred_atipicos":0,"ha_urbana_predios":37.65,"ha_vivienda_rural":0.34,"ha_agropecuaria":18138.63},"geometry":{"type":"Polygon","coordinates":[[[-72.72767,6.29755],[-72.73014,6.29712],[-72.73315,6.29561],[-72.73596,6.2904],[-72.73933,6.28892],[-72.74007,6.28817],[-72.74202,6.27963],[-72.74294,6.27796],[-72.74586,6.27488],[-72.74482,6.26633],[-72.7458,6.26236],[-72.74425,6.26076],[-72.74379,6.25933],[-72.74967,6.25256],[-72.74993,6.2515],[-72.74827,6.24843],[-72.74792,6.24687],[-72.7489,6.24248],[-72.74876,6.2391],[-72.74847,6.23795],[-72.74766,6.23718],[-72.74453,6.23533],[-72.74406,6.23241],[-72.74468,6.22918],[-72.74551,6.22802],[-72.7494,6.22671],[-72.75048,6.22362],[-72.75495,6.21881],[-72.75884,6.21863],[-72.76188,6.21747],[-72.76324,6.21824],[-72.76422,6.22001],[-72.7671,6.22031],[-72.76774,6.21993],[-72.76959,6.21727],[-72.77079,6.21437],[-72.77502,6.21048],[-72.77963,6.21041],[-72.78104,6.2121],[-72.78348,6.21389],[-72.79337,6.21894],[-72.7957,6.2185],[-72.79803,6.21715],[-72.80374,6.21597],[-72.80403,6.21541],[-72.80335,6.21247],[-72.8037,6.20965],[-72.8065,6.20698],[-72.80977,6.20182],[-72.81026,6.19598],[-72.81126,6.19192],[-72.81634,6.18476],[-72.81893,6.18309],[-72.81957,6.18218],[-72.81984,6.18093],[-72.81905,6.17885],[-72.81961,6.17637],[-72.82466,6.16998],[-72.82512,6.16707],[-72.82619,6.1655],[-72.82541,6.15805],[-72.82071,6.15702],[-72.81469,6.16064],[-72.81311,6.16103],[-72.8107,6.16056],[-72.80941,6.15978],[-72.80958,6.16267],[-72.80905,6.16566],[-72.80717,6.16847],[-72.80555,6.16947],[-72.80489,6.17078],[-72.80345,6.17138],[-72.8026,6.17319],[-72.80034,6.17315],[-72.79937,6.17473],[-72.798,6.1747],[-72.79406,6.17735],[-72.78974,6.17844],[-72.78717,6.17845],[-72.78585,6.1796],[-72.7827,6.18025],[-72.78151,6.17847],[-72.78037,6.17829],[-72.77924,6.17729],[-72.77933,6.17686],[-72.77718,6.17637],[-72.77599,6.17678],[-72.77517,6.17604],[-72.77246,6.17692],[-72.77006,6.17673],[-72.7698,6.17745],[-72.76787,6.17689],[-72.767,6.17709],[-72.76647,6.17598],[-72.76479,6.17618],[-72.76325,6.17551],[-72.76284,6.17514],[-72.76308,6.17455],[-72.76147,6.17374],[-72.76125,6.17257],[-72.76752,6.16757],[-72.76854,6.16519],[-72.76862,6.16364],[-72.76802,6.16218],[-72.76837,6.1601],[-72.76772,6.15855],[-72.76771,6.1558],[-72.76725,6.15534],[-72.76725,6.15306],[-72.76806,6.14993],[-72.7664,6.15046],[-72.76401,6.15314],[-72.76018,6.15444],[-72.75923,6.15382],[-72.7532,6.15371],[-72.74962,6.15234],[-72.74882,6.15154],[-72.74328,6.1563],[-72.74065,6.15682],[-72.73847,6.1579],[-72.73454,6.15706],[-72.73076,6.15796],[-72.72742,6.15772],[-72.72431,6.15886],[-72.72235,6.15835],[-72.72156,6.15664],[-72.71883,6.15698],[-72.71666,6.15652],[-72.71587,6.15768],[-72.71236,6.1583],[-72.71004,6.16015],[-72.70866,6.1623],[-72.70437,6.16409],[-72.70196,6.16453],[-72.69804,6.16676],[-72.69624,6.16671],[-72.69377,6.1676],[-72.69204,6.17094],[-72.69061,6.17234],[-72.69095,6.17476],[-72.6894,6.17747],[-72.68768,6.17911],[-72.68546,6.18011],[-72.68136,6.18086],[-72.68069,6.183],[-72.67251,6.18354],[-72.66978,6.18162],[-72.66562,6.18125],[-72.65988,6.17942],[-72.65083,6.18011],[-72.64687,6.18149],[-72.64537,6.18092],[-72.63704,6.17982],[-72.63538,6.18057],[-72.63577,6.18138],[-72.63481,6.18615],[-72.63511,6.18927],[-72.63305,6.19285],[-72.63404,6.19522],[-72.63415,6.19741],[-72.63222,6.19944],[-72.63201,6.20037],[-72.63265,6.20342],[-72.63546,6.2088],[-72.63575,6.21083],[-72.63594,6.21294],[-72.63466,6.21586],[-72.63558,6.21992],[-72.63504,6.22252],[-72.63519,6.22613],[-72.63621,6.22788],[-72.63872,6.2292],[-72.63882,6.23226],[-72.64046,6.23368],[-72.63997,6.2375],[-72.64126,6.23883],[-72.6415,6.23987],[-72.64023,6.24537],[-72.64058,6.24631],[-72.64222,6.24746],[-72.64252,6.24817],[-72.64271,6.25153],[-72.64164,6.25323],[-72.64092,6.2565],[-72.64184,6.25867],[-72.64152,6.25972],[-72.64183,6.26113],[-72.64112,6.262],[-72.64133,6.26373],[-72.64034,6.26514],[-72.64047,6.26585],[-72.64211,6.2675],[-72.64232,6.26863],[-72.63983,6.27416],[-72.64021,6.27733],[-72.64123,6.27909],[-72.64519,6.27621],[-72.64827,6.27533],[-72.65062,6.2681],[-72.65251,6.26682],[-72.65432,6.26677],[-72.65432,6.2672],[-72.65951,6.26159],[-72.66012,6.26472],[-72.65975,6.26722],[-72.66052,6.27097],[-72.66201,6.27399],[-72.66323,6.27191],[-72.66712,6.27004],[-72.66874,6.26735],[-72.66992,6.26674],[-72.67391,6.25997],[-72.6753,6.25882],[-72.67679,6.25808],[-72.68013,6.25905],[-72.68423,6.25777],[-72.6875,6.25763],[-72.68954,6.25862],[-72.69128,6.26083],[-72.69262,6.2647],[-72.6917,6.26803],[-72.69298,6.27127],[-72.69298,6.27298],[-72.69595,6.27641],[-72.69852,6.27834],[-72.70337,6.27877],[-72.70419,6.28035],[-72.70481,6.28347],[-72.70587,6.28497],[-72.70908,6.28585],[-72.7104,6.28686],[-72.71352,6.28677],[-72.71515,6.2877],[-72.71583,6.28911],[-72.71969,6.29011],[-72.72231,6.29267],[-72.72273,6.29751],[-72.72736,6.29692],[-72.72767,6.29755]]]}},{"type":"Feature","properties":{"codigo":"15776","municipio":"Sutamarchán","provincia":"Ricaurte","predios_urbanos_igac":923,"predios_rurales_igac":4421,"area_km2":103.55,"area_urbana_ha":52.63,"pct_urbano":0.508,"pct_rural":99.492,"pct_de_boyaca":0.448,"jerarquia_urbana":37,"categoria_urbana":"Centro urbano local","valor_agregado":194.15,"empresas_matriculadas":38,"empresas_renovadas":152,"empresas_canceladas":28,"comfaboy_empresas":47,"comfaboy_empleos":477,"pob_0_6":611,"pob_7_14":791,"pob_15_17":302,"pob_18_26":849,"pob_27_59":2736,"pob_60_mas":1298,"hombres":3323,"mujeres":3264,"poblacion":6587,"captaciones":166902.5,"colocaciones":29280.98,"finagro":8164.46,"bancoldex":58.7,"icm_puesto":null,"produccion_agricola_ton":37667.19,"bovinos":4455,"icfes":251.5,"matricula_escolar":899,"establecimientos_educativos":2,"ips":5,"camas":0,"regimen_contributivo":699,"regimen_especial":9,"regimen_subsidiado":4733,"acueductos":4,"riesgo_agua":"Alto","eventos_riesgo":6,"densidad_hab_km2":63.61,"valor_agregado_por_hab_millones":29.475,"pred_urbanos":923,"pred_vivienda_rural":122,"pred_agropecuarios":4299,"pred_atipicos":0,"ha_urbana_predios":44.06,"ha_vivienda_rural":2.0,"ha_agropecuaria":10134.69},"geometry":{"type":"Polygon","coordinates":[[[-73.65253,5.7022],[-73.65322,5.70252],[-73.65652,5.69201],[-73.65997,5.68852],[-73.66195,5.68539],[-73.66792,5.67921],[-73.66921,5.67682],[-73.67034,5.67256],[-73.67031,5.66643],[-73.67081,5.66463],[-73.67273,5.65993],[-73.67538,5.65588],[-73.6773,5.65039],[-73.67763,5.64347],[-73.67834,5.64159],[-73.68063,5.6384],[-73.68075,5.63657],[-73.67941,5.63213],[-73.67724,5.62745],[-73.67408,5.6237],[-73.67336,5.62179],[-73.67167,5.6195],[-73.67137,5.61795],[-73.6737,5.61651],[-73.67386,5.61531],[-73.67331,5.61423],[-73.67026,5.61128],[-73.66802,5.61065],[-73.66654,5.60963],[-73.66529,5.61018],[-73.66479,5.61166],[-73.66181,5.61051],[-73.65715,5.60996],[-73.65578,5.60886],[-73.64512,5.61402],[-73.64463,5.61543],[-73.64526,5.61648],[-73.64334,5.61755],[-73.6421,5.61705],[-73.64158,5.61565],[-73.63865,5.61563],[-73.63714,5.61618],[-73.63655,5.61512],[-73.63478,5.61452],[-73.63351,5.61487],[-73.63254,5.61424],[-73.6315,5.60884],[-73.63075,5.60866],[-73.63081,5.60756],[-73.62983,5.60679],[-73.62959,5.60549],[-73.62713,5.60323],[-73.62524,5.60312],[-73.62549,5.5972],[-73.62655,5.59457],[-73.62665,5.59069],[-73.62918,5.58465],[-73.62936,5.58304],[-73.62892,5.58122],[-73.62796,5.5805],[-73.62649,5.57775],[-73.62711,5.57571],[-73.62623,5.57267],[-73.62636,5.57121],[-73.62451,5.56973],[-73.62224,5.56986],[-73.61742,5.57125],[-73.61581,5.57322],[-73.61279,5.5727],[-73.61112,5.57423],[-73.60799,5.57515],[-73.60344,5.57863],[-73.60295,5.57964],[-73.60319,5.58088],[-73.60252,5.58223],[-73.60021,5.58173],[-73.59891,5.58221],[-73.59822,5.58448],[-73.59665,5.58652],[-73.5912,5.58765],[-73.58923,5.58711],[-73.58783,5.58726],[-73.58561,5.58907],[-73.58264,5.58987],[-73.58071,5.58954],[-73.57992,5.59072],[-73.5791,5.5982],[-73.5773,5.60016],[-73.57679,5.60248],[-73.57832,5.6038],[-73.57903,5.60533],[-73.57844,5.61129],[-73.57802,5.6118],[-73.57937,5.61424],[-73.57895,5.61581],[-73.57934,5.61627],[-73.57998,5.61604],[-73.57941,5.61819],[-73.58012,5.61964],[-73.57987,5.62186],[-73.58149,5.62463],[-73.58027,5.62529],[-73.58097,5.62683],[-73.58189,5.62718],[-73.58205,5.62805],[-73.58274,5.6281],[-73.58219,5.62961],[-73.58262,5.63086],[-73.58554,5.63134],[-73.5856,5.63096],[-73.5875,5.63074],[-73.58968,5.63257],[-73.58879,5.63501],[-73.5906,5.639],[-73.58957,5.64013],[-73.59002,5.64264],[-73.58883,5.64572],[-73.59004,5.64768],[-73.59092,5.64799],[-73.59115,5.64883],[-73.59043,5.64918],[-73.58977,5.64827],[-73.58906,5.65093],[-73.58727,5.65422],[-73.58465,5.66099],[-73.58288,5.66037],[-73.58205,5.66078],[-73.58189,5.66459],[-73.58109,5.66553],[-73.58031,5.6653],[-73.58039,5.66626],[-73.57954,5.66703],[-73.57966,5.66802],[-73.5785,5.66953],[-73.57688,5.67055],[-73.57692,5.67121],[-73.57841,5.67195],[-73.57912,5.67341],[-73.57776,5.67517],[-73.58071,5.67696],[-73.58298,5.6768],[-73.58362,5.67621],[-73.58801,5.67668],[-73.59,5.6786],[-73.59351,5.68054],[-73.59671,5.68029],[-73.60295,5.68078],[-73.60409,5.68206],[-73.60598,5.68196],[-73.6069,5.68339],[-73.61024,5.68362],[-73.61297,5.68558],[-73.61495,5.68505],[-73.61815,5.68627],[-73.61886,5.68719],[-73.62117,5.6886],[-73.62196,5.69144],[-73.62271,5.69236],[-73.62217,5.69359],[-73.62241,5.6944],[-73.62618,5.69514],[-73.62792,5.69408],[-73.63245,5.69338],[-73.63453,5.69539],[-73.63515,5.69727],[-73.63634,5.69842],[-73.64002,5.69918],[-73.64149,5.69819],[-73.64258,5.69867],[-73.64359,5.69827],[-73.64534,5.69971],[-73.64697,5.69991],[-73.65253,5.7022]]]}},{"type":"Feature","properties":{"codigo":"15778","municipio":"Sutatenza","provincia":"Oriente","predios_urbanos_igac":389,"predios_rurales_igac":5230,"area_km2":41.15,"area_urbana_ha":40.63,"pct_urbano":0.987,"pct_rural":99.013,"pct_de_boyaca":0.178,"jerarquia_urbana":52,"categoria_urbana":"Centro urbano local","valor_agregado":91.35,"empresas_matriculadas":24,"empresas_renovadas":79,"empresas_canceladas":8,"comfaboy_empresas":14,"comfaboy_empleos":46,"pob_0_6":318,"pob_7_14":454,"pob_15_17":173,"pob_18_26":449,"pob_27_59":1717,"pob_60_mas":1425,"hombres":2221,"mujeres":2315,"poblacion":4536,"captaciones":52.5,"colocaciones":99.18,"finagro":2870.07,"bancoldex":6.17,"icm_puesto":null,"produccion_agricola_ton":3975.07,"bovinos":3502,"icfes":245,"matricula_escolar":349,"establecimientos_educativos":2,"ips":1,"camas":0,"regimen_contributivo":495,"regimen_especial":2,"regimen_subsidiado":2305,"acueductos":2,"riesgo_agua":"Bajo","eventos_riesgo":7,"densidad_hab_km2":110.23,"valor_agregado_por_hab_millones":20.139,"pred_urbanos":389,"pred_vivienda_rural":19,"pred_agropecuarios":5211,"pred_atipicos":0,"ha_urbana_predios":34.62,"ha_vivienda_rural":0.45,"ha_agropecuaria":4021.96},"geometry":{"type":"Polygon","coordinates":[[[-73.41883,5.05619],[-73.42076,5.05461],[-73.42131,5.05333],[-73.42257,5.05234],[-73.42417,5.04989],[-73.42362,5.04863],[-73.42361,5.04687],[-73.42456,5.04509],[-73.42436,5.04432],[-73.4251,5.04218],[-73.4268,5.04109],[-73.42688,5.03962],[-73.42765,5.03805],[-73.43184,5.0371],[-73.43612,5.03703],[-73.43952,5.03885],[-73.44189,5.03917],[-73.44277,5.03995],[-73.44605,5.0392],[-73.44835,5.03995],[-73.45002,5.04411],[-73.44929,5.04559],[-73.45001,5.04629],[-73.45395,5.04764],[-73.45579,5.04967],[-73.45758,5.04991],[-73.45926,5.0494],[-73.46478,5.04907],[-73.4659,5.05006],[-73.47068,5.05013],[-73.47361,5.05151],[-73.47492,5.04971],[-73.47797,5.04929],[-73.47781,5.0481],[-73.47876,5.04627],[-73.47994,5.04076],[-73.48224,5.039],[-73.48316,5.0358],[-73.47834,5.03167],[-73.47809,5.03205],[-73.47411,5.02925],[-73.47164,5.02823],[-73.46687,5.02286],[-73.4664,5.02153],[-73.4664,5.01768],[-73.46333,5.01074],[-73.46282,5.00508],[-73.45989,5.00025],[-73.45917,4.99996],[-73.45572,5.00341],[-73.45537,5.00183],[-73.45471,5.00135],[-73.45169,5.00036],[-73.44968,5.00049],[-73.44716,4.99799],[-73.4471,4.99469],[-73.44506,4.99424],[-73.44168,4.99701],[-73.43922,4.99781],[-73.437,5.00331],[-73.43424,5.00326],[-73.43367,5.00576],[-73.43066,5.00592],[-73.43032,5.00809],[-73.4264,5.00958],[-73.42461,5.00964],[-73.42285,5.00805],[-73.41988,5.00786],[-73.41729,5.00837],[-73.41612,5.00779],[-73.41401,5.00774],[-73.41227,5.00894],[-73.41146,5.00899],[-73.40876,5.00771],[-73.40469,5.00769],[-73.40253,5.00667],[-73.39949,5.00725],[-73.3912,5.01314],[-73.38912,5.01403],[-73.3886,5.01525],[-73.38965,5.01738],[-73.39024,5.02122],[-73.39144,5.02393],[-73.39092,5.02541],[-73.39124,5.02784],[-73.39313,5.0308],[-73.39279,5.03238],[-73.39462,5.03463],[-73.39395,5.03668],[-73.39468,5.03874],[-73.39313,5.04077],[-73.39273,5.04417],[-73.39379,5.04803],[-73.39938,5.04922],[-73.40111,5.05011],[-73.40328,5.04779],[-73.40493,5.04839],[-73.40571,5.04675],[-73.4086,5.05044],[-73.41698,5.05582],[-73.41883,5.05619]]]}},{"type":"Feature","properties":{"codigo":"15790","municipio":"Tasco","provincia":"Valderrama","predios_urbanos_igac":660,"predios_rurales_igac":4971,"area_km2":209.61,"area_urbana_ha":33.31,"pct_urbano":0.159,"pct_rural":99.841,"pct_de_boyaca":0.906,"jerarquia_urbana":65,"categoria_urbana":"Centro urbano local","valor_agregado":147.06,"empresas_matriculadas":27,"empresas_renovadas":195,"empresas_canceladas":14,"comfaboy_empresas":36,"comfaboy_empleos":439,"pob_0_6":618,"pob_7_14":803,"pob_15_17":282,"pob_18_26":730,"pob_27_59":2516,"pob_60_mas":1267,"hombres":3154,"mujeres":3062,"poblacion":6216,"captaciones":2.14,"colocaciones":206.54,"finagro":4241.92,"bancoldex":21.52,"icm_puesto":null,"produccion_agricola_ton":1619.85,"bovinos":9583,"icfes":265,"matricula_escolar":959,"establecimientos_educativos":2,"ips":2,"camas":0,"regimen_contributivo":1956,"regimen_especial":24,"regimen_subsidiado":2825,"acueductos":6,"riesgo_agua":"Medio","eventos_riesgo":9,"densidad_hab_km2":29.66,"valor_agregado_por_hab_millones":23.658,"pred_urbanos":660,"pred_vivienda_rural":65,"pred_agropecuarios":4906,"pred_atipicos":0,"ha_urbana_predios":28.08,"ha_vivienda_rural":0.71,"ha_agropecuaria":20288.64},"geometry":{"type":"Polygon","coordinates":[[[-72.74302,5.98719],[-72.74313,5.98789],[-72.74495,5.98738],[-72.74606,5.98475],[-72.74949,5.98368],[-72.75127,5.98197],[-72.75426,5.98219],[-72.75544,5.98177],[-72.7613,5.97673],[-72.76256,5.97547],[-72.76411,5.97185],[-72.76587,5.97032],[-72.76862,5.96564],[-72.77078,5.96363],[-72.77223,5.96329],[-72.77246,5.96205],[-72.77399,5.96083],[-72.77528,5.95879],[-72.77804,5.95775],[-72.77951,5.95403],[-72.78198,5.95378],[-72.78381,5.9523],[-72.78973,5.94201],[-72.7904,5.93707],[-72.79284,5.93309],[-72.79269,5.93135],[-72.79586,5.93027],[-72.80185,5.92949],[-72.80074,5.9269],[-72.79818,5.92505],[-72.79768,5.92234],[-72.79611,5.91978],[-72.7963,5.91889],[-72.79814,5.91771],[-72.79757,5.9142],[-72.79788,5.91225],[-72.79716,5.91084],[-72.79766,5.90676],[-72.79892,5.90584],[-72.79972,5.90285],[-72.80191,5.89924],[-72.80264,5.89897],[-72.80345,5.90008],[-72.80457,5.90007],[-72.80498,5.8992],[-72.80449,5.89808],[-72.80478,5.8974],[-72.80688,5.89722],[-72.80743,5.89593],[-72.80896,5.89476],[-72.81194,5.89435],[-72.81443,5.89275],[-72.81616,5.89243],[-72.81797,5.89009],[-72.82196,5.8865],[-72.82607,5.88129],[-72.82656,5.87859],[-72.82303,5.8777],[-72.82166,5.87448],[-72.81933,5.87232],[-72.81911,5.86994],[-72.81775,5.86991],[-72.81576,5.86713],[-72.81318,5.86622],[-72.81164,5.86453],[-72.81019,5.85962],[-72.80916,5.8581],[-72.80782,5.85745],[-72.80575,5.85525],[-72.8056,5.85444],[-72.80385,5.85398],[-72.80119,5.85192],[-72.80031,5.85209],[-72.79822,5.85394],[-72.79644,5.85315],[-72.7934,5.8528],[-72.78995,5.85017],[-72.79005,5.84925],[-72.78929,5.84741],[-72.78703,5.84677],[-72.78585,5.84486],[-72.77981,5.84551],[-72.77637,5.84784],[-72.7753,5.84771],[-72.77406,5.84549],[-72.77101,5.8436],[-72.76941,5.8398],[-72.75997,5.83255],[-72.75744,5.82772],[-72.75406,5.82688],[-72.75291,5.82578],[-72.75193,5.82081],[-72.7494,5.81833],[-72.74917,5.8151],[-72.74436,5.81939],[-72.73728,5.82251],[-72.73226,5.82369],[-72.72921,5.82516],[-72.72504,5.82528],[-72.72287,5.82662],[-72.72081,5.82598],[-72.71997,5.82733],[-72.71513,5.8285],[-72.71205,5.83013],[-72.71022,5.83174],[-72.70804,5.83248],[-72.70699,5.83375],[-72.70539,5.8347],[-72.70164,5.83578],[-72.70107,5.8346],[-72.69934,5.83402],[-72.6961,5.83428],[-72.6918,5.83341],[-72.68868,5.83214],[-72.68675,5.83208],[-72.68673,5.8273],[-72.68584,5.82218],[-72.68827,5.81875],[-72.68853,5.81726],[-72.68502,5.81517],[-72.68117,5.81439],[-72.67671,5.81175],[-72.67027,5.809],[-72.66672,5.80903],[-72.66451,5.80851],[-72.65496,5.8114],[-72.65238,5.81451],[-72.64845,5.81471],[-72.64613,5.81609],[-72.63934,5.81663],[-72.6383,5.82014],[-72.63837,5.82236],[-72.63705,5.82492],[-72.63456,5.82774],[-72.63163,5.82925],[-72.6314,5.83203],[-72.6305,5.83383],[-72.6291,5.84092],[-72.62862,5.84236],[-72.62776,5.84308],[-72.62827,5.84508],[-72.62776,5.8456],[-72.62797,5.84664],[-72.62706,5.84915],[-72.62852,5.85372],[-72.62815,5.85529],[-72.62876,5.85701],[-72.62954,5.85742],[-72.63006,5.85963],[-72.62809,5.86413],[-72.62827,5.86527],[-72.62744,5.86911],[-72.62643,5.8699],[-72.62669,5.87182],[-72.62558,5.87286],[-72.62632,5.87563],[-72.62305,5.88596],[-72.62327,5.88689],[-72.62258,5.88722],[-72.62277,5.88808],[-72.62391,5.88921],[-72.62257,5.89104],[-72.6213,5.89557],[-72.61912,5.89898],[-72.61762,5.89977],[-72.61624,5.90405],[-72.61711,5.90652],[-72.61789,5.90704],[-72.61812,5.90864],[-72.61893,5.91061],[-72.61939,5.91061],[-72.61999,5.91263],[-72.6213,5.91307],[-72.62219,5.91443],[-72.62498,5.9129],[-72.62642,5.91046],[-72.62724,5.90998],[-72.63407,5.90891],[-72.64253,5.90664],[-72.64688,5.90629],[-72.65069,5.90687],[-72.65298,5.90315],[-72.65697,5.89254],[-72.65274,5.89009],[-72.65346,5.88694],[-72.65321,5.88282],[-72.65533,5.88211],[-72.66246,5.87663],[-72.66475,5.87355],[-72.66561,5.87433],[-72.67336,5.86817],[-72.68052,5.86632],[-72.68451,5.86616],[-72.68674,5.86696],[-72.68991,5.86936],[-72.69467,5.87069],[-72.69612,5.87211],[-72.69764,5.87587],[-72.70147,5.87979],[-72.70389,5.88805],[-72.70653,5.8902],[-72.71021,5.89096],[-72.71111,5.89691],[-72.71039,5.90092],[-72.71099,5.90465],[-72.71195,5.907],[-72.71437,5.91049],[-72.71686,5.91287],[-72.71889,5.92007],[-72.72264,5.92306],[-72.72384,5.92607],[-72.72496,5.92684],[-72.72521,5.92785],[-72.72662,5.9296],[-72.72577,5.93062],[-72.7243,5.93126],[-72.72327,5.93403],[-72.72194,5.93497],[-72.71767,5.93518],[-72.71368,5.93776],[-72.71299,5.93873],[-72.71261,5.94165],[-72.71439,5.94464],[-72.71544,5.94477],[-72.71724,5.94647],[-72.72147,5.94882],[-72.72292,5.94885],[-72.72486,5.94808],[-72.72637,5.94627],[-72.72798,5.94647],[-72.72987,5.94754],[-72.73123,5.94956],[-72.73344,5.9511],[-72.73385,5.95242],[-72.73364,5.95553],[-72.73587,5.95685],[-72.73667,5.95971],[-72.73642,5.96308],[-72.73791,5.96489],[-72.73855,5.96681],[-72.73876,5.96977],[-72.73994,5.97065],[-72.74017,5.97226],[-72.74137,5.97444],[-72.74175,5.9768],[-72.74038,5.98061],[-72.74248,5.98399],[-72.74302,5.98719]]]}},{"type":"Feature","properties":{"codigo":"15798","municipio":"Tenza","provincia":"Oriente","predios_urbanos_igac":778,"predios_rurales_igac":4902,"area_km2":45.84,"area_urbana_ha":38.27,"pct_urbano":0.835,"pct_rural":99.165,"pct_de_boyaca":0.198,"jerarquia_urbana":59,"categoria_urbana":"Centro urbano local","valor_agregado":100.8,"empresas_matriculadas":22,"empresas_renovadas":103,"empresas_canceladas":17,"comfaboy_empresas":27,"comfaboy_empleos":69,"pob_0_6":263,"pob_7_14":386,"pob_15_17":156,"pob_18_26":379,"pob_27_59":1618,"pob_60_mas":1285,"hombres":2008,"mujeres":2079,"poblacion":4087,"captaciones":51947.66,"colocaciones":17378.74,"finagro":4749.49,"bancoldex":64.89,"icm_puesto":null,"produccion_agricola_ton":3849.76,"bovinos":5831,"icfes":277,"matricula_escolar":431,"establecimientos_educativos":1,"ips":2,"camas":0,"regimen_contributivo":569,"regimen_especial":10,"regimen_subsidiado":2293,"acueductos":3,"riesgo_agua":"Alto","eventos_riesgo":5,"densidad_hab_km2":89.16,"valor_agregado_por_hab_millones":24.664,"pred_urbanos":778,"pred_vivienda_rural":50,"pred_agropecuarios":4852,"pred_atipicos":0,"ha_urbana_predios":32.69,"ha_vivienda_rural":0.84,"ha_agropecuaria":4509.05},"geometry":{"type":"Polygon","coordinates":[[[-73.41979,5.12192],[-73.42291,5.11854],[-73.42452,5.11744],[-73.42389,5.11656],[-73.42412,5.11565],[-73.42359,5.11362],[-73.42281,5.11233],[-73.42315,5.11149],[-73.42283,5.10803],[-73.42506,5.10435],[-73.42722,5.10349],[-73.42725,5.10269],[-73.42656,5.10191],[-73.42773,5.10129],[-73.42772,5.1001],[-73.42968,5.09762],[-73.42959,5.09649],[-73.43161,5.09407],[-73.43183,5.09133],[-73.43322,5.08857],[-73.43285,5.08732],[-73.43414,5.08788],[-73.4361,5.08783],[-73.43803,5.08662],[-73.43979,5.08625],[-73.44258,5.08333],[-73.44247,5.08179],[-73.4447,5.08133],[-73.44582,5.08046],[-73.44766,5.07552],[-73.45342,5.07142],[-73.45573,5.07088],[-73.45733,5.0712],[-73.46109,5.07084],[-73.46382,5.06975],[-73.46524,5.06987],[-73.4691,5.06797],[-73.47174,5.06608],[-73.47484,5.06598],[-73.47708,5.0644],[-73.47799,5.06428],[-73.47964,5.06165],[-73.47826,5.06097],[-73.47746,5.05953],[-73.47482,5.05762],[-73.4747,5.05216],[-73.4728,5.0508],[-73.47089,5.05019],[-73.4659,5.05006],[-73.46478,5.04907],[-73.45926,5.0494],[-73.45758,5.04991],[-73.45541,5.04955],[-73.45395,5.04764],[-73.45001,5.04629],[-73.44929,5.04559],[-73.45002,5.04411],[-73.44835,5.03995],[-73.44605,5.0392],[-73.44277,5.03995],[-73.44189,5.03917],[-73.43952,5.03885],[-73.436,5.037],[-73.43184,5.0371],[-73.42765,5.03805],[-73.42688,5.03962],[-73.4268,5.04109],[-73.4251,5.04218],[-73.42436,5.04432],[-73.42456,5.04509],[-73.42361,5.04687],[-73.42362,5.04863],[-73.42417,5.04989],[-73.41902,5.05634],[-73.41698,5.05582],[-73.4086,5.05044],[-73.40571,5.04675],[-73.40493,5.04839],[-73.40328,5.04779],[-73.40111,5.05011],[-73.39938,5.04922],[-73.39379,5.04803],[-73.39383,5.05032],[-73.39201,5.05154],[-73.39199,5.05473],[-73.39002,5.05616],[-73.39115,5.05798],[-73.38964,5.05955],[-73.38886,5.06433],[-73.38896,5.06509],[-73.39035,5.06678],[-73.3902,5.06876],[-73.38667,5.07135],[-73.38703,5.07411],[-73.38657,5.07687],[-73.3851,5.0794],[-73.3851,5.08127],[-73.38425,5.08257],[-73.38389,5.08484],[-73.38659,5.08573],[-73.38977,5.08773],[-73.39143,5.08971],[-73.3926,5.09221],[-73.3941,5.09386],[-73.3946,5.09578],[-73.39775,5.10187],[-73.4002,5.10163],[-73.40375,5.10409],[-73.40548,5.1047],[-73.40973,5.10847],[-73.41033,5.10983],[-73.41313,5.11053],[-73.41578,5.11269],[-73.41842,5.11316],[-73.41967,5.11545],[-73.42013,5.11749],[-73.41979,5.12192]]]}},{"type":"Feature","properties":{"codigo":"15804","municipio":"Tibaná","provincia":"Márquez","predios_urbanos_igac":929,"predios_rurales_igac":8984,"area_km2":121.74,"area_urbana_ha":60.35,"pct_urbano":0.496,"pct_rural":99.504,"pct_de_boyaca":0.526,"jerarquia_urbana":34,"categoria_urbana":"Centro urbano local","valor_agregado":547.26,"empresas_matriculadas":46,"empresas_renovadas":211,"empresas_canceladas":34,"comfaboy_empresas":16,"comfaboy_empleos":108,"pob_0_6":926,"pob_7_14":1130,"pob_15_17":400,"pob_18_26":1001,"pob_27_59":3697,"pob_60_mas":2540,"hombres":4776,"mujeres":4918,"poblacion":9694,"captaciones":52737.1,"colocaciones":19031.97,"finagro":9394.64,"bancoldex":86.36,"icm_puesto":null,"produccion_agricola_ton":84285.2,"bovinos":9811,"icfes":263.67,"matricula_escolar":1321,"establecimientos_educativos":3,"ips":5,"camas":0,"regimen_contributivo":468,"regimen_especial":20,"regimen_subsidiado":6070,"acueductos":8,"riesgo_agua":"Medio","eventos_riesgo":13,"densidad_hab_km2":79.63,"valor_agregado_por_hab_millones":56.453,"pred_urbanos":929,"pred_vivienda_rural":25,"pred_agropecuarios":8958,"pred_atipicos":1,"ha_urbana_predios":52.13,"ha_vivienda_rural":0.51,"ha_agropecuaria":11968.57},"geometry":{"type":"Polygon","coordinates":[[[-73.41115,5.3724],[-73.41848,5.37148],[-73.41839,5.36875],[-73.4192,5.36676],[-73.4166,5.363],[-73.41808,5.36122],[-73.41872,5.35538],[-73.42185,5.35228],[-73.42503,5.34641],[-73.42978,5.34052],[-73.43271,5.33781],[-73.43461,5.33734],[-73.43469,5.33568],[-73.44014,5.33024],[-73.44323,5.32778],[-73.44645,5.32791],[-73.44817,5.32699],[-73.44692,5.32453],[-73.44785,5.31887],[-73.44921,5.31604],[-73.45131,5.31455],[-73.45091,5.31267],[-73.45458,5.31001],[-73.45176,5.30917],[-73.45191,5.3036],[-73.4492,5.30154],[-73.44373,5.30057],[-73.44172,5.2989],[-73.43748,5.2992],[-73.43378,5.30093],[-73.42943,5.3005],[-73.43006,5.29946],[-73.43426,5.29708],[-73.43214,5.2959],[-73.43604,5.29249],[-73.43758,5.29012],[-73.44342,5.2844],[-73.44409,5.2826],[-73.44794,5.27872],[-73.44875,5.27501],[-73.44632,5.27177],[-73.44592,5.27001],[-73.44655,5.26645],[-73.44675,5.2604],[-73.44907,5.25729],[-73.45064,5.25343],[-73.44991,5.25126],[-73.45008,5.24857],[-73.44943,5.24671],[-73.44548,5.24397],[-73.44377,5.24367],[-73.43722,5.24728],[-73.43263,5.25092],[-73.42062,5.25404],[-73.41978,5.25416],[-73.41911,5.25366],[-73.41558,5.25486],[-73.41124,5.25507],[-73.40897,5.25444],[-73.40795,5.25511],[-73.40623,5.2546],[-73.4054,5.25488],[-73.40584,5.25383],[-73.40454,5.24955],[-73.40342,5.24797],[-73.40231,5.24806],[-73.40139,5.24694],[-73.40106,5.2453],[-73.40134,5.24274],[-73.39642,5.24582],[-73.39508,5.24791],[-73.39243,5.24987],[-73.39181,5.25138],[-73.38739,5.25416],[-73.38474,5.2573],[-73.38102,5.25941],[-73.37904,5.26221],[-73.37499,5.26233],[-73.37328,5.26282],[-73.36942,5.26574],[-73.36773,5.26518],[-73.3658,5.26588],[-73.36417,5.26586],[-73.35905,5.27064],[-73.35916,5.27429],[-73.35814,5.27744],[-73.34895,5.28115],[-73.34735,5.2825],[-73.34217,5.28181],[-73.33707,5.27832],[-73.33555,5.27416],[-73.33352,5.27123],[-73.33244,5.26674],[-73.32957,5.26166],[-73.32611,5.2629],[-73.31167,5.27102],[-73.30899,5.27189],[-73.30995,5.27323],[-73.3086,5.2751],[-73.30953,5.27673],[-73.3091,5.27717],[-73.30823,5.27682],[-73.30837,5.27795],[-73.31037,5.27832],[-73.31073,5.27904],[-73.31263,5.28005],[-73.31399,5.28195],[-73.31757,5.28411],[-73.32037,5.28739],[-73.32183,5.29042],[-73.32402,5.2905],[-73.32435,5.29155],[-73.32319,5.29287],[-73.32335,5.29344],[-73.32628,5.29344],[-73.32721,5.29495],[-73.32729,5.29644],[-73.33193,5.30801],[-73.3293,5.31079],[-73.33184,5.31203],[-73.33416,5.31384],[-73.33851,5.31555],[-73.34044,5.31605],[-73.34172,5.31567],[-73.34326,5.31689],[-73.34681,5.31739],[-73.34827,5.32053],[-73.35015,5.32166],[-73.35114,5.32359],[-73.35222,5.32419],[-73.35369,5.32607],[-73.35615,5.33234],[-73.3687,5.33767],[-73.37341,5.33837],[-73.37584,5.33957],[-73.37669,5.34087],[-73.37775,5.3414],[-73.37607,5.34508],[-73.3743,5.34629],[-73.37734,5.34796],[-73.38161,5.35662],[-73.38451,5.35845],[-73.38659,5.35838],[-73.3898,5.35969],[-73.39084,5.35952],[-73.39125,5.35822],[-73.394,5.35672],[-73.39641,5.3577],[-73.39873,5.35778],[-73.40134,5.35859],[-73.40506,5.36264],[-73.40651,5.36744],[-73.40677,5.37023],[-73.40768,5.37134],[-73.41115,5.3724]]]}},{"type":"Feature","properties":{"codigo":"15806","municipio":"Tibasosa","provincia":"Sugamuxi","predios_urbanos_igac":2185,"predios_rurales_igac":7521,"area_km2":93.74,"area_urbana_ha":115.61,"pct_urbano":1.233,"pct_rural":98.767,"pct_de_boyaca":0.405,"jerarquia_urbana":13,"categoria_urbana":"Centro urbano menor","valor_agregado":1141.84,"empresas_matriculadas":120,"empresas_renovadas":518,"empresas_canceladas":19,"comfaboy_empresas":103,"comfaboy_empleos":778,"pob_0_6":1279,"pob_7_14":1555,"pob_15_17":621,"pob_18_26":1952,"pob_27_59":6048,"pob_60_mas":2608,"hombres":6963,"mujeres":7100,"poblacion":14063,"captaciones":94.99,"colocaciones":6120.95,"finagro":12717.18,"bancoldex":253.78,"icm_puesto":21,"produccion_agricola_ton":20461.93,"bovinos":9400,"icfes":270,"matricula_escolar":1827,"establecimientos_educativos":5,"ips":3,"camas":0,"regimen_contributivo":1881,"regimen_especial":6,"regimen_subsidiado":5323,"acueductos":8,"riesgo_agua":"Medio","eventos_riesgo":10,"densidad_hab_km2":150.02,"valor_agregado_por_hab_millones":81.195,"pred_urbanos":2185,"pred_vivienda_rural":428,"pred_agropecuarios":7088,"pred_atipicos":5,"ha_urbana_predios":98.68,"ha_vivienda_rural":7.14,"ha_agropecuaria":9012.87},"geometry":{"type":"Polygon","coordinates":[[[-73.01187,5.8093],[-73.01291,5.80929],[-73.01471,5.80733],[-73.01453,5.80519],[-73.01537,5.80427],[-73.01503,5.80335],[-73.01598,5.80124],[-73.01583,5.79933],[-73.01767,5.79867],[-73.01692,5.79673],[-73.01613,5.79597],[-73.01619,5.79509],[-73.01755,5.79427],[-73.01667,5.79143],[-73.01851,5.79111],[-73.01851,5.79012],[-73.01982,5.78933],[-73.02099,5.7876],[-73.02079,5.78614],[-73.02156,5.78569],[-73.02151,5.78497],[-73.02277,5.78427],[-73.02191,5.78331],[-73.02234,5.78226],[-73.02481,5.78054],[-73.02614,5.78084],[-73.0264,5.77998],[-73.02854,5.77863],[-73.03294,5.78079],[-73.03394,5.78067],[-73.03585,5.77757],[-73.04102,5.77534],[-73.04034,5.77388],[-73.04137,5.77262],[-73.04188,5.77086],[-73.04428,5.77011],[-73.04506,5.77058],[-73.04528,5.77247],[-73.04884,5.77235],[-73.05081,5.77388],[-73.05305,5.77184],[-73.05443,5.76809],[-73.05587,5.76706],[-73.05675,5.76584],[-73.05702,5.76423],[-73.05902,5.76178],[-73.06,5.75641],[-73.06236,5.7526],[-73.06208,5.75065],[-73.06375,5.74847],[-73.06483,5.75008],[-73.06613,5.75004],[-73.06777,5.74689],[-73.0664,5.746],[-73.06618,5.74515],[-73.06678,5.74398],[-73.06703,5.74086],[-73.06654,5.72834],[-73.06745,5.72449],[-73.06593,5.71656],[-73.06224,5.70282],[-73.05697,5.70192],[-73.05752,5.70014],[-73.05665,5.69799],[-73.05917,5.69448],[-73.05865,5.69199],[-73.05967,5.69158],[-73.06056,5.68933],[-73.06059,5.68803],[-73.05984,5.68707],[-73.05516,5.68877],[-73.05136,5.69154],[-73.04778,5.69318],[-73.04428,5.69571],[-73.0404,5.69953],[-73.03895,5.70122],[-73.0381,5.70344],[-73.03739,5.70692],[-73.03858,5.70839],[-73.03787,5.71003],[-73.03607,5.71218],[-73.03548,5.71366],[-73.03243,5.71511],[-73.03168,5.71774],[-73.02987,5.72061],[-73.02425,5.72445],[-73.02011,5.72179],[-73.01126,5.72008],[-73.00959,5.72012],[-73.00907,5.71963],[-73.00553,5.71979],[-73.0001,5.72132],[-72.99837,5.72282],[-72.99593,5.72079],[-72.99404,5.72019],[-72.99028,5.72103],[-72.98694,5.72117],[-72.98588,5.72047],[-72.98306,5.72024],[-72.98084,5.71919],[-72.9726,5.72055],[-72.97028,5.7158],[-72.96455,5.70863],[-72.96104,5.71123],[-72.95429,5.71381],[-72.9519,5.7144],[-72.94857,5.71391],[-72.94725,5.71469],[-72.94587,5.71744],[-72.94592,5.71897],[-72.94522,5.72007],[-72.94505,5.72259],[-72.94428,5.72416],[-72.94487,5.72636],[-72.94629,5.72869],[-72.94545,5.73],[-72.9454,5.73497],[-72.94472,5.73723],[-72.94546,5.73761],[-72.94645,5.73967],[-72.94455,5.74216],[-72.94441,5.74547],[-72.94643,5.7488],[-72.94753,5.74857],[-72.94697,5.74697],[-72.94736,5.74604],[-72.94841,5.7462],[-72.94975,5.74782],[-72.95183,5.74803],[-72.95238,5.74768],[-72.95153,5.74639],[-72.95445,5.74604],[-72.95465,5.74457],[-72.95653,5.74531],[-72.95738,5.74424],[-72.95915,5.74416],[-72.95951,5.74503],[-72.95795,5.74657],[-72.95836,5.74773],[-72.96046,5.75023],[-72.9619,5.7499],[-72.96326,5.75025],[-72.96445,5.75293],[-72.96658,5.75286],[-72.9669,5.75453],[-72.96953,5.75383],[-72.9703,5.75546],[-72.97147,5.75621],[-72.97113,5.75912],[-72.97265,5.76192],[-72.97159,5.76308],[-72.97273,5.76637],[-72.97233,5.76801],[-72.97411,5.76948],[-72.97381,5.77074],[-72.97479,5.77162],[-72.97633,5.77616],[-72.97717,5.77668],[-72.97884,5.77659],[-72.98276,5.78188],[-72.98565,5.78303],[-72.98664,5.78596],[-72.98628,5.78679],[-72.98707,5.7903],[-72.98909,5.79075],[-72.9894,5.79124],[-72.98886,5.79511],[-72.99137,5.79709],[-72.9905,5.79832],[-72.99026,5.79977],[-72.99068,5.80057],[-72.99182,5.80101],[-72.99123,5.8025],[-72.99271,5.80355],[-72.99202,5.80513],[-72.99342,5.80552],[-72.99398,5.80734],[-72.99542,5.80671],[-72.99698,5.80805],[-72.99852,5.80798],[-72.99924,5.80748],[-73.00009,5.80809],[-73.00163,5.80759],[-73.00307,5.80904],[-73.00367,5.80763],[-73.00478,5.80799],[-73.00564,5.8075],[-73.01187,5.8093]]]}},{"type":"Feature","properties":{"codigo":"15808","municipio":"Tinjacá","provincia":"Ricaurte","predios_urbanos_igac":373,"predios_rurales_igac":2729,"area_km2":79.71,"area_urbana_ha":20.02,"pct_urbano":0.251,"pct_rural":99.749,"pct_de_boyaca":0.345,"jerarquia_urbana":96,"categoria_urbana":"Núcleo urbano básico","valor_agregado":58.16,"empresas_matriculadas":23,"empresas_renovadas":119,"empresas_canceladas":17,"comfaboy_empresas":30,"comfaboy_empleos":119,"pob_0_6":355,"pob_7_14":392,"pob_15_17":141,"pob_18_26":406,"pob_27_59":1409,"pob_60_mas":834,"hombres":1747,"mujeres":1790,"poblacion":3537,"captaciones":0.1,"colocaciones":162.29,"finagro":5828.79,"bancoldex":29.74,"icm_puesto":null,"produccion_agricola_ton":3654.05,"bovinos":3238,"icfes":278,"matricula_escolar":522,"establecimientos_educativos":2,"ips":2,"camas":0,"regimen_contributivo":365,"regimen_especial":5,"regimen_subsidiado":1968,"acueductos":3,"riesgo_agua":"Medio","eventos_riesgo":4,"densidad_hab_km2":44.37,"valor_agregado_por_hab_millones":16.443,"pred_urbanos":373,"pred_vivienda_rural":26,"pred_agropecuarios":2703,"pred_atipicos":0,"ha_urbana_predios":16.74,"ha_vivienda_rural":0.49,"ha_agropecuaria":7832.61},"geometry":{"type":"Polygon","coordinates":[[[-73.62461,5.56978],[-73.62636,5.57121],[-73.62623,5.57267],[-73.62711,5.57571],[-73.62649,5.57775],[-73.62796,5.5805],[-73.62892,5.58122],[-73.62937,5.58329],[-73.62665,5.59069],[-73.62655,5.59457],[-73.62549,5.5972],[-73.62524,5.60312],[-73.62713,5.60323],[-73.62959,5.60549],[-73.62983,5.60679],[-73.63081,5.60756],[-73.63075,5.60866],[-73.6315,5.60884],[-73.63251,5.6142],[-73.63347,5.61486],[-73.63478,5.61452],[-73.63655,5.61512],[-73.63714,5.61618],[-73.63865,5.61563],[-73.64158,5.61565],[-73.6421,5.61705],[-73.64334,5.61755],[-73.64526,5.61648],[-73.64463,5.61543],[-73.64512,5.61402],[-73.65578,5.60886],[-73.65715,5.60996],[-73.66181,5.61051],[-73.66479,5.61166],[-73.66529,5.61018],[-73.66654,5.60963],[-73.66802,5.61065],[-73.67026,5.61128],[-73.67331,5.61423],[-73.67386,5.61531],[-73.6737,5.61651],[-73.67137,5.61795],[-73.67167,5.6195],[-73.67336,5.62179],[-73.67408,5.6237],[-73.67724,5.62745],[-73.67941,5.63213],[-73.68075,5.63657],[-73.68463,5.63188],[-73.68739,5.62754],[-73.69165,5.62419],[-73.69443,5.61845],[-73.69976,5.61248],[-73.70318,5.60951],[-73.70551,5.60551],[-73.71046,5.60212],[-73.71112,5.60017],[-73.71561,5.59695],[-73.71614,5.59566],[-73.71685,5.59606],[-73.71735,5.59518],[-73.71908,5.59603],[-73.71822,5.5931],[-73.71583,5.59154],[-73.71606,5.59021],[-73.71288,5.58519],[-73.71342,5.58156],[-73.71328,5.57706],[-73.71823,5.5648],[-73.72034,5.55817],[-73.7209,5.55473],[-73.7219,5.55297],[-73.72107,5.54952],[-73.7216,5.54882],[-73.72161,5.54701],[-73.72053,5.54364],[-73.72005,5.53737],[-73.71655,5.53485],[-73.71095,5.53501],[-73.70944,5.53575],[-73.70758,5.53543],[-73.70557,5.53435],[-73.70589,5.53331],[-73.70708,5.53228],[-73.70738,5.53065],[-73.70529,5.52919],[-73.70429,5.52728],[-73.69878,5.52482],[-73.69792,5.52519],[-73.69285,5.52514],[-73.69097,5.5288],[-73.68867,5.5301],[-73.68668,5.53315],[-73.68356,5.5355],[-73.68068,5.53981],[-73.67865,5.54167],[-73.678,5.54396],[-73.67834,5.5456],[-73.67195,5.54031],[-73.67075,5.54109],[-73.66647,5.53819],[-73.66523,5.53881],[-73.66458,5.53844],[-73.66222,5.5427],[-73.66026,5.54434],[-73.65861,5.54483],[-73.65623,5.5489],[-73.65492,5.55016],[-73.65267,5.55136],[-73.64966,5.55087],[-73.6453,5.55184],[-73.6408,5.55708],[-73.63919,5.55791],[-73.63886,5.55947],[-73.63649,5.56334],[-73.63472,5.56397],[-73.63281,5.56365],[-73.63167,5.56444],[-73.63118,5.56666],[-73.62964,5.56817],[-73.62694,5.56975],[-73.62461,5.56978]]]}},{"type":"Feature","properties":{"codigo":"15810","municipio":"Tipacoque","provincia":"Norte","predios_urbanos_igac":379,"predios_rurales_igac":2399,"area_km2":71.9,"area_urbana_ha":40.52,"pct_urbano":0.564,"pct_rural":99.436,"pct_de_boyaca":0.311,"jerarquia_urbana":53,"categoria_urbana":"Centro urbano local","valor_agregado":47.76,"empresas_matriculadas":10,"empresas_renovadas":92,"empresas_canceladas":16,"comfaboy_empresas":5,"comfaboy_empleos":59,"pob_0_6":319,"pob_7_14":412,"pob_15_17":154,"pob_18_26":405,"pob_27_59":1427,"pob_60_mas":805,"hombres":1802,"mujeres":1720,"poblacion":3522,"captaciones":96423.87,"colocaciones":10122.02,"finagro":4750.03,"bancoldex":98.75,"icm_puesto":null,"produccion_agricola_ton":2419.7,"bovinos":4467,"icfes":280,"matricula_escolar":540,"establecimientos_educativos":1,"ips":2,"camas":0,"regimen_contributivo":334,"regimen_especial":12,"regimen_subsidiado":2719,"acueductos":3,"riesgo_agua":"Medio","eventos_riesgo":4,"densidad_hab_km2":48.98,"valor_agregado_por_hab_millones":13.56,"pred_urbanos":379,"pred_vivienda_rural":21,"pred_agropecuarios":2378,"pred_atipicos":0,"ha_urbana_predios":36.18,"ha_vivienda_rural":0.49,"ha_agropecuaria":7073.9},"geometry":{"type":"Polygon","coordinates":[[[-72.68141,6.48306],[-72.68293,6.4828],[-72.68581,6.4808],[-72.6875,6.47778],[-72.6936,6.4725],[-72.69455,6.47083],[-72.69655,6.46956],[-72.69704,6.46834],[-72.69936,6.46581],[-72.69933,6.46392],[-72.69978,6.46309],[-72.70391,6.45745],[-72.70557,6.45653],[-72.70603,6.45526],[-72.70904,6.4542],[-72.71349,6.45044],[-72.71445,6.44675],[-72.71674,6.44231],[-72.71982,6.44145],[-72.7248,6.44298],[-72.72528,6.44208],[-72.72902,6.44041],[-72.73305,6.441],[-72.73555,6.44003],[-72.73798,6.44027],[-72.73636,6.43799],[-72.73353,6.43561],[-72.73517,6.43139],[-72.73453,6.42637],[-72.73476,6.42155],[-72.7344,6.41907],[-72.73503,6.41594],[-72.73449,6.41257],[-72.73492,6.40832],[-72.73425,6.40253],[-72.73238,6.39671],[-72.73295,6.38526],[-72.72971,6.38315],[-72.72906,6.38107],[-72.72942,6.37802],[-72.7262,6.37454],[-72.72577,6.37163],[-72.72393,6.37083],[-72.72124,6.37157],[-72.71643,6.37643],[-72.71401,6.38088],[-72.71422,6.38365],[-72.71042,6.38171],[-72.70949,6.3804],[-72.70836,6.38013],[-72.70446,6.38321],[-72.70124,6.38481],[-72.70038,6.38354],[-72.69826,6.38405],[-72.69648,6.38394],[-72.69624,6.38353],[-72.69348,6.38462],[-72.69269,6.38429],[-72.69018,6.3848],[-72.68729,6.38353],[-72.6846,6.38603],[-72.68161,6.38466],[-72.67598,6.37913],[-72.67594,6.37836],[-72.67474,6.37771],[-72.674,6.37765],[-72.67304,6.3789],[-72.67086,6.37932],[-72.66937,6.37802],[-72.6678,6.37741],[-72.6638,6.37836],[-72.66086,6.37723],[-72.65919,6.37777],[-72.65503,6.3779],[-72.65565,6.38119],[-72.65436,6.38577],[-72.65639,6.38858],[-72.65539,6.39349],[-72.6561,6.3948],[-72.65674,6.3995],[-72.65833,6.40272],[-72.65813,6.40348],[-72.65658,6.40469],[-72.65632,6.40618],[-72.65949,6.41016],[-72.65948,6.41117],[-72.65818,6.41267],[-72.65815,6.41357],[-72.65999,6.41604],[-72.65984,6.41833],[-72.66219,6.41976],[-72.66324,6.42154],[-72.66451,6.42555],[-72.66311,6.42992],[-72.66581,6.43263],[-72.66492,6.43684],[-72.66131,6.44013],[-72.66064,6.442],[-72.66077,6.44434],[-72.66277,6.44657],[-72.66532,6.45374],[-72.66637,6.45524],[-72.66644,6.45802],[-72.66697,6.45969],[-72.67082,6.46268],[-72.67301,6.46761],[-72.67368,6.47068],[-72.67438,6.47163],[-72.67601,6.47245],[-72.6775,6.47535],[-72.6782,6.47787],[-72.6778,6.47957],[-72.67815,6.4807],[-72.67953,6.48276],[-72.68141,6.48306]]]}},{"type":"Feature","properties":{"codigo":"15814","municipio":"Toca","provincia":"Centro","predios_urbanos_igac":1553,"predios_rurales_igac":4840,"area_km2":168.28,"area_urbana_ha":76.41,"pct_urbano":0.454,"pct_rural":99.546,"pct_de_boyaca":0.728,"jerarquia_urbana":28,"categoria_urbana":"Centro urbano local","valor_agregado":183.12,"empresas_matriculadas":74,"empresas_renovadas":259,"empresas_canceladas":49,"comfaboy_empresas":53,"comfaboy_empleos":1023,"pob_0_6":1148,"pob_7_14":1291,"pob_15_17":461,"pob_18_26":1279,"pob_27_59":3663,"pob_60_mas":1586,"hombres":4799,"mujeres":4629,"poblacion":9428,"captaciones":0.01,"colocaciones":21518.9,"finagro":11535.86,"bancoldex":80.84,"icm_puesto":null,"produccion_agricola_ton":69569.56,"bovinos":14067,"icfes":266,"matricula_escolar":2099,"establecimientos_educativos":4,"ips":2,"camas":4,"regimen_contributivo":1981,"regimen_especial":32,"regimen_subsidiado":6796,"acueductos":5,"riesgo_agua":"Alto","eventos_riesgo":4,"densidad_hab_km2":56.03,"valor_agregado_por_hab_millones":19.423,"pred_urbanos":1553,"pred_vivienda_rural":58,"pred_agropecuarios":4782,"pred_atipicos":0,"ha_urbana_predios":65.82,"ha_vivienda_rural":0.74,"ha_agropecuaria":16753.64},"geometry":{"type":"Polygon","coordinates":[[[-73.18908,5.65165],[-73.1893,5.65185],[-73.19081,5.64722],[-73.19127,5.64462],[-73.19343,5.64246],[-73.20243,5.63585],[-73.20622,5.634],[-73.21064,5.63072],[-73.2118,5.63034],[-73.21437,5.62214],[-73.21901,5.6131],[-73.22184,5.61033],[-73.22512,5.60519],[-73.22686,5.60475],[-73.2324,5.59765],[-73.23349,5.59586],[-73.23466,5.59158],[-73.23832,5.58522],[-73.24233,5.57598],[-73.24494,5.57208],[-73.24862,5.5697],[-73.24324,5.56715],[-73.23102,5.56374],[-73.23071,5.5613],[-73.2297,5.56051],[-73.22958,5.55646],[-73.22864,5.5545],[-73.22795,5.55392],[-73.22558,5.55363],[-73.2243,5.55286],[-73.22379,5.5518],[-73.22184,5.55227],[-73.21811,5.54852],[-73.21821,5.54654],[-73.21776,5.54605],[-73.2151,5.5453],[-73.21004,5.5495],[-73.20464,5.54228],[-73.20319,5.54189],[-73.20036,5.54286],[-73.19757,5.54282],[-73.19688,5.54203],[-73.19629,5.53879],[-73.19496,5.53703],[-73.18754,5.53393],[-73.18566,5.53267],[-73.18402,5.53061],[-73.17721,5.52589],[-73.16855,5.52305],[-73.15392,5.51615],[-73.14984,5.51474],[-73.14594,5.51238],[-73.13911,5.50926],[-73.135,5.50562],[-73.13445,5.50731],[-73.13276,5.5091],[-73.13038,5.51015],[-73.12901,5.51498],[-73.12196,5.51866],[-73.11889,5.52222],[-73.11676,5.52357],[-73.11586,5.52472],[-73.1152,5.52813],[-73.11543,5.5318],[-73.11335,5.53719],[-73.11175,5.5392],[-73.10982,5.54359],[-73.10588,5.54755],[-73.10553,5.5485],[-73.10398,5.55929],[-73.10177,5.56292],[-73.0995,5.56849],[-73.09633,5.57371],[-73.09538,5.57662],[-73.08923,5.58475],[-73.08868,5.58652],[-73.08929,5.58807],[-73.0865,5.59748],[-73.0855,5.60339],[-73.08174,5.61318],[-73.0799,5.61636],[-73.07924,5.61669],[-73.07944,5.61809],[-73.08106,5.61912],[-73.08289,5.61954],[-73.08816,5.61975],[-73.09758,5.62218],[-73.09959,5.6236],[-73.10062,5.62357],[-73.10139,5.62414],[-73.10242,5.62571],[-73.10392,5.62666],[-73.10413,5.62782],[-73.10617,5.6274],[-73.10679,5.62812],[-73.1091,5.62586],[-73.11037,5.62589],[-73.1113,5.62498],[-73.11672,5.62562],[-73.11917,5.62789],[-73.12103,5.62812],[-73.12255,5.62916],[-73.12387,5.62917],[-73.12519,5.63058],[-73.12732,5.63067],[-73.12728,5.63141],[-73.12838,5.63263],[-73.12923,5.63261],[-73.13005,5.63374],[-73.13085,5.63258],[-73.13263,5.63223],[-73.13546,5.62946],[-73.13745,5.63045],[-73.14277,5.62993],[-73.14448,5.62729],[-73.14622,5.62702],[-73.14791,5.62562],[-73.14893,5.62664],[-73.15015,5.62616],[-73.152,5.62676],[-73.15239,5.62609],[-73.15377,5.62649],[-73.15411,5.62596],[-73.15464,5.62616],[-73.15473,5.62702],[-73.15412,5.62757],[-73.15472,5.62835],[-73.15528,5.62814],[-73.15542,5.62742],[-73.15705,5.62744],[-73.15815,5.6266],[-73.15803,5.62795],[-73.15892,5.62822],[-73.15903,5.62733],[-73.16097,5.62722],[-73.16213,5.62557],[-73.16322,5.62613],[-73.16247,5.62444],[-73.16376,5.62469],[-73.1645,5.62388],[-73.16481,5.6246],[-73.16555,5.62405],[-73.16612,5.6249],[-73.16586,5.62579],[-73.16628,5.62655],[-73.1703,5.62855],[-73.18227,5.64145],[-73.18313,5.64254],[-73.18301,5.64468],[-73.18413,5.64747],[-73.18595,5.64903],[-73.18613,5.6503],[-73.18908,5.65165]]]}},{"type":"Feature","properties":{"codigo":"15816","municipio":"Togüí","provincia":"Ricaurte","predios_urbanos_igac":219,"predios_rurales_igac":2549,"area_km2":101.3,"area_urbana_ha":14.79,"pct_urbano":0.146,"pct_rural":99.854,"pct_de_boyaca":0.438,"jerarquia_urbana":107,"categoria_urbana":"Núcleo urbano básico","valor_agregado":110.56,"empresas_matriculadas":24,"empresas_renovadas":71,"empresas_canceladas":8,"comfaboy_empresas":9,"comfaboy_empleos":62,"pob_0_6":517,"pob_7_14":640,"pob_15_17":202,"pob_18_26":445,"pob_27_59":1883,"pob_60_mas":942,"hombres":2366,"mujeres":2263,"poblacion":4629,"captaciones":3911.52,"colocaciones":12448.74,"finagro":4849.7,"bancoldex":92.98,"icm_puesto":null,"produccion_agricola_ton":334861.69,"bovinos":2933,"icfes":248,"matricula_escolar":800,"establecimientos_educativos":1,"ips":2,"camas":0,"regimen_contributivo":239,"regimen_especial":9,"regimen_subsidiado":3889,"acueductos":4,"riesgo_agua":"Alto","eventos_riesgo":1,"densidad_hab_km2":45.7,"valor_agregado_por_hab_millones":23.884,"pred_urbanos":219,"pred_vivienda_rural":38,"pred_agropecuarios":2511,"pred_atipicos":0,"ha_urbana_predios":12.06,"ha_vivienda_rural":0.5,"ha_agropecuaria":10623.37},"geometry":{"type":"Polygon","coordinates":[[[-73.49503,5.98685],[-73.49604,5.98692],[-73.49831,5.98387],[-73.5019,5.98208],[-73.50463,5.97755],[-73.51001,5.97521],[-73.51029,5.9743],[-73.51337,5.97159],[-73.51468,5.97212],[-73.51786,5.97163],[-73.51937,5.97209],[-73.52215,5.97116],[-73.52415,5.96979],[-73.52387,5.96834],[-73.52909,5.96465],[-73.53281,5.96074],[-73.53905,5.95768],[-73.54476,5.95572],[-73.54508,5.9543],[-73.54581,5.9542],[-73.54575,5.95321],[-73.54978,5.95254],[-73.54946,5.9519],[-73.54987,5.95069],[-73.54907,5.9496],[-73.54718,5.95012],[-73.54571,5.94965],[-73.54488,5.95003],[-73.54178,5.94941],[-73.53995,5.94827],[-73.53798,5.94856],[-73.53472,5.94577],[-73.53477,5.94403],[-73.53203,5.94452],[-73.52954,5.94155],[-73.52792,5.94087],[-73.52834,5.93986],[-73.53012,5.9391],[-73.53042,5.93829],[-73.52823,5.93651],[-73.52694,5.93455],[-73.52747,5.93372],[-73.52695,5.93269],[-73.52812,5.93171],[-73.52774,5.92771],[-73.52842,5.92384],[-73.53289,5.91804],[-73.5371,5.91559],[-73.53928,5.91562],[-73.54131,5.91447],[-73.54224,5.91484],[-73.54299,5.91441],[-73.54222,5.91189],[-73.5408,5.91077],[-73.53767,5.90968],[-73.53529,5.90743],[-73.53353,5.90472],[-73.53252,5.90381],[-73.53183,5.90376],[-73.53056,5.90185],[-73.52865,5.90112],[-73.52718,5.89984],[-73.52603,5.89804],[-73.52548,5.89543],[-73.52451,5.89449],[-73.52448,5.89338],[-73.52137,5.89221],[-73.52031,5.8929],[-73.51925,5.89275],[-73.51743,5.89336],[-73.51635,5.89418],[-73.51235,5.8943],[-73.51168,5.89075],[-73.50968,5.88886],[-73.50833,5.88955],[-73.50704,5.89152],[-73.50649,5.89133],[-73.50636,5.89027],[-73.50689,5.8891],[-73.50635,5.88699],[-73.50762,5.88407],[-73.50748,5.88341],[-73.50653,5.88336],[-73.5061,5.88248],[-73.504,5.88183],[-73.504,5.88041],[-73.50544,5.87875],[-73.50419,5.87764],[-73.50397,5.87567],[-73.50029,5.8743],[-73.49985,5.87286],[-73.49829,5.87232],[-73.49742,5.87113],[-73.49432,5.87101],[-73.49192,5.8718],[-73.49055,5.87099],[-73.49053,5.87026],[-73.48794,5.86803],[-73.48473,5.86409],[-73.48309,5.86367],[-73.48152,5.86239],[-73.48058,5.86002],[-73.47956,5.86006],[-73.47889,5.85884],[-73.47348,5.85705],[-73.46919,5.85457],[-73.46667,5.85239],[-73.46563,5.84984],[-73.46382,5.84836],[-73.46031,5.85015],[-73.45999,5.85119],[-73.45854,5.85279],[-73.45575,5.86102],[-73.45421,5.86299],[-73.45357,5.86469],[-73.45123,5.86665],[-73.45039,5.87151],[-73.45103,5.87481],[-73.44888,5.87977],[-73.4519,5.88285],[-73.45323,5.88668],[-73.4569,5.89036],[-73.45594,5.89055],[-73.45361,5.89256],[-73.44449,5.902],[-73.43932,5.89847],[-73.43604,5.89793],[-73.43291,5.89881],[-73.46089,5.93254],[-73.45529,5.94248],[-73.45449,5.94306],[-73.45343,5.94793],[-73.45482,5.9508],[-73.45524,5.9538],[-73.45828,5.95616],[-73.45918,5.95767],[-73.46057,5.95827],[-73.4619,5.96004],[-73.46385,5.96009],[-73.46404,5.96212],[-73.46541,5.96293],[-73.46505,5.9651],[-73.46561,5.96556],[-73.46531,5.9688],[-73.46592,5.97031],[-73.46821,5.97246],[-73.46908,5.97433],[-73.47329,5.97647],[-73.47489,5.97829],[-73.47852,5.98024],[-73.48184,5.98025],[-73.48468,5.98222],[-73.48733,5.983],[-73.48771,5.98357],[-73.48918,5.98373],[-73.49503,5.98685]]]}},{"type":"Feature","properties":{"codigo":"15820","municipio":"Tópaga","provincia":"Sugamuxi","predios_urbanos_igac":440,"predios_rurales_igac":3491,"area_km2":33.59,"area_urbana_ha":34.5,"pct_urbano":1.027,"pct_rural":98.973,"pct_de_boyaca":0.145,"jerarquia_urbana":62,"categoria_urbana":"Centro urbano local","valor_agregado":110.55,"empresas_matriculadas":38,"empresas_renovadas":150,"empresas_canceladas":7,"comfaboy_empresas":36,"comfaboy_empleos":298,"pob_0_6":431,"pob_7_14":490,"pob_15_17":188,"pob_18_26":544,"pob_27_59":1541,"pob_60_mas":683,"hombres":1870,"mujeres":2007,"poblacion":3877,"captaciones":9387.3,"colocaciones":106.51,"finagro":2294.42,"bancoldex":674.12,"icm_puesto":null,"produccion_agricola_ton":2477.31,"bovinos":1373,"icfes":265,"matricula_escolar":670,"establecimientos_educativos":2,"ips":1,"camas":0,"regimen_contributivo":889,"regimen_especial":4,"regimen_subsidiado":1912,"acueductos":4,"riesgo_agua":"Alto","eventos_riesgo":5,"densidad_hab_km2":115.42,"valor_agregado_por_hab_millones":28.514,"pred_urbanos":440,"pred_vivienda_rural":101,"pred_agropecuarios":3390,"pred_atipicos":0,"ha_urbana_predios":30.65,"ha_vivienda_rural":1.57,"ha_agropecuaria":3299.01},"geometry":{"type":"Polygon","coordinates":[[[-72.83166,5.79745],[-72.83212,5.7977],[-72.83179,5.79626],[-72.83213,5.79514],[-72.83456,5.79225],[-72.83681,5.78769],[-72.8398,5.78405],[-72.84144,5.78336],[-72.84366,5.78093],[-72.84631,5.78005],[-72.85124,5.77646],[-72.8536,5.77556],[-72.85469,5.77413],[-72.85612,5.77471],[-72.8573,5.77442],[-72.85808,5.7751],[-72.86051,5.77291],[-72.86412,5.77253],[-72.86348,5.77079],[-72.86666,5.76854],[-72.86988,5.76896],[-72.87836,5.77121],[-72.88125,5.77069],[-72.88327,5.7695],[-72.88155,5.7687],[-72.88168,5.76823],[-72.88251,5.76819],[-72.88184,5.76724],[-72.87919,5.76664],[-72.8774,5.76432],[-72.87785,5.76242],[-72.87673,5.75972],[-72.87675,5.7579],[-72.87622,5.75648],[-72.87693,5.75205],[-72.87573,5.74714],[-72.87356,5.74369],[-72.87109,5.74197],[-72.87074,5.74269],[-72.86865,5.74355],[-72.86303,5.74972],[-72.86192,5.74926],[-72.86099,5.75063],[-72.85857,5.7513],[-72.85666,5.7499],[-72.85493,5.75157],[-72.85268,5.75191],[-72.85231,5.75075],[-72.8532,5.74918],[-72.85161,5.74831],[-72.85103,5.74522],[-72.84961,5.74256],[-72.84877,5.74212],[-72.84932,5.74061],[-72.84793,5.73882],[-72.8441,5.73948],[-72.84005,5.73951],[-72.83777,5.74047],[-72.83672,5.74044],[-72.83485,5.74005],[-72.83273,5.73876],[-72.82945,5.7383],[-72.82535,5.73672],[-72.82129,5.74559],[-72.82151,5.74967],[-72.82075,5.75116],[-72.81989,5.75169],[-72.81652,5.7505],[-72.81524,5.75079],[-72.81375,5.75262],[-72.8139,5.75378],[-72.81228,5.75678],[-72.81001,5.7587],[-72.80889,5.76065],[-72.80547,5.76257],[-72.79956,5.76981],[-72.79631,5.77238],[-72.79845,5.77483],[-72.79999,5.77569],[-72.80028,5.77806],[-72.80136,5.78053],[-72.80341,5.78296],[-72.80566,5.78424],[-72.80598,5.78672],[-72.80901,5.78738],[-72.80983,5.78862],[-72.81082,5.78901],[-72.81284,5.78883],[-72.8171,5.79108],[-72.81947,5.79344],[-72.82375,5.79505],[-72.82469,5.79586],[-72.82669,5.79598],[-72.83166,5.79745]]]}},{"type":"Feature","properties":{"codigo":"15822","municipio":"Tota","provincia":"Sugamuxi","predios_urbanos_igac":374,"predios_rurales_igac":8715,"area_km2":196.07,"area_urbana_ha":43.1,"pct_urbano":0.22,"pct_rural":99.78,"pct_de_boyaca":0.848,"jerarquia_urbana":48,"categoria_urbana":"Centro urbano local","valor_agregado":76.46,"empresas_matriculadas":35,"empresas_renovadas":98,"empresas_canceladas":6,"comfaboy_empresas":8,"comfaboy_empleos":79,"pob_0_6":705,"pob_7_14":759,"pob_15_17":257,"pob_18_26":657,"pob_27_59":2197,"pob_60_mas":976,"hombres":2779,"mujeres":2772,"poblacion":5551,"captaciones":29.98,"colocaciones":118.48,"finagro":12860.54,"bancoldex":119.21,"icm_puesto":null,"produccion_agricola_ton":15261.41,"bovinos":9690,"icfes":248,"matricula_escolar":948,"establecimientos_educativos":1,"ips":1,"camas":0,"regimen_contributivo":298,"regimen_especial":5,"regimen_subsidiado":4155,"acueductos":6,"riesgo_agua":"Alto","eventos_riesgo":6,"densidad_hab_km2":28.31,"valor_agregado_por_hab_millones":13.774,"pred_urbanos":374,"pred_vivienda_rural":82,"pred_agropecuarios":8633,"pred_atipicos":0,"ha_urbana_predios":38.72,"ha_vivienda_rural":1.73,"ha_agropecuaria":17391.6},"geometry":{"type":"Polygon","coordinates":[[[-73.00457,5.59288],[-73.00838,5.59285],[-73.01092,5.59209],[-73.01267,5.59006],[-73.01303,5.58845],[-73.01287,5.58591],[-73.01209,5.58451],[-73.01254,5.58125],[-73.01231,5.57921],[-73.01151,5.57799],[-73.00934,5.57698],[-73.01116,5.57565],[-73.01267,5.57312],[-73.01605,5.57108],[-73.0157,5.5694],[-73.01656,5.56938],[-73.01771,5.56857],[-73.01814,5.56734],[-73.01983,5.5663],[-73.02563,5.55955],[-73.02696,5.55625],[-73.03241,5.54865],[-73.03444,5.54448],[-73.03515,5.54102],[-73.03696,5.53757],[-73.03939,5.5347],[-73.04106,5.53023],[-73.04301,5.52696],[-73.04412,5.52375],[-73.04437,5.52049],[-73.04428,5.51817],[-73.04332,5.51528],[-73.04348,5.51372],[-73.04765,5.50635],[-73.04849,5.50219],[-73.04947,5.5002],[-73.05066,5.49897],[-73.05154,5.49573],[-73.05672,5.48914],[-73.05789,5.48647],[-73.05855,5.48462],[-73.05831,5.4835],[-73.05938,5.47834],[-73.05931,5.47616],[-73.06252,5.47356],[-73.06373,5.47119],[-73.06106,5.46734],[-73.06054,5.46586],[-73.06313,5.461],[-73.06592,5.45889],[-73.06557,5.45426],[-73.06846,5.45054],[-73.06794,5.44443],[-73.07192,5.43634],[-73.07011,5.43538],[-73.06609,5.43459],[-73.06524,5.43164],[-73.06505,5.42621],[-73.06138,5.42319],[-73.05827,5.42568],[-73.05616,5.42823],[-73.05499,5.42885],[-73.05324,5.42955],[-73.04933,5.4291],[-73.04753,5.42969],[-73.04541,5.43152],[-73.0432,5.4316],[-73.04124,5.43254],[-73.03979,5.43196],[-73.03904,5.42959],[-73.03916,5.42798],[-73.04668,5.41846],[-73.04806,5.41353],[-73.05104,5.41427],[-73.05499,5.40446],[-73.05461,5.39683],[-73.0539,5.39578],[-73.05419,5.39441],[-73.04849,5.38903],[-73.04745,5.3893],[-73.04702,5.38635],[-73.04552,5.38455],[-73.04493,5.38441],[-73.04408,5.38501],[-73.04295,5.38412],[-73.04212,5.38424],[-73.0439,5.38276],[-73.04565,5.3822],[-73.04748,5.3791],[-73.05123,5.37825],[-73.0508,5.37656],[-73.05002,5.37616],[-73.05097,5.37578],[-73.051,5.37489],[-73.04762,5.37101],[-73.0467,5.36703],[-73.04745,5.36269],[-73.04635,5.36017],[-73.04526,5.35952],[-73.0437,5.35974],[-73.04163,5.36126],[-73.03782,5.36561],[-73.03437,5.37059],[-73.03023,5.37099],[-73.02844,5.37217],[-73.0242,5.37637],[-73.02073,5.38071],[-73.01625,5.38462],[-73.01397,5.38564],[-73.01043,5.3862],[-73.00966,5.38688],[-73.0086,5.39031],[-73.00861,5.39352],[-73.01015,5.3945],[-73.01218,5.39484],[-73.01282,5.39582],[-73.01195,5.39712],[-73.00909,5.39934],[-73.00743,5.40496],[-73.00266,5.41448],[-73.00083,5.41614],[-72.9968,5.41816],[-72.99584,5.4192],[-72.99316,5.42564],[-72.99213,5.42699],[-72.99199,5.42881],[-72.99299,5.43142],[-72.9926,5.43377],[-72.98792,5.43861],[-72.98663,5.44189],[-72.9882,5.44903],[-72.99192,5.45792],[-72.99145,5.45983],[-72.98818,5.4641],[-72.98518,5.46688],[-72.97596,5.46878],[-72.97321,5.46984],[-72.9709,5.46919],[-72.96882,5.47037],[-72.96739,5.47277],[-72.96492,5.47983],[-72.96327,5.48073],[-72.96273,5.48168],[-72.96171,5.48507],[-72.96192,5.48753],[-72.95982,5.49231],[-72.9563,5.49674],[-72.95563,5.49864],[-72.9423,5.51228],[-72.9297,5.52839],[-72.92374,5.53759],[-72.92104,5.5465],[-72.92074,5.55372],[-72.922,5.55925],[-72.92576,5.56724],[-72.95,5.55427],[-72.9505,5.55521],[-72.95591,5.55796],[-72.96136,5.55996],[-72.96488,5.5623],[-72.96607,5.56415],[-72.97145,5.56727],[-72.97304,5.56914],[-72.9765,5.57087],[-72.97789,5.57202],[-72.97956,5.57522],[-72.98244,5.57828],[-72.98425,5.58219],[-72.98503,5.58284],[-72.98543,5.58191],[-72.98645,5.5813],[-72.9863,5.58036],[-72.98725,5.57813],[-72.98805,5.57789],[-72.99023,5.57952],[-72.99056,5.58118],[-72.99151,5.58212],[-72.99524,5.58303],[-72.99795,5.58569],[-72.99893,5.58595],[-73.00008,5.58837],[-73.00247,5.59077],[-73.00364,5.59284],[-73.00457,5.59288]]]}},{"type":"Feature","properties":{"codigo":"15832","municipio":"Tununguá","provincia":"Occidente","predios_urbanos_igac":95,"predios_rurales_igac":794,"area_km2":29.24,"area_urbana_ha":7.53,"pct_urbano":0.258,"pct_rural":99.742,"pct_de_boyaca":0.126,"jerarquia_urbana":120,"categoria_urbana":"Núcleo urbano básico","valor_agregado":124.59,"empresas_matriculadas":21,"empresas_renovadas":44,"empresas_canceladas":14,"comfaboy_empresas":3,"comfaboy_empleos":20,"pob_0_6":202,"pob_7_14":194,"pob_15_17":64,"pob_18_26":192,"pob_27_59":657,"pob_60_mas":342,"hombres":910,"mujeres":741,"poblacion":1651,"captaciones":295.85,"colocaciones":5.23,"finagro":1043.12,"bancoldex":0,"icm_puesto":null,"produccion_agricola_ton":10818.13,"bovinos":860,"icfes":245,"matricula_escolar":285,"establecimientos_educativos":1,"ips":1,"camas":0,"regimen_contributivo":113,"regimen_especial":4,"regimen_subsidiado":1248,"acueductos":3,"riesgo_agua":"Alto","eventos_riesgo":null,"densidad_hab_km2":56.46,"valor_agregado_por_hab_millones":75.463,"pred_urbanos":95,"pred_vivienda_rural":2,"pred_agropecuarios":792,"pred_atipicos":0,"ha_urbana_predios":6.3,"ha_vivienda_rural":0.04,"ha_agropecuaria":2910.13},"geometry":{"type":"Polygon","coordinates":[[[-73.92524,5.74307],[-73.92649,5.74183],[-73.92703,5.74216],[-73.92772,5.7419],[-73.92896,5.74075],[-73.92941,5.7395],[-73.93057,5.73949],[-73.93119,5.74062],[-73.93199,5.74093],[-73.93344,5.74069],[-73.93423,5.73995],[-73.93507,5.74034],[-73.93664,5.74005],[-73.94187,5.73778],[-73.94387,5.73609],[-73.9474,5.73659],[-73.94866,5.73739],[-73.94967,5.73744],[-73.9509,5.73861],[-73.95206,5.73864],[-73.95403,5.73976],[-73.95591,5.74013],[-73.95648,5.74007],[-73.95711,5.7389],[-73.95764,5.7395],[-73.96,5.73878],[-73.96243,5.73944],[-73.96641,5.73722],[-73.96717,5.73501],[-73.96887,5.73431],[-73.97454,5.72993],[-73.97533,5.72894],[-73.97635,5.72514],[-73.97879,5.72333],[-73.98013,5.72107],[-73.9814,5.72073],[-73.98041,5.71842],[-73.9785,5.71788],[-73.97657,5.71579],[-73.97545,5.71544],[-73.9752,5.71226],[-73.9745,5.71093],[-73.97459,5.71015],[-73.97561,5.70929],[-73.97398,5.70901],[-73.97386,5.70781],[-73.97246,5.70725],[-73.9712,5.70452],[-73.97145,5.70284],[-73.96934,5.70334],[-73.96876,5.70165],[-73.96756,5.7018],[-73.9657,5.70096],[-73.96398,5.70112],[-73.96022,5.70009],[-73.95764,5.70072],[-73.95638,5.69937],[-73.95543,5.69937],[-73.95403,5.70031],[-73.95251,5.69906],[-73.95048,5.69891],[-73.94771,5.69682],[-73.94734,5.69552],[-73.94632,5.69493],[-73.94525,5.69198],[-73.94598,5.69135],[-73.9456,5.6908],[-73.94339,5.69138],[-73.94289,5.69022],[-73.94211,5.69102],[-73.94044,5.68882],[-73.93994,5.68896],[-73.93786,5.69359],[-73.93494,5.69816],[-73.93457,5.70015],[-73.93361,5.70172],[-73.93359,5.70468],[-73.93407,5.70634],[-73.93241,5.70704],[-73.93082,5.70672],[-73.92875,5.70732],[-73.92779,5.70991],[-73.92602,5.71213],[-73.92381,5.71202],[-73.9184,5.70954],[-73.9155,5.71092],[-73.91339,5.71291],[-73.9127,5.71651],[-73.90962,5.7197],[-73.90791,5.72345],[-73.90824,5.72423],[-73.90804,5.72678],[-73.90855,5.7273],[-73.90809,5.72908],[-73.90835,5.72977],[-73.90464,5.73424],[-73.90137,5.7354],[-73.89982,5.73748],[-73.90101,5.737],[-73.90215,5.73719],[-73.90447,5.74011],[-73.9108,5.73875],[-73.91563,5.73671],[-73.91879,5.73696],[-73.92187,5.73822],[-73.92302,5.73994],[-73.9234,5.74219],[-73.92524,5.74307]]]}},{"type":"Feature","properties":{"codigo":"15835","municipio":"Turmequé","provincia":"Márquez","predios_urbanos_igac":1030,"predios_rurales_igac":6337,"area_km2":79.75,"area_urbana_ha":83.39,"pct_urbano":1.046,"pct_rural":98.954,"pct_de_boyaca":0.345,"jerarquia_urbana":24,"categoria_urbana":"Centro urbano local","valor_agregado":189.86,"empresas_matriculadas":16,"empresas_renovadas":171,"empresas_canceladas":15,"comfaboy_empresas":34,"comfaboy_empleos":128,"pob_0_6":570,"pob_7_14":773,"pob_15_17":279,"pob_18_26":615,"pob_27_59":2570,"pob_60_mas":1721,"hombres":3236,"mujeres":3292,"poblacion":6528,"captaciones":36331.79,"colocaciones":21306.83,"finagro":8288.33,"bancoldex":76.38,"icm_puesto":null,"produccion_agricola_ton":23503.85,"bovinos":11046,"icfes":274.5,"matricula_escolar":1279,"establecimientos_educativos":3,"ips":3,"camas":3,"regimen_contributivo":416,"regimen_especial":48,"regimen_subsidiado":4386,"acueductos":10,"riesgo_agua":"Alto","eventos_riesgo":4,"densidad_hab_km2":81.86,"valor_agregado_por_hab_millones":29.084,"pred_urbanos":1030,"pred_vivienda_rural":34,"pred_agropecuarios":6303,"pred_atipicos":0,"ha_urbana_predios":74.46,"ha_vivienda_rural":0.54,"ha_agropecuaria":7837.8},"geometry":{"type":"Polygon","coordinates":[[[-73.4777,5.3694],[-73.47765,5.3701],[-73.48187,5.36883],[-73.48507,5.36884],[-73.48844,5.36685],[-73.49265,5.36345],[-73.49474,5.35978],[-73.49645,5.35892],[-73.50496,5.35233],[-73.50671,5.34873],[-73.51006,5.34556],[-73.51289,5.33959],[-73.51584,5.34187],[-73.51787,5.34213],[-73.51949,5.34412],[-73.52212,5.34573],[-73.5233,5.34456],[-73.5242,5.34455],[-73.52399,5.34364],[-73.52574,5.34244],[-73.52618,5.34154],[-73.52873,5.34289],[-73.52894,5.34245],[-73.53054,5.34277],[-73.5315,5.34202],[-73.5324,5.34251],[-73.53468,5.3424],[-73.53968,5.3412],[-73.53948,5.34079],[-73.54275,5.33881],[-73.54709,5.33392],[-73.54953,5.33243],[-73.55142,5.32924],[-73.55123,5.3287],[-73.55186,5.32719],[-73.54878,5.3244],[-73.5503,5.32175],[-73.55131,5.31798],[-73.55273,5.31492],[-73.55313,5.31174],[-73.55287,5.31016],[-73.54958,5.30446],[-73.54613,5.30076],[-73.54803,5.29964],[-73.54674,5.29347],[-73.54536,5.29106],[-73.5432,5.28868],[-73.53994,5.28636],[-73.53642,5.28513],[-73.53338,5.28116],[-73.53185,5.27799],[-73.53221,5.27473],[-73.53363,5.27246],[-73.53368,5.27135],[-73.53164,5.26731],[-73.53129,5.26499],[-73.53015,5.26286],[-73.52688,5.25884],[-73.52644,5.2575],[-73.52639,5.25516],[-73.52789,5.25157],[-73.52818,5.24683],[-73.5278,5.24451],[-73.52601,5.24223],[-73.52496,5.23879],[-73.524,5.23729],[-73.51716,5.23471],[-73.51479,5.23269],[-73.51442,5.23374],[-73.51515,5.23736],[-73.51472,5.23864],[-73.51047,5.24317],[-73.50925,5.24302],[-73.50773,5.24404],[-73.50724,5.24748],[-73.50522,5.25119],[-73.50062,5.25226],[-73.49715,5.2556],[-73.49361,5.26083],[-73.49216,5.26226],[-73.49015,5.26659],[-73.48445,5.27498],[-73.4839,5.27737],[-73.48418,5.28012],[-73.4805,5.28394],[-73.47817,5.28828],[-73.478,5.28944],[-73.48067,5.29377],[-73.48011,5.29708],[-73.47642,5.30202],[-73.47469,5.30563],[-73.47408,5.30809],[-73.47435,5.31025],[-73.47401,5.31125],[-73.46864,5.31742],[-73.47066,5.31974],[-73.47116,5.32205],[-73.47187,5.32296],[-73.47207,5.32615],[-73.46833,5.33205],[-73.46994,5.33838],[-73.47128,5.34082],[-73.47162,5.34463],[-73.47316,5.34745],[-73.47977,5.35121],[-73.48164,5.3546],[-73.48114,5.35833],[-73.47924,5.36075],[-73.47905,5.36423],[-73.4777,5.3694]]]}},{"type":"Feature","properties":{"codigo":"15837","municipio":"Tuta","provincia":"Centro","predios_urbanos_igac":1054,"predios_rurales_igac":5726,"area_km2":165.43,"area_urbana_ha":73.1,"pct_urbano":0.442,"pct_rural":99.558,"pct_de_boyaca":0.715,"jerarquia_urbana":29,"categoria_urbana":"Centro urbano local","valor_agregado":1134.54,"empresas_matriculadas":57,"empresas_renovadas":269,"empresas_canceladas":40,"comfaboy_empresas":71,"comfaboy_empleos":1047,"pob_0_6":962,"pob_7_14":1133,"pob_15_17":400,"pob_18_26":1123,"pob_27_59":3520,"pob_60_mas":1777,"hombres":4361,"mujeres":4554,"poblacion":8915,"captaciones":579.95,"colocaciones":25034.53,"finagro":14604.44,"bancoldex":765.72,"icm_puesto":4,"produccion_agricola_ton":17735.65,"bovinos":30579,"icfes":273.75,"matricula_escolar":2040,"establecimientos_educativos":6,"ips":4,"camas":0,"regimen_contributivo":1393,"regimen_especial":21,"regimen_subsidiado":4612,"acueductos":7,"riesgo_agua":"Bajo","eventos_riesgo":8,"densidad_hab_km2":53.89,"valor_agregado_por_hab_millones":127.262,"pred_urbanos":1054,"pred_vivienda_rural":134,"pred_agropecuarios":5592,"pred_atipicos":0,"ha_urbana_predios":65.62,"ha_vivienda_rural":1.33,"ha_agropecuaria":16121.28},"geometry":{"type":"Polygon","coordinates":[[[-73.19929,5.74125],[-73.19945,5.74156],[-73.20281,5.73928],[-73.20244,5.73838],[-73.20355,5.73656],[-73.21869,5.7298],[-73.2207,5.72845],[-73.23013,5.71485],[-73.23112,5.71406],[-73.23993,5.7099],[-73.24279,5.70903],[-73.24378,5.70821],[-73.24406,5.70689],[-73.24604,5.70669],[-73.24682,5.70749],[-73.24756,5.70727],[-73.24748,5.70807],[-73.24861,5.708],[-73.24941,5.70646],[-73.24959,5.70695],[-73.25008,5.70627],[-73.25012,5.70562],[-73.25072,5.70567],[-73.2518,5.70465],[-73.25445,5.70632],[-73.25646,5.70429],[-73.25925,5.70479],[-73.26287,5.70344],[-73.26405,5.7038],[-73.26493,5.70214],[-73.26579,5.70031],[-73.26642,5.69684],[-73.26909,5.69351],[-73.2703,5.68996],[-73.27081,5.68594],[-73.26735,5.68529],[-73.26615,5.68394],[-73.26298,5.68552],[-73.26101,5.68486],[-73.26378,5.67341],[-73.26303,5.67331],[-73.26356,5.67227],[-73.26305,5.67114],[-73.26547,5.66762],[-73.26731,5.66754],[-73.26728,5.66453],[-73.26526,5.66319],[-73.26492,5.66209],[-73.26137,5.65945],[-73.25597,5.6566],[-73.25632,5.65535],[-73.2555,5.65316],[-73.25614,5.65191],[-73.25745,5.64574],[-73.25658,5.64215],[-73.25703,5.64028],[-73.25574,5.63763],[-73.25313,5.63405],[-73.24967,5.63129],[-73.24806,5.63064],[-73.24703,5.62892],[-73.24497,5.6275],[-73.24297,5.63113],[-73.2409,5.62897],[-73.23832,5.62778],[-73.23177,5.62666],[-73.2318,5.63202],[-73.23033,5.63379],[-73.23034,5.63454],[-73.22906,5.63506],[-73.22927,5.6361],[-73.22863,5.63685],[-73.22799,5.63339],[-73.22895,5.63253],[-73.22911,5.63156],[-73.23009,5.63039],[-73.22947,5.6297],[-73.22915,5.62779],[-73.2294,5.62618],[-73.22813,5.62662],[-73.22686,5.62631],[-73.2258,5.62761],[-73.22429,5.6263],[-73.22351,5.62624],[-73.22384,5.62788],[-73.22302,5.62841],[-73.22259,5.62795],[-73.22317,5.62619],[-73.22281,5.62572],[-73.22142,5.62595],[-73.21977,5.62481],[-73.2164,5.62503],[-73.21634,5.62616],[-73.2131,5.62644],[-73.2118,5.63034],[-73.20064,5.63706],[-73.19186,5.64398],[-73.19107,5.64505],[-73.1893,5.65185],[-73.18599,5.65017],[-73.18595,5.64903],[-73.18413,5.64747],[-73.18307,5.64485],[-73.18313,5.64254],[-73.1703,5.62855],[-73.16628,5.62655],[-73.16586,5.62579],[-73.16612,5.6249],[-73.16555,5.62405],[-73.16481,5.6246],[-73.1645,5.62388],[-73.16376,5.62469],[-73.16247,5.62444],[-73.16322,5.62613],[-73.16213,5.62557],[-73.16097,5.62722],[-73.15903,5.62733],[-73.15892,5.62822],[-73.15803,5.62795],[-73.15815,5.6266],[-73.15705,5.62744],[-73.15542,5.62742],[-73.15528,5.62814],[-73.15472,5.62835],[-73.15412,5.62757],[-73.15473,5.62702],[-73.15464,5.62616],[-73.15411,5.62596],[-73.15377,5.62649],[-73.15239,5.62609],[-73.152,5.62676],[-73.15015,5.62616],[-73.14893,5.62664],[-73.14791,5.62562],[-73.14622,5.62702],[-73.14448,5.62729],[-73.14277,5.62993],[-73.13745,5.63045],[-73.13546,5.62946],[-73.13263,5.63223],[-73.13085,5.63258],[-73.13005,5.63374],[-73.12923,5.63261],[-73.12838,5.63263],[-73.12728,5.63141],[-73.12732,5.63067],[-73.12519,5.63058],[-73.12387,5.62917],[-73.12255,5.62916],[-73.12103,5.62812],[-73.11917,5.62789],[-73.11672,5.62562],[-73.1113,5.62498],[-73.11037,5.62589],[-73.1091,5.62586],[-73.10679,5.62812],[-73.10617,5.6274],[-73.10413,5.62782],[-73.10392,5.62666],[-73.10242,5.62571],[-73.10139,5.62414],[-73.10062,5.62357],[-73.09959,5.6236],[-73.09758,5.62218],[-73.09015,5.62012],[-73.08106,5.61912],[-73.07831,5.61742],[-73.07725,5.61815],[-73.07626,5.62076],[-73.07697,5.62342],[-73.07846,5.6251],[-73.07635,5.62665],[-73.07605,5.62845],[-73.08005,5.63004],[-73.08182,5.63378],[-73.08171,5.63466],[-73.0827,5.63705],[-73.08463,5.64066],[-73.08661,5.64307],[-73.09066,5.64537],[-73.09213,5.64693],[-73.09637,5.64787],[-73.09682,5.64927],[-73.09789,5.64936],[-73.09884,5.65065],[-73.10062,5.65174],[-73.1009,5.65303],[-73.10342,5.65455],[-73.10304,5.6552],[-73.10407,5.65606],[-73.10413,5.6576],[-73.10246,5.65913],[-73.10319,5.65969],[-73.10487,5.65947],[-73.10493,5.66088],[-73.10561,5.66142],[-73.1063,5.66111],[-73.10714,5.66155],[-73.10813,5.66089],[-73.10665,5.66506],[-73.10714,5.66691],[-73.10684,5.66773],[-73.10746,5.66911],[-73.10735,5.67022],[-73.10941,5.6714],[-73.10942,5.67227],[-73.11049,5.67267],[-73.10971,5.67427],[-73.10972,5.67536],[-73.1105,5.6764],[-73.1111,5.67609],[-73.11201,5.67639],[-73.11461,5.6813],[-73.11566,5.68203],[-73.11781,5.68577],[-73.12804,5.69779],[-73.13055,5.69968],[-73.13319,5.70013],[-73.13559,5.7022],[-73.13704,5.70247],[-73.1402,5.7063],[-73.14377,5.70918],[-73.14601,5.70995],[-73.14914,5.7124],[-73.14914,5.71289],[-73.15446,5.71563],[-73.15756,5.7196],[-73.15842,5.71978],[-73.15822,5.72198],[-73.15743,5.72396],[-73.15762,5.72605],[-73.1561,5.72643],[-73.15584,5.72737],[-73.16104,5.72654],[-73.16499,5.72645],[-73.16492,5.72593],[-73.16746,5.72585],[-73.17559,5.72396],[-73.17906,5.72442],[-73.18057,5.72522],[-73.18026,5.72365],[-73.17827,5.72228],[-73.17779,5.72104],[-73.18064,5.7163],[-73.18873,5.72301],[-73.19249,5.72462],[-73.19119,5.72706],[-73.19127,5.72869],[-73.19251,5.72923],[-73.19447,5.73105],[-73.19789,5.73197],[-73.20002,5.73386],[-73.20066,5.735],[-73.20042,5.7364],[-73.20155,5.73768],[-73.20058,5.73913],[-73.19903,5.73994],[-73.19929,5.74125]]]}},{"type":"Feature","properties":{"codigo":"15839","municipio":"Tutazá","provincia":"Tundama","predios_urbanos_igac":148,"predios_rurales_igac":1491,"area_km2":121.96,"area_urbana_ha":13.94,"pct_urbano":0.114,"pct_rural":99.886,"pct_de_boyaca":0.527,"jerarquia_urbana":108,"categoria_urbana":"Núcleo urbano básico","valor_agregado":51.6,"empresas_matriculadas":3,"empresas_renovadas":30,"empresas_canceladas":2,"comfaboy_empresas":7,"comfaboy_empleos":36,"pob_0_6":248,"pob_7_14":254,"pob_15_17":92,"pob_18_26":276,"pob_27_59":890,"pob_60_mas":433,"hombres":1057,"mujeres":1136,"poblacion":2193,"captaciones":861.3,"colocaciones":44.57,"finagro":4523.59,"bancoldex":0,"icm_puesto":null,"produccion_agricola_ton":22190.14,"bovinos":7964,"icfes":254.5,"matricula_escolar":315,"establecimientos_educativos":2,"ips":2,"camas":0,"regimen_contributivo":112,"regimen_especial":null,"regimen_subsidiado":1383,"acueductos":5,"riesgo_agua":"Alto","eventos_riesgo":2,"densidad_hab_km2":17.98,"valor_agregado_por_hab_millones":23.529,"pred_urbanos":148,"pred_vivienda_rural":0,"pred_agropecuarios":1491,"pred_atipicos":0,"ha_urbana_predios":11.75,"ha_vivienda_rural":0.0,"ha_agropecuaria":18517.58},"geometry":{"type":"Polygon","coordinates":[[[-72.82848,6.15253],[-72.82853,6.15288],[-72.82977,6.15089],[-72.83044,6.1506],[-72.83127,6.14878],[-72.83445,6.14687],[-72.84344,6.1438],[-72.84874,6.14304],[-72.85085,6.14344],[-72.85489,6.14524],[-72.85743,6.143],[-72.85893,6.1428],[-72.86563,6.1445],[-72.86843,6.14452],[-72.87154,6.14213],[-72.87125,6.14007],[-72.86987,6.13868],[-72.87047,6.13658],[-72.86941,6.13505],[-72.86939,6.13373],[-72.87079,6.13099],[-72.87099,6.12722],[-72.87252,6.12512],[-72.87464,6.12457],[-72.87985,6.12519],[-72.88342,6.12387],[-72.88692,6.12373],[-72.88895,6.1226],[-72.89372,6.12403],[-72.895,6.12387],[-72.89788,6.12185],[-72.89752,6.11914],[-72.89866,6.11675],[-72.89934,6.11367],[-72.90014,6.11246],[-72.90862,6.10685],[-72.91012,6.10662],[-72.91356,6.10822],[-72.91513,6.10807],[-72.91598,6.10738],[-72.92062,6.09983],[-72.92337,6.09835],[-72.92064,6.09648],[-72.91765,6.08824],[-72.91698,6.08757],[-72.91685,6.08633],[-72.91772,6.08447],[-72.91678,6.08161],[-72.91756,6.08016],[-72.91613,6.07617],[-72.91493,6.0754],[-72.91444,6.0744],[-72.91221,6.0739],[-72.91054,6.0724],[-72.9092,6.07021],[-72.90813,6.06977],[-72.9078,6.06869],[-72.90719,6.0685],[-72.90619,6.06567],[-72.90455,6.06354],[-72.90085,6.06111],[-72.89867,6.05777],[-72.89602,6.05655],[-72.89539,6.05353],[-72.89462,6.05212],[-72.89288,6.05153],[-72.89073,6.04946],[-72.88955,6.04923],[-72.88871,6.04833],[-72.88661,6.04746],[-72.88602,6.0453],[-72.88528,6.04435],[-72.8834,6.04379],[-72.87994,6.0439],[-72.8768,6.04298],[-72.87403,6.04171],[-72.8709,6.03928],[-72.87037,6.03675],[-72.87087,6.03544],[-72.86898,6.03109],[-72.87045,6.02322],[-72.86927,6.02155],[-72.86675,6.01984],[-72.8654,6.01657],[-72.86367,6.01567],[-72.86206,6.01304],[-72.86084,6.01232],[-72.85954,6.0125],[-72.85687,6.0116],[-72.85511,6.01181],[-72.85468,6.01103],[-72.85291,6.01105],[-72.85107,6.00916],[-72.84797,6.00885],[-72.8471,6.00718],[-72.8463,6.00714],[-72.84526,6.00876],[-72.84091,6.01082],[-72.84105,6.01213],[-72.83936,6.0131],[-72.83843,6.01488],[-72.83332,6.01084],[-72.83233,6.01188],[-72.82855,6.0131],[-72.82636,6.01231],[-72.82413,6.01027],[-72.82425,6.01243],[-72.82217,6.01301],[-72.81934,6.01557],[-72.81853,6.01527],[-72.81645,6.01663],[-72.81445,6.02122],[-72.81241,6.02322],[-72.81292,6.02504],[-72.81404,6.02621],[-72.81271,6.02699],[-72.81272,6.02774],[-72.81361,6.02771],[-72.81306,6.02942],[-72.81227,6.02999],[-72.81304,6.0314],[-72.81294,6.03309],[-72.8134,6.03384],[-72.81305,6.0351],[-72.81386,6.03564],[-72.81335,6.03744],[-72.81521,6.04054],[-72.81353,6.04412],[-72.81347,6.04619],[-72.81132,6.04789],[-72.81105,6.05072],[-72.81146,6.05378],[-72.81092,6.05518],[-72.81111,6.05617],[-72.8104,6.05663],[-72.81018,6.05801],[-72.81105,6.06026],[-72.81063,6.06198],[-72.81134,6.06348],[-72.81118,6.0646],[-72.81167,6.06504],[-72.81089,6.06595],[-72.81085,6.06797],[-72.8113,6.06948],[-72.8126,6.07049],[-72.81225,6.07563],[-72.81328,6.07741],[-72.81308,6.07868],[-72.81415,6.08201],[-72.81274,6.08882],[-72.81149,6.09099],[-72.81052,6.09508],[-72.80943,6.0973],[-72.80851,6.10461],[-72.80922,6.10548],[-72.80935,6.10713],[-72.81174,6.10838],[-72.81393,6.10838],[-72.81548,6.10688],[-72.817,6.10625],[-72.81855,6.10659],[-72.82161,6.10834],[-72.82345,6.11115],[-72.82564,6.11266],[-72.82709,6.11447],[-72.82641,6.11544],[-72.82533,6.11558],[-72.82504,6.11815],[-72.82349,6.11676],[-72.82313,6.11701],[-72.82549,6.12059],[-72.82641,6.12131],[-72.82901,6.12089],[-72.83076,6.12141],[-72.83544,6.12524],[-72.83608,6.12797],[-72.83754,6.13062],[-72.83749,6.13256],[-72.83614,6.13315],[-72.83568,6.13413],[-72.83567,6.13606],[-72.83462,6.13728],[-72.83161,6.13768],[-72.82944,6.14102],[-72.82945,6.14526],[-72.82848,6.15253]]]}},{"type":"Feature","properties":{"codigo":"15842","municipio":"Úmbita","provincia":"Márquez","predios_urbanos_igac":565,"predios_rurales_igac":7328,"area_km2":146.15,"area_urbana_ha":48.74,"pct_urbano":0.334,"pct_rural":99.666,"pct_de_boyaca":0.632,"jerarquia_urbana":44,"categoria_urbana":"Centro urbano local","valor_agregado":160.15,"empresas_matriculadas":23,"empresas_renovadas":97,"empresas_canceladas":14,"comfaboy_empresas":21,"comfaboy_empleos":142,"pob_0_6":778,"pob_7_14":1016,"pob_15_17":361,"pob_18_26":860,"pob_27_59":3201,"pob_60_mas":1827,"hombres":4164,"mujeres":3879,"poblacion":8043,"captaciones":13661.85,"colocaciones":34169.58,"finagro":24217.1,"bancoldex":73.23,"icm_puesto":null,"produccion_agricola_ton":38852.76,"bovinos":12781,"icfes":255,"matricula_escolar":1114,"establecimientos_educativos":4,"ips":2,"camas":6,"regimen_contributivo":436,"regimen_especial":45,"regimen_subsidiado":4972,"acueductos":10,"riesgo_agua":"Alto","eventos_riesgo":4,"densidad_hab_km2":55.03,"valor_agregado_por_hab_millones":19.912,"pred_urbanos":565,"pred_vivienda_rural":24,"pred_agropecuarios":7304,"pred_atipicos":0,"ha_urbana_predios":41.98,"ha_vivienda_rural":0.46,"ha_agropecuaria":14713.25},"geometry":{"type":"Polygon","coordinates":[[[-73.4512,5.30305],[-73.45191,5.3036],[-73.45323,5.30167],[-73.45549,5.30012],[-73.45852,5.29515],[-73.46019,5.29385],[-73.46185,5.2939],[-73.46485,5.29106],[-73.46541,5.29116],[-73.46576,5.29215],[-73.46655,5.29191],[-73.46796,5.29498],[-73.47145,5.29412],[-73.47496,5.29065],[-73.478,5.28944],[-73.47841,5.28766],[-73.4805,5.28394],[-73.48418,5.28012],[-73.4839,5.27737],[-73.48445,5.27498],[-73.49015,5.26659],[-73.49216,5.26226],[-73.49361,5.26083],[-73.49715,5.2556],[-73.50062,5.25226],[-73.50522,5.25119],[-73.50724,5.24748],[-73.50773,5.24404],[-73.50925,5.24302],[-73.51047,5.24317],[-73.51472,5.23864],[-73.51515,5.23736],[-73.51442,5.23374],[-73.51547,5.23055],[-73.51683,5.22891],[-73.51835,5.22583],[-73.52192,5.22264],[-73.52345,5.22045],[-73.52454,5.21402],[-73.52314,5.21148],[-73.5219,5.21061],[-73.52159,5.20856],[-73.52188,5.20507],[-73.52347,5.20038],[-73.52286,5.19418],[-73.5219,5.19219],[-73.51825,5.19157],[-73.51444,5.18918],[-73.51091,5.18831],[-73.50861,5.18615],[-73.50832,5.1852],[-73.50874,5.1824],[-73.51196,5.17791],[-73.51187,5.1758],[-73.50994,5.17167],[-73.50992,5.16983],[-73.5122,5.16296],[-73.51043,5.16107],[-73.50777,5.15671],[-73.50655,5.15369],[-73.50502,5.15192],[-73.50363,5.15169],[-73.49695,5.15277],[-73.49296,5.15406],[-73.48443,5.15389],[-73.48242,5.15427],[-73.48112,5.15348],[-73.47841,5.14912],[-73.4772,5.14809],[-73.47501,5.14955],[-73.47078,5.15106],[-73.46692,5.15321],[-73.46209,5.15222],[-73.45966,5.15341],[-73.45693,5.15403],[-73.45376,5.15604],[-73.44869,5.1579],[-73.44622,5.15828],[-73.44154,5.15763],[-73.43739,5.15896],[-73.43652,5.16017],[-73.43527,5.16524],[-73.43018,5.17274],[-73.42773,5.17501],[-73.42731,5.17758],[-73.42512,5.18234],[-73.41861,5.18828],[-73.4165,5.18905],[-73.41233,5.19457],[-73.41199,5.19638],[-73.40923,5.19669],[-73.40682,5.1984],[-73.40101,5.20956],[-73.39953,5.21147],[-73.39831,5.21261],[-73.3958,5.2132],[-73.39388,5.21588],[-73.39238,5.21685],[-73.39248,5.21905],[-73.39458,5.22132],[-73.39517,5.22336],[-73.396,5.22371],[-73.39824,5.22654],[-73.40094,5.22717],[-73.40181,5.22953],[-73.4041,5.23111],[-73.40371,5.23401],[-73.40276,5.23554],[-73.40287,5.23721],[-73.40229,5.23926],[-73.40269,5.24029],[-73.40134,5.24274],[-73.40106,5.2453],[-73.40167,5.24738],[-73.40231,5.24806],[-73.40342,5.24797],[-73.40454,5.24955],[-73.40584,5.25383],[-73.4054,5.25488],[-73.40623,5.2546],[-73.40795,5.25511],[-73.40897,5.25444],[-73.41022,5.25506],[-73.41558,5.25486],[-73.41911,5.25366],[-73.41978,5.25416],[-73.42445,5.25331],[-73.432,5.25111],[-73.43311,5.25074],[-73.43722,5.24728],[-73.44377,5.24367],[-73.44548,5.24397],[-73.44943,5.24671],[-73.45008,5.24857],[-73.44991,5.25126],[-73.45064,5.25343],[-73.44907,5.25729],[-73.44675,5.2604],[-73.44655,5.26645],[-73.44592,5.27001],[-73.44632,5.27177],[-73.44875,5.27501],[-73.44794,5.27872],[-73.44409,5.2826],[-73.44342,5.2844],[-73.43758,5.29012],[-73.43604,5.29249],[-73.43214,5.2959],[-73.43426,5.29708],[-73.43006,5.29946],[-73.42943,5.3005],[-73.43378,5.30093],[-73.43748,5.2992],[-73.44172,5.2989],[-73.44373,5.30057],[-73.4492,5.30154],[-73.4512,5.30305]]]}},{"type":"Feature","properties":{"codigo":"15861","municipio":"Ventaquemada","provincia":"Centro","predios_urbanos_igac":908,"predios_rurales_igac":11415,"area_km2":160.01,"area_urbana_ha":89.26,"pct_urbano":0.558,"pct_rural":99.442,"pct_de_boyaca":0.692,"jerarquia_urbana":23,"categoria_urbana":"Centro urbano local","valor_agregado":348.01,"empresas_matriculadas":126,"empresas_renovadas":525,"empresas_canceladas":78,"comfaboy_empresas":81,"comfaboy_empleos":386,"pob_0_6":1906,"pob_7_14":2251,"pob_15_17":815,"pob_18_26":2247,"pob_27_59":6885,"pob_60_mas":2908,"hombres":8506,"mujeres":8506,"poblacion":17012,"captaciones":14156.01,"colocaciones":32562.06,"finagro":23989.66,"bancoldex":1239.83,"icm_puesto":null,"produccion_agricola_ton":119660.04,"bovinos":23380,"icfes":264.4,"matricula_escolar":2716,"establecimientos_educativos":6,"ips":11,"camas":0,"regimen_contributivo":2186,"regimen_especial":20,"regimen_subsidiado":10709,"acueductos":12,"riesgo_agua":"Medio","eventos_riesgo":2,"densidad_hab_km2":106.32,"valor_agregado_por_hab_millones":20.457,"pred_urbanos":908,"pred_vivienda_rural":352,"pred_agropecuarios":11062,"pred_atipicos":1,"ha_urbana_predios":82.52,"ha_vivienda_rural":6.7,"ha_agropecuaria":15640.99},"geometry":{"type":"Polygon","coordinates":[[[-73.44719,5.46886],[-73.4483,5.4672],[-73.45051,5.46154],[-73.45447,5.45605],[-73.4554,5.45116],[-73.45748,5.44794],[-73.46583,5.43912],[-73.47025,5.43664],[-73.47251,5.4341],[-73.47364,5.43055],[-73.47721,5.42698],[-73.47819,5.4267],[-73.48024,5.42818],[-73.48229,5.42857],[-73.48461,5.43216],[-73.48684,5.4338],[-73.48813,5.43573],[-73.49164,5.43775],[-73.49253,5.43881],[-73.4936,5.43674],[-73.49417,5.43734],[-73.49354,5.43895],[-73.49636,5.43875],[-73.49779,5.43771],[-73.49804,5.43693],[-73.49942,5.43651],[-73.50086,5.43367],[-73.50275,5.43277],[-73.50513,5.43079],[-73.50726,5.43023],[-73.50855,5.42908],[-73.51274,5.42967],[-73.51395,5.4292],[-73.5169,5.42629],[-73.52135,5.42324],[-73.52253,5.4219],[-73.5265,5.42321],[-73.52704,5.4241],[-73.53052,5.42455],[-73.53765,5.41929],[-73.54146,5.42069],[-73.54182,5.4196],[-73.54704,5.41481],[-73.54956,5.4116],[-73.55168,5.4099],[-73.55222,5.40855],[-73.55395,5.4068],[-73.55718,5.40604],[-73.55777,5.40535],[-73.55939,5.40584],[-73.56199,5.40449],[-73.56854,5.40644],[-73.57078,5.40763],[-73.5727,5.40625],[-73.57571,5.40691],[-73.57767,5.40626],[-73.57953,5.40482],[-73.58105,5.40476],[-73.58375,5.4035],[-73.58485,5.4027],[-73.58671,5.39979],[-73.5889,5.39854],[-73.59256,5.39844],[-73.59176,5.39617],[-73.59168,5.39418],[-73.59014,5.39175],[-73.58988,5.39049],[-73.59175,5.38761],[-73.59247,5.38741],[-73.59373,5.38542],[-73.59587,5.38355],[-73.59531,5.38152],[-73.59876,5.37834],[-73.59909,5.37613],[-73.59846,5.37391],[-73.59925,5.37252],[-73.59946,5.3703],[-73.59852,5.36766],[-73.59676,5.36571],[-73.59511,5.36288],[-73.59325,5.34694],[-73.59096,5.34488],[-73.59068,5.344],[-73.59287,5.34017],[-73.59365,5.33784],[-73.59267,5.3334],[-73.59306,5.33073],[-73.59877,5.3234],[-73.59955,5.3194],[-73.58982,5.31002],[-73.59005,5.3098],[-73.58876,5.30773],[-73.58908,5.30745],[-73.58784,5.30615],[-73.58584,5.30492],[-73.58398,5.30501],[-73.57732,5.30153],[-73.57351,5.3024],[-73.57139,5.30356],[-73.5691,5.30357],[-73.56724,5.30466],[-73.56489,5.30379],[-73.56209,5.30119],[-73.56102,5.30124],[-73.55914,5.30002],[-73.55672,5.29959],[-73.55595,5.29772],[-73.55436,5.29677],[-73.55321,5.29698],[-73.5524,5.2979],[-73.54977,5.29778],[-73.54821,5.29954],[-73.54613,5.30076],[-73.54958,5.30446],[-73.5529,5.3103],[-73.55281,5.31467],[-73.55131,5.31798],[-73.5503,5.32175],[-73.54878,5.3244],[-73.55186,5.32719],[-73.55123,5.3287],[-73.55142,5.32924],[-73.5501,5.33175],[-73.54498,5.33589],[-73.54275,5.33881],[-73.53948,5.34079],[-73.53968,5.3412],[-73.53468,5.3424],[-73.5324,5.34251],[-73.5315,5.34202],[-73.53054,5.34277],[-73.52894,5.34245],[-73.52873,5.34289],[-73.52618,5.34154],[-73.52574,5.34244],[-73.52399,5.34364],[-73.5242,5.34455],[-73.5233,5.34456],[-73.52221,5.34573],[-73.51949,5.34412],[-73.51787,5.34213],[-73.51584,5.34187],[-73.51289,5.33959],[-73.51006,5.34556],[-73.50671,5.34873],[-73.50496,5.35233],[-73.49645,5.35892],[-73.49474,5.35978],[-73.49265,5.36345],[-73.48844,5.36685],[-73.48507,5.36884],[-73.48187,5.36883],[-73.47676,5.37008],[-73.47217,5.37297],[-73.47009,5.3766],[-73.46728,5.37878],[-73.46272,5.37836],[-73.46173,5.37756],[-73.46063,5.37757],[-73.45463,5.3856],[-73.45331,5.3867],[-73.45162,5.38738],[-73.44954,5.38485],[-73.44889,5.38627],[-73.44753,5.38679],[-73.44589,5.3927],[-73.44502,5.39419],[-73.44326,5.39491],[-73.44267,5.39563],[-73.44201,5.39787],[-73.44234,5.3998],[-73.44207,5.40413],[-73.44184,5.40462],[-73.44079,5.40479],[-73.44034,5.40638],[-73.44107,5.409],[-73.44103,5.41482],[-73.4404,5.41749],[-73.43368,5.42396],[-73.43239,5.42695],[-73.4311,5.42799],[-73.42895,5.43164],[-73.42748,5.43302],[-73.42532,5.43749],[-73.4212,5.44052],[-73.41756,5.44146],[-73.4161,5.44392],[-73.41628,5.44609],[-73.41576,5.44845],[-73.41885,5.44785],[-73.42113,5.44637],[-73.42156,5.44898],[-73.42244,5.44932],[-73.42454,5.44899],[-73.42593,5.45068],[-73.42761,5.45],[-73.43093,5.45082],[-73.43132,5.45108],[-73.43149,5.45284],[-73.433,5.45308],[-73.43322,5.45211],[-73.43449,5.45242],[-73.43462,5.45364],[-73.43589,5.45464],[-73.43664,5.45654],[-73.43757,5.45609],[-73.43796,5.4577],[-73.43878,5.45822],[-73.438,5.46006],[-73.4391,5.46034],[-73.43927,5.46151],[-73.44082,5.46155],[-73.44108,5.46277],[-73.44322,5.4624],[-73.44369,5.46361],[-73.44307,5.46416],[-73.44694,5.46696],[-73.44719,5.46886]]]}},{"type":"Feature","properties":{"codigo":"15879","municipio":"Viracachá","provincia":"Márquez","predios_urbanos_igac":314,"predios_rurales_igac":5257,"area_km2":62.54,"area_urbana_ha":28.5,"pct_urbano":0.456,"pct_rural":99.544,"pct_de_boyaca":0.27,"jerarquia_urbana":75,"categoria_urbana":"Núcleo urbano básico","valor_agregado":61.32,"empresas_matriculadas":8,"empresas_renovadas":36,"empresas_canceladas":2,"comfaboy_empresas":9,"comfaboy_empleos":35,"pob_0_6":243,"pob_7_14":372,"pob_15_17":148,"pob_18_26":333,"pob_27_59":1158,"pob_60_mas":752,"hombres":1542,"mujeres":1464,"poblacion":3006,"captaciones":61.15,"colocaciones":114.97,"finagro":3765.23,"bancoldex":131.25,"icm_puesto":null,"produccion_agricola_ton":16408.38,"bovinos":7120,"icfes":259,"matricula_escolar":316,"establecimientos_educativos":1,"ips":1,"camas":0,"regimen_contributivo":139,"regimen_especial":null,"regimen_subsidiado":1940,"acueductos":6,"riesgo_agua":"Alto","eventos_riesgo":3,"densidad_hab_km2":48.07,"valor_agregado_por_hab_millones":20.399,"pred_urbanos":314,"pred_vivienda_rural":23,"pred_agropecuarios":5234,"pred_atipicos":0,"ha_urbana_predios":25.3,"ha_vivienda_rural":0.45,"ha_agropecuaria":6267.04},"geometry":{"type":"Polygon","coordinates":[[[-73.28285,5.4876],[-73.28314,5.48776],[-73.28592,5.48539],[-73.28532,5.48476],[-73.28571,5.48392],[-73.29192,5.48064],[-73.29458,5.47747],[-73.29817,5.47438],[-73.30066,5.47291],[-73.3039,5.47206],[-73.30783,5.46728],[-73.31002,5.46581],[-73.31015,5.46393],[-73.30963,5.46219],[-73.31161,5.45831],[-73.31361,5.45094],[-73.31436,5.44998],[-73.31351,5.44953],[-73.31105,5.44653],[-73.30875,5.4459],[-73.30752,5.44437],[-73.30605,5.44097],[-73.30743,5.43929],[-73.30911,5.43846],[-73.30991,5.43594],[-73.3109,5.43477],[-73.31113,5.43274],[-73.3126,5.43181],[-73.31261,5.43099],[-73.31342,5.43116],[-73.31459,5.42918],[-73.31804,5.42713],[-73.3186,5.42623],[-73.31821,5.42523],[-73.31564,5.42349],[-73.31488,5.42223],[-73.31178,5.42369],[-73.30709,5.42325],[-73.30546,5.42234],[-73.30252,5.42234],[-73.30151,5.42121],[-73.29927,5.42062],[-73.29722,5.41875],[-73.29388,5.41776],[-73.29312,5.41835],[-73.29193,5.41814],[-73.29052,5.41863],[-73.28761,5.41717],[-73.28624,5.41713],[-73.28524,5.41862],[-73.2829,5.41917],[-73.28092,5.41812],[-73.27634,5.41689],[-73.2753,5.41378],[-73.27359,5.41208],[-73.27186,5.41224],[-73.2701,5.4117],[-73.2682,5.41266],[-73.26249,5.4085],[-73.26008,5.40814],[-73.25965,5.40739],[-73.25745,5.40685],[-73.25369,5.40697],[-73.25081,5.40858],[-73.24982,5.40803],[-73.24743,5.4087],[-73.24324,5.40889],[-73.23993,5.4086],[-73.23857,5.40763],[-73.23601,5.40709],[-73.23258,5.40757],[-73.23091,5.40697],[-73.22906,5.40793],[-73.22443,5.40677],[-73.22199,5.40691],[-73.22041,5.40998],[-73.22101,5.41458],[-73.21787,5.41609],[-73.21791,5.41803],[-73.21627,5.4192],[-73.21346,5.42487],[-73.21204,5.42617],[-73.21338,5.43391],[-73.21591,5.43712],[-73.21625,5.43899],[-73.21567,5.44021],[-73.21838,5.44461],[-73.22077,5.44689],[-73.22744,5.45123],[-73.23126,5.45489],[-73.23351,5.45611],[-73.23573,5.45622],[-73.23879,5.45712],[-73.24477,5.45741],[-73.247,5.45527],[-73.24825,5.45816],[-73.25547,5.46067],[-73.26166,5.46131],[-73.2622,5.46247],[-73.26206,5.46683],[-73.26662,5.47109],[-73.26688,5.47456],[-73.26828,5.47408],[-73.26941,5.47492],[-73.27155,5.4748],[-73.27263,5.47539],[-73.27438,5.47441],[-73.27589,5.47446],[-73.27618,5.47746],[-73.27531,5.47938],[-73.27579,5.48359],[-73.27994,5.4864],[-73.28285,5.4876]]]}},{"type":"Feature","properties":{"codigo":"15897","municipio":"Zetaquira","provincia":"Lengupá","predios_urbanos_igac":443,"predios_rurales_igac":3905,"area_km2":251.33,"area_urbana_ha":25.27,"pct_urbano":0.101,"pct_rural":99.899,"pct_de_boyaca":1.087,"jerarquia_urbana":84,"categoria_urbana":"Núcleo urbano básico","valor_agregado":93.28,"empresas_matriculadas":20,"empresas_renovadas":150,"empresas_canceladas":32,"comfaboy_empresas":13,"comfaboy_empleos":58,"pob_0_6":439,"pob_7_14":606,"pob_15_17":226,"pob_18_26":535,"pob_27_59":1940,"pob_60_mas":1208,"hombres":2521,"mujeres":2433,"poblacion":4954,"captaciones":102216.37,"colocaciones":20541.17,"finagro":6241.88,"bancoldex":31.28,"icm_puesto":null,"produccion_agricola_ton":7335.07,"bovinos":9593,"icfes":225.5,"matricula_escolar":802,"establecimientos_educativos":2,"ips":2,"camas":0,"regimen_contributivo":385,"regimen_especial":31,"regimen_subsidiado":3560,"acueductos":4,"riesgo_agua":"Alto","eventos_riesgo":3,"densidad_hab_km2":19.71,"valor_agregado_por_hab_millones":18.829,"pred_urbanos":443,"pred_vivienda_rural":17,"pred_agropecuarios":3887,"pred_atipicos":1,"ha_urbana_predios":23.08,"ha_vivienda_rural":0.22,"ha_agropecuaria":25793.6},"geometry":{"type":"Polygon","coordinates":[[[-73.05301,5.37441],[-73.0538,5.37349],[-73.05346,5.37228],[-73.05414,5.36998],[-73.05503,5.36979],[-73.05574,5.3687],[-73.05712,5.36883],[-73.05903,5.36743],[-73.06172,5.36646],[-73.06324,5.36776],[-73.06506,5.36775],[-73.06651,5.3693],[-73.07042,5.36877],[-73.07445,5.36905],[-73.07659,5.36765],[-73.07867,5.36748],[-73.08722,5.36235],[-73.09027,5.36152],[-73.09904,5.35359],[-73.10262,5.35137],[-73.10596,5.35064],[-73.10772,5.34911],[-73.10989,5.34821],[-73.11475,5.34872],[-73.11891,5.35039],[-73.12511,5.35477],[-73.12619,5.35623],[-73.12633,5.35734],[-73.13065,5.35452],[-73.13315,5.35063],[-73.13417,5.34983],[-73.13814,5.34818],[-73.1401,5.34579],[-73.14113,5.3427],[-73.14169,5.34242],[-73.1431,5.34628],[-73.14544,5.34911],[-73.1535,5.35109],[-73.15786,5.35078],[-73.16433,5.34431],[-73.17017,5.33998],[-73.17315,5.33892],[-73.17676,5.33915],[-73.17772,5.33479],[-73.18298,5.32982],[-73.18477,5.32939],[-73.18826,5.32536],[-73.18857,5.32396],[-73.18775,5.32268],[-73.18543,5.32178],[-73.18427,5.32191],[-73.18518,5.32076],[-73.18794,5.32034],[-73.19109,5.31714],[-73.19542,5.3167],[-73.19682,5.31754],[-73.20144,5.31608],[-73.20364,5.31437],[-73.20762,5.30965],[-73.21365,5.30532],[-73.21553,5.30449],[-73.21994,5.30071],[-73.22449,5.29566],[-73.22497,5.29367],[-73.22764,5.29234],[-73.23094,5.28709],[-73.23363,5.28512],[-73.23827,5.28534],[-73.24319,5.28799],[-73.26562,5.28728],[-73.26264,5.29014],[-73.2596,5.29153],[-73.26463,5.29424],[-73.26683,5.29593],[-73.26814,5.29731],[-73.26967,5.30039],[-73.27354,5.2986],[-73.27722,5.29448],[-73.27879,5.29155],[-73.28317,5.29032],[-73.28549,5.28851],[-73.28798,5.27707],[-73.28672,5.27483],[-73.28498,5.27298],[-73.28504,5.26576],[-73.28265,5.26295],[-73.27903,5.26092],[-73.27773,5.25701],[-73.27837,5.2512],[-73.27993,5.24735],[-73.27975,5.24598],[-73.27695,5.24414],[-73.27405,5.24346],[-73.27143,5.24139],[-73.26965,5.23925],[-73.26758,5.23815],[-73.26271,5.23672],[-73.25826,5.23697],[-73.25317,5.23304],[-73.2493,5.23269],[-73.2473,5.23054],[-73.24718,5.22965],[-73.24819,5.22807],[-73.24999,5.22713],[-73.25486,5.22647],[-73.25609,5.22427],[-73.25588,5.22098],[-73.25636,5.21956],[-73.25734,5.2188],[-73.2597,5.2178],[-73.26626,5.21693],[-73.27572,5.21385],[-73.27802,5.21086],[-73.28393,5.20593],[-73.29141,5.20047],[-73.2959,5.19981],[-73.2958,5.19842],[-73.29006,5.19764],[-73.28344,5.19317],[-73.28072,5.19197],[-73.27904,5.19176],[-73.27623,5.19257],[-73.27288,5.19285],[-73.26869,5.18953],[-73.26698,5.19124],[-73.26553,5.1914],[-73.25758,5.18496],[-73.25512,5.18715],[-73.25139,5.18903],[-73.2484,5.18943],[-73.24299,5.18886],[-73.24023,5.18924],[-73.23671,5.19184],[-73.23525,5.19234],[-73.22877,5.19779],[-73.22756,5.19966],[-73.22568,5.20079],[-73.22456,5.20265],[-73.22384,5.20606],[-73.22145,5.20775],[-73.22115,5.20846],[-73.22019,5.20847],[-73.2178,5.21105],[-73.21796,5.21398],[-73.21602,5.21733],[-73.21596,5.2182],[-73.21775,5.22316],[-73.21753,5.22711],[-73.21697,5.2288],[-73.21538,5.23174],[-73.2138,5.23271],[-73.21021,5.2338],[-73.20726,5.23594],[-73.20401,5.2351],[-73.20253,5.23532],[-73.20008,5.23669],[-73.19589,5.2361],[-73.194,5.23686],[-73.1937,5.23927],[-73.19151,5.24003],[-73.18644,5.2392],[-73.18481,5.23757],[-73.18233,5.23774],[-73.18109,5.23718],[-73.17883,5.23775],[-73.17673,5.2369],[-73.17534,5.23723],[-73.17362,5.23662],[-73.17021,5.23995],[-73.16704,5.24002],[-73.16324,5.23861],[-73.16261,5.23938],[-73.16143,5.23909],[-73.1605,5.23697],[-73.15877,5.23541],[-73.15421,5.23462],[-73.15083,5.23189],[-73.14943,5.22964],[-73.14821,5.22902],[-73.14845,5.2302],[-73.14685,5.23201],[-73.14572,5.23552],[-73.14478,5.23595],[-73.14317,5.23868],[-73.14118,5.24001],[-73.13981,5.24166],[-73.13732,5.24279],[-73.13655,5.244],[-73.13642,5.24622],[-73.13595,5.24694],[-73.13408,5.24833],[-73.13277,5.24859],[-73.1309,5.25088],[-73.1267,5.254],[-73.12398,5.26121],[-73.11944,5.26755],[-73.11654,5.27053],[-73.11201,5.27037],[-73.11126,5.27102],[-73.10994,5.27429],[-73.10792,5.27721],[-73.10473,5.27872],[-73.10161,5.28124],[-73.09477,5.28492],[-73.0905,5.28587],[-73.08575,5.28786],[-73.07445,5.29493],[-73.07273,5.2955],[-73.0611,5.30202],[-73.05958,5.30378],[-73.05882,5.30551],[-73.05882,5.30754],[-73.05803,5.3081],[-73.05189,5.30743],[-73.04838,5.30804],[-73.04507,5.30959],[-73.04161,5.31244],[-73.04212,5.31513],[-73.04653,5.32138],[-73.04441,5.32378],[-73.04079,5.32546],[-73.0401,5.32713],[-73.04073,5.32969],[-73.0424,5.33153],[-73.04272,5.33612],[-73.04402,5.33811],[-73.04488,5.34093],[-73.04471,5.34518],[-73.04659,5.35013],[-73.04642,5.35382],[-73.04311,5.36016],[-73.04446,5.35946],[-73.04635,5.36017],[-73.04751,5.36304],[-73.0467,5.36703],[-73.04768,5.37116],[-73.05071,5.37395],[-73.05217,5.37369],[-73.05301,5.37441]]]}}]}