{"type":"FeatureCollection","features":[{"type":"Feature","properties":{"CODIGO":"15"},"geometry":{"type":"Polygon","coordinates":[[[-74.66495932898654,5.768539888209343],[-74.66370108894561,5.770522894209114],[-74.66347910986315,5.772409794056173],[-74.66200952906665,5.776459778649087],[-74.65936771875458,5.780142823951848],[-74.65327664867537,5.786514415939045],[-74.65044007761777,5.793059443228687],[-74.64763804157747,5.8041980333037735],[-74.64714658892889,5.808451129884437],[-74.64963243936262,5.819277247318841],[-74.65139950467446,5.823970137336913],[-74.65177815101181,5.828230692943731],[-74.65094953084719,5.833019875540196],[-74.6471453142926,5.8411970862978375],[-74.64414525342501,5.851212430016691],[-74.64000433308071,5.860079330661039],[-74.63803411727594,5.866379270606116],[-74.63388930679248,5.872909433640113],[-74.62407972839729,5.882349666351439],[-74.61926131312885,5.885092180569978],[-74.61557976305743,5.8879496367343975],[-74.60819983680169,5.891169388604899],[-74.59664077016274,5.892453335007033],[-74.59040688531137,5.8946893170877015],[-74.58813077722715,5.897038097861502],[-74.5853934934661,5.903061103435371],[-74.58420598342586,5.909378071635065],[-74.58398258186376,5.9133698812512865],[-74.58573846724028,5.925083230120215],[-74.58674741993369,5.927300458492197],[-74.58837170331145,5.928540176062025],[-74.5904371327712,5.9290450954620395],[-74.5943598965671,5.928750732192233],[-74.596749578704,5.929640587262128],[-74.5993593736625,5.932850404571733],[-74.60220708213143,5.938514596759142],[-74.6066167519695,5.94249226882261],[-74.6082504639633,5.9454715681515395],[-74.60839943741766,5.949199969130069],[-74.60753510340017,5.955095878532413],[-74.60893852209985,5.957853067421018],[-74.61049954571197,5.959130347914315],[-74.61191949657292,5.962340169261775],[-74.6127492698219,5.965850051433571],[-74.61237932790286,5.969879790235979],[-74.61043938623683,5.973319558668311],[-74.60343970539716,5.98108952833419],[-74.6002848631573,5.981990558207322],[-74.5794433826953,5.982761221950836],[-74.57338062728591,5.98470151851757],[-74.5690050932042,5.9869402161797485],[-74.56592661339943,5.990014593932821],[-74.56423589237832,5.993693369886027],[-74.56273966620958,6.001782561781181],[-74.5651916240755,6.011599440321237],[-74.56736245304349,6.016539054743022],[-74.57020749236864,6.027040743760731],[-74.57162951837738,6.034533900625498],[-74.57133587228059,6.042904546481118],[-74.56635849297878,6.060444619222161],[-74.56375425729993,6.068426950804788],[-74.56145340427229,6.073521075473445],[-74.56108164384783,6.075529686253163],[-74.5617137059947,6.078141560120763],[-74.56675299308696,6.081191446758045],[-74.57622983017147,6.0826104958707585],[-74.5804797755381,6.085000333471015],[-74.58450967806769,6.088210339329644],[-74.59781195145301,6.106118213128461],[-74.60393966008294,6.111570321502785],[-74.60931951879473,6.1197002574040145],[-74.61110953044216,6.123960149904157],[-74.61170944709832,6.126640018251285],[-74.61068918206038,6.13319977300264],[-74.60847954955021,6.138619678125873],[-74.60520171700388,6.141481621169785],[-74.60241003809298,6.145094854450338],[-74.60026406916195,6.153773457145356],[-74.59914263431519,6.156601015348448],[-74.59692958309554,6.159909585628517],[-74.5911019908411,6.163862335066474],[-74.58892642690518,6.166184211559289],[-74.58631946779629,6.172229706163652],[-74.58360303463262,6.176181603852445],[-74.57944959782678,6.1868997578412674],[-74.57491590555516,6.192153803496796],[-74.57200321680247,6.200010788483822],[-74.57113313628584,6.206898309775025],[-74.57207788589866,6.209199152894709],[-74.57355951863404,6.2102603854855065],[-74.57414950402352,6.21173010181297],[-74.57418948962471,6.2134499187927625],[-74.57338956494264,6.215719738878072],[-74.56924140926246,6.219861189067085],[-74.56297967051216,6.228719723584262],[-74.55235202916309,6.237801922386459],[-74.54577835211667,6.246392927459558],[-74.5438022093124,6.250300855854885],[-74.54078385723015,6.2610961931596325],[-74.53949943074852,6.264249614217077],[-74.53378964931554,6.269749508322931],[-74.52655051545187,6.273449095694622],[-74.52636053853809,6.270400135821372],[-74.52722722635528,6.269053349356299],[-74.5272106224471,6.266840251281238],[-74.5281529404581,6.265848386662213],[-74.5287321467914,6.26309701767289],[-74.52754027885285,6.262559520668709],[-74.52640539235243,6.261255972470703],[-74.5257203928676,6.261069449871908],[-74.52316320873614,6.25688219171953],[-74.52236039752908,6.256459534670571],[-74.52155065677269,6.255199855430514],[-74.52177282003822,6.253431614447925],[-74.52093051376418,6.252029795640702],[-74.5206205830935,6.250430000474617],[-74.52118278959591,6.247442953065761],[-74.52037076027116,6.246289953274722],[-74.52070038003151,6.2457506039094595],[-74.522056224386,6.245503882539516],[-74.52247287972148,6.244087254328058],[-74.52182544966699,6.243249265795006],[-74.52052026719697,6.243269427389408],[-74.52026701691813,6.242909985614257],[-74.52146061747675,6.242013221872992],[-74.52149275055201,6.241453947146789],[-74.52061792748455,6.240510742864501],[-74.51860055260117,6.239639533332941],[-74.51823606195161,6.238290522344132],[-74.51585051235011,6.235999705928591],[-74.51520911276725,6.2335654079455],[-74.51316042586187,6.232759398004806],[-74.51125066096361,6.230429704355794],[-74.51094061282232,6.228440209997475],[-74.51261535473759,6.226812741635639],[-74.51253053537197,6.225480083167475],[-74.51303253000852,6.224172034233142],[-74.50995054494126,6.221139794257712],[-74.50994206156369,6.219173225329111],[-74.50855054927652,6.2180796884961],[-74.50834278767694,6.216530005709563],[-74.50734035878321,6.2160995007955755],[-74.5053899544961,6.213687423982429],[-74.5034201089048,6.213709219100861],[-74.50123891603445,6.213030713948484],[-74.49934011094425,6.2132193030685885],[-74.49545038755785,6.211479408155472],[-74.49365064576119,6.209839775061539],[-74.49371793819348,6.207947278089819],[-74.49082054683997,6.206309543916572],[-74.49023303632735,6.205025104082105],[-74.48729044536836,6.204959444814568],[-74.48651241946389,6.201794736695642],[-74.48410028103383,6.20132950249365],[-74.48292228129583,6.199976533485459],[-74.48101987278268,6.200729454128718],[-74.47937420937527,6.200782998869817],[-74.47876951822786,6.202029479646416],[-74.47714985476804,6.202533761414736],[-74.47638956800601,6.203909550013934],[-74.47578999561456,6.204179273743859],[-74.47354050113972,6.2031994894189895],[-74.47299514183733,6.202110479807776],[-74.47160003328096,6.201294952422669],[-74.46963057280898,6.20138935224329],[-74.46954065836596,6.199300215774444],[-74.47008309259614,6.198477137649811],[-74.46988058860262,6.197000234129212],[-74.47065023980339,6.19639063072505],[-74.47206971372616,6.196268983933764],[-74.4730207406335,6.19535784844938],[-74.47365058138081,6.190400222642427],[-74.47456394421644,6.188991919789719],[-74.47479135217112,6.186700136613078],[-74.47357063689549,6.185109712850968],[-74.47287051148281,6.180829963328113],[-74.47308059074803,6.178920187671371],[-74.47373119659028,6.177636502346844],[-74.47337057821119,6.17499005805837],[-74.47447061014617,6.1718703306348965],[-74.47543841715002,6.170551384040321],[-74.47516065160902,6.168730014817562],[-74.47601051766833,6.1650303672913465],[-74.47895862152056,6.163104597726027],[-74.47894071268921,6.160990119988724],[-74.47937598651043,6.159663415020461],[-74.47825054202634,6.158499684330578],[-74.47777273537297,6.15673993643791],[-74.47592032470699,6.156509397554246],[-74.47478166598833,6.154999448851355],[-74.47288010107877,6.155689341691744],[-74.47114052014902,6.154060546294341],[-74.46963008565753,6.154409374884553],[-74.46865042909653,6.153779514394326],[-74.46765055904856,6.152579841697007],[-74.46784004883993,6.151122736677514],[-74.46738585605796,6.150089987182506],[-74.46476045801593,6.14783956120041],[-74.46114483899504,6.14322573262211],[-74.45558047740249,6.1397396189446525],[-74.45477433022901,6.137480878637134],[-74.45263065073547,6.13567974243585],[-74.45286064650846,6.133850304610088],[-74.45462482158895,6.13196331760105],[-74.455300446895,6.129650217531861],[-74.4565918446585,6.127691159172603],[-74.45544043365898,6.126439689080389],[-74.45475059313951,6.124659923936341],[-74.45501240166072,6.122208356972826],[-74.4537705565622,6.118859850854773],[-74.45299282183794,6.114262533135094],[-74.45195802371974,6.1124931719740205],[-74.45058049978482,6.112239451549125],[-74.44984060909681,6.10905995076293],[-74.44996052209271,6.10728034748045],[-74.45043771354867,6.106944026437243],[-74.45060662622438,6.106208360186521],[-74.44980065995445,6.1048599855595835],[-74.45073901553128,6.103317589958292],[-74.45089062325964,6.101790383718713],[-74.45206102116988,6.100930819320529],[-74.45168535424781,6.09935926452007],[-74.44972051463604,6.098259251342096],[-74.44736038043597,6.09620429662902],[-74.4448503882669,6.095969451477329],[-74.44396250876228,6.093998939177381],[-74.44228498033065,6.092668571614738],[-74.44009021385851,6.092409229288562],[-74.43858023331819,6.0917214801612705],[-74.43713025746494,6.092009339072419],[-74.43495268685572,6.089024377646169],[-74.43444913837683,6.08910312974521],[-74.43343971116177,6.090319476223929],[-74.4319904493363,6.090499323286922],[-74.43110302619358,6.087393170354143],[-74.43018576778834,6.086726079867724],[-74.42828380114375,6.086897785302583],[-74.42701962556613,6.088829406714987],[-74.42655039909468,6.088879384408605],[-74.42546236927575,6.085902356172986],[-74.42499268205707,6.085865210320549],[-74.42327992874249,6.0868193184496295],[-74.42209033704644,6.08644953748341],[-74.42082015337049,6.084898279563658],[-74.42012728338659,6.0851821500011],[-74.41958957665948,6.086989296588483],[-74.41810116588897,6.0867200060506175],[-74.4126199516115,6.088589321085937],[-74.41188030780226,6.088449510543841],[-74.41101090327975,6.087371680451289],[-74.40975022594104,6.087379427576292],[-74.40902761502876,6.086663335545384],[-74.40799050549943,6.086459439650806],[-74.4071320567084,6.08363180534267],[-74.40521980422507,6.082386769635272],[-74.40361030187985,6.082299370198723],[-74.40086054226428,6.079129781584651],[-74.40072619184564,6.076764417971039],[-74.3994606968799,6.073650145222323],[-74.40104637171436,6.072015509627472],[-74.40102057991243,6.06781033479425],[-74.40195029749908,6.0672167865421995],[-74.401890435388,6.066354838051163],[-74.39991053730378,6.065239663555772],[-74.39982495645606,6.063966917698457],[-74.39852053366275,6.063059585218785],[-74.39759330234632,6.060416332450546],[-74.3956603380259,6.060229389681665],[-74.3946647970515,6.05890466649853],[-74.39021032914586,6.057129534328457],[-74.38944067079866,6.056249634258321],[-74.38874837067337,6.054130040857947],[-74.38617059676568,6.053439551671272],[-74.38622277671215,6.051291406169539],[-74.38496066738433,6.050819495300669],[-74.384998572452,6.04996280264965],[-74.38422063471532,6.049289706429692],[-74.38409845853717,6.048247572970055],[-74.38305690297183,6.047963924396819],[-74.38185998787951,6.049139160496947],[-74.38083070829722,6.048119798800235],[-74.38152046137351,6.045260489498356],[-74.38302492951041,6.044948282053322],[-74.38362681571634,6.0438984794513],[-74.38289061831763,6.042539827688592],[-74.38283205113105,6.040303673964693],[-74.37889696134387,6.039686887408582],[-74.37790961345851,6.04140936460099],[-74.37653103734559,6.041425552308313],[-74.37567956982811,6.042279391635618],[-74.37405528783428,6.043005680799708],[-74.37361951918075,6.0448496286021225],[-74.37324002968641,6.04502934417425],[-74.37152921279008,6.044197388920435],[-74.36983704252609,6.0450674331946965],[-74.36895963343167,6.046659455665251],[-74.36697011713066,6.046869281568974],[-74.3652405017789,6.046079637558566],[-74.36479794755454,6.042190295014932],[-74.36397405895266,6.040584975836392],[-74.3628207251633,6.039894358255958],[-74.36017021691873,6.039869317679532],[-74.35897535580793,6.0390207723449345],[-74.35663018910228,6.038579527156119],[-74.35535085794275,6.037825085982725],[-74.35469517149531,6.0385133060442],[-74.35511937352886,6.040649787911224],[-74.35438975112487,6.041279442506183],[-74.3533001914337,6.041419334182043],[-74.3516153024777,6.040048819996674],[-74.34905041577238,6.039269452526046],[-74.34845904108079,6.038497176495184],[-74.34774062064736,6.038542506551076],[-74.34712951968584,6.040979606169867],[-74.34555441760993,6.041608345960496],[-74.34492893930144,6.0425386339019],[-74.34520942194176,6.044409876970826],[-74.34410883834815,6.04609605900287],[-74.34397939656857,6.049289791347437],[-74.34310854972084,6.050584118118029],[-74.34406911575105,6.0523296563449644],[-74.34170922209468,6.053089324801915],[-74.34084941345155,6.05628967364302],[-74.33946964318122,6.057729487059496],[-74.33808835027223,6.058494553275571],[-74.33836940385848,6.060009915380317],[-74.3378653385494,6.060959225605983],[-74.33805934713912,6.06237960777685],[-74.33622423524454,6.063219928169201],[-74.33632271047075,6.063725030725882],[-74.33734942371083,6.064370313025165],[-74.33732944910399,6.064979571522749],[-74.3365000780661,6.065219341346053],[-74.33459794622584,6.064238485409093],[-74.33262997164174,6.065469303125515],[-74.33108702734206,6.06462934958096],[-74.32946341878359,6.064476620143666],[-74.32730420836843,6.065903380402559],[-74.32683943806103,6.0679395576963335],[-74.32527987988159,6.068679402535477],[-74.32463021822497,6.068649452277471],[-74.32318819244777,6.067450914525551],[-74.32097298893231,6.067160906632746],[-74.32028611079052,6.06780210941058],[-74.32035942539446,6.070109691449919],[-74.31932993411296,6.070739314469138],[-74.31783052844601,6.07017957655269],[-74.31763040499587,6.068888888177262],[-74.31680511550424,6.067920051183487],[-74.31534585948461,6.067796024806884],[-74.31320545485593,6.06994713765728],[-74.31230954704189,6.072839643138044],[-74.30983617901568,6.074336898983488],[-74.30868967504419,6.076869375832096],[-74.30744037883356,6.07662938986777],[-74.30659054125354,6.0755098197925665],[-74.3065865242437,6.072775766019796],[-74.30626311177379,6.072441045974253],[-74.3057041529245,6.07247595444671],[-74.30421808923928,6.073529173422637],[-74.30346630787123,6.074464994387135],[-74.3030698764306,6.07634014803628],[-74.30354945368808,6.078999930899435],[-74.30242948390642,6.081239544401753],[-74.30164982073701,6.081759407934548],[-74.29990907737252,6.081846591187842],[-74.2980697619855,6.0841093604108245],[-74.29640026801748,6.083799354788686],[-74.29265858321445,6.081222625071638],[-74.28862679304873,6.07959284351318],[-74.28766770839886,6.07997822408778],[-74.286939633414,6.082479108088685],[-74.28177046147209,6.07954942687697],[-74.28055677450614,6.07835605764215],[-74.27932162754632,6.078597316553585],[-74.27655977918587,6.0803793018714725],[-74.27553076407925,6.080419395725613],[-74.2762605152306,6.077759260709974],[-74.27607054151885,6.076040139878461],[-74.27670040529706,6.075160541569199],[-74.27766394449313,6.074703281508216],[-74.2775100512776,6.073662156773506],[-74.2764028978545,6.073276513509533],[-74.27341006330694,6.073869364465487],[-74.27272950855239,6.0735839963481],[-74.27102070385936,6.0722997649936605],[-74.27155964150697,6.070346363675405],[-74.27104746575034,6.069460939581434],[-74.27036953440675,6.069433472923729],[-74.26843982543626,6.070829410286895],[-74.2674802946646,6.070779396089086],[-74.26480388801771,6.0677291674629785],[-74.26055026392801,6.067309423948821],[-74.2587205955294,6.065519682520574],[-74.2580205480413,6.0617400017938055],[-74.2584568550162,6.059488039424837],[-74.26037040031386,6.056150464850327],[-74.26485632092232,6.05439168283937],[-74.26554631553849,6.05254738734153],[-74.26476054731957,6.050987044431483],[-74.26380970546715,6.050994758381322],[-74.26171018096385,6.052229193032833],[-74.26063066695157,6.0506399301600515],[-74.26350967045589,6.043567659710882],[-74.26226054583822,6.037640050896387],[-74.26375681556408,6.0343689635471405],[-74.26417185977365,6.032289837244828],[-74.2638596804215,6.030340953820339],[-74.26171014286474,6.025445414100515],[-74.2583009106709,6.022869928425919],[-74.26008420197512,6.020946393419138],[-74.26011073282007,6.019619996917912],[-74.2590406161106,6.017339992502542],[-74.2594405217682,6.016440416743244],[-74.260695897642,6.015430999107696],[-74.26059538155614,6.01421047480737],[-74.25926098616351,6.011011525560482],[-74.25494065464133,6.005879733469562],[-74.25485052110955,6.0046501056881585],[-74.25564894837184,6.0030381168580975],[-74.25545600276449,6.00238412353153],[-74.25275020139682,6.002169372670144],[-74.25011042306657,6.000309657371072],[-74.24783056642171,5.995047016227152],[-74.24202034474726,5.991559571328426],[-74.23873050251711,5.988049743523302],[-74.23827190048041,5.985723198286718],[-74.23649802169032,5.982903004411574],[-74.23327033999718,5.981979399499674],[-74.22887735666156,5.9776772061843895],[-74.22842063766683,5.97714976239509],[-74.22833063427032,5.975495818705468],[-74.22574053354678,5.974149547365411],[-74.22517266006949,5.972303768862066],[-74.22227054444299,5.96850978947437],[-74.22222055392875,5.967910194502946],[-74.22420647980015,5.9657784272029915],[-74.22493045678877,5.962830254289701],[-74.22716645319362,5.960529425196495],[-74.22730054422841,5.9586202169610205],[-74.22911044025464,5.956520519209723],[-74.23172599397728,5.954901912412479],[-74.23343042862484,5.952080477957274],[-74.23512900078119,5.951208763296594],[-74.23518057620193,5.948550105785687],[-74.23615076147514,5.946080407812297],[-74.23675036787914,5.945220519530761],[-74.23842187738158,5.944713383842867],[-74.23887911445826,5.9436879943285605],[-74.23721521416263,5.935110227943565],[-74.23473128381843,5.9322953256500845],[-74.232710123297,5.932969347399892],[-74.23076580798778,5.931162796202487],[-74.22837008229786,5.931289357173707],[-74.22726053634416,5.930909517869464],[-74.22679162196002,5.928940247102457],[-74.2256106822785,5.927749828191242],[-74.22629831147484,5.925149486460751],[-74.22449074723589,5.923239906909178],[-74.2256043706273,5.921291163982822],[-74.2256005372047,5.91921026117298],[-74.22824315458048,5.917084340016914],[-74.22789070810913,5.91261016600594],[-74.2286520516438,5.911342570268593],[-74.22863059148666,5.910280466625518],[-74.23040229359955,5.909882526381274],[-74.23062052479908,5.908350300475067],[-74.23171478081069,5.907525525193504],[-74.23122053214405,5.906429813344211],[-74.23114062038314,5.905010461407378],[-74.23385107492697,5.904336433985535],[-74.23615032078844,5.901290441896135],[-74.23806048063581,5.900655373052319],[-74.23896790198785,5.899000981490173],[-74.23888059121249,5.897200296020155],[-74.23921012864945,5.89698638734448],[-74.24117397125325,5.897710092238236],[-74.24342430317415,5.897526509133016],[-74.24641025047626,5.894580591776798],[-74.24932397693216,5.894539924348084],[-74.25182791533268,5.89293465107906],[-74.25428554301521,5.889483781580498],[-74.2546704685754,5.887560229039043],[-74.25614977854043,5.8858561210131155],[-74.25576061798012,5.88328028939386],[-74.25676006856337,5.882720716639797],[-74.25836779126873,5.88309895790242],[-74.26223032222475,5.880120583671367],[-74.2650147642183,5.879081050842206],[-74.26568052184206,5.87780048991864],[-74.26832603889318,5.87633799552241],[-74.26890048551309,5.875280530749547],[-74.26983701791546,5.874872772113859],[-74.27195035590923,5.872460515310247],[-74.2730020711733,5.872001824724317],[-74.2749834158734,5.868456858546533],[-74.27495752285765,5.8678224827873615],[-74.27333066089706,5.865979927722992],[-74.27406831644882,5.86464450963715],[-74.27402884922445,5.864173867388356],[-74.27202045780534,5.862999623252607],[-74.27170257420703,5.862188657841045],[-74.26984059012518,5.860639694099824],[-74.2696904588895,5.858730003341604],[-74.27030788274546,5.855192486669715],[-74.27004024525459,5.853934212120344],[-74.26892073629068,5.852319960589212],[-74.26955214309321,5.851062473242783],[-74.26856069550016,5.848230008101825],[-74.26896719169584,5.846959500615751],[-74.26835055152179,5.845989793121079],[-74.26780729077423,5.841502294591678],[-74.26635066759351,5.839659742058909],[-74.26597193565101,5.834646793041472],[-74.26338540632392,5.833905569553074],[-74.25947006023821,5.83481941095442],[-74.25725364407336,5.833808640475206],[-74.25241010652113,5.833452989102332],[-74.24994003545324,5.833809365511789],[-74.2478553757184,5.833285627203098],[-74.24597997409214,5.833719466397308],[-74.24419668297145,5.833500494605176],[-74.24075991919047,5.834849350962061],[-74.23870846847217,5.83460856931106],[-74.23384994153497,5.83607928157648],[-74.23193048932676,5.835866578381092],[-74.23003966120203,5.838559457823186],[-74.22611865699224,5.83921606151032],[-74.22607653433313,5.839680913689149],[-74.22669950587618,5.8406301633119675],[-74.22676943966692,5.842059865773649],[-74.22640962818832,5.842689384861492],[-74.2255142643344,5.842955126812836],[-74.22562927718755,5.843919971919798],[-74.22533952944639,5.84469950924655],[-74.22407674997855,5.845305738774355],[-74.22475888382947,5.846849151706452],[-74.22306468428252,5.846416614019925],[-74.22145007308602,5.846789439871993],[-74.21978587029267,5.845883485637846],[-74.21932195710795,5.845921109047224],[-74.21912727147259,5.846613861001462],[-74.22102948293258,5.847930299770284],[-74.22108937905193,5.848959490814494],[-74.21969953939744,5.8492141952053345],[-74.21898973326395,5.850549259027593],[-74.21741656303807,5.849837487919539],[-74.21669400183112,5.850101830821359],[-74.2161595563317,5.852109249599548],[-74.21515651775385,5.852115760938398],[-74.21474962342529,5.853839401100481],[-74.21216698933145,5.853557810937892],[-74.21113991443269,5.854169366697631],[-74.20995515949737,5.853761750449065],[-74.20857179747547,5.85392920645709],[-74.20736958224214,5.856019461881584],[-74.20624036283951,5.856259315099476],[-74.20486096599558,5.852906102759389],[-74.20323414036132,5.851372027281253],[-74.20013302850883,5.8514912861023936],[-74.1973079001302,5.852949455017777],[-74.19518787112058,5.85570398353812],[-74.19437796308218,5.858468005460318],[-74.19420412051628,5.8647863928902515],[-74.19538977521039,5.867268148233702],[-74.19904943181092,5.869840323934377],[-74.19933285969654,5.873314149038228],[-74.20068898396121,5.874459897278267],[-74.19921076063437,5.875388202436855],[-74.20006911379791,5.876659869906664],[-74.19800987656758,5.877899396605417],[-74.19602373000876,5.877666602675698],[-74.1935753473804,5.8789555075100095],[-74.189707955272,5.884109470824768],[-74.18969941781441,5.886329905887294],[-74.18913447851261,5.887979026292156],[-74.19011946798783,5.889680152113844],[-74.19011938788807,5.890589741342027],[-74.18903988005783,5.891654263941245],[-74.18698563549722,5.8954853795633815],[-74.18731940699801,5.898769705809514],[-74.18631883960202,5.899439442192376],[-74.18587947442245,5.9013394881443535],[-74.18523028056576,5.901499280944186],[-74.18469554553084,5.901100299477935],[-74.18427869416902,5.901325792441471],[-74.18421944395557,5.903669754071767],[-74.18298362040031,5.904937082059954],[-74.1831757708004,5.905463034798449],[-74.18532468243663,5.906830733582861],[-74.18639968792988,5.9063908545960375],[-74.18666937574554,5.907259886940042],[-74.18425969000721,5.910369361786577],[-74.18154662207787,5.910360786472382],[-74.1804199578805,5.911089305287822],[-74.17648573640408,5.907897037964166],[-74.17400052324517,5.906939516392838],[-74.17278400449736,5.902949135976098],[-74.16854041890292,5.901279468656077],[-74.16620242825772,5.89790022537657],[-74.16361033635093,5.897079326130685],[-74.15966598774853,5.894223684730335],[-74.15479029794854,5.892269532348295],[-74.15393910831762,5.891503002855419],[-74.14958014584971,5.890909537053288],[-74.14772037086425,5.88993949220225],[-74.1432928774213,5.88555572837289],[-74.14063040364051,5.884399588979524],[-74.13859804156233,5.879899496541677],[-74.13680046517219,5.878040215612551],[-74.13344293330749,5.875991900941155],[-74.12837001594083,5.876709449225266],[-74.12577024031704,5.876139501317907],[-74.1238192418729,5.874695016347153],[-74.12239984543683,5.875499482240953],[-74.11295024314896,5.8756422191145194],[-74.10886437063927,5.876502686467525],[-74.1068295962995,5.8787893949724985],[-74.10596006666349,5.879079387937244],[-74.10509047770829,5.878559531148611],[-74.10435354450138,5.877355085946611],[-74.10308034783552,5.876999514384438],[-74.10001057250017,5.8721998880854525],[-74.10067247112566,5.8686042575350355],[-74.10041685206792,5.8679953108197545],[-74.09697041542651,5.865599548991348],[-74.09556751897335,5.863859332059119],[-74.09528287531758,5.861269501202519],[-74.09433178807122,5.859864451761064],[-74.0916505816289,5.858459635420594],[-74.09155675330543,5.854648865114625],[-74.0905854565074,5.851684153229046],[-74.08926062017272,5.849749836355367],[-74.089675905631,5.845052865808159],[-74.08904981197065,5.841744037324939],[-74.08748834165388,5.841417877394857],[-74.08540963795748,5.84366945166604],[-74.08430032223075,5.844049267195749],[-74.08381066875863,5.842929992380084],[-74.08526589875532,5.839375886429064],[-74.08530389592634,5.837629067349079],[-74.08400264821164,5.836961415424105],[-74.08179022634845,5.837579358387963],[-74.07963058843508,5.834489710785839],[-74.07911052736549,5.8328299363847815],[-74.07926059721594,5.830470128176546],[-74.08132951218172,5.8249611556686745],[-74.08137837632131,5.823731479918179],[-74.07928699115648,5.818683012292048],[-74.07773994552039,5.81894951485119],[-74.07390038123648,5.8187056680251725],[-74.07239019404797,5.819199296205748],[-74.07085164408922,5.817560951269939],[-74.06786030575127,5.818179327580664],[-74.06728060196377,5.817119955153773],[-74.06766534651406,5.815445115330768],[-74.06545612409245,5.814898041897042],[-74.06432539024243,5.81582693375563],[-74.06432940063128,5.817309673040472],[-74.06245989351676,5.818480865374542],[-74.06252930967361,5.8196295824408075],[-74.06028992419724,5.820369236533712],[-74.05679914957007,5.819423223535055],[-74.05581006096773,5.819689419174883],[-74.05293679620331,5.81803947733169],[-74.04990018828833,5.817639435185749],[-74.04393152532566,5.8142572012911815],[-74.04268010566658,5.814459414364371],[-74.04122865105226,5.8134762070045936],[-74.03976022873967,5.813339467800339],[-74.0382776115426,5.812046327357069],[-74.03606006646186,5.812279246965103],[-74.03388018329387,5.811589559007885],[-74.02989043601306,5.809039505240016],[-74.02876011472415,5.807718797174918],[-74.02574092977997,5.806509783581425],[-74.02797876926861,5.803814222153552],[-74.02639052980678,5.801599766244558],[-74.0256504079808,5.797582304536959],[-74.02364052659588,5.7960496085886914],[-74.02336066967995,5.795250043582437],[-74.02461503507924,5.79262226897372],[-74.02375069066247,5.791299993623159],[-74.02418398195064,5.79064626137681],[-74.02397067139124,5.7896801576201655],[-74.02443125355701,5.788843566013453],[-74.0230307949969,5.787879786860556],[-74.02381041837829,5.786540448286957],[-74.0244568317479,5.786130670173477],[-74.02448055310128,5.784750319180775],[-74.02518676451085,5.784166773654148],[-74.02419069257436,5.7816601251800845],[-74.02473275167074,5.781068520866084],[-74.02473064932956,5.780603989947513],[-74.02377351127393,5.780101287490537],[-74.020869738317,5.781969309093633],[-74.01985044566774,5.782119342664972],[-74.01924816557487,5.779680343746091],[-74.01687858947503,5.776450479953541],[-74.01275023540194,5.775659325374778],[-74.01103067287792,5.774729718973385],[-74.01392348005193,5.764252952348428],[-74.01150562263717,5.7624770668128384],[-74.0077703147924,5.762789406796573],[-74.00539789635405,5.758523456754737],[-74.00176062554782,5.755159687127477],[-74.00131580225745,5.75118795171123],[-73.99876039690884,5.74895968979828],[-73.99840054043649,5.748149846744853],[-73.99728683548257,5.740073262581167],[-73.99444373662189,5.736044492407417],[-73.99148056172525,5.73386971948004],[-73.99147174413027,5.72911625473069],[-73.98911187922563,5.727616643709526],[-73.98690055861513,5.727089528196107],[-73.98670504131441,5.725274707897131],[-73.98435046961767,5.723859527625221],[-73.98246984382916,5.7208990094091545],[-73.98140060645223,5.720740636874132],[-73.98011704160882,5.721132863529048],[-73.9787895369457,5.723329582358039],[-73.97636137077454,5.725176679875343],[-73.97532940334551,5.728939698514195],[-73.97453937006337,5.729929360050201],[-73.96886973291062,5.734309582103512],[-73.96722201179965,5.735026620452476],[-73.96640945094948,5.737219540716051],[-73.96242992465281,5.739439384438945],[-73.9599536453523,5.738803265984187],[-73.95764017829107,5.7394993694836804],[-73.95705895561098,5.739292038559311],[-73.95647963695197,5.740069458792],[-73.95589776536538,5.740127592119782],[-73.95403025309369,5.739759318604365],[-73.95207933992033,5.738662056944085],[-73.95090027720407,5.738609331584686],[-73.94972432427117,5.737505861660622],[-73.94866020604407,5.73738935137853],[-73.94739602030519,5.736600794911076],[-73.94395183891484,5.736121365284178],[-73.94186968610954,5.7377794943408995],[-73.93662605440174,5.74005257593853],[-73.9350700859577,5.740339321452499],[-73.93424634695556,5.740051923683457],[-73.93343972559867,5.7406894438932365],[-73.93199007477725,5.740929275351243],[-73.9311904300464,5.740619509012576],[-73.9305490833453,5.739574096049768],[-73.92960865013822,5.73952123818181],[-73.92895951587327,5.740749679834183],[-73.92771968832669,5.741899496247524],[-73.92703006511984,5.742159309984193],[-73.92636844648038,5.742000816338782],[-73.92523988983044,5.743069348981668],[-73.92340050333425,5.742189620530018],[-73.92300945974773,5.739944189472265],[-73.92189223698479,5.738270783811179],[-73.91876337810294,5.736960558374128],[-73.9156088195588,5.736728860723927],[-73.91079983367688,5.738749472858305],[-73.90447024557888,5.740109314246921],[-73.90201152129515,5.737169706280771],[-73.90096696461163,5.737026346594366],[-73.89960971751934,5.737699360526782],[-73.89672078979179,5.737453496573067],[-73.8940574169483,5.737878188558109],[-73.89018009486435,5.737319586211023],[-73.88590046816411,5.735559496090893],[-73.88569068405191,5.735139960251771],[-73.88781260738175,5.729102640015352],[-73.88667873052535,5.72670363658987],[-73.88488049572787,5.724729769218001],[-73.88459625730702,5.723121294892785],[-73.88396227332035,5.7227756502701626],[-73.87732243596705,5.723047011726106],[-73.87533975633515,5.728159090662437],[-73.87347054257026,5.726589682820414],[-73.87307054250498,5.724460012437434],[-73.87519039521639,5.71701070885236],[-73.87757115285031,5.717682867983101],[-73.87804422964574,5.717512035588138],[-73.88242635105792,5.711126736352596],[-73.88305221166122,5.709398653586773],[-73.88301403741987,5.707875420101965],[-73.88260320197864,5.707570801377479],[-73.88024002178976,5.707560070748373],[-73.87435034873671,5.708012059301031],[-73.86110015336624,5.711580528080268],[-73.85688548125563,5.717384793990947],[-73.85620628518299,5.7197666916040335],[-73.85677940793745,5.722730030985145],[-73.85644944078487,5.726249424599854],[-73.85399756829571,5.726430422416172],[-73.85165678486784,5.7281648130615785],[-73.84813968133768,5.732379463109249],[-73.84663798218195,5.732737762301979],[-73.84290977303372,5.736569398084498],[-73.84194386091984,5.7365735354990175],[-73.8397197784858,5.738369476896596],[-73.83844324977397,5.738540724424776],[-73.83638985840443,5.739859420178153],[-73.83006854526286,5.739262962782661],[-73.82776985001732,5.740339432213395],[-73.8244100309361,5.740559272432245],[-73.82342028671856,5.740409410573331],[-73.8210752519081,5.7382065155706385],[-73.81921047458589,5.737479605143885],[-73.81863230830412,5.7342628548660075],[-73.81929616535052,5.729296892797394],[-73.81848070953475,5.727110066495598],[-73.8195988016164,5.725148128643954],[-73.81884066872446,5.721570029825195],[-73.82028191044218,5.716445340143642],[-73.81904018352891,5.715006586829341],[-73.81828981466258,5.715339370599601],[-73.8125893386274,5.714994830142868],[-73.80702406993746,5.719715869490716],[-73.80606962459942,5.721739789094044],[-73.8038395835805,5.72450949490829],[-73.7979897736173,5.727599332828066],[-73.79593914394886,5.727968804703978],[-73.79431253315992,5.729422213806648],[-73.79203480703647,5.732745653068423],[-73.78959952649737,5.740659689969538],[-73.78125891159942,5.747836795822323],[-73.77967969075027,5.751149824102699],[-73.7773167997742,5.754659900757302],[-73.77473187426939,5.757241543710109],[-73.76592513015277,5.770372348444106],[-73.76360971330871,5.772919539666452],[-73.76271025534669,5.7731793180973785],[-73.76130061273496,5.771312087169973],[-73.7528603330514,5.770899393960106],[-73.75131953028327,5.768733111284012],[-73.74991620780362,5.768304515646393],[-73.74900306651409,5.768721278748793],[-73.74775976926023,5.770649327813982],[-73.74642917968163,5.770217850788534],[-73.74552975192647,5.771149328229564],[-73.74399732340846,5.770793059173152],[-73.74190491773417,5.771229221012209],[-73.74043688308592,5.772570657672572],[-73.73686014525413,5.772749320631265],[-73.73169597860382,5.770144734194698],[-73.72797001629965,5.770679198563686],[-73.72664603581944,5.770466835312796],[-73.72575262942794,5.770778157704833],[-73.7249696804467,5.771729413916913],[-73.72325204747683,5.7719073405560435],[-73.72147002979706,5.772749335989538],[-73.72056738025498,5.772241283824859],[-73.72010155251596,5.77237150007513],[-73.7179827415463,5.774954776698984],[-73.7181493460404,5.7763698149955065],[-73.71723861003376,5.77742903245771],[-73.71714938097222,5.778759705921764],[-73.71599085079248,5.779885892172653],[-73.71635930073761,5.781379743367036],[-73.71587983597409,5.781689450446293],[-73.71439219602202,5.781699918693186],[-73.7143778886927,5.780305427528258],[-73.712650669657,5.779709548048576],[-73.71265298396517,5.778689625146019],[-73.7121275611136,5.777941712721975],[-73.71131043937392,5.777709465338403],[-73.71071231190619,5.776500667493083],[-73.70957010623776,5.776509368401376],[-73.70579065502588,5.774379645032797],[-73.70575344306982,5.77273420221358],[-73.70362053888527,5.7710396304084375],[-73.70324285983399,5.7700828105570015],[-73.70121039093041,5.769149506323734],[-73.69745076972832,5.764229545840888],[-73.69606245148158,5.761089544902656],[-73.69422042999629,5.759779665315062],[-73.6932665158452,5.757168350100865],[-73.68887101302983,5.754116449725377],[-73.6878500165028,5.754669186196346],[-73.68430353399833,5.751024443949053],[-73.6815355332937,5.751090517975682],[-73.68051998996266,5.751579296234358],[-73.67233047700937,5.747689533679022],[-73.67039721262319,5.743376021895056],[-73.66940530699732,5.7425088404762],[-73.6676903549778,5.7384298820694974],[-73.66620347135587,5.732451512977661],[-73.66415511013238,5.72867942000584],[-73.66269045947936,5.727719504012818],[-73.66075418710192,5.724995437488587],[-73.65898057860618,5.723719707283478],[-73.65897700888647,5.7224893095182905],[-73.65820978504607,5.721089015293062],[-73.6574800835855,5.721089262880218],[-73.65244035518,5.7159297081080105],[-73.65131065888473,5.713939922596481],[-73.65140692355803,5.712677458130881],[-73.64684266802698,5.713312841754178],[-73.64411424601484,5.715141826786253],[-73.64330950445469,5.717379759039905],[-73.63881319903336,5.724085114621123],[-73.63891933970052,5.726609755124464],[-73.63791971718453,5.727666013818862],[-73.63720122778847,5.729681485398156],[-73.63737952283346,5.732069954492733],[-73.63630938664961,5.73595563333154],[-73.63634381074989,5.737451579887295],[-73.63603962895301,5.7380195664512215],[-73.63345199476281,5.73895049069446],[-73.63155819722435,5.740768201206169],[-73.63105937541897,5.743319676965069],[-73.62997398784094,5.744530755142932],[-73.62950624580155,5.7474853549011895],[-73.63006953746658,5.751410026509276],[-73.62978189647797,5.753984730271435],[-73.63037926569159,5.755639847658955],[-73.6295589197909,5.756603717194954],[-73.62891945112663,5.762519801769874],[-73.6274229601514,5.764781507397534],[-73.6260796774177,5.768389567682167],[-73.62572184444367,5.772240009900778],[-73.62632059194677,5.781178585869513],[-73.62752940258525,5.783120263559514],[-73.62924942591916,5.789519935612461],[-73.62851066055231,5.790943034175821],[-73.62838939900601,5.79253973185213],[-73.62772430231759,5.793314000813354],[-73.6275193278433,5.7961498826730145],[-73.6257494084038,5.802369647938329],[-73.62435343992989,5.803839079760441],[-73.62390094179125,5.806727589378589],[-73.62414928878121,5.807759960523043],[-73.62332052351437,5.810000299469834],[-73.62366799981496,5.8116043201625],[-73.62432936413893,5.812290153822635],[-73.6239894952565,5.8132696714277765],[-73.62281608783488,5.814415710716651],[-73.62244945538616,5.816829679142078],[-73.62030287393519,5.818524752908823],[-73.61986953360393,5.824479927873582],[-73.61892957213524,5.827249751367883],[-73.61738994627147,5.82886639246736],[-73.61678373930907,5.830680964920659],[-73.61138899693795,5.840135455732744],[-73.6077123018778,5.848647696971572],[-73.60731950403522,5.852069837925366],[-73.60502505759106,5.8557004820502065],[-73.60358516470157,5.860074292183486],[-73.60160192805243,5.8641907241545965],[-73.60020460757144,5.869292469521032],[-73.60260955891458,5.873050243242506],[-73.60525192045243,5.879052911938266],[-73.60817960460099,5.88189034327897],[-73.61128736914199,5.887120250093863],[-73.61719087485245,5.8896671138026155],[-73.62023961099496,5.890240497313243],[-73.62064022539893,5.890834616183867],[-73.6223497408734,5.891270550446824],[-73.62346774548952,5.892067765971751],[-73.62462979434059,5.892130673031714],[-73.62722369872408,5.893739998889252],[-73.63033975372542,5.89422052943748],[-73.63149965195565,5.89524033201879],[-73.63248943681596,5.896730121617334],[-73.63222949372997,5.898329789994986],[-73.6307887705919,5.900423553761651],[-73.63149951383608,5.9013803196662975],[-73.63205944621417,5.902950035347202],[-73.63154016823496,5.90560107155347],[-73.63600933330598,5.909590276422281],[-73.63589945740195,5.911159365651543],[-73.63394863635904,5.91100321968039],[-73.63293034819449,5.911473613082897],[-73.63195955399725,5.91425974707382],[-73.63063979773264,5.915639414944506],[-73.6280600918513,5.915309620087441],[-73.62636464253167,5.916530087423064],[-73.62431619232788,5.920117220816596],[-73.6238994555737,5.922219714412822],[-73.62173974738161,5.924419400313269],[-73.61829570478449,5.924440165460219],[-73.61641977720843,5.926329320478404],[-73.61454353394888,5.9260547640354675],[-73.6118397951432,5.928269711448588],[-73.60770424011487,5.9307640748801],[-73.60698950628317,5.932569603451541],[-73.60566405272623,5.933420153396411],[-73.60306274389703,5.937497434511014],[-73.60277932322118,5.940549756564222],[-73.6008647205949,5.943306343267349],[-73.59962932037514,5.9473096603969],[-73.59700905231772,5.950934155254561],[-73.59606944413841,5.9548595860022004],[-73.5940237778768,5.9561443056809695],[-73.59325318258594,5.959383606582028],[-73.59344942738338,5.960869892047623],[-73.59085703784083,5.96547303222315],[-73.59051847180402,5.968719342934858],[-73.59179949227463,5.973560041074579],[-73.59134711873699,5.978141426953813],[-73.59195930276941,5.980319945430344],[-73.59022827279104,5.984138426148897],[-73.59141938285691,5.985930239661486],[-73.59151939477356,5.986789765735173],[-73.58862929526524,5.989421360592177],[-73.58902938800412,5.992569873654151],[-73.58779865092161,5.994641345863241],[-73.58823940391076,5.9974598993541175],[-73.58722805520691,5.999318458424021],[-73.58598349029299,6.006339089773813],[-73.58434960777264,6.008619539687162],[-73.58188301703181,6.009919284857691],[-73.58198934863724,6.011979609379094],[-73.57519988333921,6.014689329664052],[-73.5720305512877,6.014612205324228],[-73.56556768986458,6.018292538414046],[-73.56415961296767,6.020789742071752],[-73.55949084318388,6.0257149063183695],[-73.55903669993857,6.026722920941872],[-73.55950929821869,6.028410021760082],[-73.55926952423832,6.029429633508201],[-73.55864990855238,6.029759389888837],[-73.5569513424315,6.029475294202595],[-73.55477982402277,6.030489519976398],[-73.548513238835,6.031578586045462],[-73.54160588488902,6.0358110992824585],[-73.54066957556994,6.037159413196473],[-73.53972302661292,6.037495503700099],[-73.53921944517472,6.040269769953917],[-73.53828966076512,6.041529559020655],[-73.53696937853712,6.042118275305315],[-73.53576568729076,6.044346900414144],[-73.534949500298,6.049059816068258],[-73.53406968211728,6.050539421532285],[-73.53339028420666,6.0505194751735685],[-73.53231384643568,6.049226884147373],[-73.53105124638853,6.0498529134185075],[-73.53066951457086,6.053509878278217],[-73.52955960072714,6.055969413664901],[-73.52773622682281,6.056119609253022],[-73.52743944503683,6.058399522350424],[-73.52505802461522,6.0588345112860615],[-73.5245333721663,6.059301971354575],[-73.525639409705,6.0618201439068775],[-73.52566511821871,6.065860933242732],[-73.52621357500153,6.066686021131262],[-73.52763952152847,6.067100496362209],[-73.52786933316752,6.0678299357128695],[-73.52666916552494,6.0700956763164],[-73.52633308780882,6.075089230653127],[-73.52664932236182,6.076869694304766],[-73.52515993646993,6.077769326997663],[-73.52367246506749,6.077228446051992],[-73.52263031532175,6.0774279956294865],[-73.52126945188147,6.0806995451195744],[-73.51897159324483,6.082214910711823],[-73.51782956596176,6.085279611963787],[-73.51401895159593,6.087294364900266],[-73.51443939217184,6.089909946738182],[-73.51315236105884,6.093146248364609],[-73.51303196567041,6.094918199461744],[-73.51354782323388,6.096230766081186],[-73.5148794697594,6.097380307358094],[-73.51519935533219,6.099079573367894],[-73.51314346679621,6.099540697969045],[-73.50701578014014,6.102269291429029],[-73.50448959220924,6.10566944325281],[-73.49742023766905,6.1080293411978035],[-73.4956441326179,6.106147309344906],[-73.49323030026436,6.1060793957884085],[-73.4897550501695,6.101672270115451],[-73.48468036375706,6.09999943601607],[-73.48342116219516,6.09870439679373],[-73.4804302049233,6.098429327634762],[-73.47861048303541,6.097419541411164],[-73.47751364929812,6.095196864058591],[-73.47645653999874,6.094375408957348],[-73.47540403278076,6.094234148863425],[-73.47303991734411,6.095389455287669],[-73.47151029766582,6.0950993068103365],[-73.46762057617777,6.092299535939344],[-73.46707528533896,6.091125945682108],[-73.46475793752954,6.089145793775718],[-73.462220477274,6.088329531099308],[-73.4617639046341,6.0870857892621935],[-73.45964035005379,6.086209552153948],[-73.45610371360029,6.081314876740089],[-73.45469041647152,6.080599576630444],[-73.45380030957783,6.078926667264023],[-73.45138006317366,6.077781651917681],[-73.44902001466045,6.07825941521783],[-73.4473603202801,6.0778094845689425],[-73.44581811547737,6.0760798272973],[-73.44492026893553,6.0758894255358245],[-73.44344035631951,6.0745804830100445],[-73.44242022744159,6.0744094950670195],[-73.44034158006177,6.0726789098869665],[-73.43845052659707,6.072399502405094],[-73.43811454519134,6.071510081465582],[-73.4355201481412,6.071179446707729],[-73.42898771525245,6.068449822157978],[-73.42707974548952,6.069479305835287],[-73.42530967378804,6.06983882438558],[-73.42383935449146,6.071203447117052],[-73.42174996411654,6.071879299369613],[-73.41922873965954,6.071396109199122],[-73.41738900932405,6.072098685208346],[-73.4160898376172,6.073599333710576],[-73.41483056588069,6.073089638790085],[-73.41496057963504,6.0704904885041495],[-73.4170600068933,6.070020699724538],[-73.41871225074294,6.0702361052848754],[-73.41896568052769,6.069883325058788],[-73.41899759212941,6.068263059860259],[-73.41536834859927,6.063362399387854],[-73.41277042024832,6.061789574548324],[-73.41173781986798,6.060169192533391],[-73.40791561079911,6.059045298196558],[-73.4067402393736,6.059139355640428],[-73.40377042411406,6.056029732994166],[-73.40310067701323,6.053990288361383],[-73.40517505886568,6.052950796048012],[-73.40609537435964,6.050535355463837],[-73.40432038379421,6.04975949643642],[-73.40295059758472,6.047849733999941],[-73.40259526022513,6.046789695400612],[-73.4011001325248,6.046989320863649],[-73.3991805385601,6.04553953528384],[-73.39492877708825,6.037759821455764],[-73.39055070247356,6.03308948107035],[-73.38876047222173,6.029949833031445],[-73.38761696358277,6.023091903164287],[-73.38609922012448,6.021610127307753],[-73.38490527228893,6.021259817828664],[-73.38298016224819,6.021499396750248],[-73.38235063675552,6.021019800753128],[-73.38290092873709,6.019284672271021],[-73.3826244776187,6.0178581895029195],[-73.38101039994932,6.017039581459354],[-73.38019279735211,6.01529514516662],[-73.37808056882876,6.013259716830643],[-73.37770358223956,6.010351313606148],[-73.37541062861628,6.007989783906915],[-73.37548152177025,6.006081025175913],[-73.37408486835898,6.005577794288174],[-73.37301978887938,6.0069892159177485],[-73.37137046233367,6.006199462038333],[-73.37071061510504,6.005229924299968],[-73.37106750551197,6.004194627486736],[-73.37063066630074,6.002849942460655],[-73.37099062306856,6.000750371343078],[-73.37231102596095,5.999699740858997],[-73.37269106817871,5.998689262504715],[-73.37224687692814,5.997786862694881],[-73.36998042019954,5.996859484830143],[-73.3694608848557,5.996070250009028],[-73.37071998065127,5.995480726762103],[-73.37157640632697,5.995870064984763],[-73.3720550217603,5.995508540004118],[-73.37214490437019,5.99431561379709],[-73.37138069838554,5.991680159078156],[-73.37425966935787,5.988387087019553],[-73.37334064199123,5.985270113489995],[-73.37531140858725,5.982677278922217],[-73.37534495791921,5.982065042388044],[-73.3744204625402,5.981229700378432],[-73.37414056067149,5.980070075409152],[-73.37607291621457,5.976495189930593],[-73.37560268119157,5.974809799108009],[-73.37416080024846,5.97468943773163],[-73.37568339042973,5.97031711446784],[-73.37387082583771,5.969409725382654],[-73.37463318233708,5.968151097234743],[-73.37547040211875,5.964380124207185],[-73.37634042154718,5.962640551910821],[-73.37950013535043,5.961984186388064],[-73.38084237020274,5.960277227193552],[-73.38069976433731,5.959183679653939],[-73.37924089549094,5.9578600037034315],[-73.38049159746842,5.956684195517207],[-73.38112051359897,5.952290365416949],[-73.38249811667312,5.951543023219076],[-73.38249070882503,5.950620623689064],[-73.38430576601071,5.950609770674416],[-73.38458904109952,5.949805728591373],[-73.3842207001175,5.948700251444805],[-73.38675098328429,5.947051583164938],[-73.38642069626623,5.945230532573822],[-73.38783197919007,5.9451694106204425],[-73.3882143232242,5.94488769929102],[-73.38929492027825,5.941743544666301],[-73.3878204612892,5.940239676709394],[-73.3866006909609,5.93714995465781],[-73.3866867647593,5.936439620221935],[-73.38634071462307,5.93612958771301],[-73.38726054310214,5.932760270795848],[-73.38856050280738,5.931080540045231],[-73.39420650576099,5.927293733885758],[-73.39507222240256,5.925907270189823],[-73.39496063014263,5.9247601380831565],[-73.39741367546543,5.920870904664775],[-73.39767227982749,5.919698449844299],[-73.39650048861247,5.919079517127662],[-73.39584053333402,5.916799960079477],[-73.39607048099133,5.915520233324553],[-73.39845693610964,5.9127917482517525],[-73.39847068506788,5.908370179602014],[-73.40119329521531,5.903603119004624],[-73.40164050924282,5.901340570974404],[-73.40289666181748,5.9012001863115175],[-73.40678343322864,5.8984040618634115],[-73.4065805418316,5.896810071269026],[-73.40810718576769,5.893658382562096],[-73.40659064036687,5.891629781063776],[-73.40661055309077,5.890870207988777],[-73.40808007176747,5.8891008252605515],[-73.41027962436952,5.890965127216817],[-73.4113199271915,5.891190874021439],[-73.42050992196877,5.889360688108096],[-73.42334956566799,5.890640533845038],[-73.42424459377234,5.891834342134927],[-73.43275968582854,5.897030357222134],[-73.43389304951758,5.898383662879585],[-73.43604004194337,5.897930755611719],[-73.4393197202481,5.898470698127757],[-73.44442435890124,5.901849182028579],[-73.45360210912175,5.892568167751168],[-73.45637601170863,5.890149163965839],[-73.45623976836191,5.889697969365618],[-73.45323042795003,5.886679718773925],[-73.45185784910589,5.8828113541643425],[-73.44888069928213,5.87976987038766],[-73.4509988053828,5.874856856585246],[-73.4503905185751,5.8715099947070275],[-73.4512305709249,5.866650328669862],[-73.4535407965061,5.864700751916103],[-73.45421056023142,5.862990314680122],[-73.4557296765802,5.861040891755026],[-73.45854057101033,5.852790335755652],[-73.45994976824704,5.851229939177454],[-73.46031051021873,5.850150428750286],[-73.46355689937418,5.8483722391485395],[-73.4630904697859,5.847469734139229],[-73.46218059583315,5.842480093896626],[-73.46320504440351,5.840543392244475],[-73.46496711960455,5.833923366862737],[-73.46724635740476,5.828598509993265],[-73.47155838546419,5.821599184733848],[-73.47330887335782,5.817017261764674],[-73.47298768034595,5.816656168615978],[-73.46537934486219,5.813972758485191],[-73.4596602188008,5.813239490590961],[-73.4524302896521,5.807339698991307],[-73.44889952680258,5.80336617458103],[-73.43929018482842,5.800359549783298],[-73.4358819131964,5.798190507589441],[-73.4314605847985,5.792999642319997],[-73.43019046126902,5.789929897307986],[-73.4300504690078,5.786880060061803],[-73.43067064271217,5.784880365190251],[-73.43189206066332,5.783466402932039],[-73.43183927072577,5.781977516039516],[-73.42831059325543,5.778909547095418],[-73.42713057917716,5.776369965273447],[-73.4278779823039,5.77409180946209],[-73.42902038768884,5.772920513780205],[-73.4317426549961,5.771440525329146],[-73.4320308084151,5.77087699492751],[-73.43184847548935,5.768738859837007],[-73.43011123804038,5.7666022764092935],[-73.42635439335402,5.765828838747977],[-73.42437474271631,5.766228583521798],[-73.41876983519566,5.768529290058128],[-73.41712012983166,5.76863946975196],[-73.41509038629383,5.7673195607495265],[-73.41226226405962,5.763997031600466],[-73.40994667943502,5.762346965272497],[-73.40284029180344,5.760369273886336],[-73.39989274363006,5.758793763788281],[-73.39820014853186,5.75890933064763],[-73.39730509388292,5.758388790942797],[-73.39569035608015,5.757119681588348],[-73.39368987387148,5.753915309776126],[-73.39036481857607,5.751092641145855],[-73.38923998894035,5.7512650525026965],[-73.38598723249571,5.754167008532149],[-73.38164184054503,5.760639863905362],[-73.38160930865094,5.761149754691552],[-73.37906090562177,5.763388288824398],[-73.37865268824319,5.7646145916281455],[-73.3791093089101,5.767639961045665],[-73.37880431919865,5.768764116495257],[-73.37702945373123,5.772999666140148],[-73.3751471179679,5.775269424780931],[-73.37374307560175,5.779760596229863],[-73.37349948168712,5.782759859707232],[-73.3723194322182,5.785209606424367],[-73.36964973594432,5.787999515630601],[-73.36734099153573,5.788385826096347],[-73.36594886065461,5.789482877570152],[-73.3657993459561,5.790689863618069],[-73.36470952578905,5.793189595500286],[-73.36143675056165,5.7952970271075275],[-73.35931092385827,5.798344543961008],[-73.35856932210511,5.802379801383048],[-73.35692723562123,5.80638793717621],[-73.35708898225614,5.80988475728586],[-73.35659070405613,5.8171097911859855],[-73.35619416980472,5.8183371778504895],[-73.3550997092065,5.819529617838665],[-73.35251342817827,5.820884361244521],[-73.35114559852452,5.8231971061181405],[-73.35139663145887,5.826253055862668],[-73.35293950501374,5.828790191840684],[-73.35342934106245,5.831389821138043],[-73.3524196926341,5.83254952310123],[-73.34933334549324,5.833475560717528],[-73.34875671185748,5.834170051154919],[-73.34950941009515,5.839109992388883],[-73.34909928538372,5.841069721264734],[-73.34878959123819,5.841589431646897],[-73.34633217631092,5.842125951516161],[-73.34599524097437,5.8424991008983636],[-73.35045943555268,5.851690076801821],[-73.35010248359221,5.853639070868413],[-73.35078943872995,5.857019955259872],[-73.34980781765827,5.859653081740121],[-73.35020950557512,5.861580012689492],[-73.34972823299418,5.863861729927782],[-73.35044925980628,5.865370230963325],[-73.35079851354627,5.867919127652652],[-73.3503599704075,5.870099923543798],[-73.35146901687745,5.872569168923892],[-73.34829251116366,5.87123065908586],[-73.34549382184967,5.866669183457954],[-73.34397046733203,5.865489652317888],[-73.34253889495798,5.861774298109952],[-73.33634039441583,5.859939462053534],[-73.33439367937505,5.857016144351548],[-73.33133047161512,5.854849658555472],[-73.33063993694729,5.852663769239181],[-73.32920539476774,5.851582430502763],[-73.32834008178556,5.8517094301350445],[-73.3272928726661,5.8513019167314075],[-73.32610995814386,5.852069313214977],[-73.32535189102758,5.851804684525521],[-73.32443035987525,5.852399069515382],[-73.32422414862978,5.851745330587096],[-73.32375981124511,5.851554506933407],[-73.31895362723454,5.851783839540374],[-73.31839825278325,5.852295387007734],[-73.3183694188525,5.853239430486024],[-73.31733302670766,5.853362437699514],[-73.31645963883233,5.854929390272326],[-73.31371801855386,5.854915231843377],[-73.31262994396275,5.856179090829754],[-73.31066593482471,5.854235480031393],[-73.30749014910883,5.853789469030212],[-73.30494966973953,5.852682631902314],[-73.30253995740858,5.853719425174031],[-73.2979801776992,5.852309563585194],[-73.2947371504592,5.850660387116096],[-73.29007152256057,5.850370579494887],[-73.2882004542704,5.851052773010459],[-73.28374982483892,5.854048862092251],[-73.28297246413952,5.856165620507197],[-73.28346928213736,5.860228808111141],[-73.27499613620776,5.854301789370241],[-73.27048025531138,5.85354934040369],[-73.26888042197736,5.852499570078932],[-73.26394070665492,5.845269833386148],[-73.26449056556767,5.841260194300893],[-73.26601817117579,5.838538366787247],[-73.26524097134464,5.83493542729997],[-73.26254611659259,5.832731817787101],[-73.2604202435684,5.832499339190344],[-73.25878039895892,5.831339630955873],[-73.25781050006741,5.829529840090184],[-73.25735942734508,5.8262858168231215],[-73.25318067137538,5.821299554764169],[-73.25174410505375,5.818507178905237],[-73.24996957644542,5.817193714356821],[-73.24707188235944,5.816035569733111],[-73.24403987827858,5.817669416384419],[-73.240760719679,5.817265714470143],[-73.23819981208062,5.818819527704357],[-73.2359320205509,5.819296167653251],[-73.23362018746171,5.820753373463752],[-73.23236961253697,5.8229896192964],[-73.22894983235496,5.824939394041227],[-73.22525008976397,5.825019459861442],[-73.22266559566962,5.824091739850681],[-73.21674093833171,5.824072622193644],[-73.21094990094055,5.826449472541765],[-73.20639737479868,5.826145355921277],[-73.20500284436902,5.826566313361906],[-73.20197921718982,5.829251756491551],[-73.20097945397329,5.833009662486384],[-73.200278621429,5.833622471428197],[-73.1973693797781,5.834132382886847],[-73.19493123641675,5.835347380063526],[-73.19473945779008,5.836759713169777],[-73.19372677396755,5.837566195976984],[-73.19028958852083,5.8436396169910205],[-73.18649443803037,5.8461896595272],[-73.18571941350038,5.848999628103321],[-73.18410207152543,5.8506547857990086],[-73.1859216933711,5.854556231471454],[-73.1879193627227,5.856480383496574],[-73.18853515104277,5.858649689120309],[-73.1912528948541,5.862967054484459],[-73.19281038751632,5.865012572272104],[-73.19602941807614,5.867430305770621],[-73.1960923566029,5.86869470799059],[-73.19772741794645,5.872983276755719],[-73.2034862012881,5.876560524721367],[-73.20489933806954,5.878960221119246],[-73.20514498373744,5.880927517319774],[-73.20649950175859,5.882850216338938],[-73.20672940794243,5.884319833040345],[-73.20565019971498,5.885625130377524],[-73.20570468934879,5.886683381881495],[-73.20723730864538,5.88881962819587],[-73.20965487035049,5.8905618558373],[-73.21433638980795,5.890756864937681],[-73.2175500126001,5.889990769770902],[-73.22097958805958,5.890700467334289],[-73.22122919418997,5.891430129275867],[-73.22119811590436,5.89484206036715],[-73.22184930228914,5.897270001297389],[-73.22129359104756,5.899405630190521],[-73.22142921695058,5.902729900574198],[-73.22014811703072,5.907035861775172],[-73.22172936050696,5.909060144466562],[-73.22131947269442,5.910569706067696],[-73.21929943823187,5.912729334273172],[-73.21616954724846,5.9148047440613665],[-73.21547956538924,5.91665959367296],[-73.21360883898467,5.917459016250948],[-73.20867123880942,5.9212245132070285],[-73.20847546707716,5.92165413180962],[-73.21734091216295,5.936023644164249],[-73.22287957371496,5.938870530517514],[-73.22473927676998,5.941140035039957],[-73.22380160943706,5.942564486566213],[-73.22340958497507,5.945109902610286],[-73.22234273243288,5.947672358175903],[-73.22234943089475,5.9498898401899005],[-73.22091625042931,5.952206816536827],[-73.22046945508225,5.956869896498216],[-73.21971946222878,5.9594596464678995],[-73.21644902927096,5.9623079063834385],[-73.22003934655332,5.968950240838673],[-73.2205593384667,5.9715799605394055],[-73.21885635968644,5.976826367444516],[-73.21897945080485,5.9796999237077255],[-73.21843940173707,5.981299645279615],[-73.21405953176546,5.986049397485957],[-73.21027875872029,5.98813280087869],[-73.20534793378694,5.993997050083664],[-73.20306255416897,5.997231421986965],[-73.20187949674892,6.000019694652296],[-73.19930976721763,6.003129304581868],[-73.19713027944,6.002609330363259],[-73.19535385204206,6.001521335431564],[-73.17722119166959,5.995493720307748],[-73.17550016408948,5.994532322525395],[-73.1719105338724,5.99172950597293],[-73.17021734801035,5.989182246707497],[-73.16637856189334,5.985601878921312],[-73.15520061183949,5.978649656111231],[-73.15513684498255,5.972330386687659],[-73.1541382699312,5.968280534857001],[-73.15109381600267,5.965259646471729],[-73.14546022468114,5.963139533640159],[-73.14263325629784,5.9610980435941565],[-73.13945013925688,5.96080949146452],[-73.13641408225311,5.959371928840784],[-73.13033420528873,5.959261314425404],[-73.12922680643274,5.9595773790305895],[-73.12796971004062,5.960809524375746],[-73.12358988520393,5.962229212595305],[-73.12067016462866,5.962159313189754],[-73.11830750158568,5.9610399721851115],[-73.11530665053516,5.960907058305103],[-73.11255963221986,5.964039499790308],[-73.11077008557969,5.964769289237768],[-73.10915599121353,5.96364719884083],[-73.1058900637081,5.963499514907081],[-73.10172071242712,5.962178983366227],[-73.10089097639067,5.96224753074262],[-73.09878198881218,5.963492538143528],[-73.0960897830789,5.966139370160486],[-73.09496023164746,5.966009455536107],[-73.09325043928673,5.96464070859944],[-73.0913646628141,5.964351176995171],[-73.08692760776778,5.96563063961681],[-73.08224033664543,5.968686215622014],[-73.0811831815601,5.970129101020666],[-73.08117901396588,5.971642276253278],[-73.0825593788828,5.9733301922468565],[-73.08218950358862,5.977189479492174],[-73.07737469149984,5.97744458175748],[-73.06796861238522,5.9820345332828415],[-73.06879940839868,5.988139894302954],[-73.06772953842835,5.990039505408067],[-73.0657405626524,5.990995822172777],[-73.06525943014968,5.99174169631921],[-73.0655693011013,5.99390992932883],[-73.064680165285,5.9962816579040625],[-73.06482947268631,6.000319910855088],[-73.06175859317945,6.007242808303064],[-73.0621993637163,6.011049634462939],[-73.06051609287371,6.011788681927691],[-73.0590896869201,6.013289351251432],[-73.05428107816118,6.013730170904103],[-73.05168968973491,6.016269479731795],[-73.04987483222547,6.016839305610992],[-73.04874952810502,6.018319527295538],[-73.04708973259977,6.019529413769157],[-73.04346294699641,6.020374476192155],[-73.04293949093002,6.021079471709536],[-73.04016980363387,6.022589548680778],[-73.03839997758048,6.023009393579933],[-73.0365087234097,6.022724346771587],[-73.0340599764319,6.023429387789287],[-73.03159168557002,6.022912450200166],[-73.03071554855191,6.019969613287773],[-73.0283404557621,6.016899761420458],[-73.0276406544878,6.014649902643772],[-73.02769048111914,6.0066900454456045],[-73.02853848810493,6.003538056718893],[-73.02712025757559,6.000408473492201],[-73.0271607081727,5.998630170975044],[-73.02799626970543,5.996568613100045],[-73.02679395105925,5.995178068554457],[-73.02411047884607,5.993889242603567],[-73.02174054584077,5.991959671504396],[-73.02022049300658,5.984309946993902],[-73.02064390224163,5.978100096127609],[-73.01933630088119,5.974721474170054],[-73.01806062253338,5.972969786562753],[-73.01797250017744,5.970529489724929],[-73.01579041869732,5.968969638130689],[-73.01397169569505,5.965101085411568],[-73.01154012102413,5.963277124330837],[-73.01106458955225,5.963255328859703],[-73.00911671102914,5.964734921285628],[-73.00539949537229,5.970219527603528],[-73.00397843081986,5.971353014475775],[-73.00234955038398,5.9761996613167],[-73.00034812693396,5.977612003953366],[-72.99942944523885,5.979779660365404],[-72.99793642638174,5.981573470726035],[-72.99653956762828,5.985439529301171],[-72.99465068693632,5.985954135054782],[-72.9919970402487,5.987545734063048],[-72.99026462957724,5.989337134484272],[-72.98951251542337,5.991785362030136],[-72.9895194594729,5.995409872948609],[-72.98463641669433,6.005157354914363],[-72.98446947449526,6.0073998444054775],[-72.98296955659319,6.010019573821311],[-72.98023992308309,6.011729356245371],[-72.9782405024872,6.011065986144471],[-72.97778945313229,6.011186536392297],[-72.97718940099706,6.014549818936172],[-72.97605957731274,6.016929401950603],[-72.97195179154502,6.0173634308952435],[-72.97031667785146,6.018600731976051],[-72.9699539232028,6.019578669210048],[-72.97039939168415,6.022119745506506],[-72.96264445229902,6.02750555860878],[-72.961498550842,6.030989769882201],[-72.96130948912126,6.0340998618095405],[-72.9589906091016,6.038277762761943],[-72.96086934978109,6.040720202837946],[-72.96065939392538,6.042769739921655],[-72.96011963159532,6.043399397306493],[-72.95817878485298,6.043875883209006],[-72.95501091793405,6.045787710669309],[-72.95363140978452,6.047605296653022],[-72.95328866348015,6.050850388684735],[-72.95376693264956,6.052356390612047],[-72.95495933995582,6.053920080963003],[-72.95247188383007,6.059672637859697],[-72.95300807839172,6.062874385791385],[-72.95386942657777,6.064590055775311],[-72.9533624787783,6.06636105159108],[-72.95189957165346,6.068509512689362],[-72.94738334170728,6.070835570835075],[-72.94454955839267,6.0765095398723314],[-72.94343836277889,6.077000539697211],[-72.94000003868642,6.077159327199748],[-72.9370867247002,6.076694891728907],[-72.93545266223376,6.076974142345743],[-72.93528998815104,6.077429820054267],[-72.9357394129273,6.079109932107007],[-72.93260963445184,6.084929520401774],[-72.92771993386282,6.086049521136126],[-72.92493239833244,6.08596459550201],[-72.92289150307658,6.087818431125463],[-72.92278962855157,6.095722534972735],[-72.92367940954601,6.097240090379686],[-72.92336955289619,6.098349738773279],[-72.92057935937706,6.09990140806792],[-72.91597940039864,6.107379474116121],[-72.91512976676783,6.108069430273929],[-72.91356012182057,6.10821929053982],[-72.91016489507852,6.106651421743995],[-72.90867565579957,6.106844417526959],[-72.90018453837689,6.112433562829923],[-72.89934785640156,6.11367332845119],[-72.89865923236509,6.116749736052508],[-72.89755106966581,6.119096287773002],[-72.89787935975816,6.12184971903567],[-72.89499978234817,6.123869435508072],[-72.89372005692422,6.124029319487247],[-72.88900446748953,6.122639596212214],[-72.88691984928397,6.123729463686974],[-72.88339569150797,6.123881908678187],[-72.87984993316452,6.125189435536631],[-72.87468710265622,6.124577784549903],[-72.87251752148855,6.125159973391111],[-72.87101028559852,6.127227205973331],[-72.87078932844186,6.13098981941935],[-72.86939352109098,6.133805633109381],[-72.86944887298965,6.135089142626636],[-72.87046935586815,6.136580106457628],[-72.86995357337423,6.138683372287309],[-72.87124951654033,6.140070249033848],[-72.87153939970263,6.1421297547489075],[-72.86842981442413,6.144519447498057],[-72.86563011618595,6.144499095939335],[-72.85888185688091,6.1428087060333345],[-72.85739569000248,6.143043115819811],[-72.8548899012268,6.1452393542745245],[-72.85084899159646,6.143443222798023],[-72.84865764315697,6.14305180966051],[-72.84339571298328,6.143815123597477],[-72.83445118708744,6.146872554745329],[-72.83132279570252,6.148759994834834],[-72.83043949346481,6.150599483551897],[-72.82968746979884,6.151022447661522],[-72.82545645278641,6.157989527541965],[-72.82618936093594,6.1654998388936715],[-72.82513155639079,6.167074582299958],[-72.82465938696211,6.169979731520478],[-72.819612323801,6.176395852141058],[-72.81907107162638,6.178799714184119],[-72.8198394094005,6.180930044451589],[-72.81956942053166,6.1821797461905135],[-72.81892959442384,6.183089577769122],[-72.81631357053081,6.184801168200191],[-72.81128964951776,6.191882016572978],[-72.81026153957856,6.1959802525702585],[-72.80976944121794,6.201819812169368],[-72.80649927780374,6.206979407575417],[-72.80371712698555,6.2096860255455555],[-72.80335742635994,6.212425764089186],[-72.80402934105382,6.215409917020855],[-72.80373960090233,6.215969473239034],[-72.79805758913982,6.217147224831944],[-72.79569972107093,6.218499249618382],[-72.79337008196481,6.218939429643376],[-72.78348021223644,6.213889655779762],[-72.7810406303656,6.212099329023587],[-72.77962968925684,6.210469982358737],[-72.77510744410101,6.21048946136319],[-72.77079988548465,6.214376906104646],[-72.7695893633135,6.217269652163435],[-72.76772851570315,6.219936818801255],[-72.76709987652826,6.220309474552549],[-72.76422035097312,6.220009469483784],[-72.763226133172,6.218253735445628],[-72.7619003539518,6.217524883695231],[-72.75883985574617,6.218629307537771],[-72.75501178569054,6.218828172957555],[-72.75051812501061,6.223582877861415],[-72.74939951177198,6.226709506169237],[-72.74561467103932,6.227987609742004],[-72.74471479605945,6.229136362249315],[-72.74406771995694,6.232410116015321],[-72.74451746745991,6.235192522150822],[-72.74767025248403,6.237189746188529],[-72.74846951037496,6.237950286134573],[-72.7487568568224,6.239087535675018],[-72.74889952694802,6.242479978407502],[-72.74793542426305,6.246924922860334],[-72.74828298383582,6.248449599296443],[-72.74992927881877,6.251500092508453],[-72.74966949085834,6.252559736327568],[-72.7438624300603,6.2593448306665485],[-72.74427374366826,6.26077246852033],[-72.74579931276273,6.262360185587155],[-72.74482765232013,6.266375866142341],[-72.74584310030664,6.274741065021067],[-72.74703250903293,6.276277477189193],[-72.74927978229827,6.276600620594267],[-72.75236955152842,6.278454859660108],[-72.75398960520316,6.278870488892464],[-72.75489928496249,6.280720176075385],[-72.7550195538763,6.285379973745397],[-72.75402339778316,6.292310091889687],[-72.75435402083102,6.296043173993619],[-72.75584265571196,6.300088668462387],[-72.75749924611382,6.302660320778705],[-72.75825711888014,6.305877755240551],[-72.75684417517019,6.309575344244036],[-72.75800880208197,6.313051031989248],[-72.75757943039561,6.316999603418911],[-72.75392760003045,6.31884370877762],[-72.7521894910441,6.322409519613484],[-72.75006214911907,6.323581044052597],[-72.74970178828691,6.324238483912831],[-72.75074930517715,6.327220077477585],[-72.75001872639965,6.332099694012545],[-72.75074938246212,6.335399895113619],[-72.74929025934708,6.337790680568915],[-72.74910962383032,6.3437099598468745],[-72.74837947897642,6.347629665423186],[-72.73902969049585,6.3542094503271525],[-72.737429816594,6.354909279560941],[-72.73311587973953,6.3552930108033],[-72.73162309567783,6.356741146596455],[-72.7320493264742,6.359959960649517],[-72.73128095206516,6.362342970977312],[-72.73105935777768,6.3670796814313535],[-72.7295397479539,6.36834955571442],[-72.72744907152737,6.369116682254425],[-72.72581064353393,6.371612336350384],[-72.72624488629044,6.374573840035412],[-72.72941940920494,6.378020192223536],[-72.72907120336546,6.381068958487284],[-72.7296948489294,6.38306898410427],[-72.7329494372154,6.3852602872265445],[-72.73238432174067,6.39666402855184],[-72.73425140613455,6.402542151520879],[-72.73491926987691,6.408320005246458],[-72.7344953400596,6.412591490649939],[-72.7350294963892,6.415939989992637],[-72.73440746976307,6.419098763414205],[-72.73475942510109,6.421550027752573],[-72.73453190743103,6.426369924498563],[-72.7351693736733,6.4313899232523495],[-72.73362851375835,6.435511077052174],[-72.73635968395048,6.437990317036074],[-72.73797935672913,6.440269973164713],[-72.73754953575418,6.441329629440431],[-72.73347279457185,6.444201585889704],[-72.7320463208991,6.4460759958193155],[-72.7318092223688,6.44788977463033],[-72.7309494462688,6.449659657214273],[-72.72499177624347,6.456887354438714],[-72.72887309830921,6.46506851966469],[-72.73306937871152,6.46927049499004],[-72.73459349244754,6.471682735140462],[-72.73681939363559,6.473030356361439],[-72.73700137972402,6.479366929347346],[-72.73825941709813,6.483480034661122],[-72.73746934584156,6.487819770349057],[-72.73616445861722,6.490242507312635],[-72.73627435556851,6.490791192766907],[-72.74021160625121,6.492412393080682],[-72.74324992083929,6.492520599799251],[-72.74615978476466,6.493200466237732],[-72.74776506459419,6.494486506735974],[-72.74914459140528,6.494798293958863],[-72.75203388694102,6.494758773331175],[-72.75450011511056,6.493800668412017],[-72.75613979851911,6.493860659736871],[-72.75917944896551,6.4957503869930395],[-72.75949168360076,6.497000990784787],[-72.76074387639503,6.498113580964889],[-72.7636599000056,6.498460507097977],[-72.76537959380616,6.499140505157925],[-72.7676012262744,6.502432071078405],[-72.76869956497396,6.503130430263434],[-72.77121775082514,6.50737293424044],[-72.77252947781865,6.508480257645072],[-72.77266749534365,6.511819563547088],[-72.77390940228506,6.5160600832316895],[-72.77388909083456,6.5206794507472114],[-72.77529070555822,6.523554938192011],[-72.7775595583973,6.525930277697527],[-72.77850875506655,6.5286684665967964],[-72.78539431514534,6.531217014393859],[-72.78813311853757,6.531768316228082],[-72.78998570555945,6.53109304598191],[-72.7911900731054,6.530020692314082],[-72.79223409638224,6.5305534266685],[-72.79458006942973,6.529950627299819],[-72.79706969180873,6.530050585041116],[-72.79866188928573,6.532178266944008],[-72.8040201282485,6.536947952054386],[-72.80857952043588,6.538810517006994],[-72.80971061697159,6.541085093222125],[-72.81094884554251,6.542379580541253],[-72.80887779358683,6.542606345355029],[-72.80736623297318,6.543611365167028],[-72.80604496135298,6.546216666060123],[-72.80568094311508,6.548672047214356],[-72.80580676290386,6.5538734690933165],[-72.80870942320901,6.556870305506169],[-72.80903943133922,6.558629917789155],[-72.80857961253054,6.559529504650803],[-72.80420472465889,6.560585120372453],[-72.80151966303512,6.563729587460739],[-72.7999056782071,6.564630476084191],[-72.79533970451442,6.568799449378378],[-72.79413999967569,6.569099390971407],[-72.79185440869243,6.568640787314871],[-72.78755961399592,6.572269358226094],[-72.78316433756352,6.574037909794697],[-72.7827127997962,6.574807740198848],[-72.7829893392709,6.578229812320988],[-72.78186962273465,6.579749419232227],[-72.77905005654982,6.580369345764612],[-72.77478399501918,6.578713028430202],[-72.7736197434674,6.579959385638022],[-72.77144626683132,6.579755203818782],[-72.76960227218756,6.580157605798427],[-72.76708967897002,6.582599361863367],[-72.76538003352408,6.5828593522014485],[-72.75984043266085,6.581419488172898],[-72.7588373037618,6.579191591252427],[-72.75700660490288,6.57675647298893],[-72.7530503668925,6.575009472249913],[-72.74833766470203,6.570098658040893],[-72.74438023008204,6.569549099810694],[-72.74274049385376,6.5689095734184555],[-72.74248070528274,6.567780025823733],[-72.74450806357918,6.561169011572447],[-72.74432777729636,6.559920501083179],[-72.74342336119574,6.558929527824195],[-72.74108024977333,6.557939528805769],[-72.7371564862588,6.5553805247503245],[-72.73481024830681,6.555059383909011],[-72.72998301629927,6.55152501814753],[-72.72696997905437,6.552159437681392],[-72.72554164234141,6.5520315617768565],[-72.72400972139617,6.554099366944035],[-72.72068025190126,6.553669299616329],[-72.71914051733098,6.552699599592648],[-72.71845876768768,6.55064533454178],[-72.71665058201795,6.5492994335291215],[-72.71502336308902,6.546934643932718],[-72.71372043862999,6.54593960530162],[-72.71200292400543,6.543109584021601],[-72.70870030738776,6.542089266143608],[-72.70358048408633,6.539229579895106],[-72.7030408089879,6.537829839079615],[-72.70283199119969,6.5301580446832475],[-72.70022033186392,6.527389727460956],[-72.6992753886171,6.525821625745053],[-72.69645031264085,6.524989501909641],[-72.69577052182593,6.524219754788273],[-72.69549079597346,6.522430010829781],[-72.69589507601856,6.520000599383708],[-72.69383061473808,6.517189894849125],[-72.69455111762531,6.514444426526215],[-72.6934776603292,6.513289648395015],[-72.68960052550477,6.511029301903812],[-72.68681062897797,6.508359623247273],[-72.6857120539875,6.504454215964385],[-72.6845905543912,6.503519712416369],[-72.68449450611065,6.502381024991539],[-72.68327055737477,6.500839772880062],[-72.68281347364918,6.49634320757671],[-72.68087063408876,6.494219577140059],[-72.67947065934125,6.491109888793593],[-72.67998386623563,6.485247762070718],[-72.67952014226407,6.482764003154451],[-72.67815052898936,6.48069974752738],[-72.67780072176642,6.4795699749905955],[-72.67818269632214,6.477845248559206],[-72.67749757489607,6.475350948383964],[-72.6760270548285,6.472507235909338],[-72.67438036196874,6.471629571069292],[-72.67368063597306,6.470679712208173],[-72.67300753778122,6.467610806274782],[-72.67082245287637,6.462709337621042],[-72.66697053478462,6.459689627110262],[-72.666440547483,6.458019908137089],[-72.6663488914167,6.455246947174538],[-72.66532043627875,6.453739749594878],[-72.6627617241072,6.446574920270439],[-72.6607705609519,6.444339767258777],[-72.6605384979878,6.4433090438969955],[-72.65854009769804,6.4432294456459065],[-72.65541040005863,6.442039233182474],[-72.65215045256014,6.439679668523457],[-72.65153864635337,6.438129337720207],[-72.64995040634543,6.437379529964907],[-72.64928572875156,6.436598006349141],[-72.64624807984289,6.43619683791402],[-72.64281000425083,6.436889311585266],[-72.64168990015432,6.4366820056906615],[-72.63865987171384,6.438119345370581],[-72.63298007079636,6.437791726758255],[-72.62996641847101,6.4389308991393515],[-72.62895969762006,6.440479329775133],[-72.62645169778769,6.440052797603316],[-72.61966810093047,6.441940249730607],[-72.61742967566997,6.444699553055258],[-72.61635990578479,6.445089373617265],[-72.61376761868691,6.444998649594516],[-72.60798984944876,6.448599485538437],[-72.60601224957514,6.448661970254106],[-72.60272064077583,6.451686151672817],[-72.60232940449163,6.453859690324049],[-72.6015296073598,6.45477956162018],[-72.60151939569555,6.458959586863986],[-72.59978203912685,6.459646777205712],[-72.59551977496565,6.4629395409602495],[-72.59212699112948,6.463726415557741],[-72.59000704823087,6.4666021316062885],[-72.58964945476279,6.469719804324873],[-72.58810715709951,6.472059148913642],[-72.58568327179341,6.472530862134597],[-72.58494951319554,6.47488958394944],[-72.58369926087262,6.475467324697546],[-72.58294970152951,6.476409419968722],[-72.58143040616119,6.476484431760899],[-72.57912972907779,6.477879339780071],[-72.57516357231846,6.4788068285788505],[-72.57226476218374,6.478867646017961],[-72.57115942902414,6.481249573396405],[-72.5680997711385,6.483649403815398],[-72.56616968092013,6.483788901963185],[-72.5633936792154,6.484734309767053],[-72.56067999607937,6.486629246083127],[-72.5587792498704,6.485463371226523],[-72.55801969434928,6.486149559268041],[-72.55627991742146,6.486749391424045],[-72.54971452645493,6.486360190798947],[-72.54833020816316,6.487099327586474],[-72.54735741003503,6.486929111871113],[-72.54552989838469,6.48803943503188],[-72.54377119758978,6.48774593113524],[-72.54197992956959,6.48880938585334],[-72.53929215294953,6.48805668217916],[-72.53783742990068,6.490190723052346],[-72.53758942233785,6.491369648848656],[-72.53546034643351,6.4930567562561725],[-72.53455363382831,6.494316178181967],[-72.53466375171017,6.49615130201932],[-72.53626970580987,6.496910421315369],[-72.53841522786584,6.499059903198287],[-72.54339968785621,6.501630405745252],[-72.54461942573386,6.502980268493681],[-72.54547952331241,6.509089983714122],[-72.54465756668964,6.512995851457147],[-72.54482441493694,6.514884849216628],[-72.54666693116754,6.519007933425544],[-72.5490595847974,6.5206003630192315],[-72.54946933443604,6.521470026730921],[-72.54731937266102,6.52717959113735],[-72.54320872377946,6.53124218250435],[-72.54310937366068,6.533999828745115],[-72.54246956019703,6.535119691420383],[-72.54076963356175,6.5371195406697105],[-72.53839352568163,6.538369835623163],[-72.53636211922222,6.540534323150695],[-72.53706951547903,6.5445500444306495],[-72.5366824884883,6.549129963614063],[-72.53725775186055,6.554068199917694],[-72.53947943574096,6.557050305109953],[-72.54053863517318,6.5599416516683275],[-72.54231960579597,6.561070472368945],[-72.54464951687558,6.563690288324617],[-72.54590940470327,6.567150036005641],[-72.5452795366076,6.569859848126813],[-72.54328231811601,6.573580961865499],[-72.54254241917195,6.576030475858098],[-72.54227627885462,6.578814958118],[-72.54283950804697,6.581000041090502],[-72.54266945111846,6.582809779951158],[-72.53983965061937,6.586389600372665],[-72.53822735276731,6.5873874373440895],[-72.53767959451379,6.588749549019224],[-72.53233504828108,6.590185798944114],[-72.53105978294919,6.590969424233538],[-72.52702233693128,6.591757437389235],[-72.5256439282753,6.595044467844864],[-72.52549949012445,6.5974098069149],[-72.52195168917314,6.601641174701808],[-72.52047982257072,6.604264771940428],[-72.52070937393655,6.60985993365852],[-72.51997197349348,6.612712088862236],[-72.51998939446335,6.617309881457666],[-72.51883934361187,6.620099590906393],[-72.51565201713166,6.6237114528775525],[-72.51351951828157,6.627389571805242],[-72.50982960579313,6.630149328172504],[-72.50652982783137,6.631619491426348],[-72.50287030011555,6.632141368387143],[-72.49713498673121,6.633919176814347],[-72.49691317230112,6.63541927866705],[-72.49842940793455,6.637760179263004],[-72.49842938693831,6.639599740711877],[-72.49432946673,6.643579301504439],[-72.4919948819203,6.645005708848769],[-72.49150657526803,6.646984447175366],[-72.49244934277652,6.650559710706774],[-72.48712905744985,6.653361798310681],[-72.48619891286184,6.6545353237516585],[-72.48555024959246,6.657072657269714],[-72.4866193914183,6.669499902407263],[-72.48554315334962,6.67227480289346],[-72.48755217460683,6.6765985077017085],[-72.48964939495738,6.679080410532784],[-72.49110931348656,6.681829993467448],[-72.48691169599246,6.689390759452293],[-72.48490229620178,6.695158475790967],[-72.485459474216,6.698799992758631],[-72.48474987388262,6.702562173841575],[-72.48737938860837,6.706610149845819],[-72.48687770353939,6.711529449389367],[-72.48804234200618,6.716112698843897],[-72.492559578068,6.7195603224624385],[-72.49339263195604,6.721495895437825],[-72.49727956196308,6.724260414464509],[-72.49848949143424,6.726180200867864],[-72.49888950003859,6.728260050345619],[-72.49894938391878,6.733849882461564],[-72.49836954360728,6.735269635697122],[-72.49709980636487,6.73615940855433],[-72.49390555827424,6.736231687191904],[-72.49225031843349,6.737016640662249],[-72.4876043067893,6.7437518727996215],[-72.48876947277247,6.747330072378508],[-72.48872883055493,6.748872908968046],[-72.48980949361442,6.751430101195516],[-72.48968614325433,6.7540008167977765],[-72.49087197537709,6.759627557708715],[-72.495097709795,6.763539245422074],[-72.49730984184495,6.763750582975719],[-72.49857922878144,6.764380288553087],[-72.49748098004363,6.767062290757491],[-72.49664721690321,6.772841907711055],[-72.4970693127812,6.775089952973705],[-72.49576876721578,6.778919926992517],[-72.4954867181773,6.782825382137646],[-72.49670929182544,6.786200101362281],[-72.49652947530268,6.7887498627229315],[-72.49588607637236,6.790379774203986],[-72.49828940228979,6.792660250419379],[-72.49825870190581,6.793820213919974],[-72.4988894795323,6.795240079813878],[-72.49850943497984,6.798399640187792],[-72.4920823559333,6.8024092127226785],[-72.49073150445594,6.8053772946032804],[-72.48882976131524,6.807009599506812],[-72.48403249195876,6.8084105727390725],[-72.48383935359779,6.809969788034961],[-72.48255030931605,6.812325754507486],[-72.48434938802748,6.818519996231541],[-72.48265947409755,6.824009642875867],[-72.48187389074087,6.824727796066081],[-72.48064927047956,6.8292697132409295],[-72.47801151407319,6.8342799590881596],[-72.4780192952948,6.839739851396943],[-72.47713079563285,6.841863890235297],[-72.48196973107507,6.845451699285683],[-72.48353938331309,6.847390211455315],[-72.48361566975832,6.851072453168284],[-72.48713966721813,6.852660441007645],[-72.48857937277545,6.854400189994846],[-72.4883542791613,6.8567931371676325],[-72.48957255439215,6.863019221191832],[-72.49060786307939,6.865456771668949],[-72.49299639126335,6.867064890061113],[-72.498299677944,6.867750518854009],[-72.50061942844575,6.871240266542941],[-72.50176953370139,6.875150053132096],[-72.50159916317169,6.878215045415489],[-72.50253932394261,6.8818997577331285],[-72.49662334809749,6.885929325049241],[-72.49651332140851,6.887679757045933],[-72.49733937551098,6.892039993307836],[-72.4964201868038,6.8964585787703605],[-72.4977167528611,6.900038510088225],[-72.50087945592955,6.90428029195268],[-72.50180758658341,6.906845555479362],[-72.50293896800679,6.908159663624253],[-72.50051333890161,6.908724618148796],[-72.49997819996082,6.909455850498226],[-72.50065928088247,6.911190154037528],[-72.50059942026095,6.91223975437134],[-72.4971952089792,6.915970366230477],[-72.4978194584863,6.918590038653385],[-72.4975193542966,6.920209732054691],[-72.49660956741569,6.921529552773752],[-72.49225971390425,6.924319341723685],[-72.49025996553522,6.92482944627713],[-72.48780029469417,6.924519368750799],[-72.48377746047461,6.920789766661476],[-72.48266038680562,6.9202495277966145],[-72.48167374150293,6.91895577593447],[-72.48005044640499,6.9181095435191],[-72.47858210124868,6.9154861250412445],[-72.47653045100677,6.914589429763333],[-72.4753806728721,6.913066831423093],[-72.4734903554107,6.9121595197630015],[-72.46607742529913,6.904028145813328],[-72.46454363945774,6.901677736539011],[-72.46205800008342,6.900640246937226],[-72.46003020268594,6.9006494655794715],[-72.4572726915967,6.898213205618835],[-72.4534202119413,6.897719499693004],[-72.45281059888485,6.8972296087973355],[-72.45217494008874,6.895488658014286],[-72.4480717707646,6.893851799894158],[-72.44669994743465,6.894379363677983],[-72.44607029396866,6.894209471040804],[-72.44365620316576,6.8920051658441945],[-72.44051027723602,6.89197935639807],[-72.43989051753574,6.891319708667185],[-72.43846304111223,6.886508561179206],[-72.43631025149442,6.886179272082728],[-72.43452100991126,6.8850780674440575],[-72.4332303743097,6.884839500420833],[-72.43228011092026,6.883008470948108],[-72.4305802457941,6.882949372363866],[-72.42903631971632,6.8814860995855485],[-72.4262201996437,6.881909314464509],[-72.42481980035973,6.880824303451721],[-72.4224800740383,6.881649397754907],[-72.4205921472027,6.880391411161975],[-72.4196101477767,6.880379475357877],[-72.41600872825505,6.877862280243541],[-72.40835039608413,6.8745593076998945],[-72.40606166706097,6.87295349729975],[-72.40402995150086,6.8742392671583215],[-72.40095423249396,6.872617897902714],[-72.39836999431131,6.8733294380035375],[-72.39497956595608,6.872392541427914],[-72.39249075813575,6.872223418199287],[-72.39154984340324,6.8729094127731205],[-72.3907797979669,6.872790047670687],[-72.38951972135138,6.873489247782972],[-72.38728408503155,6.873919919095842],[-72.38506395578523,6.875458906118603],[-72.38498942471412,6.877309700914885],[-72.38116755133737,6.879992842345161],[-72.38054466851561,6.881389504347326],[-72.38071932709887,6.883129372044726],[-72.37942206880811,6.8831697996560015],[-72.37847961738649,6.884769627311206],[-72.37733991651729,6.885429351594595],[-72.37588617974279,6.88509929318766],[-72.37323964600068,6.886418168014331],[-72.37239888645139,6.887438071602557],[-72.3722494584549,6.8884896977615275],[-72.37054994118735,6.889849292662433],[-72.36894560186917,6.889160287504514],[-72.36719975302934,6.8904794327690935],[-72.36525373564076,6.890828148490892],[-72.36214969006662,6.893399493150236],[-72.36031989859733,6.89417950270818],[-72.35854019054091,6.894099445981939],[-72.35643886987525,6.892619565055509],[-72.35475017615211,6.892539377938267],[-72.35326037919569,6.891717127564368],[-72.35013874443091,6.892877434684373],[-72.34905736145265,6.895662480886859],[-72.34984931273168,6.899049883337471],[-72.34915954478254,6.900109596992549],[-72.3468497064054,6.902049465127794],[-72.34461776547163,6.902779428697154],[-72.34171954656965,6.9059194230068215],[-72.3376680989649,6.908165032721443],[-72.33534963176028,6.911619706606474],[-72.33234928800015,6.914780218285558],[-72.33000735450308,6.915537140773845],[-72.32627958045911,6.921289595935536],[-72.3238297808714,6.923009430760011],[-72.32140186607626,6.923398231420282],[-72.3188895957639,6.928569562454576],[-72.31701968054043,6.92929917869658],[-72.31583963069211,6.93106958285425],[-72.31343285197781,6.932290455259206],[-72.31125943687535,6.939189605341504],[-72.30980680468848,6.940306101746591],[-72.30868813204972,6.9421561094906],[-72.30789975079948,6.943917202581972],[-72.30751933135336,6.947299735944217],[-72.30596623938052,6.949416132291004],[-72.3060793625838,6.95393971305372],[-72.30421494603215,6.955563568243136],[-72.30291938357945,6.962639711507762],[-72.30147478125514,6.964458313303436],[-72.30182944520787,6.969709881488487],[-72.29683259853702,6.979026512907018],[-72.29461093465676,6.984488461315859],[-72.29370938056583,6.989849796753255],[-72.29142962362918,6.994339767177954],[-72.28687848991514,6.9995185935079],[-72.28634944317847,7.002229674908421],[-72.28514753051712,7.003257176543364],[-72.28284937351208,7.008499594022053],[-72.2814295422754,7.0100594221243675],[-72.2765198427223,7.012789493934],[-72.275120079412,7.012859436323117],[-72.27325651087254,7.012258734545447],[-72.27151023032913,7.012829297427992],[-72.27013031453855,7.010896286459932],[-72.26783233207644,7.009753656165494],[-72.26084004948002,7.010209383570931],[-72.25743309205876,7.009413360039267],[-72.2525103203284,7.007479498428892],[-72.25117051054819,7.006199734747323],[-72.25091070207466,7.004480116632534],[-72.25287101250565,7.000666049377552],[-72.25272042221133,6.99821000556088],[-72.25365730526116,6.992985021735654],[-72.25501114411209,6.989914841565734],[-72.25531892306573,6.983863548513857],[-72.2544369644427,6.982828227951649],[-72.25177932800082,6.981125083807521],[-72.24857030030238,6.980179430808131],[-72.24468239716344,6.9770691887887],[-72.24246377721967,6.977528673057053],[-72.23955984550358,6.979519458818901],[-72.23420260467614,6.9793279779178805],[-72.23296947219433,6.98192963762757],[-72.23180972045589,6.983049344939831],[-72.22795208429223,6.983208941063938],[-72.22417986027348,6.984879601213358],[-72.22081120419695,6.9857987149706675],[-72.22033511924054,6.986478962358276],[-72.22039940561929,6.990389694917187],[-72.21810403830024,6.992011015300205],[-72.2164623181542,6.994851044528389],[-72.21540958382042,6.997989774791454],[-72.21290963987046,7.0011496588307525],[-72.20904979005815,7.003989399423284],[-72.2048502203176,7.004176697528743],[-72.20100028196674,7.006711584278282],[-72.20050942380415,7.008636155165368],[-72.20118213868822,7.01087906798864],[-72.20226725157235,7.0115840530325935],[-72.20374980724809,7.011360665924531],[-72.20438943607928,7.011940269686065],[-72.20463345940237,7.016099385372926],[-72.20548935181684,7.018940125543229],[-72.20579952518904,7.0224299593921],[-72.20531949807821,7.024239695093519],[-72.20286933884873,7.026481365873516],[-72.19895604138995,7.032846296987238],[-72.19870883635632,7.035499166676521],[-72.19979950492453,7.039310051358983],[-72.19965939609646,7.041189645380318],[-72.19726634604602,7.042793775165469],[-72.19632955530889,7.044879584926731],[-72.19479985177931,7.045679528771255],[-72.19226180323966,7.046017279999126],[-72.19089277351813,7.047050077564021],[-72.18844948953286,7.051409605333324],[-72.1859696940067,7.05376945733535],[-72.18498021444118,7.054039347114019],[-72.18395080753844,7.052805726771781],[-72.18250246211534,7.052539892594897],[-72.18102435126067,7.052877053010073],[-72.17799737946372,7.0552720404459865],[-72.17634019885726,7.05553934052859],[-72.1722232612978,7.051751271555215],[-72.16365569737287,7.047918307120588],[-72.16093014250283,7.047749424947446],[-72.15958050213911,7.047119549285963],[-72.15929059764208,7.046269948380699],[-72.15982648521782,7.042180106659589],[-72.15889267918352,7.041633741263795],[-72.15675007771084,7.041959467026648],[-72.15546048306936,7.04128947439734],[-72.1546206268653,7.039959831641902],[-72.15471139340205,7.036632370457416],[-72.15307069382418,7.035090216581316],[-72.14917017942507,7.034912666453985],[-72.14481001358457,7.035659409848784],[-72.13695210773008,7.033932661546767],[-72.13510037494342,7.033119417810317],[-72.13182268576203,7.030219394076787],[-72.12633015778714,7.030559416207082],[-72.12217285415856,7.027757875631207],[-72.12043593753202,7.028453375873543],[-72.11873956465823,7.031989651430374],[-72.1173398300545,7.033079382810227],[-72.11140995380549,7.032342959344111],[-72.10744329931933,7.032720600418156],[-72.10252977953911,7.035459416084536],[-72.09161168570493,7.037811106864497],[-72.0851102637324,7.041054891235887],[-72.079649771446,7.044769593074963],[-72.07791986275147,7.045379187061553],[-72.07569011202771,7.045369434550124],[-72.06876446874703,7.042549963532963],[-72.06358024994019,7.041049382014651],[-72.05575917601892,7.036927755086233],[-72.05085369889836,7.036503094661002],[-72.04946908473356,7.036905993487752],[-72.0468098293505,7.039169362842204],[-72.04085014619471,7.038069482328796],[-72.03532281859331,7.03536008292997],[-72.0295462577268,7.0347057061980305],[-72.02385993976705,7.035839406089714],[-72.02091015404133,7.03584945892369],[-72.01726027855234,7.033613421240562],[-72.0129800278644,7.034049368849579],[-72.0095801709652,7.03337943123525],[-72.00573043465222,7.0317993761908975],[-72.00313773683368,7.029068676920821],[-71.98690940367368,7.02527650499321],[-71.9821603964541,7.023709158915208],[-71.9778265153627,7.0209852000091635],[-71.96561893275282,7.0155935064083295],[-71.95044030887081,7.01290940681999],[-71.94885074068202,7.011319866314688],[-71.94990066787726,7.009020455275416],[-71.95221040100805,7.006630600468985],[-71.95543157126328,7.005351327560473],[-71.9572604801976,7.00328058086171],[-71.9601687992332,7.001491723821148],[-71.96050253885001,7.0001344205077185],[-71.9595005510776,6.998199880699028],[-71.959570673249,6.997170231926403],[-71.96079720522866,6.995317760539434],[-71.96187054375584,6.989650216660936],[-71.96270036350958,6.9883603381021695],[-71.96521198849041,6.986449102540278],[-71.96578054812272,6.983600245483939],[-71.96905033715333,6.979420313883433],[-71.97105062683313,6.977599350398597],[-71.97483424390134,6.971608615132628],[-71.9777677791761,6.96513924093559],[-71.97981042702064,6.956530140286165],[-71.98392646483397,6.9487506424369085],[-71.98444601881879,6.946238985735085],[-71.98785973852466,6.939987142499788],[-71.98775069282092,6.937850167329819],[-71.99293678040713,6.9294185113718365],[-71.99373581974798,6.926941414912949],[-71.9955106203467,6.912130138730155],[-71.99657071327603,6.908940329596638],[-71.99935120002718,6.904346196127546],[-72.00299412859842,6.89660373213416],[-72.00460057003971,6.891260306479294],[-72.00808759854858,6.887052888584481],[-72.00943054961846,6.881410322260713],[-72.0124257876558,6.878650990009],[-72.01433040274031,6.873840244857768],[-72.01591101057572,6.871998981953136],[-72.01747288501129,6.868401740347089],[-72.01698072647172,6.864400061215579],[-72.01807044823373,6.860860182500168],[-72.02160665525444,6.855247656462528],[-72.02323043472106,6.850080178529119],[-72.02743852618406,6.84340922973795],[-72.03164040263601,6.833480212415967],[-72.0345473848759,6.829674234751905],[-72.03580065543963,6.8238402136653145],[-72.03798009514225,6.818937449939852],[-72.0373805954217,6.816280139328895],[-72.03866612323564,6.81462204520328],[-72.03725066185444,6.811170055905805],[-72.03882090470206,6.808590886882083],[-72.03750062634931,6.806479843695803],[-72.03768848121415,6.804551272151796],[-72.0370306401876,6.80255007474093],[-72.03852312614578,6.800040014535632],[-72.03764058270026,6.797079936317026],[-72.03774058573205,6.795890200808801],[-72.03908048229201,6.793830541252261],[-72.04099059897926,6.792840028174415],[-72.04141057326413,6.790780410702066],[-72.04285784456927,6.789983544152228],[-72.04388539146495,6.78851424236112],[-72.04455051949417,6.786402194018537],[-72.0442905702274,6.784130064099423],[-72.04480060343711,6.7827302936613805],[-72.04559034304648,6.781460459381361],[-72.04704070294912,6.78103774829321],[-72.04767306675943,6.780150833344756],[-72.04794403185483,6.777639122820935],[-72.0472606883389,6.776449878833456],[-72.04749045792293,6.775490431636103],[-72.0494558502272,6.774838054685262],[-72.0507411988485,6.772138847838773],[-72.05038062575888,6.7699600333651455],[-72.05079042858127,6.7686404611204525],[-72.05369683112389,6.767963242357868],[-72.05547007331822,6.767000575901432],[-72.05877414624086,6.767829875676072],[-72.05991278199973,6.767494521400249],[-72.06410044077037,6.763390629044364],[-72.06809639017375,6.761472586863939],[-72.07153592879632,6.758429034494669],[-72.07394716574075,6.7550084581828855],[-72.07474054540272,6.753060364078154],[-72.07693020930344,6.750900573457248],[-72.07946986555532,6.751100504347139],[-72.08509328197015,6.753741852202113],[-72.08662336622226,6.75302036124925],[-72.09067990370936,6.753130561303365],[-72.09245998416623,6.753644363589906],[-72.09282940739492,6.753356152652694],[-72.09419042283865,6.749300478663848],[-72.09892053868226,6.748341919013601],[-72.09994853380805,6.747496532611542],[-72.10008738841873,6.746480324415117],[-72.09933067325935,6.745399694573895],[-72.09834281232153,6.740773073854591],[-72.0969707316321,6.738129802981791],[-72.09680340073258,6.734572058504272],[-72.09557063192065,6.732749730815952],[-72.09496068482335,6.729650079490879],[-72.09636046521481,6.726560365885893],[-72.09998800817816,6.723681109900713],[-72.10071431822047,6.719360322223202],[-72.09921073906641,6.715299929224641],[-72.09995885052648,6.710980572638767],[-72.09989808382828,6.709290622718847],[-72.09877059751885,6.707269865906973],[-72.09907782381819,6.702960046444343],[-72.09875059164925,6.700090018446961],[-72.09925736338644,6.69703394564991],[-72.09724053522511,6.695569688516286],[-72.09709075494214,6.692700085433359],[-72.09756762350484,6.690795819650049],[-72.09499054276473,6.686359861028256],[-72.09506059147927,6.683990267680224],[-72.09754818524809,6.681666515790605],[-72.09842272939052,6.680056098475062],[-72.09723058306157,6.6774899166100425],[-72.09799551022972,6.673402878446146],[-72.09484064354143,6.666369919793695],[-72.09539337453135,6.6631571135285865],[-72.09358497048044,6.65729719208054],[-72.0923805995884,6.656399719752508],[-72.09279516210708,6.653259033751975],[-72.09129051193382,6.648469935579626],[-72.09143087662568,6.645960154973996],[-72.09513050588947,6.633750335468756],[-72.10118904435073,6.628695884289757],[-72.10151048402544,6.627210178200814],[-72.10408068213604,6.622860519279865],[-72.10852021583213,6.61823399812867],[-72.1099504332998,6.61395044171872],[-72.11157247320168,6.613421681662248],[-72.11279846652008,6.612083187566356],[-72.11325558958586,6.602418643938657],[-72.11171080200805,6.597189903548965],[-72.11199092252319,6.5916301608535095],[-72.11271066454854,6.589260375655773],[-72.11392652413574,6.587857579486004],[-72.1152905052356,6.582640271109378],[-72.11824235874282,6.579336420054019],[-72.11890250275218,6.577953186023137],[-72.1195436968015,6.574996090929909],[-72.11888056426315,6.573529898814138],[-72.11959035102846,6.5668500643962995],[-72.1210781652195,6.56117968351523],[-72.12150077307324,6.556230200439665],[-72.12306753754388,6.552739181040858],[-72.12370770802414,6.549869715550434],[-72.12398051534838,6.540070160954823],[-72.12576863639461,6.537305726241486],[-72.12636036862908,6.5332400821475],[-72.12889509756823,6.524956019757363],[-72.13090041391277,6.5205902360174015],[-72.13383030487229,6.517060358138575],[-72.13865020234573,6.5142205811231575],[-72.14462469085461,6.513392121300614],[-72.14889976477286,6.513330592428594],[-72.15085329247809,6.515220774620595],[-72.15140489439399,6.515268062119521],[-72.15279034548136,6.513610505134571],[-72.15464279770977,6.5130002783749905],[-72.15536034147702,6.512000430517317],[-72.16153738487951,6.509820897015955],[-72.16169824320595,6.509001863090821],[-72.16070065390683,6.507589874003519],[-72.16087048726477,6.506940503690169],[-72.16248325701294,6.506492878237045],[-72.16363073988218,6.504380515814627],[-72.16688034557596,6.500740583762278],[-72.16965000627283,6.500100757895338],[-72.17317009172231,6.50078618531655],[-72.17772344309026,6.496883240046247],[-72.17726779684052,6.493906628372549],[-72.17584069580649,6.491689848094316],[-72.17628051239517,6.488770299242104],[-72.17769387453583,6.487662282682555],[-72.17782840734203,6.4871604388298545],[-72.17667207701895,6.486240119040875],[-72.1732005475217,6.481909747174713],[-72.17288061084238,6.480240034039128],[-72.17395996028208,6.476728826371893],[-72.1734206857571,6.47504007942123],[-72.17623845081215,6.4705323738855265],[-72.17625963508347,6.466145373286361],[-72.17456071723316,6.463559905595888],[-72.17475047091634,6.4630104631628065],[-72.17833676995967,6.461696246723829],[-72.18164003505689,6.459420728127675],[-72.18502271968735,6.461291903472486],[-72.18911965884139,6.4618805690733785],[-72.19037595315305,6.463583666370851],[-72.1916402243733,6.464400484206892],[-72.19461290832248,6.465929573666372],[-72.19718969390136,6.466110517379973],[-72.19843106754998,6.4679778767959855],[-72.20150072164212,6.468890481099606],[-72.20291978626659,6.468879587131042],[-72.20511018145537,6.467770448127312],[-72.21003414671621,6.466723572298901],[-72.211110213408,6.465860546585835],[-72.21327338442353,6.46576287504611],[-72.2141108777692,6.4650544576552225],[-72.2145277988903,6.463734528250238],[-72.2136606140879,6.458460376817283],[-72.21544091534699,6.4578384853627515],[-72.21696408950442,6.4550157633188014],[-72.21683078438456,6.451680056023933],[-72.21723976460564,6.449266463001463],[-72.21536063973228,6.447279709797535],[-72.21530060840183,6.446340175522366],[-72.2167361296495,6.444338373462],[-72.21890062960638,6.438630412555575],[-72.2212720984909,6.436314614957709],[-72.22277036687632,6.433760377257504],[-72.22487863109009,6.432573257188227],[-72.22767040138488,6.428720541608351],[-72.22930035338403,6.428095972002873],[-72.23291130652844,6.423323677270282],[-72.23594018084889,6.421630548213629],[-72.23835997735954,6.42132070872456],[-72.24184530501847,6.421968585255513],[-72.24596986898484,6.420490670093921],[-72.24897940973065,6.423200249234031],[-72.24887945931141,6.425779902119007],[-72.2480309295889,6.428381224763337],[-72.24821972013008,6.429788669467464],[-72.25251957478962,6.4319704552606245],[-72.25337516447992,6.433399462782625],[-72.25581954108834,6.435180354228888],[-72.25643582645998,6.436700871385845],[-72.25839946266836,6.438450400693243],[-72.25998545684797,6.441773191080275],[-72.26490861320711,6.443085375693699],[-72.2657472276795,6.442991818280008],[-72.26788394490048,6.441559724493445],[-72.27064734932499,6.438248251153523],[-72.27146396546031,6.436650797272096],[-72.27219497102404,6.432140765050202],[-72.27178154555844,6.427832445287006],[-72.26937069956469,6.423039779176433],[-72.26881068279734,6.419170303305802],[-72.26957012628836,6.418660650453899],[-72.27241980939712,6.419260468245815],[-72.27482971767095,6.420790369917985],[-72.27647689405528,6.422404533501195],[-72.27949526987035,6.421023820333841],[-72.28020949256357,6.419856369032062],[-72.28048053661881,6.417770265354814],[-72.28264325245287,6.415532650494211],[-72.28274587789079,6.411434905148636],[-72.28189065464096,6.409360026404917],[-72.28413042738354,6.405090464755966],[-72.28566406730272,6.404431370768939],[-72.28656730317009,6.403391779336955],[-72.28555071906771,6.400610061676041],[-72.28661274600294,6.398828037479789],[-72.28650737025923,6.396125842390563],[-72.2810806144089,6.3934596002468185],[-72.28101788582987,6.390904793201044],[-72.28001065381751,6.3880800349088664],[-72.28088121183312,6.3862576522417625],[-72.28113069365565,6.382920245281581],[-72.28280331615653,6.380500361349827],[-72.28272066226967,6.3793902491167485],[-72.28354023884441,6.378690534206],[-72.28849967756041,6.3780185047430855],[-72.29132939099195,6.377171138033359],[-72.29280036333142,6.3756505033803155],[-72.29502238336316,6.374599955920624],[-72.2956206500613,6.369770286971478],[-72.29781374750435,6.367304440714268],[-72.29844047279879,6.3647403265051405],[-72.30277197251434,6.361723081192121],[-72.30207039502922,6.359443489981696],[-72.30305013363068,6.35883059373767],[-72.3046931241696,6.359014019163339],[-72.31236003406339,6.357760426515995],[-72.3148451348724,6.35796498945559],[-72.3156296410729,6.357503182460181],[-72.31655608652109,6.355086114923506],[-72.31644081489256,6.3522992551381],[-72.31557068566819,6.350819904827878],[-72.31630590030883,6.347990645701062],[-72.31531067590949,6.344250304367626],[-72.31669480092545,6.343493294722235],[-72.3183844957664,6.3397368053341205],[-72.3182812409753,6.337796241957358],[-72.31704051545972,6.3359398281073895],[-72.31699057524044,6.334850416172457],[-72.3202777131496,6.333906640775053],[-72.32165029061613,6.331840701378167],[-72.32296961437,6.332130504441847],[-72.32412603897694,6.334325360353332],[-72.3256166442667,6.335675142644975],[-72.32971077713991,6.337216932856229],[-72.33394966256044,6.337800490710822],[-72.33586137122248,6.341279095916695],[-72.33797937712835,6.34399034371925],[-72.33853885514257,6.345489003977722],[-72.33954676177925,6.346059669281945],[-72.34489012497399,6.344730928790224],[-72.35188343926731,6.344641383859003],[-72.35405993266747,6.343481508303253],[-72.3563792176137,6.3402752663868105],[-72.3572504539095,6.336010178498148],[-72.36307057845282,6.326530447749091],[-72.36492028941738,6.324610329848144],[-72.36874542847255,6.322237329560925],[-72.37133022204947,6.319141370070374],[-72.37164063918225,6.3168002185658105],[-72.37350247502718,6.313613093812035],[-72.37348071537862,6.312941472564358],[-72.37236058684468,6.311339888554003],[-72.37316700018683,6.3079924436694785],[-72.3761532925546,6.303022489613854],[-72.37768033758407,6.296290103586052],[-72.37892044130083,6.29312028813817],[-72.38571766562883,6.286887960631378],[-72.38772036514716,6.2840103672088485],[-72.39045119414853,6.282121763557965],[-72.39374034502916,6.276590244653623],[-72.39615029839821,6.2741039883105385],[-72.39643102523354,6.272185447399636],[-72.39380037651857,6.268299787360897],[-72.39185083433274,6.264084834636295],[-72.38850032331905,6.263169531241817],[-72.38722068518992,6.261279991496918],[-72.38909771494572,6.258348840843357],[-72.39051756536759,6.254678111929778],[-72.39097056705214,6.251070184702356],[-72.39338163508836,6.246745305162019],[-72.39369055998782,6.243760195735949],[-72.3979068229466,6.237249651386489],[-72.39859142965834,6.233510010336483],[-72.39784048399443,6.229449952963544],[-72.39870051546005,6.218650139026242],[-72.40036834124157,6.215169369382933],[-72.40254047451184,6.207600251039449],[-72.40634336411053,6.203415341975105],[-72.40678048714257,6.200140201250723],[-72.40817145287775,6.198345663811477],[-72.40879048103635,6.196190238157255],[-72.41228284718994,6.191539523455679],[-72.41746987216895,6.189606605361531],[-72.41873978928814,6.188028986298439],[-72.41892978188238,6.186666258197486],[-72.4183139331423,6.185003040073063],[-72.41726229479849,6.184261971852381],[-72.41325982334467,6.187559482477532],[-72.4093140022214,6.187554231175789],[-72.40797492035867,6.188000516301806],[-72.40561975811984,6.189869365126123],[-72.40172023398065,6.190089412786749],[-72.4002799508424,6.188597530368838],[-72.3992600880823,6.188619364800726],[-72.39706387044268,6.187740728815465],[-72.39427168030757,6.187669806481979],[-72.39253048247423,6.188329182572317],[-72.39234053434078,6.186950025315838],[-72.39328164659503,6.182873856523961],[-72.39191045742612,6.1727199776097725],[-72.39255065214488,6.167510149698518],[-72.39351327784439,6.164661915328539],[-72.39310004968584,6.161727419652926],[-72.39191327543043,6.161205198718484],[-72.38922994275066,6.162429367026562],[-72.38666026298718,6.1617595063199175],[-72.38278044168459,6.15832971371357],[-72.38182918851815,6.155514507022846],[-72.37751026249423,6.1529296338208495],[-72.37435054954507,6.149729710716186],[-72.37390089429337,6.147389937017823],[-72.37415059460457,6.1423304091123],[-72.37607550388823,6.141439338080691],[-72.37758841483603,6.138412399965745],[-72.37629067286352,6.13636986847783],[-72.37686052000787,6.134220400842696],[-72.3801701364192,6.132340601983022],[-72.38474083363671,6.132505779939694],[-72.38580047678569,6.130690464439471],[-72.38688886839734,6.13000243395162],[-72.3883191185863,6.12790097916903],[-72.38914029445861,6.123720244689511],[-72.38567826240792,6.117774076694981],[-72.38390506506765,6.113680027211683],[-72.38100024930029,6.1129493680344495],[-72.37573046052529,6.1098494952283895],[-72.37459915518083,6.1083171514236705],[-72.37273170458536,6.107430960858535],[-72.37129050596948,6.105859748569691],[-72.3709924238161,6.104864079326534],[-72.37004189829223,6.104087948144055],[-72.36911027051123,6.1039294317702515],[-72.36408145801965,6.099330613814227],[-72.36646673806766,6.099455373504974],[-72.36760020831282,6.098610547118314],[-72.36956203694099,6.098488450486017],[-72.3734833497862,6.095678997797948],[-72.37491009003446,6.093840658167674],[-72.3753220649034,6.0926057462325325],[-72.37435048778856,6.091099764958524],[-72.37303838399735,6.086304505244293],[-72.37071096703936,6.08222480391175],[-72.36815050369097,6.079879592480193],[-72.36609213001391,6.076388405341319],[-72.362554957067,6.075216513698715],[-72.36022213839016,6.07536296649191],[-72.35525053290444,6.076711487704245],[-72.35200985501442,6.078169590122799],[-72.34638910363711,6.07916289150267],[-72.3432798523975,6.080699630498352],[-72.32754215642106,6.085573139382315],[-72.32120068957282,6.088199096445219],[-72.32187312830798,6.0828586794540564],[-72.32161843247704,6.081640221698123],[-72.3207256670988,6.080345767694495],[-72.31848043879249,6.078689661029814],[-72.31803063460234,6.077559948584735],[-72.31820062191484,6.076790367962636],[-72.320095986762,6.075124676742902],[-72.32052518053395,6.074215449805304],[-72.32093077345318,6.069220195237464],[-72.32154047558146,6.067840410820176],[-72.32327607182114,6.0667352164505735],[-72.32374045756383,6.065530266753515],[-72.32532038372896,6.063930583739651],[-72.33028520381649,6.061972168628553],[-72.33503039400196,6.057350634863462],[-72.33741011122186,6.056500681435807],[-72.34412688727728,6.051277984159984],[-72.34556996541826,6.049843972733633],[-72.34657043885898,6.047880466774465],[-72.35040554524399,6.04621329314064],[-72.35335033992223,6.043400537457363],[-72.35526997950825,6.042670647248261],[-72.35873620274356,6.044216575913942],[-72.3610170842454,6.044197809499581],[-72.36216306661909,6.0437005591240895],[-72.36368413459132,6.041961978471291],[-72.36551,6.036615826146401],[-72.3655079682113,6.032903022002962],[-72.36480446827943,6.030345615052164],[-72.36186653956689,6.025774107673205],[-72.35717033346873,6.023799434847334],[-72.35551059097934,6.022439535164177],[-72.35370787104556,6.018701300142607],[-72.34934412622741,6.01292666103858],[-72.3473207972081,6.008329753970768],[-72.34660581461672,6.004703513430724],[-72.34518033946448,6.004019570911289],[-72.34323858497885,6.001367444566921],[-72.34088040691448,6.000279448907021],[-72.34016054136646,5.999469716902317],[-72.33966066782584,5.997400012528507],[-72.34168673987114,5.990128786254143],[-72.33964065542874,5.986879780746765],[-72.33928057511464,5.981150102730778],[-72.33970039614634,5.980200656643074],[-72.34121485649571,5.980121200320552],[-72.34203901221007,5.9784621215953635],[-72.34194046971585,5.975570023061184],[-72.3428050011668,5.971704358248464],[-72.34195060134623,5.968400046639259],[-72.34262037221752,5.966851256636178],[-72.34255481099093,5.965677175441761],[-72.33841069040497,5.959929908640004],[-72.34066311311409,5.95403368321525],[-72.340576924672,5.953142426421468],[-72.33867842979431,5.948697683239978],[-72.33619049471794,5.9459397553205315],[-72.33572643994525,5.943838953143244],[-72.33528958601524,5.943529896405754],[-72.33429000599145,5.943679492354058],[-72.33175034984261,5.943009487702579],[-72.33040064717476,5.941159671886272],[-72.3296876211297,5.939039694781887],[-72.32807036612297,5.938439515060255],[-72.32717506880128,5.937124083330745],[-72.32569053712166,5.9362194900904655],[-72.32506053220158,5.935039884312059],[-72.32540055430395,5.929590300942202],[-72.32598136934561,5.929107635046259],[-72.32611245497432,5.928326253765154],[-72.32531065372773,5.925090163256317],[-72.32680437442028,5.923398057333469],[-72.32723052674878,5.919270240558551],[-72.32866467907442,5.917707476054626],[-72.32894593832029,5.915410572755056],[-72.32835704108734,5.9110084307256265],[-72.32649202125779,5.908937492387719],[-72.32766052943506,5.901710222413671],[-72.32907203730511,5.8997898475070105],[-72.33028048849032,5.896230275023959],[-72.33180771131138,5.894405257461216],[-72.33278047374563,5.892110353106416],[-72.33476521050785,5.890462112758567],[-72.3350226116875,5.889639596426],[-72.33625991198396,5.889600556262376],[-72.33871926527564,5.890486132022398],[-72.3398917235166,5.891412195232534],[-72.34469988860728,5.891530490431898],[-72.34732089870847,5.8928312506429545],[-72.35496981911842,5.89339050157761],[-72.3565516247117,5.894443861788553],[-72.35894976992456,5.894270556167143],[-72.36015168662833,5.895586327556993],[-72.3625898903953,5.895670488746662],[-72.36543060664096,5.8970712017309],[-72.36858574850197,5.897280015056225],[-72.37252017949088,5.8952005968793415],[-72.37475989439884,5.8949906512623285],[-72.37904962773288,5.896880480471732],[-72.38051236009689,5.898702536692803],[-72.38272965028253,5.89948058811013],[-72.38367044798093,5.900301507187249],[-72.38609008066616,5.900781156124085],[-72.38764984798581,5.90051066095452],[-72.3888819610028,5.901383134171371],[-72.3899299324924,5.901230586568782],[-72.39197341319445,5.902189023187203],[-72.39470269907663,5.901863799080176],[-72.39599009528068,5.901190576679964],[-72.39718851379017,5.901349588854262],[-72.39829159835362,5.900688875930486],[-72.40054994715375,5.9004705027002915],[-72.40273645662265,5.901222508608036],[-72.40525739355992,5.901042905055934],[-72.40670022756395,5.900220668626737],[-72.4083199593844,5.9000304922792965],[-72.40920961646198,5.900330427312113],[-72.40970765453515,5.901162856881197],[-72.41379967791303,5.902610492060095],[-72.41487209177667,5.903744898261055],[-72.41561285222224,5.903822173818437],[-72.41880035872958,5.899530465678057],[-72.42097112426585,5.8986801550495755],[-72.4218004905322,5.89766059072938],[-72.42354008190412,5.896770595275882],[-72.42457546571174,5.896942381984482],[-72.42689858329545,5.896037305244219],[-72.42838208196218,5.895027508522845],[-72.42918047750196,5.893580438742027],[-72.4335505995792,5.890741263148869],[-72.43396049669116,5.889480489308048],[-72.43479397008963,5.889090513439763],[-72.43535047587167,5.887150454816574],[-72.43996939700693,5.885609334179766],[-72.44311025599687,5.882230668471068],[-72.44640785055803,5.8824673418563505],[-72.44761037360047,5.88058033634868],[-72.45082775719175,5.8783865968377125],[-72.45149055899158,5.875440202758779],[-72.45265728650809,5.8732505407562945],[-72.45265065245113,5.870990198123316],[-72.45506039744423,5.86749050306786],[-72.45685213321964,5.866716432752258],[-72.46123066722083,5.859683059750032],[-72.46113044904419,5.857320010991084],[-72.46157060090397,5.855080251939128],[-72.46235826043,5.8538705732213385],[-72.46299053381077,5.848135036146109],[-72.46221263858072,5.8473680624972495],[-72.46170589974585,5.847393894767375],[-72.46064952895,5.849189642267811],[-72.45908977842542,5.850719486012408],[-72.45519199274084,5.850869539920428],[-72.44617015108973,5.850349415884249],[-72.44405019875876,5.849339827208482],[-72.44198018517044,5.8493793501628195],[-72.43995134913393,5.848106613437651],[-72.43494022416156,5.848559386252976],[-72.42932453361307,5.842942301230054],[-72.4281299690027,5.843249430119361],[-72.42625163130678,5.842826190652136],[-72.42133651894511,5.843346918616024],[-72.41960015475343,5.8429495237581435],[-72.41518758401868,5.8405873247599605],[-72.41133023548947,5.8400192654219545],[-72.40539718816278,5.836969989594548],[-72.40140026903418,5.836669452145103],[-72.39892054519339,5.833899680403298],[-72.39779646674897,5.830684497364248],[-72.39425047099995,5.826559698745714],[-72.39343062974848,5.824759822738115],[-72.3928839465721,5.820358335954979],[-72.39184646374112,5.818938291590719],[-72.38875959601062,5.818112537855723],[-72.38365020507992,5.817819364917102],[-72.38210429878694,5.816845673569273],[-72.37800023805315,5.815729508325975],[-72.37332796493608,5.812287400005366],[-72.3691702209804,5.811829214771708],[-72.36652223003016,5.810579455206645],[-72.36418490281945,5.810297176179491],[-72.35674994702256,5.811649258804568],[-72.35117025339643,5.811439437947536],[-72.35036048007375,5.810589746755019],[-72.34959143040881,5.807095015089189],[-72.3479748819507,5.805357017383276],[-72.3444795867497,5.804161637384392],[-72.34017662313735,5.803442770522891],[-72.33663006937628,5.803929471170505],[-72.33395994653424,5.802797483773854],[-72.33156027052829,5.802899415024666],[-72.330870573649,5.801999811655193],[-72.33091769663919,5.798436397080852],[-72.32929351616656,5.7959073171674715],[-72.32513472805157,5.793381266005487],[-72.32383458488873,5.793365538593975],[-72.3219997441098,5.795239412119356],[-72.31808855322129,5.795310774314581],[-72.31697996543316,5.796049302898039],[-72.31337867042717,5.793912108373948],[-72.30913015440424,5.79366947199558],[-72.307600293861,5.792799577514686],[-72.30336088545751,5.7892400065211636],[-72.30568256097898,5.78727530405027],[-72.30469060977606,5.783120105657472],[-72.30522040111924,5.7823505798182335],[-72.30607475711041,5.782025056371544],[-72.30624054288293,5.7808604158662105],[-72.30720483461326,5.780438329971914],[-72.30721495190545,5.779680147332247],[-72.30576377929327,5.778901363987294],[-72.30499013457379,5.779099313261206],[-72.30170056928388,5.776099548791111],[-72.30014536222012,5.7733548590250745],[-72.297950399099,5.77214955900058],[-72.29712066697824,5.770919871942778],[-72.29754641052246,5.768566588023043],[-72.29627067658255,5.7675697988091255],[-72.29696050557179,5.765850367950207],[-72.29964503736534,5.763562418400885],[-72.29931069558995,5.7617101529951755],[-72.3007442144475,5.7598888989566985],[-72.30049009087995,5.758455381724846],[-72.29952037193051,5.75808944280872],[-72.2971339483263,5.7545181928676],[-72.29630789769864,5.754249418105489],[-72.29572031505288,5.7545790400928745],[-72.29545897782758,5.753860046643286],[-72.29478764289539,5.753510898818182],[-72.29211029269007,5.753489441284942],[-72.28987196801697,5.750420055469508],[-72.28651046990983,5.7500194857261056],[-72.28632952846704,5.749249931867992],[-72.28593259027542,5.748990948810461],[-72.28478988378413,5.749769392601527],[-72.28320604124431,5.74925791143028],[-72.28213471930715,5.749377633996716],[-72.28141987506328,5.75001928508774],[-72.28038085236388,5.749549766649603],[-72.28091370902895,5.748310479648206],[-72.27998064182114,5.747629662269115],[-72.27992221384049,5.74680595615632],[-72.2787906015414,5.745739657187484],[-72.2785679347681,5.7447751646526095],[-72.27739834463739,5.743263191566654],[-72.27654057297423,5.7428695494611075],[-72.27626062656849,5.7403500558403975],[-72.27695393595961,5.737634680699804],[-72.27419061543084,5.735559729792211],[-72.27427052384645,5.734910323069752],[-72.2765803583588,5.733303681040278],[-72.27682687847584,5.730776498612897],[-72.27441928183364,5.728544447230053],[-72.27395549403751,5.728628776312474],[-72.27351976733809,5.729219315258295],[-72.27117888885627,5.7284796564355025],[-72.26921077776396,5.728629346651264],[-72.26960116859142,5.726988229596701],[-72.26855060720425,5.7257698408447],[-72.26884751229557,5.7243066162715435],[-72.26661283840576,5.720795808509897],[-72.26555064375424,5.719939785605124],[-72.26600979002417,5.718166375715619],[-72.26578760400444,5.717545318202387],[-72.26408028313024,5.716969405855116],[-72.26226056340856,5.7155897030918235],[-72.26210792980245,5.713163066975663],[-72.2607507518494,5.7121898270403175],[-72.26126832229245,5.710906335654494],[-72.25985049166835,5.709939529500041],[-72.25933057168125,5.708999924463588],[-72.2595235436674,5.708119248255364],[-72.25915709533759,5.707527444792676],[-72.25758029432698,5.707379335487282],[-72.25709061558646,5.706839682237283],[-72.25622326368762,5.703086610595917],[-72.25443051137766,5.701979581437998],[-72.2538432140805,5.700525439294278],[-72.25197051257882,5.699729577986357],[-72.2516496657965,5.698251034717987],[-72.25073244189227,5.697321575731201],[-72.24832474138121,5.695858856736389],[-72.24749057279776,5.694089961114599],[-72.24803623713912,5.692277779289309],[-72.24747070761536,5.690900221981249],[-72.24920159568674,5.689823873959235],[-72.25022201908696,5.687545656908513],[-72.24953863978203,5.685214225467499],[-72.24743093413898,5.684784460540968],[-72.24451872733306,5.685150008671848],[-72.24261975979404,5.687239366647109],[-72.23991020766316,5.686879310686918],[-72.23768466896979,5.685883733834985],[-72.2361997589908,5.68743942281478],[-72.23571024608518,5.6873993911374034],[-72.23407756163915,5.686072553256348],[-72.23187052371183,5.685109552315559],[-72.23116161835351,5.682600617948026],[-72.2300003028616,5.682189541509121],[-72.22932765292362,5.681440613641447],[-72.2279403440139,5.681469374378062],[-72.22650635628305,5.6790611245281974],[-72.225257584246,5.678889929061762],[-72.22362119951185,5.679548932331212],[-72.22457788000527,5.677812019383498],[-72.22453475792045,5.677337745113601],[-72.22327552233814,5.675892851067533],[-72.22216994475646,5.676389355161888],[-72.2214306222035,5.676039662511877],[-72.22190058121075,5.672580306899841],[-72.2243360177193,5.670377292307133],[-72.22583039058502,5.667640472934397],[-72.2283866177023,5.666834217766978],[-72.23768681488528,5.667115685755631],[-72.24402730981018,5.666370682125157],[-72.25143019601232,5.663400694044998],[-72.25731867784471,5.66240191900937],[-72.26277019478293,5.6634983628199445],[-72.26885619814406,5.663724969139417],[-72.2721921698003,5.662073558899153],[-72.27322751878758,5.65927109396575],[-72.27328523699478,5.655180262601939],[-72.26565377536939,5.642646341093979],[-72.26319057652591,5.637239833617615],[-72.2626905796261,5.633540088873481],[-72.26489044628903,5.628850261207114],[-72.27081316603213,5.621977928785655],[-72.28741145518786,5.605693777298331],[-72.28902156265026,5.60034294534687],[-72.28915851789215,5.594882209677748],[-72.28561051946281,5.586559883517155],[-72.28517054482512,5.574630108624659],[-72.28905361052234,5.566173257559446],[-72.29334447819488,5.558160311650024],[-72.29505029643532,5.556025048021161],[-72.29579438237047,5.553306780549744],[-72.29659654993938,5.547199951625206],[-72.29490979382528,5.53085958405354],[-72.29466025855749,5.518253062324661],[-72.29529068696525,5.514950295768873],[-72.29880877265738,5.510059250608415],[-72.30090040893492,5.505970476666883],[-72.3113325330547,5.50251329439283],[-72.31494036451986,5.499480530433498],[-72.31759016325157,5.498030658903278],[-72.32163040912508,5.498083237461891],[-72.32574002978417,5.497090496528224],[-72.33038978665043,5.497640564847215],[-72.3335639099326,5.499820942785402],[-72.33809961836613,5.5008005057029035],[-72.33950296063203,5.503350310558237],[-72.34319965689451,5.504750607777702],[-72.3458894920354,5.506890320445991],[-72.34708613952645,5.511908995689122],[-72.3498295162638,5.513380583181676],[-72.35209353413352,5.516238371279665],[-72.35689945051797,5.517890489952813],[-72.35772651331507,5.521590445471605],[-72.36085950463477,5.523880350382686],[-72.3620778388559,5.527947313203824],[-72.36646969091534,5.528750517044296],[-72.36789948564247,5.530630284436159],[-72.36926959316801,5.534162475573752],[-72.37183959824884,5.535390420032301],[-72.37284789029215,5.537162844267766],[-72.37486974774993,5.537460623412891],[-72.37553952972794,5.537960384617467],[-72.37656943714373,5.540140064828898],[-72.37574100302332,5.544502322124628],[-72.37840946099146,5.546950324666933],[-72.3792524447693,5.550233971348608],[-72.38317948999436,5.554920210045428],[-72.38335100005234,5.5581253962247885],[-72.38394023532295,5.559783619962311],[-72.38769481111088,5.563623181617974],[-72.39272961154087,5.565960442792474],[-72.39364722776772,5.567393105222178],[-72.3969007886044,5.570056924479998],[-72.3984202630258,5.568730465018369],[-72.39959995834282,5.568440661102368],[-72.40352629348814,5.569790974966009],[-72.4041504513686,5.568190454932447],[-72.40538150254966,5.5678027544771265],[-72.40625016551701,5.5662908275850524],[-72.40825584301054,5.567868940100266],[-72.40900157109282,5.567871083346568],[-72.40973335379473,5.566887845576098],[-72.40931065739973,5.565939925423519],[-72.40997021329743,5.564270989627826],[-72.41095559340201,5.565211227214644],[-72.4126869697986,5.565884414677062],[-72.41449527731122,5.565869769293263],[-72.41636021625665,5.5648707209200055],[-72.41771275476331,5.564707476123514],[-72.41870030867673,5.563290559271507],[-72.42089835914878,5.563181984792083],[-72.42239615999785,5.5613453107983],[-72.42271538436468,5.559779391339521],[-72.42233944718309,5.559186530769674],[-72.42125048409441,5.559019510851103],[-72.42113069130721,5.558080244040225],[-72.42289025955095,5.556390582112661],[-72.42464348791648,5.5562419585772576],[-72.42537995254536,5.5556107276115565],[-72.42496068588905,5.553010089323974],[-72.42553260950335,5.551770868466817],[-72.42521070818314,5.55081994661033],[-72.42590095320209,5.5484296760847025],[-72.42542076733339,5.546510747991962],[-72.42601956436435,5.546650578460765],[-72.4264615317697,5.547206128098868],[-72.42700586754948,5.547084141843591],[-72.42798045271758,5.545230394769999],[-72.43016379363114,5.543510586585327],[-72.43017058625632,5.542430293711287],[-72.43184083409554,5.541431123849024],[-72.43253054394971,5.53990041405511],[-72.43560678998513,5.537478375020632],[-72.43575054638411,5.535950244552938],[-72.43669079908592,5.535023803269551],[-72.43750043875153,5.533050423718835],[-72.44051548853203,5.531594522314518],[-72.44097379184258,5.529596205274555],[-72.44072065392452,5.528840082019073],[-72.4431903349483,5.525615320815319],[-72.44433239056846,5.521090130621108],[-72.44406653120163,5.520570887818602],[-72.4422405527277,5.520029507193991],[-72.44216062756357,5.519560348157521],[-72.44393839028294,5.518827083380642],[-72.44739023238857,5.516370603202321],[-72.44906032651363,5.516156695863981],[-72.45347835770369,5.51385753761618],[-72.45541530935904,5.512229877929237],[-72.45621040002193,5.510490403835558],[-72.46006918225642,5.508789746009177],[-72.46465044605615,5.502680452736585],[-72.4680915088627,5.500172369873198],[-72.4706503994833,5.495730522776571],[-72.4726386263398,5.495177575069171],[-72.47462030032162,5.493110620467751],[-72.47684148625929,5.492841811149645],[-72.4814504208767,5.488080498469261],[-72.4851702616692,5.4855406354461405],[-72.48629900587873,5.485272748633462],[-72.48696043785466,5.484170369779654],[-72.48980219753066,5.481851225867814],[-72.49092052702123,5.474270124704833],[-72.49202739237516,5.47095269804178],[-72.4920507225691,5.468250164384099],[-72.49412301406032,5.463840217202398],[-72.49415053654725,5.461950100983645],[-72.49478568254618,5.460321063475409],[-72.49738476587399,5.4561865308717925],[-72.49799700120666,5.453478344582101],[-72.50148321555825,5.447670281208655],[-72.50196050111195,5.444910237602674],[-72.5078795711613,5.438181853351253],[-72.50857025838071,5.4375704528281625],[-72.51232682281606,5.436533635085223],[-72.51666512634544,5.435805656283479],[-72.52878853086592,5.427555465516588],[-72.53216052595859,5.422520432449398],[-72.53430067318615,5.42038363881936],[-72.53579067537525,5.416200325936819],[-72.53691033952863,5.4144105179005395],[-72.53880881139224,5.41406826871734],[-72.54348889931711,5.410668719420988],[-72.54648173805177,5.407643958917984],[-72.54954018569283,5.406070537726612],[-72.55357198659847,5.405284994322496],[-72.55741785832883,5.4031895579116185],[-72.56280036507114,5.397870563848921],[-72.56542430488769,5.396834865426228],[-72.56943019181243,5.393100567020053],[-72.5711153290985,5.393108490876206],[-72.57163409192144,5.392255645460657],[-72.57189059973369,5.3902604007006305],[-72.57665019331444,5.387539211341304],[-72.5801603175602,5.384110388128658],[-72.58358839106887,5.382165210915595],[-72.58361792450646,5.381578744612958],[-72.58250996480605,5.380614433076522],[-72.57908029165117,5.379929487952381],[-72.5766805201682,5.377211523477285],[-72.5748103244369,5.376749480643629],[-72.57406187209803,5.375900695867051],[-72.57343797292431,5.375823316642209],[-72.57093004867683,5.376959315840775],[-72.56938040445418,5.375969609836492],[-72.56831501472449,5.374167832279742],[-72.56724074935123,5.373369775035693],[-72.57091063359624,5.363830370682265],[-72.57512428541496,5.35873597904916],[-72.5779107670996,5.3526604688193045],[-72.57975028699279,5.350330573664428],[-72.58171983108906,5.350280607233859],[-72.58428960887527,5.35192041327532],[-72.58529496132793,5.353260946151077],[-72.58843964873572,5.354260564110462],[-72.58989933181076,5.355800446580255],[-72.5907810134103,5.357725763429154],[-72.59157376812925,5.35798866575133],[-72.59300347891389,5.356814867845617],[-72.59380046225971,5.353590322480938],[-72.59563014953739,5.352360557118808],[-72.59651972731211,5.352420672907433],[-72.59757751842751,5.353262950962538],[-72.60105163057841,5.353905397502905],[-72.60580027824192,5.350260434134432],[-72.60938014249429,5.348400451262393],[-72.61238002156588,5.3480004998353845],[-72.61442971763181,5.348280665032845],[-72.61831501021483,5.351338146378571],[-72.6197815180992,5.351443925570087],[-72.62236796696723,5.349078201687291],[-72.62616252139695,5.343770470044275],[-72.62710983583203,5.343057596378172],[-72.63074601172991,5.342928599520714],[-72.63345536049262,5.341960582188592],[-72.63767235498688,5.336165315868751],[-72.63696064275858,5.3284003159151405],[-72.6394503263304,5.326830669637836],[-72.64328723395656,5.325445708582938],[-72.64853667622307,5.321777672431948],[-72.64912054537787,5.318860152445917],[-72.65104795154207,5.313849420715796],[-72.6521305426211,5.308030214033768],[-72.65384036308414,5.305350334845295],[-72.65864021886267,5.301710598606278],[-72.66621585825513,5.301240830192333],[-72.66673453566519,5.3008055438156125],[-72.66730319991456,5.299201438998894],[-72.66687057437834,5.295440096090397],[-72.66750045772714,5.294140533594569],[-72.67439008587877,5.292020535248091],[-72.67695380127898,5.291959337681066],[-72.68145051987074,5.290447879423302],[-72.68352486667497,5.288045158614487],[-72.68476064209636,5.285510457254894],[-72.68841019299734,5.281870644285568],[-72.69077413754704,5.282313151247194],[-72.69152042215224,5.281250488427052],[-72.69503608119244,5.280091291425221],[-72.69804008652082,5.279210653063018],[-72.70055501111443,5.279179373132885],[-72.70077683510793,5.277036093528508],[-72.69979043491715,5.27633962823265],[-72.69939065527318,5.2751900719308065],[-72.7005697742877,5.273281391172942],[-72.70081726840547,5.274212441034609],[-72.70282092390671,5.276693043283745],[-72.70338319559781,5.276637850481886],[-72.70378043110108,5.275790401574646],[-72.70436988250654,5.2755107307848075],[-72.7054076978948,5.276469344580126],[-72.70647978538082,5.276410598663821],[-72.70724512785225,5.277184895709148],[-72.7086695290369,5.277430512590439],[-72.70880930352519,5.277999618686208],[-72.70827247519661,5.278272014257296],[-72.70823666855152,5.27882646628536],[-72.70894665511555,5.279802887775779],[-72.71058154751631,5.280826675510742],[-72.71192578602782,5.281245372390558],[-72.71502979078234,5.280690643690413],[-72.71628941876601,5.282010359753934],[-72.71711928776072,5.284282838094551],[-72.71818921755536,5.285330116201212],[-72.71769430395446,5.2862785136834205],[-72.7179162616893,5.287543094318771],[-72.72025924086486,5.288560353085608],[-72.72000161328036,5.2894577889840955],[-72.72050940102054,5.290150235505257],[-72.72046942211615,5.292229814558051],[-72.7187452411069,5.294882685307602],[-72.71935943087195,5.296050079580177],[-72.71898898366396,5.297427851094935],[-72.71952927471538,5.298340058038572],[-72.71830090811298,5.301227378838327],[-72.71898949216313,5.30187041348369],[-72.72012905261832,5.30468897592421],[-72.72121935653976,5.305520335897084],[-72.72128935119153,5.308982322625082],[-72.72214933847884,5.310010231630578],[-72.72200898922445,5.312743512630698],[-72.7231470834628,5.313865684049686],[-72.72438950633622,5.314260453523418],[-72.72466050806356,5.315343141200512],[-72.72562943001213,5.315870352679683],[-72.72573115066288,5.318140695713097],[-72.72652575545239,5.318745048083412],[-72.72879424215725,5.318955107992478],[-72.73246984208231,5.318160597172873],[-72.73365041307274,5.319164317283986],[-72.73840962905196,5.320180580660361],[-72.7395437608024,5.321588791418782],[-72.74287959240966,5.322360481004689],[-72.74334993436645,5.323406643916929],[-72.74581949353298,5.325460369334735],[-72.74667754885456,5.327535903016371],[-72.747794906443,5.328322279943042],[-72.75089984939297,5.328620542274619],[-72.75192956475412,5.329130392793288],[-72.7524580181978,5.329830002758689],[-72.75421985487135,5.329640625339639],[-72.75688949545588,5.3313704584235735],[-72.75848392641247,5.334388195253026],[-72.76084956362963,5.335390414857358],[-72.76120813011978,5.336315927475723],[-72.76224949981665,5.336910530081778],[-72.7638893712237,5.339600043349851],[-72.76359723199546,5.340917179894143],[-72.76452943215679,5.34151045026321],[-72.76499330705809,5.342843658120491],[-72.76871951294082,5.346230299181805],[-72.76905664725743,5.347304465852268],[-72.7713195014287,5.349630294892298],[-72.77198932955004,5.351830026356307],[-72.77163659799578,5.353838646885068],[-72.7723453773089,5.354711249096281],[-72.77351979960676,5.355000459709778],[-72.77533936633338,5.356400249970561],[-72.77504067629773,5.3586165674879425],[-72.77578378573052,5.360082725447994],[-72.77678957520702,5.3606104230908125],[-72.77775478597907,5.362619141935782],[-72.77833142205164,5.365801389428173],[-72.7796996064142,5.36631062419707],[-72.78189119672925,5.368708708472789],[-72.78489534142533,5.371055766298911],[-72.78647971431269,5.371300519099229],[-72.78824125523565,5.373385777597545],[-72.79031822580735,5.37454226020876],[-72.79380964599225,5.37520050123312],[-72.79447928882551,5.376287330624425],[-72.79797951255148,5.378640334362326],[-72.79849151897724,5.380124605106631],[-72.80500979091423,5.380930626758047],[-72.80970596992277,5.383456879739009],[-72.81121445772493,5.382373256359912],[-72.81224036145078,5.380439118601963],[-72.81211055618836,5.378000299898262],[-72.81709597641407,5.373919660020421],[-72.82071028544918,5.370130489230678],[-72.8253566600706,5.368952625179336],[-72.82907016208173,5.3664006086214755],[-72.83423282064076,5.366806118888247],[-72.83614018668791,5.36589059575858],[-72.83818965225127,5.365548855797982],[-72.84031022016813,5.36358055995529],[-72.84173683701431,5.363503116525634],[-72.844516998374,5.358308840894781],[-72.84564055288509,5.354020386943016],[-72.84967070788711,5.351231044380594],[-72.8507186466374,5.350009026318366],[-72.8527944187897,5.346560917378262],[-72.85345050009599,5.3439103605342835],[-72.85454153517863,5.343211404340209],[-72.85540035468885,5.341910450880724],[-72.85984008403047,5.3403505651138055],[-72.86686945704184,5.3406505519766085],[-72.8670593086404,5.343859894700939],[-72.86568095927008,5.347566686136332],[-72.8664991896403,5.350220115414726],[-72.8665467866479,5.3524486396730095],[-72.86860977180407,5.352870519198344],[-72.8734149108345,5.3568810365185895],[-72.87569970189931,5.357430645602212],[-72.88161177305774,5.361873815896441],[-72.88239256807002,5.362802400298093],[-72.88302561478551,5.362743511752224],[-72.88569726371298,5.358748621337159],[-72.88649746393199,5.3545428503927885],[-72.88575424009287,5.35167665540672],[-72.88447440736435,5.349946471182069],[-72.88070003682233,5.350649355547561],[-72.87841117378235,5.349919818020276],[-72.8819286917467,5.347382299732953],[-72.88297047787592,5.343760296284561],[-72.88466454796087,5.342156692492363],[-72.8862104793853,5.33678026940588],[-72.88866025695917,5.334104242838204],[-72.88951276808974,5.331584645214161],[-72.88942649411072,5.329550598678382],[-72.8883106586459,5.325770041845355],[-72.88929891913396,5.323497705597692],[-72.88928719666514,5.320498225026071],[-72.8877807456753,5.316130251822067],[-72.88910306635528,5.315230978549749],[-72.88968062339606,5.313660378752769],[-72.89164119695054,5.311599249904762],[-72.89295878500073,5.310830752058289],[-72.89567283217725,5.306944605146672],[-72.89968839618912,5.2994080412725175],[-72.90067757731725,5.295339661814065],[-72.90069211892003,5.294048400485446],[-72.89977647735616,5.292586594491275],[-72.89373039191547,5.2888995681801845],[-72.89184066577722,5.286369772905972],[-72.89176071449997,5.281320143916402],[-72.89534734300729,5.273113537540125],[-72.89482051672708,5.268489985478728],[-72.89501924092167,5.265322069345461],[-72.89621041663214,5.262080195516061],[-72.89805858624996,5.258890413536344],[-72.91127829201758,5.244120066803145],[-72.91468087298036,5.237530250760508],[-72.91808052594618,5.2282303209515275],[-72.92275789123451,5.22313110182822],[-72.92324819953662,5.221288150387644],[-72.92326061007616,5.215340223054412],[-72.9251992667,5.213029890353709],[-72.92622044449254,5.210410372554499],[-72.9280419463427,5.2092840501223385],[-72.92888043868757,5.207460519723425],[-72.93139529830978,5.206813885813425],[-72.93318023819009,5.205750706856008],[-72.93522731205722,5.205507499193664],[-72.93720311353607,5.204201520142544],[-72.93922273619519,5.201814252207292],[-72.93979049417646,5.199570316668604],[-72.94079026584616,5.198780514275791],[-72.94310571011938,5.1980805991288745],[-72.94442037520997,5.196390413116843],[-72.94600567569886,5.1953702414221965],[-72.9463706048484,5.192190330857617],[-72.94910908519147,5.1899149020825135],[-72.9486505304194,5.188289974106816],[-72.94957309971639,5.184138312638876],[-72.94843070104412,5.182309940345615],[-72.94997877734494,5.178820236478755],[-72.95037056150282,5.176240301718265],[-72.95106027124264,5.175620589783457],[-72.95321723386034,5.175312018865851],[-72.95427856932072,5.174480069725496],[-72.95567044704374,5.1709602753929005],[-72.95734570631605,5.169068494650738],[-72.95821050077733,5.165120421617434],[-72.96190706056784,5.163534218502477],[-72.96187896657499,5.162936448380338],[-72.96099055980828,5.162319595744798],[-72.96054058351092,5.160670011410961],[-72.96083048491887,5.159750363116288],[-72.96250243526731,5.158583654884634],[-72.96273059319992,5.156980219372768],[-72.96334348405135,5.156089458635145],[-72.96555017968751,5.155340859859493],[-72.96940964624466,5.154949500494312],[-72.97127507373874,5.153789024230001],[-72.97278041095663,5.151110377103271],[-72.97373811766536,5.150246607717475],[-72.97344259204311,5.146520172855927],[-72.97167057620806,5.145229561482994],[-72.97092970619856,5.14316528346846],[-72.96923062479974,5.14193975080836],[-72.9694792269719,5.140435306803595],[-72.9679929338432,5.137362496741678],[-72.96557052012807,5.136699473592436],[-72.96514063503687,5.1348800111272785],[-72.96538725100649,5.133778057784371],[-72.96502411053707,5.133072538069229],[-72.96451866262103,5.132942895776081],[-72.96271026584171,5.133699255272039],[-72.96202409210586,5.132657301530571],[-72.95719045886945,5.13124952777846],[-72.95648046037468,5.129173963293707],[-72.95269029263191,5.126209682505936],[-72.9496508568823,5.122913601151761],[-72.94237037275427,5.119979529894781],[-72.94061853448831,5.11748122953641],[-72.93731049487337,5.114169745011628],[-72.93673713049569,5.110010716440262],[-72.93577988172265,5.107439962895603],[-72.93423013128971,5.105538320178052],[-72.93143049725599,5.103539495812738],[-72.92859276177303,5.099706954897536],[-72.92576431708437,5.09886301132284],[-72.92269292406904,5.09893198709075],[-72.91640967877908,5.102023046467245],[-72.91248988436722,5.103179390268347],[-72.90931029330767,5.1034593918957984],[-72.90693045497788,5.099859803950982],[-72.9058208462568,5.095109904038345],[-72.90587782105277,5.079060195841328],[-72.90382065855593,5.067930287754151],[-72.90908383078686,5.064591947271228],[-72.91619032086102,5.056820425118723],[-72.92077665693361,5.054520895350885],[-72.92846286699194,5.047234838424923],[-72.9302348756527,5.0434847873494855],[-72.93045060472717,5.041460829971433],[-72.92954255520884,5.038319188669863],[-72.92604055652937,5.03314976447939],[-72.92555070018861,5.030790076163976],[-72.92607060914516,5.029630453969634],[-72.92977097645941,5.026445065019259],[-72.93472013228217,5.024220370136219],[-72.93916037661708,5.022976478866529],[-72.94024039069119,5.021390379592444],[-72.94315037697706,5.019329623022939],[-72.95282782553724,5.009648242008773],[-72.9567755049026,5.003516018461725],[-72.95640064561212,4.999060071734182],[-72.95710054248995,4.996900343329157],[-72.96022041608397,4.993960618249311],[-72.9645685700869,4.9919675858555355],[-72.96773356796575,4.989587257349483],[-72.97001321126064,4.985822981692891],[-72.97038377824687,4.982448248192954],[-72.97004074440954,4.980890033472235],[-72.97046047647984,4.979600291505029],[-72.97527999999292,4.974760818591998],[-72.9776694736682,4.977160384183009],[-72.97942715548258,4.980426747360253],[-72.98055989080473,4.980450540674202],[-72.98229953726648,4.981350430365274],[-72.98279888451074,4.98238333084316],[-72.98867286058075,4.98653568144034],[-72.99130158227226,4.986112127356128],[-72.99275970776979,4.9863805157220495],[-72.99356049703727,4.987161684417918],[-72.9950999209411,4.986990549018802],[-72.99714974786258,4.987910448124799],[-72.99955944074209,4.9895704713036775],[-73.00078299655671,4.992208158019144],[-73.00457076141876,4.996966540451163],[-73.00636981221399,4.99710064236459],[-73.0073818380912,4.997606323274883],[-73.00852014337478,4.996700693398117],[-73.01071963431552,4.997490422718913],[-73.01181418291269,4.999471703685045],[-73.01314955598639,4.999970534677542],[-73.0139434794279,5.001122038327888],[-73.01513932373643,5.000800850356757],[-73.01508794778543,5.0020692458782445],[-73.01640412685546,5.002605209311322],[-73.01794996491918,5.001680765309331],[-73.01870039707646,5.0021567156461995],[-73.01950073562243,5.001688584677863],[-73.01949000060569,5.001213064482581],[-73.01849053139459,5.000049808283623],[-73.01856055118917,4.997140175734689],[-73.01945038938501,4.995820427016524],[-73.02138605821906,4.994669343944903],[-73.02149054083426,4.992670170942019],[-73.02283475761568,4.990633927793948],[-73.02350049244085,4.988330434847389],[-73.02498221553054,4.9876757839942805],[-73.03059614580918,4.982191037678447],[-73.03082015444795,4.981379307223031],[-73.0306471037991,4.979963727047408],[-73.02967935119104,4.978488609798106],[-73.0293704856168,4.969890427524469],[-73.03049167388498,4.969489813389522],[-73.03169353471571,4.9681260590828895],[-73.03350043688809,4.9635505165542515],[-73.03544681840121,4.962984047674958],[-73.03538521683356,4.959097466875484],[-73.03620052222422,4.957140395129013],[-73.03819181397013,4.955444385532546],[-73.03940448277065,4.948737584254434],[-73.03900056102525,4.947839871349743],[-73.03912058910703,4.945790368300214],[-73.04067419106615,4.944891656233673],[-73.04108839522564,4.943556834726041],[-73.04016984019391,4.940423576177339],[-73.03907059097251,4.939269755211163],[-73.03907057766428,4.938670203811826],[-73.0401502122591,4.93733072916312],[-73.04157083532179,4.937771855811809],[-73.04272876737456,4.937080573349068],[-73.04385052976998,4.934030322966202],[-73.04530356424982,4.9324042035806706],[-73.04485071263697,4.9309301200945335],[-73.04698792106494,4.928460248596689],[-73.04722052960221,4.926590191190375],[-73.0486521994097,4.924396711856333],[-73.04912077888413,4.922287477102871],[-73.04861068183338,4.917923635494663],[-73.04788065068054,4.916149840563598],[-73.04744099153852,4.911021582972861],[-73.04755063541721,4.90992023795063],[-73.04831723992532,4.9087319612254054],[-73.04784064984243,4.905949983694012],[-73.04807310747113,4.903950406630694],[-73.04702954480452,4.900328926294098],[-73.0420405742572,4.89030981291558],[-73.04163053084557,4.88789005639586],[-73.04231829013031,4.886131314165654],[-73.04252601775589,4.881764255024765],[-73.04148071718049,4.878330118804449],[-73.04561036325586,4.872650424516439],[-73.04723016799193,4.8718205934190095],[-73.0502551486394,4.871561511951447],[-73.05204891975353,4.8698782962878875],[-73.05233554066957,4.868318110805973],[-73.05139072123345,4.86702961999985],[-73.05062076298358,4.864659927952483],[-73.05083044523455,4.86300013664449],[-73.05183047396845,4.86103041415079],[-73.05577026940458,4.858310649008107],[-73.05918691325449,4.85764518796061],[-73.06148164883419,4.855172451422026],[-73.06077066542221,4.849410113697229],[-73.0612800898115,4.848430397618996],[-73.06539211924206,4.844514266606546],[-73.06636299987238,4.842912489111648],[-73.06688058517311,4.8406102240871345],[-73.0682256618649,4.838155955696891],[-73.06790048243747,4.834060045292629],[-73.0687573358755,4.830939555689665],[-73.06898056492423,4.827370146553535],[-73.0692003993567,4.826910482993675],[-73.07137789842038,4.826215353827287],[-73.073820682995,4.8206504503505085],[-73.07491505689205,4.819447186804093],[-73.07739530366027,4.812193035098416],[-73.07775603822866,4.80980677876832],[-73.07709022199339,4.807997358529816],[-73.07407034791164,4.806539524442724],[-73.0700506446494,4.802189702982274],[-73.06988063002761,4.800750052109236],[-73.0703264943159,4.799212075134088],[-73.07186094005047,4.797639682927272],[-73.07211341560061,4.795958005127589],[-73.06837320488708,4.792306301828165],[-73.06433398495064,4.791119671127347],[-73.06335049756751,4.789429821599719],[-73.06292958652028,4.786954305464242],[-73.06055062869868,4.783499771132845],[-73.06005020482922,4.778714571608531],[-73.05827944231577,4.776390778438721],[-73.05607039569934,4.775439428630513],[-73.05445058928117,4.773719678761176],[-73.05367043942626,4.770569929812172],[-73.05362485870678,4.768601662993721],[-73.0506304288594,4.765759698708254],[-73.04856091460279,4.7603692943981315],[-73.04572059901771,4.757979753944215],[-73.0461169743799,4.753718791649186],[-73.0449006098351,4.751149901413222],[-73.04499037906817,4.750480081695984],[-73.04685044912634,4.744270178827349],[-73.0497504690319,4.739590397617886],[-73.05175340020622,4.73782477763329],[-73.05256030099822,4.7363205982353795],[-73.05592422003573,4.736739832599312],[-73.0621102019891,4.7318505963812285],[-73.06502973006074,4.7319006685371],[-73.0663593702875,4.733140387473068],[-73.06669927492973,4.7343100497508805],[-73.06612637927816,4.738322052978542],[-73.06625743565169,4.7393479972915085],[-73.0670266170344,4.740373509677197],[-73.06996762019162,4.740412026010184],[-73.07186103805924,4.739134415037799],[-73.07413040813711,4.733400202455639],[-73.07872761679869,4.725699639604614],[-73.07860734006036,4.725039113533496],[-73.07706909423172,4.723248702831714],[-73.072070615368,4.719929676016718],[-73.07209052595474,4.718670177239188],[-73.07627060463741,4.713330599057234],[-73.07905267550467,4.711094709378095],[-73.08036279911533,4.709051608052273],[-73.07964059546973,4.705199987984622],[-73.08012047343213,4.702470226014186],[-73.08161040862964,4.7007604815990485],[-73.08558176894792,4.698296361911087],[-73.0872803943478,4.695450281272094],[-73.09028097351548,4.692458915373161],[-73.09145560185605,4.6888197205595645],[-73.08998045296842,4.683879904041196],[-73.08990048619134,4.681700025080984],[-73.09141043772557,4.676220311569486],[-73.09342029872677,4.6745304295391765],[-73.09626703821047,4.673232296610759],[-73.09963404959974,4.670320542129904],[-73.1033305460321,4.661260460326357],[-73.10570018416757,4.659790509634788],[-73.10752993718579,4.659620604490611],[-73.11273964089952,4.661230485718822],[-73.11528759740034,4.664970653236334],[-73.12021639252686,4.670755346917762],[-73.12178878120193,4.671521778476201],[-73.12248321721314,4.671184118790947],[-73.12393041499689,4.6680203033768874],[-73.12638021708158,4.665990488694164],[-73.1333125376305,4.664961506125996],[-73.13905918143051,4.661502177349896],[-73.14101937511158,4.65904422231495],[-73.14617033991348,4.655870723341604],[-73.14816251110149,4.655202308915726],[-73.1504797465903,4.655630820316217],[-73.1542295774046,4.657290528845331],[-73.15643565875543,4.660243934540755],[-73.16041383474042,4.662789937742452],[-73.16353989316856,4.663300431485871],[-73.1679000163019,4.6651905335191675],[-73.18180979300134,4.668120560322053],[-73.1893089808096,4.672206149742941],[-73.19350983381628,4.672140679062056],[-73.20178952666781,4.676680545008788],[-73.20353198749379,4.678949820918891],[-73.20776821994414,4.6805418282934],[-73.2124129165564,4.679019817178019],[-73.21579032305308,4.676850757706545],[-73.21787005114538,4.676360647792676],[-73.22016986528865,4.6765305124302445],[-73.2229495601798,4.677840480005848],[-73.2257292459322,4.682610330425497],[-73.22684789918051,4.686156595886672],[-73.2294922256515,4.689827997408185],[-73.23406950852336,4.693920369417546],[-73.23465927535625,4.695149954261803],[-73.23303981857887,4.69767371259308],[-73.23263952627933,4.7005798491214765],[-73.23009659712689,4.70541163825912],[-73.2286297603441,4.709978026835583],[-73.22880939491031,4.711709982574047],[-73.2282293472862,4.714969691303717],[-73.21978515646451,4.724900920982126],[-73.22053618385641,4.730108874914581],[-73.223108018888,4.7332712991456285],[-73.22775984912676,4.733640648806909],[-73.23059195637408,4.734757039643739],[-73.23206978613965,4.734460637913543],[-73.23365685929494,4.736244707846811],[-73.23627479289453,4.736717699365984],[-73.24090006680548,4.734320560817179],[-73.24300052085373,4.734849747044558],[-73.24442811107491,4.734622658521243],[-73.24571034749204,4.732680604312151],[-73.24714984849177,4.732650638970356],[-73.24818968671302,4.733200398850038],[-73.25093328474163,4.736123931121036],[-73.25198557684323,4.735797256355825],[-73.25353027409933,4.733990511297214],[-73.25471982860974,4.733850683731685],[-73.25583924672476,4.734630234128233],[-73.25466969141925,4.737798330668555],[-73.25534398261168,4.738888072071408],[-73.25723583958913,4.738718554671594],[-73.26027021711676,4.736800705388284],[-73.2625998147249,4.736730526743633],[-73.26565475310039,4.739334630422155],[-73.26847952035214,4.740651503157204],[-73.27037424035713,4.73941429281937],[-73.27286042901953,4.735810441131129],[-73.27486793145334,4.734507483170849],[-73.2769029860722,4.732406291345008],[-73.2778504918616,4.728490241745866],[-73.27827025918653,4.727980518539123],[-73.28007887334356,4.727855226315705],[-73.28120128687316,4.726962827839062],[-73.28220224417869,4.7250348846242],[-73.28264048314144,4.722700300092484],[-73.28320016270635,4.722280693517642],[-73.29115978952267,4.723750536710728],[-73.29287958289707,4.72484043832954],[-73.29431580064883,4.7268351259221975],[-73.2964805370688,4.728155700981875],[-73.30105995010139,4.728350416701766],[-73.30302973149678,4.728927951344924],[-73.30711955593605,4.732270310417349],[-73.30838227131498,4.735872178612542],[-73.30980925179624,4.736370439699302],[-73.30888914194453,4.739649641928822],[-73.30604735842046,4.744662616227677],[-73.305748094582,4.746517247034528],[-73.30640457601456,4.7475624301267345],[-73.30820963009619,4.748340450653369],[-73.30964366902482,4.7504519889261605],[-73.31034943403526,4.7527600608290035],[-73.30990204414258,4.758415255512923],[-73.31344942293116,4.764850051265426],[-73.31268118194706,4.7671538990808635],[-73.31297254715967,4.769504057284834],[-73.31654961385374,4.771980399895847],[-73.31764989567017,4.773504274839744],[-73.32061938379739,4.775500352955247],[-73.32096416031764,4.779179276556458],[-73.32434970788049,4.779610609769108],[-73.32492939805209,4.780210236078055],[-73.3249024917251,4.782007081020762],[-73.32531324147355,4.782495158445967],[-73.3297997100195,4.783130557454822],[-73.33158950506929,4.785060233445276],[-73.33184305863745,4.7867514372911675],[-73.33369720218062,4.788392104828596],[-73.33695972367381,4.788780541037569],[-73.33864570183576,4.790635727580594],[-73.34865581067982,4.794471429939735],[-73.35055986766767,4.794380534282477],[-73.35274760336463,4.795774007763714],[-73.35776123666363,4.794983565878498],[-73.36316958458139,4.796700532337802],[-73.36477661722961,4.799145607794974],[-73.3691898689829,4.799370515650749],[-73.3718394852655,4.800820377388622],[-73.37217942575056,4.802539921928888],[-73.3710627340408,4.8047693340397],[-73.37089464193838,4.806300364590146],[-73.37129868672542,4.809088056832211],[-73.37228930369977,4.81143989804951],[-73.3711624233514,4.812811918177477],[-73.36944940156894,4.816629606872529],[-73.36742896003076,4.818869595502492],[-73.36732944775694,4.820049635213477],[-73.36650364435947,4.8206249003227635],[-73.36658942050818,4.821989885525903],[-73.36581963256913,4.823459531006319],[-73.36527326681515,4.823776200719297],[-73.36520650004418,4.824664404387561],[-73.36672693023492,4.825735057520935],[-73.36838984191219,4.825370650705567],[-73.3696775503822,4.826495170055525],[-73.37088973792586,4.826410672174909],[-73.37178947148894,4.8275002012217145],[-73.37198480787448,4.829617254010157],[-73.3735995899313,4.830260458541122],[-73.37414613154836,4.83127788789198],[-73.37561948694943,4.832080415129295],[-73.37583942233012,4.832839972143291],[-73.37414469877247,4.837168688091691],[-73.37474937773244,4.83865011173008],[-73.37471138998052,4.839755695064914],[-73.38057174128055,4.8462710774962305],[-73.38171968255573,4.846610591406599],[-73.38356399695815,4.848247262059911],[-73.38439000382138,4.848070650098256],[-73.38702095708642,4.848858828999518],[-73.38917998150033,4.848600651163159],[-73.39119982658843,4.848970463108043],[-73.39178931279785,4.849320227741688],[-73.39130718044875,4.850640118308831],[-73.39203809677144,4.852934043106446],[-73.39449889825809,4.853290485578497],[-73.39304969371427,4.855109336321833],[-73.39183590371675,4.855104015591384],[-73.39122247942004,4.855747714692179],[-73.39249952213194,4.85697043140739],[-73.39348948108912,4.858650136998875],[-73.39346934516932,4.8598797782401455],[-73.39293700211782,4.860745912163548],[-73.39383925998813,4.861780184498426],[-73.39345348079985,4.8629021757081805],[-73.39393934398043,4.864909764636872],[-73.39342203356274,4.865685950964957],[-73.39449360909653,4.86711076167217],[-73.39613968804905,4.86767043793474],[-73.39812932507935,4.870470329300218],[-73.39849928963966,4.871709911436588],[-73.398249332643,4.872500171184379],[-73.39975935980019,4.874910274841728],[-73.40047643286793,4.87767568916379],[-73.40210382404678,4.879965098086296],[-73.40520081813162,4.881089318510329],[-73.40770005754968,4.880150583704968],[-73.4108497437399,4.880750504720862],[-73.41177648687841,4.881406877231095],[-73.41398564779571,4.880827559384367],[-73.41439050228837,4.879800575653985],[-73.41718988291,4.879500722324179],[-73.41872996260396,4.880139856167008],[-73.42110002048575,4.879310549891093],[-73.42256641566782,4.879729401728763],[-73.42485983206667,4.879150607022438],[-73.4258237109379,4.880097404074699],[-73.42828363842136,4.881206293980549],[-73.43140988183225,4.8812905154053166],[-73.4335797050367,4.882410460237707],[-73.4353195765479,4.883770370320046],[-73.43736747282969,4.887089782260031],[-73.44167980449576,4.887680576281666],[-73.44494918952337,4.889563881137966],[-73.4462799664547,4.889776978832014],[-73.44670710814634,4.889572718473356],[-73.45150024548529,4.883020709554278],[-73.4548293091518,4.883955484304654],[-73.45943344133313,4.886670637245494],[-73.46385023718908,4.890157058089374],[-73.46951094476665,4.892632521451427],[-73.47234022980663,4.890320474586339],[-73.4751600519989,4.889810745516918],[-73.47994983095903,4.890000580719419],[-73.48203317465848,4.891200753186696],[-73.48439206877633,4.89148948460831],[-73.48741716482009,4.890303249116702],[-73.4895803808468,4.887380453792007],[-73.49203572761668,4.886163415874479],[-73.49499025811167,4.883550561447227],[-73.49643997301207,4.8833508106169266],[-73.49982999215727,4.884039373812533],[-73.50256898953143,4.883476934638559],[-73.50827500652152,4.880848629105508],[-73.50988010461818,4.8794006976078705],[-73.51122577416302,4.879971950450131],[-73.51387007694483,4.879340522762916],[-73.52086948242987,4.87896062296667],[-73.52119290718274,4.881371318036873],[-73.5246753691798,4.892347189083033],[-73.52569553525082,4.893076773300925],[-73.52769824341834,4.893433964645828],[-73.53070023530158,4.891250690887662],[-73.53274984748771,4.8912305464895],[-73.53413972775571,4.892090366062948],[-73.53903943547549,4.89724035040893],[-73.54073958480657,4.9018901138056705],[-73.54174781329765,4.907288287069611],[-73.54130945016304,4.912065254052254],[-73.54568953919498,4.919540217567548],[-73.5467676333685,4.923489941276734],[-73.54838957816928,4.924250435266255],[-73.54878938874587,4.925150020636556],[-73.54684250660398,4.9304806379875625],[-73.5457694401488,4.937669860760093],[-73.54466745867269,4.940811256829791],[-73.54467936709361,4.944189805659127],[-73.54079956652735,4.949839500220969],[-73.5365212733027,4.95196204091692],[-73.53278539631141,4.954880446800707],[-73.53256931811535,4.9562097104111436],[-73.53136936114069,4.957763744225761],[-73.53032950174885,4.961879739522833],[-73.52804594506114,4.964565082001048],[-73.5286693911812,4.966790013238825],[-73.52835952592191,4.967909639874371],[-73.52580409529807,4.9694886412404],[-73.5254295176756,4.971249818650331],[-73.52407961378196,4.9734996605727995],[-73.5222971932744,4.9749255185419985],[-73.5199695754118,4.978539592907953],[-73.51870947985078,4.979527404112342],[-73.51732172493516,4.986940174649991],[-73.51725944768964,4.990319541437196],[-73.51400105805256,4.990993207710556],[-73.51020013479068,4.992756494826112],[-73.50908439259757,4.9946184779250125],[-73.5091593489669,4.995589630893058],[-73.50750664112324,4.996552564905511],[-73.50781868814641,4.997122368080937],[-73.5099595171186,4.997620536873012],[-73.51064098055906,4.9994951839115735],[-73.51204972671775,4.999840510176811],[-73.51567931456671,5.003728703944686],[-73.51777974750682,5.003830548620693],[-73.51841943398553,5.004570195400202],[-73.51834941790838,5.006019824733687],[-73.51742600615344,5.007657049874305],[-73.51772943062073,5.011169914884009],[-73.51708499755513,5.012971604174718],[-73.51764387525535,5.013577553774772],[-73.51887965098004,5.013600545846038],[-73.5193757017793,5.014619027253184],[-73.52028951950082,5.015090404218671],[-73.52077115910312,5.016711483543652],[-73.52193944291838,5.017550322492361],[-73.52246940257211,5.023729874815436],[-73.521918697967,5.0248096469969115],[-73.52175812280923,5.028166504252222],[-73.52239924855195,5.029219881844709],[-73.5171061737227,5.0332386283401],[-73.515879613812,5.035479589093471],[-73.51254158218886,5.03700471022419],[-73.51081919177837,5.036522013913522],[-73.50851411814308,5.036861127793655],[-73.50646972858418,5.038309487494007],[-73.5025199133659,5.039719438903487],[-73.49622417298774,5.039885382265639],[-73.49241784891503,5.044003871289833],[-73.49107957407118,5.046659660782281],[-73.48940744668957,5.047926651932599],[-73.48848953989712,5.049469485815398],[-73.48689138608499,5.050211359859421],[-73.48588724968668,5.051613128454354],[-73.48573380762045,5.054291234717964],[-73.4875792167359,5.0588895323982],[-73.48362846018227,5.0593723375880115],[-73.48290959645541,5.060359608762728],[-73.48024075113756,5.062245698660717],[-73.47984478036486,5.063284909031248],[-73.48043920568755,5.065030165863128],[-73.48055813628258,5.068128208174317],[-73.48136927240948,5.070080133810095],[-73.48122870636497,5.074265058573047],[-73.48179934257678,5.074970263276133],[-73.48159163406916,5.077765833584692],[-73.48206936196273,5.078360326050902],[-73.48234940014991,5.080969826611321],[-73.48200314371935,5.0815117596242425],[-73.48222948955753,5.083159973650489],[-73.48189017894859,5.084559106614948],[-73.48352949945644,5.085980315980146],[-73.48433430479398,5.089096042481847],[-73.48833205393304,5.092436450042415],[-73.48918978906737,5.0923706337424735],[-73.4896294515512,5.092970146822175],[-73.48941648948689,5.0951078647082],[-73.49062280466435,5.099238834245829],[-73.49453941718124,5.106350074196624],[-73.49357958645388,5.110099856369717],[-73.49188307999857,5.113279065103427],[-73.49189922664657,5.116349918401197],[-73.49100240914815,5.12046106458494],[-73.49119161892519,5.126279816043206],[-73.49170933957681,5.128929756322676],[-73.48879339265343,5.131343568606191],[-73.4879334105578,5.13503773804581],[-73.4884593099523,5.137509864695945],[-73.48475035367933,5.142879072937968],[-73.48189959502278,5.145559400101068],[-73.47883709777493,5.146982076881589],[-73.4776672045979,5.1477783815866935],[-73.4775563602926,5.1483174301422086],[-73.47841680832308,5.1491309536120395],[-73.48108356305926,5.153417221280628],[-73.48245221699446,5.154239012914675],[-73.48444292384188,5.153890257567775],[-73.49293145903735,5.154056360353133],[-73.49695940474113,5.152768479472989],[-73.50362999864436,5.1516907343286595],[-73.50501968581933,5.1519205603776195],[-73.50654935532881,5.153690393800656],[-73.50777150386534,5.156709243890621],[-73.51040323848586,5.161026135262541],[-73.51219934251124,5.162960144331336],[-73.50992090856927,5.169913588373757],[-73.5099658680036,5.171718654463878],[-73.51186940298909,5.175800146030707],[-73.5119594372395,5.177909832213734],[-73.50876269374994,5.182383682231595],[-73.50834195466213,5.185265137252688],[-73.50867103485109,5.186203606433491],[-73.51094086797067,5.188306830128732],[-73.51443972337971,5.1891806525465745],[-73.51825347693102,5.191560880570523],[-73.52189962488595,5.192190498814078],[-73.52285953160776,5.194180131537002],[-73.5234692904495,5.200379918475893],[-73.52188366454554,5.205070761482657],[-73.52159874862411,5.208617853804584],[-73.52191290163861,5.210542642229134],[-73.52313961748534,5.211480359132235],[-73.5245394084247,5.21402010027802],[-73.52344953890649,5.220449822749272],[-73.52191937138795,5.2226394423169165],[-73.51835741621369,5.225835637788022],[-73.51682928181879,5.22890953419133],[-73.51547777816343,5.23055430148393],[-73.51485851923229,5.232598094955487],[-73.51720188504535,5.234723810608393],[-73.52399966511263,5.23729042595264],[-73.52495953990862,5.238790238530697],[-73.52601766724126,5.242225999419675],[-73.52779940855534,5.2445102598543345],[-73.52817921978313,5.246830039530745],[-73.52789085178937,5.251556077649728],[-73.5264132387541,5.255111427915531],[-73.52644188953003,5.2574746708971505],[-73.52691114942168,5.258874986211674],[-73.5301495227044,5.262860317608282],[-73.53128328012713,5.264977444448051],[-73.53165479212089,5.267333073326658],[-73.53367934407515,5.2713501406921335],[-73.53362935602694,5.272459799380286],[-73.53221526579874,5.2747555899657135],[-73.53186281978175,5.277893711835256],[-73.53341108822576,5.281200598768528],[-73.5363950422118,5.285082025577223],[-73.53994958649399,5.286366822290201],[-73.54319951843716,5.288680542282156],[-73.54535088562804,5.291049957312377],[-73.54673935684531,5.2934702443444905],[-73.54809360608273,5.2990860063018355],[-73.54863716694065,5.299044188462648],[-73.5497702585922,5.29778061165309],[-73.55230815350062,5.297873725047515],[-73.55321029229918,5.296980516775177],[-73.55435987677302,5.296770681149614],[-73.55594959379891,5.297720360781711],[-73.55680479829327,5.299564635823843],[-73.55913976835586,5.300020587213691],[-73.5610265928252,5.301215655100978],[-73.56208977436273,5.30119061652485],[-73.56489516189839,5.303781608485706],[-73.56716168713673,5.304607994362512],[-73.56910018650888,5.303570681261342],[-73.57136188051145,5.30355030242929],[-73.5735102106357,5.302400486478289],[-73.57731991466864,5.3015306603840555],[-73.58390794387644,5.304969184426654],[-73.58583983965067,5.304920624037809],[-73.58783972552133,5.306150370773231],[-73.5890791268785,5.3074499606017],[-73.58894053209919,5.3080005972494035],[-73.59013076427539,5.3103162725485165],[-73.5995493436132,5.319400207052736],[-73.59876949019545,5.323399767924062],[-73.59306626426046,5.330760754308171],[-73.5926819912326,5.333444819465494],[-73.59364948093138,5.337839972515645],[-73.59286944948708,5.340169753341889],[-73.59072581882636,5.344004860575746],[-73.59102345042426,5.34493330049192],[-73.59324937995471,5.3469403205928385],[-73.59512022921983,5.362876587328196],[-73.59676215884596,5.3657084225045235],[-73.59851947862786,5.367660311214026],[-73.59945925204084,5.3703000931302585],[-73.59924932671716,5.372519787615771],[-73.59850178771661,5.373915045196051],[-73.59908928789723,5.376130045739859],[-73.5987594595258,5.378339713684167],[-73.59546817790078,5.3813876399722],[-73.5958692868685,5.383549785847823],[-73.59375003444649,5.385405554413811],[-73.59246956759213,5.387409417587302],[-73.59167724476659,5.387726956849028],[-73.58993115761017,5.39045014737974],[-73.59016646860664,5.3917879562190505],[-73.59167932843609,5.394180209595663],[-73.59177082053152,5.396193255448264],[-73.59259627351386,5.398476257234502],[-73.5942113011392,5.400255540291572],[-73.59543405343074,5.400912901663236],[-73.59763979350124,5.401090553809597],[-73.5993220477039,5.402321902377927],[-73.60206984891069,5.402630581457523],[-73.60480798751833,5.4037800066669694],[-73.60796988403872,5.40350069027541],[-73.61202931340182,5.405314779768656],[-73.61820968685693,5.404510632744228],[-73.62046970342749,5.405820373187952],[-73.62303919101548,5.408704604149686],[-73.62443955725506,5.409280588429953],[-73.62720180041951,5.412799143264621],[-73.62899595728503,5.413445282404902],[-73.63058998404401,5.41315055013717],[-73.63185977378411,5.41349045303487],[-73.6347958532121,5.415996359977932],[-73.63712971313316,5.416590542642954],[-73.63816994816527,5.417464701410149],[-73.64167671939043,5.417801295412018],[-73.64795009166328,5.4148305446476925],[-73.6505397726277,5.415120540764592],[-73.65374926812939,5.417740207788532],[-73.6533305741475,5.419144841757078],[-73.65539931049746,5.424409850165736],[-73.65475107723333,5.425228097924923],[-73.65528908872935,5.426089071275182],[-73.65645981959022,5.425990622305545],[-73.65707104328109,5.426497994782044],[-73.65856981978149,5.426500613164526],[-73.66058374494943,5.427820809440865],[-73.66224980020034,5.428150481012918],[-73.66503371355564,5.430166916827695],[-73.66582552891741,5.429975388345076],[-73.66664023091604,5.428750737690951],[-73.66750953995879,5.429066479126501],[-73.6684896926414,5.4286807726228155],[-73.66927280775768,5.430507948315719],[-73.6699796268637,5.4307706213869755],[-73.67179526170655,5.43327959153249],[-73.67340976763333,5.433440553396522],[-73.67435262921765,5.43425479022821],[-73.67662065142507,5.434718221030718],[-73.67842962683537,5.434320689687076],[-73.67875649163302,5.435136651398955],[-73.6794096705464,5.435290609208211],[-73.67980931298784,5.435969935539813],[-73.67854976822703,5.43740940095091],[-73.67693493751605,5.437446543688989],[-73.67629456941955,5.439689033393045],[-73.6754917235936,5.440237159137059],[-73.6755192994214,5.441029860973764],[-73.67506916503149,5.441867591953184],[-73.6765559429458,5.44762492165885],[-73.6791594086607,5.451870157145963],[-73.67908945037723,5.454009789712336],[-73.67647388255226,5.457192895314728],[-73.6766798637207,5.459123944834234],[-73.67695998368909,5.459465974673202],[-73.6776204433654,5.459484516630158],[-73.6786810660838,5.45865895311955],[-73.6896303403458,5.447720583966833],[-73.69468001459947,5.446320621675611],[-73.69665962848167,5.446770619286883],[-73.70038574141832,5.451070058036414],[-73.70246960148333,5.45242035395064],[-73.70304851415938,5.45347755004737],[-73.7062795460819,5.454020507265223],[-73.70693850378804,5.455919361483036],[-73.71228990571655,5.456620445904187],[-73.7195292868288,5.458810383026259],[-73.71738770765545,5.465960279032455],[-73.71722249004601,5.469770762443542],[-73.71772148455916,5.475630557705795],[-73.72023556459298,5.478041257376636],[-73.7252096376125,5.479223458099156],[-73.72839943829045,5.47911834529791],[-73.73011512388764,5.477860612101314],[-73.73494029177188,5.472450458793491],[-73.73977722425771,5.4709976963260605],[-73.74069571989533,5.470427403531669],[-73.74083056325044,5.469550259466313],[-73.74152022628155,5.468960490593877],[-73.74328949563817,5.468680642933453],[-73.74433336111404,5.477989186624174],[-73.74522910922576,5.480420212102408],[-73.74576161097688,5.4850503328670905],[-73.74717790289738,5.489539814108989],[-73.74877225825195,5.489564753398379],[-73.75120036973235,5.487640657211631],[-73.75908003835377,5.484780554497516],[-73.76360429548228,5.485741732224668],[-73.76574986435014,5.485530577665907],[-73.76759677469289,5.486688686414784],[-73.76882980188952,5.486600603210156],[-73.78218939259216,5.499140374790056],[-73.78288338252136,5.501448054238381],[-73.7854196161183,5.505570194567754],[-73.78653951775661,5.509150104994953],[-73.78719643087298,5.514326785734383],[-73.78942937915407,5.523630084675402],[-73.78960780555187,5.528393572819693],[-73.7917093657839,5.532250100158541],[-73.79097945733095,5.536039811838424],[-73.78964242933664,5.538649042502853],[-73.7896994177982,5.541249933386074],[-73.78868647211793,5.545115585506182],[-73.78951915093002,5.548710099686357],[-73.78942279465531,5.552861055365835],[-73.79999964253523,5.563430303008666],[-73.80447085007653,5.5709884798727],[-73.80509193529561,5.570980791860658],[-73.80821731021926,5.5678978452093775],[-73.81248050074123,5.561080483752334],[-73.81717061177503,5.557896173672015],[-73.81807052455989,5.554220334213182],[-73.8197902742865,5.552880650434171],[-73.821539883938,5.55264067005957],[-73.82370252098025,5.554025815814007],[-73.82472019915171,5.553340506135797],[-73.82723246113295,5.553239708739739],[-73.82850010302862,5.552710679794891],[-73.83111030327849,5.552958349067971],[-73.83275026587958,5.551470398200724],[-73.83588262133792,5.550082529566487],[-73.83736030236633,5.548320293920036],[-73.83953027905642,5.54672060935946],[-73.84538004471973,5.545390750114909],[-73.84777712733573,5.545557208447124],[-73.84883050232378,5.543380384109706],[-73.85116758892902,5.541527589110239],[-73.85364122311215,5.538399365415934],[-73.85515053599904,5.534370261158174],[-73.857270190621,5.530920748391784],[-73.85905931573048,5.5319042737957735],[-73.86055996655499,5.531690667712674],[-73.86301562620004,5.532323345921336],[-73.86970232288044,5.532729413140862],[-73.86995459091234,5.532331825664212],[-73.86958069385138,5.531599859774696],[-73.86980050414184,5.530580305974097],[-73.87453356668972,5.526644618019861],[-73.87704015224104,5.522230896980741],[-73.88072048953582,5.52520090970319],[-73.88325023508989,5.522240624325937],[-73.88467484548248,5.522379009275342],[-73.8857504833718,5.520860553800917],[-73.8867058507355,5.52037540049484],[-73.88684057485042,5.5198419905588345],[-73.88618483727953,5.519057719519978],[-73.88493147433118,5.518889541905321],[-73.88766760878495,5.516710024523829],[-73.88773061829545,5.5158003298735565],[-73.88921030341893,5.514962195018813],[-73.8890505924138,5.513330158059327],[-73.88987014599778,5.512420656594001],[-73.8905796237781,5.512720423413712],[-73.89475941346676,5.520060225887461],[-73.89496927134783,5.521009925796699],[-73.89445228275879,5.522192264991408],[-73.89455256634021,5.522617031588168],[-73.89830893290912,5.523810272632416],[-73.89796408432817,5.524360392464593],[-73.89832888941966,5.524860032506068],[-73.89727827120105,5.525744987372466],[-73.89736200206684,5.5265727446764625],[-73.89780934706788,5.527000296915948],[-73.89788965002067,5.52842280042583],[-73.89897310918049,5.528924818955136],[-73.90038001909147,5.5286807483393146],[-73.9048321269249,5.529289754360734],[-73.90681576017981,5.528157463619826],[-73.91062229297418,5.523756992491805],[-73.91167721107593,5.521296946001589],[-73.91097720078648,5.514863204718854],[-73.90993059284217,5.513179797052548],[-73.90973928036759,5.511148398639009],[-73.90685063352674,5.50830957988529],[-73.90614059751825,5.50645995393533],[-73.90704047680491,5.502290315826856],[-73.90934348126738,5.500532462028218],[-73.90826056667562,5.49909969550925],[-73.90807066377856,5.498130074462937],[-73.90921602782511,5.4952769252321],[-73.90874632116692,5.494268884442178],[-73.9048003817615,5.49264956278813],[-73.902940632267,5.4894198257035045],[-73.90290054411106,5.48684014798893],[-73.9040382278243,5.484946020995129],[-73.90431986471886,5.482300964147832],[-73.90241084652146,5.475991523061268],[-73.90116066181712,5.475519577568312],[-73.9023576290322,5.4706623366525005],[-73.90201055976526,5.4671401013912755],[-73.90292289087591,5.4652647547676745],[-73.90348058169133,5.46008080418625],[-73.90349815296341,5.458785931435249],[-73.90293064017469,5.457839922205715],[-73.90349460859167,5.455941782155792],[-73.90257071263048,5.454839941297935],[-73.90369572104494,5.453014205102021],[-73.90249693949902,5.450012242765484],[-73.90109066042963,5.448199856116791],[-73.90120046769371,5.447740400668873],[-73.90529607149824,5.446058813213154],[-73.90636166617922,5.444931340179732],[-73.9066906508519,5.443370222723482],[-73.90875722791958,5.43944083820639],[-73.90873058352099,5.437310327488097],[-73.91163577903255,5.435584176045431],[-73.91252039603144,5.432230728368959],[-73.91386968669956,5.432690452033244],[-73.91551808201035,5.4346640937589346],[-73.91645978205811,5.434740561099639],[-73.91770538732503,5.435891230696858],[-73.91939956230725,5.436520559278701],[-73.92050658653793,5.4380906328424725],[-73.92549782018123,5.439997502630912],[-73.92840717289577,5.439978156419338],[-73.92994669664832,5.43955024761601],[-73.93237025887224,5.437830574584232],[-73.93667709505038,5.436843052781618],[-73.94064023957245,5.4343206334747896],[-73.94213077545163,5.434050102497621],[-73.94538778182725,5.428768942699364],[-73.94705545009953,5.424148129605465],[-73.94765049776042,5.417690589366879],[-73.94872988188195,5.417640591638388],[-73.95690212039074,5.42148202788686],[-73.96241983285037,5.4219306870298505],[-73.96361222578147,5.4224056258063325],[-73.96470201229631,5.422165509029368],[-73.96650022961481,5.4208405518317715],[-73.97060942064047,5.42020772061787],[-73.97290790882931,5.419361098050386],[-73.98010219813598,5.405255428896346],[-73.98171814129154,5.402883019819268],[-73.98180064879939,5.397790293438495],[-73.9836872852975,5.395898893484837],[-73.98270079419669,5.394959853794081],[-73.98320058269856,5.3942125801802945],[-73.98325731042316,5.391847706334719],[-73.98269061773696,5.39070997307449],[-73.98349032839086,5.388970676887939],[-73.98524757340974,5.389137239117631],[-73.9866742468937,5.386413870173778],[-73.9875437559849,5.380575117649887],[-73.98735066399117,5.379270278991167],[-73.98962910279678,5.377628568778197],[-73.9905803755025,5.375590528698332],[-73.99143558365576,5.375298822684393],[-73.99139074557918,5.374650436026336],[-73.99287155430885,5.374339330650992],[-73.99353043833663,5.373080552569911],[-73.99648023003472,5.37241010089613],[-73.9974941284149,5.37143566088669],[-73.9976005626632,5.370600662858703],[-73.99874703122926,5.370563612561397],[-73.99993189156615,5.368657356767027],[-73.99977572340053,5.367948067251915],[-73.99910208084685,5.367490686065228],[-74.00966964331343,5.3683769295490835],[-74.01190013543278,5.367260546092659],[-74.0156595393024,5.367226416019213],[-74.01996996062279,5.366140671823925],[-74.02250950947833,5.367110463505661],[-74.02356943919165,5.370440093624002],[-74.02381936698394,5.38146988539562],[-74.02199813329862,5.386025764360953],[-74.02230950095864,5.386854471742679],[-74.02492611956265,5.38762282379581],[-74.02793010124353,5.386910837268822],[-74.03027984206778,5.386900730256407],[-74.0317397233217,5.387570399407952],[-74.03427032411491,5.390050673204277],[-74.03741978147788,5.390710597218329],[-74.03978967626001,5.392010382629368],[-74.04050938116875,5.393010274218828],[-74.04201948445738,5.400035855630595],[-74.04517329424735,5.404388030377272],[-74.04689017018123,5.403820702576714],[-74.04987121421814,5.403567941480787],[-74.05136019836458,5.402390502085572],[-74.05329042866407,5.402269561941918],[-74.05447011159465,5.401210673283312],[-74.05899968620072,5.403220434970868],[-74.05993672662446,5.404331539733934],[-74.06184947770282,5.40530159647721],[-74.06799988098398,5.405040600294988],[-74.06905952971874,5.405540504192962],[-74.07017699501272,5.407379828105398],[-74.0735797015329,5.40817048633076],[-74.07800934049013,5.413510262120199],[-74.07822595205549,5.4154745267126145],[-74.07937990860874,5.416646204463012],[-74.08054954569793,5.416950515808695],[-74.08166956999003,5.419980267965622],[-74.08338930959592,5.421530612436162],[-74.08659318226873,5.42617012384722],[-74.08709456296295,5.428112641334137],[-74.08949955666064,5.428816748482107],[-74.09123996837558,5.427960661091576],[-74.09274915193244,5.428950131408695],[-74.09149685615571,5.43052503009603],[-74.09157939904387,5.4318097653707476],[-74.09055640328413,5.4327727452885],[-74.09057182429783,5.434718101090631],[-74.09150465007126,5.436342651679447],[-74.09264668801016,5.437103568806774],[-74.09456002289795,5.4363806824278775],[-74.09550948872663,5.436750509605036],[-74.09605707409271,5.438145672416231],[-74.09757928531005,5.439860158134951],[-74.09540531477442,5.447032470996289],[-74.0941240780866,5.44983952716407],[-74.09482181638991,5.451230928116374],[-74.09542948854562,5.454890037998845],[-74.0952750823906,5.456676499596195],[-74.09695930425173,5.459360015813654],[-74.09558518076305,5.461768530733947],[-74.09575936031948,5.463569919226646],[-74.09483408019007,5.466018747857991],[-74.096906223,5.470305776235299],[-74.09792012049613,5.469850668163955],[-74.10437693639317,5.471963764827054],[-74.10721985692021,5.471860658328653],[-74.1105901850019,5.473536633310067],[-74.11261997262868,5.473360551452729],[-74.11621202860381,5.474041988088043],[-74.11714354546862,5.473171364612229],[-74.1161932955728,5.470324291543369],[-74.1131006508838,5.466969801486817],[-74.11345724538356,5.464677675455542],[-74.11473076950546,5.460520337679414],[-74.11639509214474,5.4576595543847395],[-74.12089182210428,5.445602822977924],[-74.12087072387517,5.438970154418118],[-74.12245247084002,5.435468067764867],[-74.12292062916896,5.429430293194079],[-74.12339023464703,5.428970575215455],[-74.1254699178129,5.428970568736285],[-74.12878965709348,5.429950702219331],[-74.13107948910023,5.431590388402982],[-74.13257933373579,5.435689873542981],[-74.13245280869599,5.436358827909651],[-74.13361232438896,5.437263999101066],[-74.13455992044136,5.436850722514377],[-74.13667946363533,5.438820254448406],[-74.13695522343583,5.442774867052227],[-74.13752451224245,5.44387676298505],[-74.1383794753722,5.444430344612931],[-74.13867871673831,5.44606648107625],[-74.13964959203692,5.446220618363141],[-74.14001035666973,5.446901362042494],[-74.14245973813871,5.447450594522187],[-74.1439431131634,5.448433692414819],[-74.14590980610521,5.447970651622115],[-74.14656228544446,5.448523376734444],[-74.14793160882066,5.448260002802581],[-74.1498804294136,5.444910416110657],[-74.150930007197,5.444320698979375],[-74.15391944466772,5.445920340930764],[-74.1539581446727,5.447216691013856],[-74.15441168775186,5.447729648570299],[-74.15576005441862,5.44722058349521],[-74.15864081703025,5.448048446900461],[-74.16065952421513,5.4477706785170925],[-74.16095940106617,5.449093847772548],[-74.16195955568531,5.449500464277818],[-74.16243945520263,5.451021631579919],[-74.16403955819149,5.452160358093963],[-74.16464212760853,5.453424653270526],[-74.16778957229458,5.45540038111227],[-74.16868573598973,5.4572591584693],[-74.17033954159018,5.458330403821859],[-74.17127645230882,5.460168981133724],[-74.17227688989057,5.460478721547425],[-74.17389947088996,5.45986078676328],[-74.17400756324167,5.461087693360088],[-74.17518243042527,5.461728668485649],[-74.17556476034069,5.461456989349524],[-74.17632039062161,5.4595006195733085],[-74.17758973077089,5.459600541887835],[-74.17977184481232,5.4620479764614736],[-74.18291960824068,5.4643703510299835],[-74.18566957650732,5.4696501763281535],[-74.18658277424238,5.473584522373564],[-74.19013921509249,5.477960494692791],[-74.19421389740015,5.486592803081061],[-74.1983267005987,5.493144502676831],[-74.20201652512733,5.497051521982147],[-74.2037602735322,5.49777836716625],[-74.20968993401365,5.497870585984265],[-74.2125851577311,5.498475074229367],[-74.21546191748924,5.4976690050572],[-74.2211363765299,5.494823861562999],[-74.22296050671909,5.492160523502318],[-74.2258766812422,5.490331510934532],[-74.22968770265442,5.485329286927995],[-74.23251045657999,5.480220476917656],[-74.23598010057717,5.478500557514825],[-74.23846526415538,5.4787550250081285],[-74.24022705921017,5.47842237066126],[-74.24451977429399,5.476300721317052],[-74.2469550739851,5.4806992610450305],[-74.24991966040393,5.482560362132484],[-74.2525067807395,5.486553644565328],[-74.25386946054738,5.487620313388812],[-74.25407926543626,5.489129942908235],[-74.25295871821478,5.493030233776338],[-74.2542994138416,5.494610245190613],[-74.25450377174525,5.497924727860847],[-74.25641900154831,5.499839813394874],[-74.25098800721088,5.5023470974544555],[-74.25076774040845,5.504395207975686],[-74.25128929760851,5.506999651442066],[-74.2500941879068,5.507605692437064],[-74.24955858776154,5.508800179890074],[-74.24921940977778,5.512339759167833],[-74.24778327721657,5.5141532727610585],[-74.24720926555423,5.519219791853931],[-74.24582610801131,5.5221972897549865],[-74.2460138531464,5.522667861227148],[-74.24696962705002,5.5231604047982605],[-74.24762942164622,5.524240100157801],[-74.2459695271052,5.532199693198772],[-74.2428353066308,5.534485916200032],[-74.24043183352867,5.538983945973541],[-74.24061702574988,5.539475144760926],[-74.24155955013303,5.539850413081782],[-74.24288087193341,5.544566159298023],[-74.24968953664788,5.547410435986174],[-74.25109756241288,5.551607852514558],[-74.25334164476865,5.554108201389989],[-74.25706958386769,5.556900454413614],[-74.25964254716385,5.559738711087931],[-74.26276329723298,5.560466712152586],[-74.2652729701167,5.560338630481618],[-74.26763007228162,5.5594506880334675],[-74.27051312782997,5.559905271022639],[-74.27445955006583,5.561490425564454],[-74.27483604793876,5.5622373521292845],[-74.27837449646763,5.5639385583044625],[-74.27999972750514,5.564220691160004],[-74.2838772255596,5.56681464141605],[-74.29144957556682,5.568930529410812],[-74.2933496901891,5.572433794722914],[-74.29476969980043,5.572910635069214],[-74.29777939789751,5.574970341856368],[-74.29797455823861,5.577217804912785],[-74.29996951598348,5.578810317779835],[-74.30099932224319,5.58282964724717],[-74.30061502300325,5.583540264922387],[-74.30212934378564,5.585350171557401],[-74.3016841785992,5.587731892738587],[-74.30263939641569,5.589220162542551],[-74.30252568742235,5.5911837511274],[-74.30493924667356,5.59340009025973],[-74.30437594704142,5.594247278681195],[-74.30467927480638,5.5949300575467165],[-74.3043318246349,5.595573124429241],[-74.30506940141618,5.5980599215771445],[-74.30491663173504,5.598650940974088],[-74.30527399074198,5.5990896710727025],[-74.3062396055708,5.599280593916375],[-74.30713918728031,5.600679784420473],[-74.3058527785524,5.601545624595276],[-74.3065593047546,5.604659619687603],[-74.3058207477814,5.605001650605111],[-74.30570018879179,5.605725989844085],[-74.30641952330858,5.606140641787203],[-74.3066749866063,5.606865212945635],[-74.30710936901939,5.606980542225785],[-74.30678980121277,5.609246704411273],[-74.30748943438239,5.6103902293034364],[-74.30793525461897,5.612608960684745],[-74.30837230163992,5.61287705247182],[-74.30912984853441,5.612680616418258],[-74.30959936449653,5.613130207434115],[-74.3096720246702,5.61371923940493],[-74.31011367767925,5.613911860515607],[-74.31050929013162,5.615190026340425],[-74.30996368536914,5.617571349896093],[-74.31015582923133,5.618795017653067],[-74.31246455760598,5.621033833962487],[-74.31380140139012,5.621141898794578],[-74.3142504524223,5.620540527843928],[-74.31495943743222,5.620510606027941],[-74.3150394495787,5.622999831483094],[-74.31320405672089,5.62555474557964],[-74.31333935594928,5.626819562562792],[-74.31139935430663,5.627249389852517],[-74.30903718764993,5.629429936927736],[-74.30829952089248,5.632429777926387],[-74.30776530528405,5.633176508031476],[-74.3080693110829,5.634939810200356],[-74.30672498652955,5.636475026967142],[-74.30686922755415,5.637549320500127],[-74.30635071261942,5.63755338160801],[-74.30604829976177,5.637915656653285],[-74.30643936070473,5.6402599334573065],[-74.30612140921218,5.641178277443768],[-74.30650928428928,5.641810165904386],[-74.30628001438697,5.642739386900003],[-74.30760954087964,5.643440431450208],[-74.30863940104297,5.647079908689844],[-74.30769963997486,5.648519474316274],[-74.30497604350418,5.6492384558192725],[-74.30545931004312,5.651719828091366],[-74.30410978320872,5.653169362871572],[-74.3035103698119,5.653069503288423],[-74.30261567581854,5.651580914738547],[-74.30040521513702,5.6519847026497345],[-74.30024676207688,5.652528627073811],[-74.30109936132939,5.654210052086852],[-74.30061967537803,5.655699213713514],[-74.29938173196749,5.6551533375143865],[-74.29850971024051,5.655859449540122],[-74.29694703556308,5.65625085165964],[-74.29539956149215,5.658629617422904],[-74.29244799089057,5.660851810276433],[-74.29248740791506,5.661452399209913],[-74.29345925461683,5.662090183112906],[-74.29250973570224,5.663719257353584],[-74.29043675651553,5.662981219895764],[-74.28903007629938,5.663869196424016],[-74.28719396855186,5.662169548036295],[-74.28628846465635,5.6624767596565775],[-74.28527513221566,5.663576329372725],[-74.2853194641739,5.665049919305044],[-74.28430886269,5.667474928426498],[-74.28581945245158,5.668650448231393],[-74.28638927556742,5.670109725257646],[-74.28559006024824,5.670519359049125],[-74.28443686177312,5.669634967566237],[-74.28392997897681,5.669668238324924],[-74.28331758559013,5.672056787983435],[-74.28376348768164,5.67278321234458],[-74.28522934838898,5.673040504970764],[-74.28503946399036,5.67506975670683],[-74.28448993606256,5.675649248276458],[-74.2833398745737,5.67481759741364],[-74.28273625186347,5.67504374639063],[-74.28374938397673,5.678989910866485],[-74.28285956065463,5.680359521070252],[-74.28114998850283,5.681391725500789],[-74.28142935113209,5.683789650497314],[-74.27947910826553,5.684948233471473],[-74.27965089919442,5.68539666571357],[-74.2808394712821,5.686220343990469],[-74.28100939829014,5.6871198495436746],[-74.28051969445524,5.687729539145532],[-74.2783189530089,5.688367346102941],[-74.27835933544351,5.690329548227429],[-74.27745717591999,5.690720402295349],[-74.27731943561736,5.691959324909091],[-74.27655594503157,5.691956431146996],[-74.27628303999485,5.6924334614951775],[-74.27656826908523,5.692854357703992],[-74.27846943322213,5.693540418499257],[-74.27852939612656,5.694839781403563],[-74.27728871630093,5.696465703041641],[-74.2776357718332,5.696953683640646],[-74.27925927825416,5.697450386635377],[-74.27892466937395,5.698622017577289],[-74.27919450262864,5.699082900491033],[-74.28032843614893,5.69893030152135],[-74.28158974127076,5.697591076356707],[-74.2821848442828,5.699422045420827],[-74.28400939016913,5.69961052498047],[-74.28391592235023,5.700674054766957],[-74.28432284701566,5.701169423244693],[-74.2864399344079,5.700760726863817],[-74.28914577129547,5.701892858468836],[-74.29126006470139,5.701370669064731],[-74.2929595862116,5.701470589957196],[-74.29379811446827,5.703207678306923],[-74.29623887750792,5.703490460545231],[-74.29519781666299,5.704995153132273],[-74.29677603999538,5.706501568342075],[-74.29962292451503,5.706539533685771],[-74.3019591682317,5.704651373152846],[-74.30141132957077,5.707686354268772],[-74.30398947289926,5.7092303522795325],[-74.30423939793212,5.711509827116761],[-74.30134315212848,5.715181906238041],[-74.30102814511221,5.71622672417126],[-74.30172932573004,5.720769792003396],[-74.30056090381188,5.722280788961245],[-74.30208937436215,5.723810323332834],[-74.30218940149672,5.7246797017439315],[-74.29983262240086,5.72606942333328],[-74.29841707350188,5.727584559551858],[-74.29756975067502,5.7292227892847345],[-74.29735937469904,5.731749746214418],[-74.2954196644616,5.734089496363105],[-74.29177390058668,5.73531845601075],[-74.2918291531871,5.7377499586753355],[-74.29139923773756,5.740329734566103],[-74.28935959166408,5.74401964685381],[-74.28729186929769,5.745495974505017],[-74.28719220552121,5.746459019175654],[-74.28871946123745,5.748720208481489],[-74.28898254013733,5.74986611252257],[-74.2904496083087,5.749990597156679],[-74.29117929416945,5.751579730480101],[-74.29307974733993,5.751860539545986],[-74.29585941627516,5.75457022301337],[-74.29569948186568,5.7569098532290015],[-74.29411110505005,5.75970828117023],[-74.29501723272502,5.762015146943482],[-74.29705940058209,5.7628203843124854],[-74.29704695477538,5.7648096502727295],[-74.29936751602305,5.766699106329038],[-74.30173982006907,5.766660566708654],[-74.30510171216075,5.769700473747983],[-74.30366732911705,5.771142912528834],[-74.30378242378708,5.7722860858117295],[-74.3045215268045,5.772704535142371],[-74.30674003291568,5.771910661327802],[-74.30750943336862,5.772110426211733],[-74.30741956355013,5.777720041655616],[-74.31086616260242,5.781321337833646],[-74.31297920668668,5.782250305707188],[-74.31166962727212,5.785099469177059],[-74.31036921536416,5.785299535903045],[-74.30934957996793,5.787189499826083],[-74.30646120914292,5.788207458176775],[-74.3068493687949,5.790909841912446],[-74.30603608172446,5.791941606805901],[-74.30575954588112,5.793579318444626],[-74.30505045375656,5.793409493442374],[-74.30417622021777,5.791312285301921],[-74.30254876496885,5.790740966274535],[-74.30155778397453,5.7910637657662996],[-74.30146139277092,5.7916620163201715],[-74.3030492352725,5.794709830338679],[-74.30128279322285,5.796089345667725],[-74.30109528472339,5.7977117933921605],[-74.30324633801509,5.799987385111993],[-74.3052497461789,5.799777077885984],[-74.30690994960979,5.798320829230109],[-74.30811659668987,5.799529346347253],[-74.3110598145255,5.798900603368851],[-74.31280763920147,5.8004909818989665],[-74.31366320377407,5.800128727096716],[-74.31530045906366,5.797090527584198],[-74.31637992444347,5.796690618665811],[-74.31684949006478,5.797010311730088],[-74.31706942884801,5.798769880027131],[-74.31545376406888,5.801693480360249],[-74.3179894952935,5.8038003337128306],[-74.31827930127925,5.804949582288275],[-74.31629792695155,5.805511616984527],[-74.31558944506811,5.807449545764006],[-74.3145852005923,5.808048539256493],[-74.31443547731413,5.808657364698263],[-74.3147173836911,5.809047968892604],[-74.31597855821974,5.809346242887624],[-74.31818943227755,5.808530809280582],[-74.31812948058686,5.812299944052108],[-74.31782951206456,5.813789514754334],[-74.31613395759844,5.814175328463103],[-74.31571737982817,5.815031230079847],[-74.31603754644759,5.815325862708774],[-74.31991955202419,5.8160905778534175],[-74.32062553600203,5.817375913423275],[-74.32264982763186,5.81755050258301],[-74.32412965927449,5.818570408134954],[-74.32474918471432,5.819319920768115],[-74.3241029493687,5.819897924101192],[-74.32412131464417,5.820405742199489],[-74.32452625978996,5.820636006083171],[-74.32541962589254,5.820500688286085],[-74.32595934827656,5.821730072806393],[-74.32550054710451,5.8241162022125375],[-74.32571670850659,5.824576384088688],[-74.32626619441062,5.824585433208428],[-74.32716008087604,5.8237507635213674],[-74.33124912431435,5.8262442416383875],[-74.33379937282895,5.826890427222308],[-74.33323057786977,5.831299222076978],[-74.33427932896271,5.835019915305635],[-74.33344836226176,5.836463271676491],[-74.33363718997782,5.837036320535655],[-74.33508141972814,5.83715622496483],[-74.34115024256084,5.832780628586578],[-74.34398233645625,5.832460224043264],[-74.34593251512923,5.831526261889073],[-74.34631801178408,5.830589256853412],[-74.34587049445425,5.826649987631241],[-74.34611053676043,5.822900254775201],[-74.34957398551308,5.819680549335281],[-74.35042044183821,5.817990453651267],[-74.35344167875387,5.816573617242491],[-74.35358058272583,5.8147901442871746],[-74.35425039522418,5.813520468853086],[-74.35940055123201,5.8118178838690335],[-74.36045041573033,5.809530353899093],[-74.36163013511558,5.80884051830703],[-74.3633115292182,5.808762303399609],[-74.36873663534392,5.803677561375861],[-74.36975043316687,5.801760470402608],[-74.37219835991692,5.800692814694311],[-74.37366048756849,5.7981504253075125],[-74.37734051841647,5.795342529610996],[-74.37862051386485,5.79276039053781],[-74.38265406606708,5.789217893900989],[-74.38345041776266,5.786520156433949],[-74.38469032497628,5.784390499141202],[-74.38627020939175,5.784150621773069],[-74.3887502233602,5.781490687518942],[-74.38960974276604,5.7816605479890475],[-74.39221570557011,5.783767885210733],[-74.39424243477315,5.784200898456352],[-74.39715027765496,5.781980483136293],[-74.40440173211748,5.779071491529575],[-74.40602057882973,5.777230632506874],[-74.41125486977992,5.7733947702850745],[-74.4119308224186,5.7720702739810505],[-74.41223111550003,5.769846524333581],[-74.41065068623955,5.766799909065352],[-74.41081050228402,5.766110316277235],[-74.41186028699263,5.765270661829197],[-74.41351989498676,5.765030562288379],[-74.41454944860953,5.765610419385934],[-74.41478935174567,5.766579993843446],[-74.41428460970282,5.768676896088387],[-74.41450067905816,5.769513986505151],[-74.41553253976647,5.7703092214383425],[-74.41757445541366,5.77030088904602],[-74.41874569989243,5.7695214735541915],[-74.41779060752627,5.766329909898052],[-74.41787056175382,5.7647303341380525],[-74.41869000967283,5.764230663046365],[-74.42010947061077,5.7650403717369985],[-74.42062709696968,5.767201240354898],[-74.42423025400365,5.768342519582203],[-74.42455954662613,5.767049695011931],[-74.42325057011352,5.765619739973881],[-74.42310059452491,5.7638602846543785],[-74.4245700736645,5.762870605900638],[-74.42616007901805,5.763429387307753],[-74.42732819385903,5.762952417019167],[-74.43091006387904,5.758010866879983],[-74.4345251262672,5.761616245803895],[-74.43615329221102,5.761194219357408],[-74.43795021200268,5.759490677170204],[-74.44131960724302,5.76002056363039],[-74.44207924844513,5.76137992602754],[-74.44061834843771,5.7631282588312205],[-74.44054430998541,5.7652486226917015],[-74.44138055123257,5.766509914203552],[-74.44211362387158,5.766768391668821],[-74.44386290017574,5.766442716694672],[-74.44651015177021,5.764860611726029],[-74.45177192899864,5.765089368592992],[-74.4522500495498,5.764604620407476],[-74.45269041407029,5.7620009167496],[-74.45371956250409,5.762640390253822],[-74.4557682355076,5.7667094692159075],[-74.45684804233915,5.766762231110313],[-74.45926008855842,5.765200641900062],[-74.46123959921931,5.765820448656577],[-74.46237947106387,5.7684000757638945],[-74.46179940318785,5.772808537832208],[-74.4620523078789,5.773757941402443],[-74.46630953831672,5.775852158602178],[-74.4693500593285,5.774890582727321],[-74.47012737460228,5.77499824203323],[-74.47116879936594,5.776446793211063],[-74.47160399503164,5.776616077496349],[-74.47465921342965,5.774921115205223],[-74.47435324380767,5.776616977765378],[-74.47483788040414,5.777067682476086],[-74.47734016890443,5.774950682145961],[-74.48109297577064,5.775886946944153],[-74.48344053900449,5.772310458820241],[-74.4852801694378,5.770740613473268],[-74.48598960503752,5.770860600058624],[-74.48931942656357,5.776010258735064],[-74.4908081678242,5.781223230074331],[-74.49355218450657,5.783967213794807],[-74.49470782090118,5.784670784692236],[-74.49598707759984,5.784596071552368],[-74.4965569756913,5.783676283909413],[-74.4956906858242,5.782099863526029],[-74.4961404828052,5.780020358421935],[-74.49805012820941,5.778960573853935],[-74.50087969972546,5.7791506503577645],[-74.5024395876372,5.780750279098438],[-74.50415769883023,5.784599339484299],[-74.50547309784042,5.7856060403711815],[-74.50671006968922,5.785592898274555],[-74.50964013621733,5.783770685613045],[-74.51173961132645,5.784120551413027],[-74.51281950730856,5.786060154821731],[-74.51305666089988,5.7895611870510715],[-74.51526064133031,5.7911686126371],[-74.51645996879579,5.791370181715442],[-74.51911478096004,5.78993999307566],[-74.52274028410372,5.786600449084917],[-74.52399008221086,5.786100583114135],[-74.52537984584808,5.78624049188106],[-74.52667014235979,5.787033933759875],[-74.5307078065117,5.79044444177198],[-74.53498026728492,5.785810662573979],[-74.53845623343561,5.786070434820787],[-74.5393824054061,5.785293965777752],[-74.54059042687454,5.781220162672592],[-74.54252041721038,5.777220373062003],[-74.54462028031179,5.7759006615708826],[-74.54822418701221,5.774995513081586],[-74.55141466648841,5.772207578002441],[-74.55227652355828,5.769258901322764],[-74.55096071226892,5.766419869078406],[-74.55108045920603,5.765000121137165],[-74.55242043303389,5.7620903058098145],[-74.5540001314655,5.760550623111108],[-74.55767841927678,5.761837158153015],[-74.55945048921669,5.759890570691082],[-74.56154428313958,5.758625501373362],[-74.56407006537995,5.757830754003848],[-74.56729155708659,5.758205695865298],[-74.5749965517351,5.753880348046051],[-74.57695030735105,5.7518404472480205],[-74.5777500227672,5.751550542140651],[-74.57956968320136,5.752100529177894],[-74.58116102448847,5.753691024488468],[-74.58231976678901,5.756553398924272],[-74.58483544506738,5.758963795459436],[-74.585718379361,5.759304092109639],[-74.58735810618344,5.7590433656317614],[-74.59181911030967,5.754060488621949],[-74.59274055189941,5.747180280938692],[-74.59643028069928,5.743680485464924],[-74.59737001626459,5.743400730461755],[-74.59876952564467,5.743750552118373],[-74.59981806523439,5.746231696316601],[-74.6015247660485,5.74767122800401],[-74.6091186688022,5.750026500878474],[-74.61032008005297,5.7508208150568425],[-74.61126947570474,5.751840291611253],[-74.6116162902321,5.75311632685547],[-74.61134598503766,5.7569084699878275],[-74.61228497631112,5.758258000519513],[-74.61383320080274,5.7583769572801415],[-74.61452032882696,5.757971046462431],[-74.61676050144465,5.753000394524201],[-74.61736018694955,5.752540564934514],[-74.61869980905662,5.752560535897119],[-74.61965943988753,5.753320311869831],[-74.62044184430358,5.759319157493244],[-74.62194181754144,5.759450114146675],[-74.62394030808369,5.756590500699301],[-74.6255396611661,5.756380661827352],[-74.62616941682195,5.75755012142574],[-74.62590188173577,5.761042275589349],[-74.62644181962847,5.762192063180254],[-74.62712439995632,5.762408132233756],[-74.63662486946185,5.756941254755664],[-74.63840020595494,5.754951920312911],[-74.63956825944344,5.748489842096037],[-74.63962372022306,5.741319874856819],[-74.64059044324378,5.738690209008828],[-74.64292029211099,5.73541057648947],[-74.64488804450494,5.735439818856135],[-74.64980951110599,5.738080627301374],[-74.65201941941415,5.740500214206362],[-74.65194933007278,5.742609871533836],[-74.65071671768278,5.74603909994131],[-74.65070765041335,5.747398646101451],[-74.65184333777528,5.750518294520143],[-74.65397119235101,5.753654366845413],[-74.65558269514723,5.754103674979548],[-74.65770023331785,5.752980664632873],[-74.66101954662537,5.752380697417965],[-74.66495932898654,5.768539888209343]]]}}]}